candidateId,strategyVariantId,runs,scenarioCount,avgScore,medianScore,p10Score,p90Score,completionRate,avgSurvivalTimeSeconds,avgLevel,avgKills,avgDamageTaken,damageWindowPassRate,avgDamageWindowViolationCount,avgMaxDamageWindowRatio,damageSafetyPenalty,scoreStdDev,consistencyScore,generalFitnessScore
general_top1-phased_a12eba11,top1-phased,240,240,1041.6667,1041.5,649.8,1491.4,0.9792,119.3144,3.1708,43.7292,43.4458,0.325,0.9667,0.2408,6070.5833,322.3218,488.6391,-3073.6244
search_candidate_000162_439d68a4,random-phased,240,240,1041.6667,1041.5,649.8,1491.4,0.9792,119.3144,3.1708,43.7292,43.4458,0.325,0.9667,0.2408,6070.5833,322.3218,488.6391,-3073.6244
centered_candidate_000185_7d346547,centered-gaussian,240,240,1037.0333,1022.5,668.5,1494.6,0.975,119.6835,3.1167,43.9,45.8042,0.2833,0.9625,0.2559,6192.5917,322.2483,507.3759,-3198.958
general_top1-phased_052666b9,top1-phased,240,240,1037.0333,1022.5,668.5,1494.6,0.975,119.6835,3.1167,43.9,45.8042,0.2833,0.9625,0.2559,6192.5917,322.2483,507.3759,-3198.958
general_top10-median-phased_7fc4cabe,top10-median-phased,240,240,1031.8042,1023.5,638.5,1452.8,0.9625,119.3504,3.0917,43.6,45.6167,0.2833,0.9667,0.2514,6181.6042,318.2563,479.3718,-3228.4013
general_topN-median-phased_0ff898e5,topN-median-phased,240,240,1031.8042,1023.5,638.5,1452.8,0.9625,119.3504,3.0917,43.6,45.6167,0.2833,0.9667,0.2514,6181.6042,318.2563,479.3718,-3228.4013
centered_candidate_000064_60e4f1e2,centered-gaussian,240,240,1034.4875,1024,690.8,1489.9,0.9792,119.7738,3.1167,43.6,45.4333,0.2833,1,0.2397,6244.0208,313.8363,533.8818,-3228.4939
general_top1-phased_82ffd2fb,top1-phased,240,240,1034.4875,1024,690.8,1489.9,0.9792,119.7738,3.1167,43.6,45.4333,0.2833,1,0.2397,6244.0208,313.8363,533.8818,-3228.4939
centered_candidate_000036_9be4ec2a,centered-gaussian,240,240,1021.0583,999,625.8,1442.1,0.9458,119.056,3.0542,43.4375,46.6458,0.3333,0.9583,0.2488,6170.8333,325.4442,463.0779,-3268.8905
centered_candidate_000037_9470253d,centered-gaussian,240,240,1030.5208,1020,648.9,1461.5,0.9667,119.5463,3.0792,43.7,45.225,0.3083,1,0.2361,6233.5833,314.7654,491.5173,-3270.2289
centered_candidate_000217_8a2eed32,centered-gaussian,240,240,1033.3625,1027,646.9,1467.6,0.9542,119.4169,3.1167,43.7375,45.8,0.3042,0.9833,0.2491,6292.6833,324.0442,484.8779,-3338.943
general_top1-phased_18de77ba,top1-phased,240,240,1033.3625,1027,646.9,1467.6,0.9542,119.4169,3.1167,43.7375,45.8,0.3042,0.9833,0.2491,6292.6833,324.0442,484.8779,-3338.943
general_top10-average-phased_1a79a32f,top10-average-phased,240,240,1037.1417,1007,660.2,1486.6,0.975,119.8458,3.1542,43.6167,45.8583,0.2958,0.9958,0.2481,6337.1708,316.7629,501.8186,-3356.7217
centered_candidate_000040_c3f12d61,centered-gaussian,240,240,1037.5875,1035.5,643.7,1460.7,0.9667,119.4306,3.1583,43.7,45.9667,0.3042,0.9875,0.2567,6351.425,309.989,488.7055,-3376.4586
centered_candidate_000150_24ab36ca,centered-gaussian,240,240,1027.5875,1016.5,644.5,1487.3,0.9583,119.1196,3.1042,43.2042,45.1792,0.3125,0.9833,0.2529,6334.8625,317.3655,485.8173,-3388.5648
centered_candidate_000179_025f37b6,centered-gaussian,240,240,1013.8167,1009,631.9,1398,0.9583,119.1021,3.05,42.6875,46.2167,0.2875,0.975,0.2558,6318.2667,312.4158,475.6921,-3398.5798
centered_candidate_000098_98d91250,centered-gaussian,240,240,1027.2,1017.5,653.9,1404.6,0.975,119.5448,3.1,43.225,45.2708,0.3125,1.0125,0.2458,6377.6958,317.9683,494.9159,-3407.2195
centered_candidate_000088_70d72123,centered-gaussian,240,240,1009.3667,1004.5,634.3,1396.1,0.9667,119.3933,3.0125,42.6875,44.175,0.3,1,0.2438,6339.6458,303.8893,482.3554,-3414.7004
centered_candidate_000043_cf6fc9e9,centered-gaussian,240,240,1027.1208,1018.5,629.6,1448.5,0.95,119.311,3.1083,43.225,45.4875,0.2958,0.9917,0.254,6359.9458,314.2044,472.4978,-3432.7359
centered_candidate_000171_4fba95ff,centered-gaussian,240,240,1025.8292,1002,649,1470.2,0.9583,119.6254,3.075,43.2875,45.5333,0.3,1,0.2514,6376.2042,320.3042,488.8479,-3435.9025
centered_candidate_000184_74f90d7f,centered-gaussian,240,240,1045.8833,1025.5,631.8,1490.4,0.9583,119.3152,3.1708,44.4958,47.125,0.3042,0.9792,0.263,6396.5,340.0127,461.7937,-3442.0959
centered_candidate_000121_b3cd88cf,centered-gaussian,240,240,1044.6083,1030.5,655.3,1519.4,0.9583,119.1856,3.15,44.2083,46.7958,0.2792,1.0125,0.255,6433.0833,321.9613,494.3193,-3455.0439
centered_candidate_000145_affe27a7,centered-gaussian,240,240,1025.175,1001.5,640.7,1471.9,0.9708,119.596,3.0667,43.2917,45.3042,0.3042,1.0167,0.2446,6405.9125,315.1343,483.1328,-3459.621
centered_candidate_000118_1d3ced7a,centered-gaussian,240,240,1019.5208,1007.5,629.5,1438,0.925,118.6283,3.1,42.9292,48.1042,0.3208,0.9458,0.2778,6357.5292,312.7615,473.1192,-3468.2106
centered_candidate_000061_ae8bda31,centered-gaussian,240,240,1048.0583,1007,641.7,1526,0.95,119.029,3.175,44.5417,47.0208,0.3,0.9708,0.2679,6420.4,341.7139,470.8431,-3473.8244
centered_candidate_000191_ba3dfc0a,centered-gaussian,240,240,1031.7583,1033,639.8,1452,0.9458,119.4165,3.1125,43.6208,45.15,0.2833,1.0167,0.2476,6430.5917,314.009,482.7955,-3487.4618
general_top5-average-phased_b1f91bd0,top5-average-phased,240,240,1035.0542,1015,653.2,1431.5,0.9542,119.4904,3.1458,43.475,45.9083,0.3,0.9875,0.2611,6448.3208,316.4166,494.9917,-3492.3233
centered_candidate_000003_e95a5b6f,centered-gaussian,240,240,1038.1958,1041.5,623.2,1520.4,0.95,118.7821,3.1542,43.8167,45.0708,0.3125,1.0125,0.2492,6436.4375,333.5588,456.4206,-3495.6434
centered_candidate_000114_083255ab,centered-gaussian,240,240,1044.5875,1034,660.9,1513.2,0.9375,119.466,3.1792,44.1417,46.8958,0.3167,0.9875,0.2614,6458.0167,332.8367,494.4817,-3496.7765
search_candidate_000216_5787594e,random-phased,240,240,1042.4375,1029,640,1442.8,0.9542,118.8381,3.1833,43.9542,48.0042,0.3042,0.9708,0.2711,6455.5375,324.2914,477.8543,-3497.2916
centered_candidate_000116_6923e36c,centered-gaussian,240,240,1045.1375,1026,635.6,1526.1,0.9583,118.9921,3.15,44.2125,45.4208,0.325,1.0042,0.2575,6460.7125,343.37,463.915,-3504.4357
general_top10-average-phased_5859db7d,top10-average-phased,240,240,1032.9333,1024,648.8,1488.2,0.9583,119.1031,3.1333,43.5708,46.3,0.2667,0.9917,0.2697,6481.6167,312.986,492.307,-3521.9072
general_top5-average-phased_e1c66bb3,top5-average-phased,240,240,1043.3708,1025,646,1495.8,0.9667,119.511,3.1625,43.9417,45.0958,0.2833,1.0125,0.2563,6494.6833,333.081,479.4595,-3521.962
general_top5-average-phased_96df697e,top5-average-phased,240,240,1036.9625,1032,661.1,1485.4,0.9667,119.381,3.15,43.9125,46.8042,0.3042,1.025,0.2507,6513.2958,318.9233,501.6383,-3528.5713
centered_candidate_000193_8b6ebf70,centered-gaussian,240,240,1047.1125,1038.5,655.7,1504.7,0.975,119.4258,3.1833,44.1958,45.4333,0.3083,1.0292,0.248,6532.1042,331.0802,490.1599,-3532.3977
centered_candidate_000150_89106f7a,centered-gaussian,240,240,1035.0792,1033.5,645.9,1481.2,0.9375,118.6252,3.1292,44.0375,46.7042,0.2958,0.9833,0.2736,6483.5333,328.1104,481.8448,-3543.1062
centered_candidate_000073_2d8adbde,centered-gaussian,240,240,1019.8667,1026,626.8,1420,0.9583,119.3869,3.0667,43.2292,46.3958,0.3083,1.0125,0.2552,6491.8708,307.6165,472.9917,-3560.7541
centered_candidate_000015_6b6ff885,centered-gaussian,240,240,1035.3417,1025,636.9,1440.4,0.9708,119.4479,3.1583,43.5083,46.7833,0.3,1.0333,0.2455,6528.0375,312.8881,480.4559,-3562.4201
centered_candidate_000159_11a049a3,centered-gaussian,240,240,1027.2458,1027,622.9,1436,0.925,118.5533,3.1125,43.375,46.9375,0.3125,0.9792,0.2712,6464.6542,322.9735,461.4132,-3565.183
centered_candidate_000198_47985f8a,centered-gaussian,240,240,1025.5,1011,654.3,1454.2,0.9708,119.4023,3.1208,43.2875,47.6042,0.2958,1.0167,0.2542,6527.1042,317.1597,495.7202,-3565.2628
centered_candidate_000185_44354997,centered-gaussian,240,240,1035,1029.5,640,1496.5,0.9667,119.4229,3.1417,43.7083,47.3708,0.2708,1.025,0.2561,6526.9708,333.5814,473.2093,-3565.2705
centered_candidate_000153_3ca351ba,centered-gaussian,240,240,1040.15,1033,625.7,1494.3,0.9542,118.7498,3.1708,44.2542,48.3583,0.3375,0.9917,0.27,6515.7667,338.7609,456.3196,-3572.1422
centered_candidate_000190_d884fd23,centered-gaussian,240,240,1026.2542,1013.5,643.2,1439.1,0.9625,119.5531,3.0917,43.3417,46.0208,0.2958,1.0125,0.2569,6520.0333,314.3115,486.0443,-3572.8315
centered_candidate_000152_c23e196b,centered-gaussian,240,240,1025.1458,1014.5,606.9,1468.7,0.9542,119.0565,3.0667,43.7375,47.3208,0.2958,0.9875,0.2698,6486.1625,321.0029,446.3985,-3578.2806
centered_candidate_000056_9696c525,centered-gaussian,240,240,1035.8125,997,647,1507.5,0.9542,119.0917,3.1375,43.9208,47.3958,0.3125,1.0083,0.2586,6524.1583,335.408,479.296,-3585.1608
centered_candidate_000046_ec407de8,centered-gaussian,240,240,1034.05,1015.5,661.5,1458.2,0.9667,119.4227,3.125,43.4708,45.8292,0.2667,1.025,0.257,6558.8583,331.2691,495.8655,-3587.4455
centered_candidate_000182_b839a7d2,centered-gaussian,240,240,1024.0833,1022,623.6,1470.7,0.9333,118.5623,3.1458,43.1625,47.2583,0.2917,0.9917,0.2685,6491.6917,325.5136,460.8432,-3589.4977
centered_candidate_000174_3967e2d6,centered-gaussian,240,240,1026.875,1016,651.7,1437.2,0.9708,119.5175,3.1,43.2125,46.2167,0.2708,1.0333,0.2539,6561.35,313.591,494.9045,-3596.9999
centered_candidate_000155_ec9600b7,centered-gaussian,240,240,1036.95,1006.5,678.7,1501,0.9667,119.3308,3.1292,43.9583,46.3625,0.2833,1.0208,0.2561,6583.7333,323.6597,516.8701,-3598.6386
centered_candidate_000019_2c75b07d,centered-gaussian,240,240,1022.7667,1000.5,647.8,1423.1,0.95,118.9883,3.075,43.3167,47.4292,0.3083,1.0042,0.2621,6529.9583,319.3161,488.142,-3602.5649
centered_candidate_000151_6e73a0c8,centered-gaussian,240,240,1013.7458,988.5,639.6,1439.1,0.975,119.7094,3.0458,42.7625,46.3625,0.3,1.0167,0.2558,6541.3333,305.711,486.7445,-3607.7997
centered_candidate_000188_3971b64a,centered-gaussian,240,240,1029.4792,1010.5,651.6,1501.6,0.9708,119.3723,3.1167,43.5958,47.0375,0.2667,1.0292,0.2562,6572.7667,321.6429,490.7786,-3610.2527
centered_candidate_000083_e463158e,centered-gaussian,240,240,1039.5833,1010,641.8,1474.7,0.95,119.1744,3.1333,44.1167,46.2958,0.2958,1.0042,0.2649,6551.8125,332.8425,475.3787,-3610.3577
general_top5-average-phased_598d41b2,top5-average-phased,240,240,1038.1792,1015.5,656.9,1524.1,0.9583,119.4729,3.1333,43.9083,46.4083,0.2625,1.0292,0.2591,6575.525,327.9826,492.9087,-3611.339
centered_candidate_000158_dbd871a9,centered-gaussian,240,240,1021.5083,1006,639.9,1464.4,0.9625,119.2683,3.0958,43.2833,47.35,0.325,1.025,0.2549,6548.1625,320.1311,479.8345,-3613.2604
centered_candidate_000074_10301c8c,centered-gaussian,240,240,1015.825,994,629,1472.8,0.9458,118.6996,3.0542,43.175,47.1,0.2958,0.9958,0.2648,6514.5958,324.5479,466.7261,-3617.6471
centered_candidate_000033_b535a525,centered-gaussian,240,240,1030.1,1017.5,629.7,1501.4,0.9708,119.6704,3.125,43.3292,45.9208,0.2792,1.0542,0.2416,6569.4,314.2728,472.5636,-3618.8112
centered_candidate_000191_4f9cbbee,centered-gaussian,240,240,1043.5833,1014.5,657,1492.1,0.975,119.7102,3.1792,43.975,46.6375,0.2792,1.0417,0.2536,6609.7292,325.8012,494.0994,-3623.4561
centered_candidate_000183_cb2a48c5,centered-gaussian,240,240,1006.2458,1003.5,628.6,1388.8,0.9458,118.6783,3.0417,42.3792,45.6292,0.3125,0.9958,0.2684,6517,317.8592,469.6704,-3623.8627
centered_candidate_000089_205a1b28,centered-gaussian,240,240,1040.4333,1017,660.4,1523.2,0.9458,119.2177,3.1292,44.2083,46.8708,0.2792,1.0375,0.2533,6590.425,321.95,499.425,-3631.7283
centered_candidate_000065_b5e47b96,centered-gaussian,240,240,1035.2625,1009,660.9,1537.3,0.9583,119.379,3.1083,43.9542,46.8167,0.3,1.0125,0.2669,6595.1,335.0451,493.3774,-3635.2932
centered_candidate_000144_16c4c9a2,centered-gaussian,240,240,1038.5583,1013,649.9,1482.4,0.9875,119.9269,3.1208,43.9167,45.9875,0.2958,1.0417,0.2545,6633.6833,321.3984,489.2008,-3645.4847
centered_candidate_000078_d745a4c1,centered-gaussian,240,240,999.3,995,635.6,1371.2,0.9292,118.4406,3.0292,42.2208,48.8542,0.3292,0.9667,0.2809,6522.1417,301.0288,485.0856,-3647.9008
centered_candidate_000135_3f72b793,centered-gaussian,240,240,1016.8458,1013.5,636.9,1387.5,0.9667,119.4037,3.0583,42.9875,46.1417,0.3125,1.0333,0.2512,6592.7,307.4765,483.1618,-3654.4128
centered_candidate_000132_16203cf2,centered-gaussian,240,240,1024.4625,1013,642.6,1448.4,0.9708,119.4346,3.1083,43.2083,47.1583,0.2792,1.0208,0.2662,6612.1542,321.4115,481.8942,-3660.5606
centered_candidate_000056_4458c8d3,centered-gaussian,240,240,1036.3458,1032,642.8,1490.3,0.9625,119.2769,3.1583,43.75,46.9625,0.2708,1.0375,0.2642,6634.225,319.8685,482.8658,-3669.1129
centered_candidate_000076_db1d77b3,centered-gaussian,240,240,1031.2875,1016,669.7,1434.2,0.9667,119.4958,3.1167,43.725,46.9083,0.2708,1.0292,0.2605,6652.5833,314.0827,512.6586,-3673.6857
centered_candidate_000034_26dba44c,centered-gaussian,240,240,1015.5875,1009.5,632.9,1366.2,0.9625,119.4838,3.0583,42.8625,45.6458,0.2833,1.0292,0.2577,6608.625,295.622,485.089,-3678.5919
search_candidate_000124_980e2776,random-phased,240,240,1036.55,1026.5,652.9,1481.8,0.9708,119.6517,3.1417,43.8,47.3958,0.2833,1.0625,0.2481,6659.9667,314.6524,495.5738,-3679.9438
centered_candidate_000134_003a88b5,centered-gaussian,240,240,1033.5208,1025.5,644.6,1464.1,0.9542,119.4852,3.1167,43.8458,47.2417,0.2792,1.0208,0.2636,6633.025,318.4027,485.3986,-3680.588
centered_candidate_000097_99ff14d8,centered-gaussian,240,240,1034.125,1018.5,634,1468.5,0.95,119.2665,3.1375,43.5667,46.0792,0.3125,1.0333,0.2515,6618.7,327.5489,470.2255,-3683.6348
general_top10-median-phased_47040e65,top10-median-phased,240,240,1037.5375,1027,646,1494.2,0.9292,118.8315,3.1583,43.8542,47.4167,0.2875,1.0042,0.271,6615.6875,327.2021,482.3989,-3684.1238
general_topN-median-phased_d2ec9aa8,topN-median-phased,240,240,1037.5375,1027,646,1494.2,0.9292,118.8315,3.1583,43.8542,47.4167,0.2875,1.0042,0.271,6615.6875,327.2021,482.3989,-3684.1238
centered_candidate_000201_0145b699,centered-gaussian,240,240,1033.8125,1034.5,636.6,1445.5,0.9583,119.0912,3.1208,43.8542,47.9292,0.2917,1.0667,0.2438,6641.2708,325.8329,473.6835,-3687.7616
centered_candidate_000053_99b4a648,centered-gaussian,240,240,1037.3917,1022.5,625.2,1472.6,0.9625,119.5198,3.1208,44.0042,46.8333,0.3,1.0167,0.2658,6641.3375,327.5479,461.426,-3695.5454
centered_candidate_000014_71e0eeb3,centered-gaussian,240,240,1016.3167,1009,627.7,1414.5,0.9417,118.6933,3.0875,43.1083,47.875,0.3208,1.0042,0.2657,6601.4792,326.7395,464.3302,-3702.1837
centered_candidate_000040_f1cb3329,centered-gaussian,240,240,1031.425,987,645.9,1463,0.9583,119.1652,3.1125,43.5667,46.2583,0.2792,1.0458,0.2561,6636.0625,335.6542,478.0729,-3703.215
general_top10-median-phased_ef469fa4,top10-median-phased,240,240,1028.9167,1015.5,638,1456.7,0.9542,118.8477,3.1042,43.6292,47.6083,0.3,1,0.2776,6650.175,322.2698,476.8651,-3713.3956
general_topN-median-phased_5bf5a557,topN-median-phased,240,240,1028.9167,1015.5,638,1456.7,0.9542,118.8477,3.1042,43.6292,47.6083,0.3,1,0.2776,6650.175,322.2698,476.8651,-3713.3956
centered_candidate_000109_e3976306,centered-gaussian,240,240,1045.2333,1022.5,647.3,1509.3,0.9542,119.2154,3.1542,44.4375,46.0833,0.2917,1.0542,0.2493,6682.5542,332.1539,481.223,-3720.495
centered_candidate_000154_232fce1e,centered-gaussian,240,240,1044.4333,1038.5,635.8,1512.4,0.95,119.0181,3.1792,44.3208,48.5792,0.2875,1.0375,0.2629,6677.0458,338.122,466.739,-3722.3469
centered_candidate_000066_ec1cf86f,centered-gaussian,240,240,1052.4042,1036.5,640.9,1499.7,0.9667,119.5298,3.1708,44.6875,47.9167,0.3,1.0417,0.2608,6706.3625,343.0734,469.3633,-3724.9364
centered_candidate_000178_79dd09f7,centered-gaussian,240,240,1022.1125,1017.5,630.2,1471.1,0.9542,119.3558,3.0917,43.1167,46.9292,0.2458,1.0542,0.2583,6660.225,313.732,473.334,-3733.7822
centered_candidate_000023_ff59eeed,centered-gaussian,240,240,1031.175,1003,635.6,1457.8,0.9625,119.5777,3.1,43.6167,47.4208,0.2583,1.0333,0.2633,6692.9875,318.5697,476.3152,-3753.0464
centered_candidate_000123_8b4e8e71,centered-gaussian,240,240,1026.9792,1020,648,1483.1,0.9583,119.4075,3.0917,43.4083,46.3875,0.2875,1.0583,0.257,6707.8708,314.0332,490.9834,-3756.965
centered_candidate_000118_065e9f2d,centered-gaussian,240,240,1029.75,1010,639,1495.2,0.9625,119.4083,3.1042,43.4042,46.6875,0.275,1.0625,0.2518,6706.125,322.2636,477.8682,-3762.1277
centered_candidate_000064_f71002c8,centered-gaussian,240,240,1033.675,1005,628.9,1468.3,0.9417,118.7765,3.1458,43.6958,47.9708,0.2958,1.0125,0.2703,6677.3167,332.6356,462.5822,-3762.8821
centered_candidate_000129_44ba1703,centered-gaussian,240,240,1021.6833,993.5,647.4,1440,0.9458,118.9777,3.0958,43.3625,46.6917,0.3,1.0292,0.2592,6681.8833,322.8178,485.9911,-3764.2602
centered_candidate_000047_5bb0f5ed,centered-gaussian,240,240,1033.9458,1030.5,647,1480.7,0.9625,119.199,3.1083,43.8,47.9417,0.2833,1.0625,0.2548,6733.8458,326.023,483.9885,-3769.7546
centered_candidate_000110_a700b047,centered-gaussian,240,240,1046.2125,1015.5,670.9,1495.5,0.9708,119.3912,3.175,44.25,47.4375,0.2667,1.0667,0.2562,6766.6625,333.1061,504.347,-3771.7679
centered_candidate_000086_7446dbce,centered-gaussian,240,240,1019.6333,978.5,625,1452.7,0.9375,118.5415,3.1083,43.2917,48.7333,0.2792,1.0042,0.2734,6654.55,328.8964,460.5518,-3773.9459
centered_candidate_000133_53f3f822,centered-gaussian,240,240,1032.475,1022.5,629.4,1471.4,0.9458,118.891,3.1333,43.7292,47.9917,0.2708,1.0167,0.2745,6715.0833,335.7559,461.522,-3789.1562
centered_candidate_000070_543f5bdb,centered-gaussian,240,240,1025.7708,1011,635,1473.6,0.9458,119.3838,3.1042,43.2875,46.4083,0.2958,1.0458,0.2568,6710.4417,325.2697,472.3651,-3790.3914
centered_candidate_000044_fd2972ad,centered-gaussian,240,240,1021.0875,1024,628.6,1424.3,0.9625,119.4765,3.0833,43.1625,47.6333,0.3042,1.0542,0.2576,6726.8417,311.2743,472.9628,-3790.629
centered_candidate_000212_606f8746,centered-gaussian,240,240,1024.4583,1009,640.8,1466.8,0.9542,119.0465,3.0958,43.3292,47.0917,0.3042,1.0292,0.2658,6723.8167,313.3789,484.1105,-3790.7275
centered_candidate_000210_0517ebe3,centered-gaussian,240,240,1021.0375,1014.5,640.8,1470.3,0.9542,119.2121,3.0917,43.1625,47.8625,0.2708,1.0167,0.2749,6723.4167,315.7878,482.9061,-3791.4801
centered_candidate_000214_1fb4a5e0,centered-gaussian,240,240,1034.9083,1019,625.3,1507.5,0.9583,119.4433,3.1292,43.8042,46.5167,0.2708,1.0667,0.2526,6735.1708,331.375,459.6125,-3798.4642
centered_candidate_000052_b8875627,centered-gaussian,240,240,1036.6583,1013.5,644.9,1452.4,0.9792,119.7429,3.15,43.7,47.1417,0.275,1.075,0.2517,6774.0917,318.4988,485.6506,-3799.2964
centered_candidate_000007_95cfeee2,centered-gaussian,240,240,1037.1958,1031.5,670.5,1478.2,0.9583,119.4292,3.1375,44.0125,48.2542,0.2667,1.0625,0.2609,6787.0458,321.9546,509.5227,-3803.7576
centered_candidate_000166_5dfb8f5c,centered-gaussian,240,240,1021.9583,1018,625.6,1437.4,0.9458,119.3967,3.0792,43.1542,46.0792,0.2625,1.0625,0.2504,6728.3708,314.6125,468.2937,-3814.0217
centered_candidate_000087_1c3d1929,centered-gaussian,240,240,1025.0583,1003.5,615.4,1502.2,0.9125,118.2246,3.1583,43.2458,50.0667,0.3417,0.975,0.2886,6682.4708,334.7298,448.0351,-3817.7885
search_candidate_000135_d807c6f2,random-phased,240,240,938.7083,916.5,605.9,1241.3,0.9458,118.9683,2.7167,39.1958,45.0917,0.2833,0.9792,0.2764,6594.8583,259.2772,476.2614,-3819.2021
centered_candidate_000139_76d61ac7,centered-gaussian,240,240,1023.6667,1018,660.7,1397,0.9583,119.4675,3.0833,43.2,47.2792,0.2667,1.0833,0.2507,6780.4792,309.661,505.8695,-3822.8514
centered_candidate_000129_70f41cf8,centered-gaussian,240,240,1022.8875,1006,636,1452.9,0.9625,119.1219,3.0833,43.2958,46.0167,0.275,1.0542,0.2613,6771.4875,321.9011,475.0495,-3838.6802
centered_candidate_000141_c498741c,centered-gaussian,240,240,1013.5292,1005,636,1425.1,0.9625,119.5608,3.0375,42.8625,47.2167,0.2625,1.0833,0.2483,6765.6875,309.0596,481.4702,-3840.1703
centered_candidate_000143_a873c93d,centered-gaussian,240,240,1008.5167,1007,630.6,1432.6,0.9083,118.1144,3.0375,43.0458,48.6333,0.2875,0.9875,0.2886,6703.3708,320.2874,470.4563,-3842.5983
centered_candidate_000016_b122d5c0,centered-gaussian,240,240,1027.8625,1004,646.7,1484.3,0.9417,119.079,3.125,43.3917,47.5583,0.2792,1.0542,0.2623,6769.7333,320.9934,486.2033,-3845.0428
centered_candidate_000122_c2c7434b,centered-gaussian,240,240,1016.4875,984.5,639.2,1414.4,0.9417,118.9475,3.0625,43.0167,48.9375,0.2625,1.0083,0.2878,6762.1833,318.23,480.085,-3864.0652
centered_candidate_000054_cd612134,centered-gaussian,240,240,1029.8875,1015.5,642.5,1434.9,0.9708,119.3031,3.1417,43.4208,47.4167,0.2708,1.075,0.2569,6823.8542,321.0424,481.9788,-3865.5918
centered_candidate_000028_d9bf2ba4,centered-gaussian,240,240,1028.3083,1000.5,641.7,1508.2,0.9417,118.9977,3.1083,43.6125,47.7917,0.2667,1.0292,0.2754,6791.3,332.9754,475.2123,-3874.3101
centered_candidate_000020_9b6257e6,centered-gaussian,240,240,1019.8833,1004.5,656.9,1470.5,0.9583,119.5067,3.0792,42.9375,45.3958,0.2542,1.0708,0.2606,6823.4167,305.6703,504.0649,-3878.5641
centered_candidate_000021_bf9682ab,centered-gaussian,240,240,1031.7792,1010.5,651.1,1462.1,0.9667,119.6535,3.1167,43.6,47.6083,0.2583,1.0875,0.2513,6840.025,316.8975,492.6513,-3878.8287
centered_candidate_000207_7b542179,centered-gaussian,240,240,1054.2333,1031.5,638.7,1514.1,0.95,119.2171,3.2042,45.0792,49.625,0.275,1.0542,0.2674,6842.725,342.5381,467.431,-3880.2893
centered_candidate_000153_d2c59fba,centered-gaussian,240,240,1017.2667,1001.5,634.8,1477.3,0.9583,119.029,3.0583,43.1625,46.675,0.2958,1.0583,0.2564,6800.2167,326.505,471.5475,-3881.3277
centered_candidate_000136_6f9f63e3,centered-gaussian,240,240,1033.7125,1019.5,641,1469.9,0.9667,119.6756,3.1208,43.8583,46.4875,0.25,1.0917,0.2523,6840.5708,324.2115,478.8942,-3882.484
centered_candidate_000189_b5ee58a6,centered-gaussian,240,240,1036.1042,1009.5,631.9,1494.7,0.9625,119.429,3.1125,44.0667,46.7167,0.2625,1.075,0.2574,6826.7333,328.7834,467.5083,-3883.6158
centered_candidate_000002_6909588e,centered-gaussian,240,240,1008.1417,988.5,633.6,1439.4,0.95,118.9265,3.0583,42.4875,48.8208,0.2667,1.05,0.2643,6780.9125,311.3187,477.9406,-3883.9046
centered_candidate_000157_68ad4fab,centered-gaussian,240,240,1033.5625,1011.5,620.8,1509.6,0.95,119.1519,3.1042,43.9917,47.8708,0.3,1.0083,0.2846,6809.6458,332.5414,454.5293,-3890.2016
centered_candidate_000193_85f57d00,centered-gaussian,240,240,1045.2583,1041.5,649.9,1506.5,0.9542,119.469,3.1708,44.3833,48.4833,0.2667,1.0667,0.2624,6868.4667,340.2418,479.7791,-3896.42
centered_candidate_000124_fd73b193,centered-gaussian,240,240,1033.6875,1016,638,1496.2,0.95,119.1642,3.1333,43.7417,47.125,0.2458,1.0583,0.2685,6836.4208,329.7499,473.1251,-3900.2833
centered_candidate_000136_799b30e5,centered-gaussian,240,240,1010.6667,987.5,640.8,1411.4,0.9292,118.6913,3.0417,42.8667,48.5083,0.2958,1.0125,0.2849,6783.4625,316.9803,482.3099,-3900.6352
centered_candidate_000087_169961bd,centered-gaussian,240,240,1013.2542,1005,604.9,1496.3,0.9208,118.1521,3.0833,42.9875,49.8875,0.3208,0.9917,0.2893,6754.5458,336.257,436.7715,-3901.2897
centered_candidate_000008_ff921be9,centered-gaussian,240,240,1015.4708,985,621,1459.8,0.925,118.8835,3.0833,43.0333,49.1625,0.3125,1.025,0.2783,6772.6708,322.1889,459.9055,-3907.3378
centered_candidate_000029_00198241,centered-gaussian,240,240,1050.0792,1019.5,647.9,1504,0.9792,119.6987,3.2042,44.525,48.6083,0.2708,1.1125,0.2465,6905.1083,330.3454,482.7273,-3913.8616
centered_candidate_000220_9ced4c75,centered-gaussian,240,240,1041.1667,1020.5,634.3,1522,0.9542,119.1404,3.1333,44.3083,47.8542,0.2583,1.0458,0.2814,6866.4417,322.978,472.811,-3918.0139
centered_candidate_000108_6b8dd3c7,centered-gaussian,240,240,1022.9167,1018.5,642.7,1461.1,0.9583,119.2273,3.1042,43.3292,48.0667,0.25,1.075,0.267,6861.5083,305.8815,489.7592,-3918.0246
search_candidate_000122_fc6e5454,random-phased,240,240,1005.2458,982.5,635.7,1390.2,0.95,119.2556,3.0042,42.4,46.4042,0.2417,1.0542,0.2727,6815.4583,305.8575,482.7712,-3921.574
centered_candidate_000018_a5f8910b,centered-gaussian,240,240,1025.4167,1008.5,619,1495,0.9167,118.5196,3.125,43.5542,49.2,0.2958,1.0167,0.2831,6799.5,328.9766,454.5117,-3923.762
general_top10-median-phased_0e2de3f0,top10-median-phased,240,240,1029.6417,1018,647.4,1451,0.9625,119.5738,3.1167,43.5167,47.7542,0.2708,1.0792,0.2628,6883.825,311.8318,491.4841,-3927.1297
general_topN-median-phased_32a3a537,topN-median-phased,240,240,1029.6417,1018,647.4,1451,0.9625,119.5738,3.1167,43.5167,47.7542,0.2708,1.0792,0.2628,6883.825,311.8318,491.4841,-3927.1297
centered_candidate_000143_37925dbd,centered-gaussian,240,240,1032.4708,1032.5,627.6,1391.6,0.9625,119.1217,3.1542,43.5292,47.8292,0.2542,1.0917,0.2546,6877.4125,321.1377,467.0312,-3928.3392
centered_candidate_000129_e02ca195,centered-gaussian,240,240,1040.3667,1023,656.9,1531.3,0.9542,119.2896,3.1667,43.8583,48.1375,0.2667,1.075,0.2655,6898.3042,323.9579,494.921,-3931.5424
centered_candidate_000107_60a431a7,centered-gaussian,240,240,1031.5625,1019.5,622.8,1496,0.9292,118.7815,3.125,43.775,48.375,0.2833,1.0375,0.2783,6839.4625,328.2121,458.6939,-3936.3858
centered_candidate_000062_d827ea81,centered-gaussian,240,240,1044.1542,1027,635.8,1488.5,0.9667,119.7004,3.1833,44.0917,47.95,0.2833,1.0917,0.2547,6904.4708,332.7168,469.4416,-3938.0534
centered_candidate_000090_515967ce,centered-gaussian,240,240,1021.8583,1005.5,639,1423.7,0.9625,119.33,3.1,43.2,46.925,0.275,1.0917,0.2554,6877.5958,318.7657,479.6171,-3943.0406
centered_candidate_000177_cc110599,centered-gaussian,240,240,1033.5958,1018.5,652.7,1482.1,0.9625,119.4958,3.1333,43.7583,48.8083,0.2625,1.075,0.2642,6917.225,326.8854,489.2573,-3955.0963
centered_candidate_000091_dd57e6c4,centered-gaussian,240,240,1019.0375,998,639.9,1472.1,0.95,119.0744,3.0917,43.125,48.5542,0.2833,1.05,0.275,6873.4333,312.8152,483.4924,-3956.0389
centered_candidate_000157_2a7adede,centered-gaussian,240,240,1022.6,1010.5,644.7,1452.9,0.9458,119.0144,3.0917,43.4125,47.0292,0.275,1.1,0.2524,6887.05,315.4951,486.9524,-3960.7057
centered_candidate_000048_5f6adaf9,centered-gaussian,240,240,1039.0375,1050.5,641.9,1462.1,0.9542,119.029,3.1667,44.0042,48.85,0.2667,1.075,0.2686,6934.9583,310.7487,486.5256,-3965.1339
centered_candidate_000060_4e7e004e,centered-gaussian,240,240,1033.3042,1037,660.7,1454.6,0.9792,119.7406,3.1375,43.6542,48.0958,0.2458,1.0917,0.2648,6969.6042,309.9182,505.7409,-3972.057
general_top10-average-phased_6a490330,top10-average-phased,240,240,1029.7667,1018.5,625.6,1487.9,0.925,118.5206,3.1417,43.6208,48.8583,0.2833,1.0292,0.2802,6874.5333,335.9897,457.6051,-3977.2346
centered_candidate_000024_467e967e,centered-gaussian,240,240,1025.1833,1016,624.8,1471.3,0.9417,118.7413,3.0875,43.5042,47.5125,0.275,1.0667,0.2669,6888.3542,328.1483,460.7258,-3979.2938
centered_candidate_000179_e1870bd1,centered-gaussian,240,240,1028.1583,997,640,1432.3,0.9708,119.3223,3.1333,43.4667,47.3042,0.2458,1.0958,0.2558,6926.0583,323.5641,478.2179,-3981.2795
centered_candidate_000070_1d584ef1,centered-gaussian,240,240,1037.2833,1033,646.8,1468.9,0.9542,119.2967,3.1417,44.2625,49.3292,0.3,1.075,0.259,6944.9917,324.5116,484.5442,-3984.504
centered_candidate_000172_5329d4d3,centered-gaussian,240,240,1033.325,1006,655.3,1478,0.95,119.3819,3.15,43.6667,48.25,0.2292,1.1042,0.2576,6932.9125,318.368,496.116,-3986.0211
centered_candidate_000030_66f7496c,centered-gaussian,240,240,1002.4417,1002.5,613.7,1426.9,0.9292,117.9658,3.0375,42.5458,48.7833,0.2833,1.025,0.2806,6849.5792,329.4391,448.9804,-3991.6487
centered_candidate_000146_deb40694,centered-gaussian,240,240,1015.3042,997.5,627.9,1473.2,0.9375,118.7192,3.0542,43.3958,48.725,0.2792,1.0458,0.2777,6881.8,320.7393,467.5303,-3992.0737
centered_candidate_000200_9ec19da9,centered-gaussian,240,240,1032.6292,1012.5,643.7,1444.7,0.9667,119.5992,3.1417,43.6333,48.3667,0.2875,1.1083,0.2528,6953.575,325.3916,481.0042,-3998.1475
centered_candidate_000025_ed7f4b2b,centered-gaussian,240,240,1022.9375,1017.5,637.8,1460.3,0.9667,119.476,3.0958,43.1042,47.1625,0.2667,1.1042,0.2515,6947.775,306.8902,484.3549,-4000.5589
centered_candidate_000128_253148ea,centered-gaussian,240,240,1033.9208,1024,640.1,1498.6,0.9792,119.5946,3.1458,43.5875,47.5208,0.2417,1.1208,0.2471,6973.1458,325.5507,477.3247,-4001.0885
centered_candidate_000178_cfb4986c,centered-gaussian,240,240,1035.425,1012,631.1,1482.9,0.9542,119.3787,3.1458,43.7792,47.8167,0.2708,1.0625,0.2718,6937.4625,332.206,464.997,-4003.432
centered_candidate_000166_8cacdb7a,centered-gaussian,240,240,1015.8625,1019.5,624.4,1477.9,0.925,118.4146,3.0625,43.2333,48.8167,0.2542,1.0333,0.2867,6888.7625,324.6231,462.0884,-4003.5546
centered_candidate_000187_bb201ae7,centered-gaussian,240,240,1029.6292,1018.5,624.5,1477.4,0.9417,118.9637,3.1208,43.5292,47.8917,0.2667,1.075,0.2642,6921.4417,330.2202,459.3899,-4007.3399
centered_candidate_000159_de218afd,centered-gaussian,240,240,1035.3125,1029.5,629.6,1483.3,0.9375,119.1456,3.1458,44.0167,48.9042,0.2458,1.0833,0.2654,6935.8,324.3689,467.4155,-4009.4313
centered_candidate_000158_b1acb942,centered-gaussian,240,240,1017.575,1011,630.9,1415.1,0.9208,118.6815,3.0583,43.375,49.4792,0.2875,1.0208,0.2869,6899.3958,321.361,470.2195,-4015.0397
centered_candidate_000137_d4288fb6,centered-gaussian,240,240,1018.375,1009.5,628.7,1476.4,0.9333,118.9248,3.1,42.9542,48.525,0.275,1.0375,0.2836,6910.3375,322.2947,467.5527,-4015.3781
centered_candidate_000135_717569c0,centered-gaussian,240,240,1001.2958,989.5,640,1371.1,0.9292,119.0913,2.9958,42.45,48.1958,0.2833,1.0292,0.2822,6893.0583,299.3587,490.3207,-4015.7176
centered_candidate_000205_3574b757,centered-gaussian,240,240,1023.9917,1008.5,623.5,1477.3,0.9125,118.149,3.125,43.7333,51.0583,0.275,1.0167,0.2935,6892.4333,332.948,457.026,-4019.4813
centered_candidate_000144_27ae2854,centered-gaussian,240,240,1044.6583,1035,642.9,1466.2,0.975,119.7917,3.1875,44.2625,49.4375,0.2708,1.1167,0.2534,7007.4625,327.9022,478.9489,-4021.5646
centered_candidate_000084_f97344d8,centered-gaussian,240,240,1034.3167,1003,639,1515.6,0.9542,119.2177,3.1208,43.925,47.65,0.225,1.1083,0.2597,6958.8667,325.7218,476.1391,-4022.8277
centered_candidate_000049_450f1903,centered-gaussian,240,240,1017.0167,984.5,623,1460.2,0.9333,118.5173,3.0792,43.2917,48.9208,0.275,1.0417,0.2842,6897.4,334.9371,455.5314,-4023.3874
centered_candidate_000048_47d23c01,centered-gaussian,240,240,1021.15,1011,616.7,1439.1,0.9583,119.1148,3.0958,43.1125,48.2208,0.2625,1.0875,0.2627,6943.275,312.2376,460.5812,-4027.3792
centered_candidate_000176_6af0dc3c,centered-gaussian,240,240,1021.725,1011.5,636.4,1414.8,0.95,119.3129,3.0667,43.55,49.7208,0.2833,1.0458,0.2817,6950.7375,323.203,474.7985,-4028.7831
centered_candidate_000053_c13891cc,centered-gaussian,240,240,1031.8833,1024.5,664.1,1439.9,0.975,119.7385,3.1208,43.6792,47.9458,0.2542,1.15,0.2373,7019.5458,308.8319,509.684,-4030.8989
centered_candidate_000094_9cff28ca,centered-gaussian,240,240,1023.375,1011,638.9,1441.5,0.9667,119.2185,3.0625,43.375,47.4958,0.2708,1.0792,0.2704,6982.025,317.0472,480.3764,-4038.7728
centered_candidate_000057_7552218e,centered-gaussian,240,240,1030.8417,1026,635.1,1444.9,0.9375,118.7275,3.125,43.7708,48.2583,0.2542,1.0875,0.2655,6973.9333,326.2016,471.9992,-4049.752
centered_candidate_000038_238437ed,centered-gaussian,240,240,1034.5958,1024.5,625.8,1489.4,0.9458,118.7965,3.1458,43.9458,48.9375,0.2708,1.0542,0.2803,6977.7417,332.1567,459.7216,-4050.8538
centered_candidate_000220_b4f6c405,centered-gaussian,240,240,1034.4333,1011.5,635.5,1476.4,0.9458,118.8071,3.1167,44.1583,48.6917,0.25,1.0542,0.2858,6990.675,323.649,473.6755,-4060.9881
centered_candidate_000011_761fef58,centered-gaussian,240,240,1024.2375,1023,644.6,1457.1,0.9625,119.675,3.0833,43.275,47.325,0.2667,1.1125,0.2524,7017.2083,310.0085,489.5957,-4065.2925
centered_candidate_000073_dcb653f9,centered-gaussian,240,240,1027.8625,1009.5,620,1478.7,0.9542,118.9881,3.1125,43.5875,48.4167,0.2333,1.1,0.2644,6983.5583,332.071,453.9645,-4067.1934
centered_candidate_000093_1fbced32,centered-gaussian,240,240,1026.35,999,626.9,1481.3,0.9208,118.5092,3.1583,43.5667,51.4625,0.2958,1.0542,0.2837,6951.8042,332.8629,460.4686,-4070.1734
centered_candidate_000053_97c73980,centered-gaussian,240,240,1026.5,1035,603.9,1455.5,0.9625,119.0702,3.1417,43.2083,48.375,0.2542,1.0833,0.272,6998.3667,323.7249,442.0376,-4073.4916
centered_candidate_000163_be9e6f5e,centered-gaussian,240,240,1024.775,1021.5,655.9,1454.2,0.9583,119.4385,3.1,43.575,48.4292,0.275,1.1042,0.2554,7037.7708,305.4838,503.1581,-4080.2893
centered_candidate_000195_330a128a,centered-gaussian,240,240,1035.7625,1011,634,1462.7,0.9667,119.3129,3.1333,44.025,48.4542,0.2542,1.1,0.269,7031.0042,339.8618,464.0691,-4083.8474
centered_candidate_000010_5855dff1,centered-gaussian,240,240,1019.5375,1006,615.1,1489.5,0.9458,118.7635,3.1,43.225,50.6917,0.25,1.0708,0.2765,6978.8208,334.0328,448.0836,-4085.1766
centered_candidate_000172_fdc6d3e3,centered-gaussian,240,240,1023.2125,1012,637.8,1487.3,0.9375,118.6771,3.1,43.6333,48.9625,0.2583,1.0625,0.2804,6999.5375,321.8798,476.8601,-4086.961
centered_candidate_000026_c467c9d6,centered-gaussian,240,240,1048.9417,1007.5,641.7,1496.6,0.9583,119.4842,3.1917,44.3167,47.8875,0.2625,1.0958,0.2641,7051.4,331.864,475.768,-4093.3878
centered_candidate_000156_5481e874,centered-gaussian,240,240,1027.4,1010.5,658.2,1483,0.9667,119.3231,3.1125,43.5333,48.0208,0.25,1.1125,0.2579,7057.95,311.0029,502.6985,-4094.2739
centered_candidate_000165_cc1fbcd8,centered-gaussian,240,240,1041.6,1018,624.5,1502.4,0.95,119.1748,3.1708,44.1792,47.9208,0.2667,1.0958,0.2691,7036.4167,343.3114,452.8443,-4104.8789
centered_candidate_000068_34fa6ac2,centered-gaussian,240,240,1029.2333,1014.5,657.3,1460.2,0.9667,119.7238,3.1458,43.2042,47.6833,0.2458,1.1375,0.25,7072.6708,313.7416,500.4292,-4106.4292
centered_candidate_000181_3a33b18e,centered-gaussian,240,240,1023.1083,1033,630.3,1438.5,0.95,118.8569,3.1042,43.45,48.4167,0.2583,1.1083,0.2593,7046.0333,322.4753,469.0624,-4116.6801
centered_candidate_000017_120ae9b1,centered-gaussian,240,240,1027.1417,1003.5,642.3,1460.8,0.9583,119.2946,3.1,43.5083,48.1958,0.2667,1.1,0.2655,7058.5333,325.6222,479.4889,-4122.5928
centered_candidate_000013_440aa42c,centered-gaussian,240,240,1033.8083,1021,622,1481.4,0.9542,119.0962,3.1417,43.725,47.8583,0.2792,1.1042,0.2655,7051.975,337.3289,453.3355,-4123.3658
centered_candidate_000034_d4c679d5,centered-gaussian,240,240,1045.3333,1028,637.9,1489.2,0.9708,119.6937,3.1792,44.3625,49.4083,0.2625,1.125,0.2549,7104.7792,325.6288,475.0856,-4129.4183
centered_candidate_000171_aacaf6c0,centered-gaussian,240,240,1031.2958,1009.5,628,1530.1,0.9292,118.2475,3.1417,43.8667,49.2542,0.2708,1.0625,0.2823,7030.0292,343.6765,456.1618,-4131.152
general_top10-average-phased_862739ab,top10-average-phased,240,240,1027.4,1000,648.4,1458.5,0.9625,119.5148,3.1125,43.6208,49.3583,0.2833,1.0917,0.2713,7076.8875,319.9662,488.4169,-4132.2607
centered_candidate_000090_19d4e78c,centered-gaussian,240,240,1027.1958,1018.5,645.3,1462.4,0.95,119.1125,3.1,43.5125,47.95,0.2708,1.125,0.2549,7075.6125,321.0358,484.7821,-4137.1338
search_candidate_000147_7f627c9a,random-phased,240,240,1034.2958,1013,625.8,1501.3,0.9417,119.0487,3.1333,43.75,48.6625,0.2542,1.05,0.2933,7057.6667,329.8173,460.8913,-4140.5276
centered_candidate_000170_c5e8f41a,centered-gaussian,240,240,1032.1792,1020.5,643.4,1471,0.9625,119.5579,3.1208,43.6375,46.3917,0.2333,1.1292,0.2577,7096.8833,318.6447,484.0777,-4140.9631
centered_candidate_000052_5fdf6b28,centered-gaussian,240,240,1015.3958,989.5,624.5,1477.8,0.95,118.9694,3.0333,43.1333,47.5667,0.2958,1.0917,0.2684,7037.7875,325.6378,461.6811,-4143.1692
centered_candidate_000056_443ac6f4,centered-gaussian,240,240,1034.2417,1026.5,627.9,1490.7,0.9458,119.5417,3.1833,43.525,49.2917,0.2875,1.1083,0.2637,7082.1125,324.0565,465.8718,-4151.2788
centered_candidate_000132_3cc1c040,centered-gaussian,240,240,1024.5792,1005.5,613.6,1500.3,0.9,118.1227,3.1083,43.775,49.8875,0.2917,1.0208,0.2929,7003,334.9249,446.1375,-4151.7758
centered_candidate_000160_ad78dbb0,centered-gaussian,240,240,1007.6208,1019,630.4,1434.6,0.95,118.9142,3.0292,42.8625,48.8625,0.2625,1.0958,0.2671,7062.9083,311.946,474.427,-4153.8567
centered_candidate_000082_25f70ad1,centered-gaussian,240,240,1024.2167,1003,620.6,1487.3,0.9083,118.3967,3.0958,43.825,50.8667,0.2833,1.0292,0.2968,7020.0958,334.9809,453.1095,-4156.562
centered_candidate_000031_12856fbf,centered-gaussian,240,240,1031.5292,1039,623,1453.7,0.9792,119.6558,3.125,43.7792,48.5042,0.2458,1.125,0.2581,7119.7375,327.5756,459.2122,-4156.6568
centered_candidate_000059_24dec5a8,centered-gaussian,240,240,1024.0667,1023,609.9,1461.3,0.9333,118.8562,3.1208,43.3458,48.6583,0.2708,1.0833,0.2728,7051.075,326.4462,446.6769,-4159.5442
centered_candidate_000138_629693cc,centered-gaussian,240,240,1026.1708,981.5,635,1515.2,0.9458,118.9713,3.0875,43.7417,48.5333,0.25,1.1083,0.2602,7064.6375,331.8232,469.0884,-4160.248
centered_candidate_000199_553c3de2,centered-gaussian,240,240,1031.2333,1030,637,1505,0.9542,119.1462,3.15,43.7542,50.0458,0.2458,1.0875,0.2773,7107.5833,323.6445,475.1778,-4162.3122
centered_candidate_000093_61c3616a,centered-gaussian,240,240,997.7125,973,610.5,1421.8,0.9333,118.4048,2.9583,42.8042,49.4167,0.275,1.0792,0.2728,7009.3792,318.2432,451.3784,-4167.082
centered_candidate_000215_feb4c877,centered-gaussian,240,240,1031.6083,1017.5,643,1447.5,0.9375,118.9152,3.125,43.925,49.0167,0.2458,1.0875,0.2755,7094.2792,328.035,478.9825,-4167.6278
centered_candidate_000091_76c01d16,centered-gaussian,240,240,1010.7708,986,622.7,1431.3,0.8667,117.6071,3.0917,43.2875,54.2042,0.2875,0.9833,0.3234,6975.3208,332.5934,456.4033,-4173.242
centered_candidate_000112_c921c161,centered-gaussian,240,240,1047.1042,1033.5,645.3,1503.5,0.975,119.6587,3.15,44.625,48.8458,0.2333,1.1375,0.2632,7176.5875,337.004,476.798,-4188.8941
centered_candidate_000216_a3f3600d,centered-gaussian,240,240,1028.275,1009,634.4,1506.5,0.9667,119.3925,3.1375,43.3208,48.2,0.2,1.1333,0.2619,7131.9333,325.1578,471.8211,-4190.0032
centered_candidate_000112_06938151,centered-gaussian,240,240,1020.2625,992.5,619.9,1455.3,0.95,119.2444,3.075,43.2,48.025,0.2542,1.1167,0.2594,7092.2,308.127,465.8365,-4191.3929
centered_candidate_000102_449d4116,centered-gaussian,240,240,1017.6958,991.5,635,1459.6,0.9125,118.265,3.1125,43.3792,52.4958,0.2917,1.0083,0.3153,7066.7875,329.4603,470.2698,-4198.7337
search_candidate_000032_0dae94f6,random-phased,240,240,992.7417,989,657.9,1349.9,0.975,119.7175,3.0208,41.5042,49.2667,0.225,1.1083,0.2745,7133.7625,280.2678,517.7661,-4201.2544
centered_candidate_000001_df3873fe,centered-gaussian,240,240,1030.6,1003.5,646.9,1533,0.9375,119.0485,3.1167,43.7375,49.6125,0.2167,1.075,0.2899,7124.5417,327.2821,483.2589,-4202.6281
centered_candidate_000092_c5be474c,centered-gaussian,240,240,1034.8875,1005.5,628,1510.1,0.9417,119.13,3.15,43.9833,49.75,0.2417,1.0708,0.2889,7122.1583,325.1122,465.4439,-4205.4766
centered_candidate_000039_e779efe9,centered-gaussian,240,240,1022.0208,1007.5,619.3,1452.2,0.925,118.8567,3.0958,43.6208,50.3667,0.2875,1.0583,0.2868,7091.4833,321.2902,458.6549,-4209.5305
centered_candidate_000134_0ef4e0cd,centered-gaussian,240,240,1016.1458,1008,618,1396,0.8875,117.8335,3.1125,43.3208,53.2667,0.275,1.0083,0.3168,7056.5542,330.374,452.813,-4220.5831
centered_candidate_000113_0a706f8b,centered-gaussian,240,240,1036.6417,1018,626,1483,0.9708,119.4921,3.1333,44.0542,49.9083,0.2458,1.15,0.2536,7173.2208,330.3901,460.805,-4222.0238
centered_candidate_000088_a8e666eb,centered-gaussian,240,240,1033.1667,1021,646,1450.2,0.9708,119.5815,3.1,43.7625,46.9958,0.2167,1.1542,0.2558,7193.6208,308.4348,491.7826,-4224.0078
centered_candidate_000148_e533cded,centered-gaussian,240,240,1023.2917,984.5,645.8,1461.8,0.9583,119.1813,3.0792,43.4875,49.0542,0.25,1.0917,0.2781,7151.0042,321.0544,485.2728,-4224.7
centered_candidate_000093_4bb0c656,centered-gaussian,240,240,1012.8125,993.5,624.5,1474,0.9167,118.4585,3.0917,42.8333,49.9917,0.2583,1.0458,0.3004,7089.0667,325.2017,461.8991,-4228.2778
centered_candidate_000117_62e84a68,centered-gaussian,240,240,997.6875,964.5,637.7,1393.9,0.9625,118.9402,2.9583,42.4375,48.1167,0.2375,1.1333,0.2575,7120.9958,316.5284,479.4358,-4231.704
search_candidate_000015_ba1aca5b,random-phased,240,240,1053.775,1030,641.5,1556.2,0.9833,119.731,3.2208,44.6708,49.9042,0.2042,1.1542,0.2596,7244.5292,330.2449,476.3775,-4245.2698
centered_candidate_000095_d6cc5f30,centered-gaussian,240,240,1036.7792,1039,633.4,1490.4,0.9542,119.226,3.1458,44.1417,48.4958,0.275,1.1375,0.2579,7201.7833,326.7531,470.0234,-4249.9681
centered_candidate_000001_9be1f71c,centered-gaussian,240,240,1035.3,1018,644.5,1472.2,0.95,118.7806,3.1708,44.0917,51.9917,0.2917,1.125,0.2624,7205.9583,341.4315,473.7842,-4264.3446
centered_candidate_000072_73ef8b6d,centered-gaussian,240,240,1024.8958,1025.5,641.9,1406.1,0.9708,119.6062,3.1208,43.1458,49.4125,0.2458,1.1375,0.2628,7225.6333,312.4076,485.6962,-4266.1157
centered_candidate_000142_ca78a331,centered-gaussian,240,240,1028.7583,1019,623.3,1487.7,0.925,118.8571,3.125,43.9583,50.7125,0.275,1.0792,0.2935,7167.6917,335.0838,455.7581,-4272.8101
centered_candidate_000065_3061b0ea,centered-gaussian,240,240,1037.3125,1033,639.8,1514.9,0.9708,119.6331,3.1542,43.9417,48.5958,0.2667,1.15,0.2583,7243.9,329.7518,474.9241,-4273.3645
centered_candidate_000215_145ee6f6,centered-gaussian,240,240,1013.45,1005,623.8,1441,0.95,119.1454,3.0875,42.8458,49.0708,0.2625,1.1167,0.2672,7176.6542,328.1233,459.7384,-4277.2888
centered_candidate_000006_aa539196,centered-gaussian,240,240,1019.05,1014.5,639.6,1485.5,0.9292,118.5887,3.1042,43.5292,52.2125,0.2542,1.0583,0.3014,7179.8667,329.9882,474.6059,-4278.7176
centered_candidate_000077_074b79f5,centered-gaussian,240,240,1024.2458,995.5,627.7,1499.5,0.9375,118.9796,3.1333,43.5375,51.125,0.2625,1.0792,0.2887,7174.65,336.3395,459.5303,-4280.2621
centered_candidate_000167_3e88daca,centered-gaussian,240,240,1042.9292,1024.5,634.5,1522.3,0.95,119.4358,3.15,44.425,48.7875,0.2333,1.1375,0.2632,7232.5583,338.6464,465.1768,-4287.5084
centered_candidate_000054_ca4cfe3e,centered-gaussian,240,240,1024.9417,1023,652,1424.2,0.9542,119.429,3.0917,43.5625,48.4958,0.2208,1.1625,0.257,7240.0125,310.0161,496.9919,-4289.8074
centered_candidate_000086_1c3b4213,centered-gaussian,240,240,1022.8708,1010.5,617.8,1440.2,0.9458,119.1433,3.0875,43.5792,49.6125,0.2167,1.1208,0.2683,7196.2917,322.4326,456.5837,-4292.584
centered_candidate_000175_7cdcfae2,centered-gaussian,240,240,1008.7458,1003,599.7,1445.8,0.9,117.6475,3.0583,43.1,51.1167,0.3125,1.0375,0.2979,7120.2625,329.7771,434.8115,-4296.2121
centered_candidate_000187_93d153fe,centered-gaussian,240,240,1011.7583,1020,632.9,1388.2,0.9125,118.7081,3.0542,43.0583,51.6875,0.2583,1.05,0.2991,7175.7917,310.2193,477.7904,-4297.2572
centered_candidate_000203_1c26231f,centered-gaussian,240,240,1024.625,1000,660.9,1470.1,0.9708,119.6252,3.0958,43.2958,47.8792,0.2208,1.1667,0.2536,7259.725,319.9327,500.9337,-4299.5332
centered_candidate_000197_2bd0e929,centered-gaussian,240,240,1031.6375,1017,633.8,1526.3,0.9333,119.0015,3.1167,44.2083,51.8042,0.2458,1.0667,0.3008,7220.2292,328.0071,469.7964,-4305.3198
centered_candidate_000076_9ba6cb12,centered-gaussian,240,240,1022.2583,969,642.7,1493,0.8917,118.2792,3.1375,43.7417,52.9542,0.2667,1.05,0.3,7153.6792,335.2446,475.0777,-4308.1431
centered_candidate_000161_1ac8a2d1,centered-gaussian,240,240,1023.0167,1014,613,1488,0.8875,117.3215,3.1333,43.6667,53.2375,0.3042,1.0333,0.3101,7147.5,350.2479,437.876,-4309.6329
centered_candidate_000082_ff2be88c,centered-gaussian,240,240,1033.0125,1018,630.8,1455.2,0.9542,119.4217,3.1125,44.0042,49.275,0.2167,1.1417,0.2634,7249.8667,325.359,468.1205,-4314.1193
centered_candidate_000169_d1b583c7,centered-gaussian,240,240,1013.4583,1008,617.4,1503.3,0.9125,118.041,3.0875,43.275,50.8208,0.2375,1.0667,0.3008,7172.7458,333.2138,450.7931,-4315.5103
centered_candidate_000003_8422e1db,centered-gaussian,240,240,1018.6292,987,633.3,1495.6,0.9292,118.1583,3.1167,43.2667,50.8667,0.2792,1.0458,0.3049,7199.4583,335.8283,465.3859,-4318.6882
centered_candidate_000067_b4b165fb,centered-gaussian,240,240,1023.7667,1025,650.8,1453.6,0.9292,118.8923,3.0875,43.6792,49.7125,0.2667,1.0958,0.2848,7243.9042,307.4019,497.0991,-4319.3112
centered_candidate_000127_93d863f2,centered-gaussian,240,240,1025.6,997,639.9,1486.6,0.9417,118.6815,3.0917,43.8625,49.6958,0.2292,1.1083,0.2805,7236,329.3122,475.2439,-4324.1758
centered_candidate_000104_a119cc88,centered-gaussian,240,240,1007.725,987.5,612.5,1444.1,0.9542,119.2306,3.0292,42.5958,48.425,0.2625,1.1375,0.2623,7210.4792,304.3267,460.3366,-4325.7028
centered_candidate_000069_fc0d313d,centered-gaussian,240,240,1037.7167,1016,638.4,1458.9,0.9542,119.0887,3.1583,44.1417,49.9292,0.2375,1.1292,0.2752,7274.2542,334.0472,471.3764,-4330.4603
centered_candidate_000031_b84d92b5,centered-gaussian,240,240,1022.3333,1014,646,1454.5,0.9667,119.5735,3.0708,43.2958,47.9875,0.2208,1.1667,0.2562,7278.9833,326.6111,482.6945,-4331.5055
centered_candidate_000163_c0def113,centered-gaussian,240,240,1033.3958,1021.5,617,1485,0.9542,118.6696,3.1333,43.9375,49.0292,0.2708,1.1208,0.2692,7258.9833,326.1103,453.9448,-4332.2929
centered_candidate_000198_3e5fac68,centered-gaussian,240,240,1012.125,985.5,630.9,1449.2,0.9458,119.4358,3.0542,42.9375,49.2542,0.2542,1.1125,0.2781,7229.1042,308.7911,476.5044,-4335.4341
centered_candidate_000033_9efb7f02,centered-gaussian,240,240,1033.7417,1026,627.5,1470.9,0.9167,118.4804,3.1458,44.2583,51.2,0.3208,1.0708,0.2858,7234.7667,330.8843,462.0579,-4335.5352
centered_candidate_000091_f87b37c5,centered-gaussian,240,240,1023.4833,994.5,656.1,1492.2,0.9333,119.0894,3.1167,43.4917,50.5375,0.2292,1.0917,0.2885,7252.9542,317.0822,497.5589,-4337.4239
centered_candidate_000045_cc795f38,centered-gaussian,240,240,1033.7333,1015.5,643.8,1437.2,0.9292,119.065,3.1375,43.9417,49.3542,0.2792,1.0875,0.2822,7260.9083,317.4457,485.0771,-4338.7075
centered_candidate_000072_59ddbc6b,centered-gaussian,240,240,1023.675,1010,656.9,1496.3,0.9208,118.5931,3.1417,43.3625,51.6083,0.2917,1.075,0.2876,7253.1083,317.5702,498.1149,-4341.594
search_candidate_000059_1c641298,random-phased,240,240,1016.9417,1016.5,623.5,1380.1,0.9458,118.9123,3.0875,43.0833,50.3625,0.2417,1.1042,0.2808,7250.5708,311.4641,467.768,-4343.0386
centered_candidate_000211_17dd3b0e,centered-gaussian,240,240,1011.8417,1020.5,619.9,1434.1,0.9083,117.7165,3.0875,43.1917,51.9792,0.2708,1.0792,0.2947,7211.425,326.8989,456.4506,-4350.4598
centered_candidate_000001_da997d9f,centered-gaussian,240,240,1017.6958,982,620,1477.4,0.9167,118.7481,3.0917,43.325,52.2208,0.2458,1.0833,0.2947,7209.6083,333.5606,453.2197,-4354.9579
centered_candidate_000019_88d48860,centered-gaussian,240,240,1050.1625,1045.5,650.6,1546,0.95,119.2406,3.2042,44.8792,52.3917,0.2458,1.1083,0.2887,7335.3042,334.0436,483.5782,-4358.7204
centered_candidate_000043_06780ea8,centered-gaussian,240,240,1025.1792,1001.5,609.9,1472.8,0.8875,118.0858,3.1417,43.9,53.425,0.275,1.05,0.3053,7192.2042,342.3149,438.7425,-4359.318
centered_candidate_000164_d02a6299,centered-gaussian,240,240,1027.2417,1016.5,633.8,1436.4,0.9667,119.3508,3.0917,43.7542,48.7042,0.2542,1.1625,0.2604,7309.3875,320.666,473.467,-4364.3224
centered_candidate_000199_d9c62b77,centered-gaussian,240,240,1029.0583,1015,625.7,1501,0.9125,118.5442,3.1167,44.1208,51.3417,0.2625,1.0667,0.298,7253.8542,341.549,454.9255,-4372.5456
centered_candidate_000154_f7416e29,centered-gaussian,240,240,1031.85,1012,649.8,1469.8,0.9542,119.4415,3.1292,43.8375,49.3667,0.2375,1.15,0.2644,7319.3458,326.0433,486.7784,-4372.6978
centered_candidate_000169_1dff2037,centered-gaussian,240,240,1029.0375,1014.5,615.7,1482.1,0.9375,118.5552,3.1167,43.8042,49.5917,0.25,1.1167,0.2804,7278.0792,335.0271,448.1865,-4378.7371
centered_candidate_000165_af6f517e,centered-gaussian,240,240,1026.4208,1013,617.5,1494.1,0.9375,118.9975,3.1083,43.7792,50.4625,0.2667,1.0833,0.2964,7286.9583,322.0924,456.4538,-4386.956
search_candidate_000025_9849bff0,random-phased,240,240,1009.5667,988.5,643.1,1384.5,0.9375,118.9594,3.05,42.95,50.6208,0.2625,1.0917,0.2865,7283.3917,309.6795,488.2603,-4389.5309
centered_candidate_000055_17bd3a58,centered-gaussian,240,240,1018.0625,1003,637.3,1408.2,0.9333,118.869,3.0917,43.325,50.8792,0.2208,1.1042,0.2913,7291.1083,315.5711,479.5145,-4391.4867
centered_candidate_000026_732716e9,centered-gaussian,240,240,1037,1027,628.6,1485.4,0.9792,119.3387,3.1333,43.925,48.3,0.2542,1.1667,0.2593,7359.5292,329.9787,463.6106,-4392.9782
centered_candidate_000019_4306ce1d,centered-gaussian,240,240,1021.9042,999.5,620.9,1481.8,0.95,119.0431,3.025,43.7583,48.95,0.2208,1.1583,0.2634,7300.4,336.1697,452.8151,-4399.2598
centered_candidate_000050_f0a16b51,centered-gaussian,240,240,1019.675,1004.5,641.1,1404.6,0.9458,119.1619,3.1125,43.2417,50.9333,0.2292,1.1375,0.2736,7320.675,319.5425,481.3287,-4403.9452
centered_candidate_000023_9d03ec6f,centered-gaussian,240,240,1036.7333,1016,634.9,1529.1,0.9667,119.2687,3.1625,43.9333,50.9333,0.25,1.1833,0.2552,7364.1958,331.3602,469.2199,-4411.1479
centered_candidate_000069_ce60d9d5,centered-gaussian,240,240,1022.5375,997.5,617.9,1478.2,0.9625,119.3792,3.1,43.3333,47.6208,0.2208,1.1667,0.2637,7327.0167,327.6656,454.0672,-4414.4423
centered_candidate_000016_95234a80,centered-gaussian,240,240,1020.5167,996.5,622.7,1469.8,0.9125,118.3637,3.1,43.3667,50.2833,0.2333,1.0792,0.2984,7280.6167,323.718,460.841,-4415.9336
centered_candidate_000036_9c86cab1,centered-gaussian,240,240,1010.7625,993,614,1465.1,0.925,118.0285,3.0833,43.0208,51.1333,0.2625,1.0667,0.3018,7277.8958,328.8518,449.5741,-4420.2037
centered_candidate_000209_d4a624fb,centered-gaussian,240,240,1035.5375,1024,639.9,1476.1,0.95,118.8667,3.1417,44.1417,49.4333,0.2458,1.1583,0.2618,7364.4583,330.3768,474.7116,-4421.0762
centered_candidate_000106_3978e8b6,centered-gaussian,240,240,1024.8458,987.5,640.7,1448.8,0.925,118.8763,3.0917,43.825,50.5125,0.2125,1.1125,0.289,7315.4458,317.8596,481.7702,-4422.8619
centered_candidate_000041_7bcd1e53,centered-gaussian,240,240,1016.5125,981.5,641.5,1508.1,0.9333,119.0729,3.0917,42.9833,50.6542,0.2333,1.1333,0.2763,7312.6917,319.8819,481.559,-4422.8722
centered_candidate_000045_3503b347,centered-gaussian,240,240,1011.1625,990.5,631.4,1386.4,0.9583,119.1106,3.0542,42.8292,49.2542,0.2208,1.15,0.2739,7332.775,317.8581,472.4709,-4426.4808
centered_candidate_000149_2a992766,centered-gaussian,240,240,1026.1333,1022.5,637.5,1478.1,0.9667,119.264,3.1125,43.4917,49.5167,0.225,1.1875,0.2574,7379.8,320.8877,477.0561,-4429.9275
centered_candidate_000060_539b0d77,centered-gaussian,240,240,1034.9,1019.5,623.8,1488.2,0.9417,118.3554,3.1583,44.2375,50.4875,0.2417,1.1167,0.2872,7348.5542,334.4112,456.5944,-4430.0797
centered_candidate_000175_71f6aca6,centered-gaussian,240,240,1027.5042,1012,639,1496.7,0.9667,119.2027,3.0875,43.8125,48.8417,0.2375,1.1708,0.263,7380.0583,314.9439,481.528,-4431.6763
search_candidate_000197_2bb3fc9d,random-phased,240,240,976.9083,973,628.6,1318.1,0.9292,118.6123,2.9625,40.8,49.2792,0.2542,1.0875,0.2901,7275.9125,285.8635,485.6683,-4437.6302
centered_candidate_000140_237ca723,centered-gaussian,240,240,1022.4208,996,630.6,1503.8,0.9083,117.9762,3.1333,43.7,52.1542,0.2417,1.1042,0.2948,7311.2333,327.8898,466.6551,-4443.5771
centered_candidate_000081_8c2299b8,centered-gaussian,240,240,1031.0708,1016,651,1486.3,0.95,118.9904,3.1625,43.7875,51.5875,0.2167,1.1625,0.2738,7395.4958,323.5573,489.2213,-4450.3365
centered_candidate_000100_6f2ed068,centered-gaussian,240,240,1000.9917,987,604.5,1440.2,0.875,116.9179,3.0542,43.175,54.5625,0.3,1.0375,0.3141,7241,324.8613,442.0694,-4452.8806
centered_candidate_000167_a5e0d23f,centered-gaussian,240,240,1030.9792,1012.5,621.4,1500.6,0.8917,118.3387,3.1542,44.2458,52.8833,0.2625,1.0542,0.3085,7312.2583,342.6805,450.0597,-4454.7786
centered_candidate_000085_8e283fcc,centered-gaussian,240,240,1016.3375,993.5,603.9,1486.8,0.9,118.1383,3.1042,43.5125,52.1958,0.2583,1.0625,0.3047,7299.7292,338.5836,434.6082,-4471.2384
centered_candidate_000097_dcdef91a,centered-gaussian,240,240,1028.3917,1000,629.8,1508.5,0.9125,118.0952,3.1333,44.1292,53.2958,0.3,1.0708,0.3034,7348.9917,341.5443,459.0278,-4472.5689
centered_candidate_000116_c3e74c9a,centered-gaussian,240,240,1029.175,1006,648.1,1503.3,0.9292,118.659,3.1292,43.9708,51.1708,0.2333,1.1125,0.2956,7389.5583,326.5668,484.8166,-4475.05
centered_candidate_000085_e11b12ad,centered-gaussian,240,240,997.1333,968.5,601.9,1495,0.8417,116.9917,3.0792,42.6917,56.6917,0.2958,0.9833,0.3414,7228.0625,335.5665,434.1167,-4490.6058
centered_candidate_000177_d523fd75,centered-gaussian,240,240,1029.7292,993.5,638.5,1503.2,0.9417,119.0437,3.125,43.7583,50.4167,0.2042,1.125,0.2903,7402.2708,341.696,467.652,-4491.6642
centered_candidate_000137_66b059ab,centered-gaussian,240,240,1020.4042,1002,620,1490.8,0.8917,117.6435,3.1292,44.0417,55.7625,0.2875,1.0292,0.3263,7333.1625,348.5937,445.7031,-4493.8104
centered_candidate_000164_9bfd7a10,centered-gaussian,240,240,1048.7167,1021.5,631.1,1501,0.9542,119.4656,3.2042,44.6833,50.4542,0.2667,1.1833,0.2606,7448.8417,338.3996,461.9002,-4498.0083
centered_candidate_000133_d8601e15,centered-gaussian,240,240,1007.8583,980,611,1476.3,0.9,118.0471,3.075,43.0292,53.55,0.2417,1.0375,0.3248,7319.3542,342.3515,439.8242,-4501.1661
centered_candidate_000084_840186f2,centered-gaussian,240,240,1027.4958,1019,639.9,1486.6,0.9292,118.9606,3.1292,43.9958,52.45,0.2292,1.1125,0.2972,7417.3458,330.463,474.6685,-4505.3559
centered_candidate_000037_bcd4331b,centered-gaussian,240,240,1050.9458,1002.5,657.5,1533.1,0.9375,119.0517,3.25,44.8708,53.0583,0.2583,1.1125,0.2987,7455.0042,340.6952,487.1524,-4507.4474
centered_candidate_000096_d60469d9,centered-gaussian,240,240,1027.1375,1021.5,643.6,1457.9,0.9417,119.3275,3.1125,43.6042,51.3958,0.275,1.1958,0.2531,7448.8792,315.4786,485.8607,-4517.5407
centered_candidate_000178_07350084,centered-gaussian,240,240,1005.5208,992,617.9,1447.3,0.8958,118.1004,3.05,43,53.2833,0.275,1.0583,0.3155,7347.4792,324.4455,455.6772,-4520.6941
centered_candidate_000183_4ab692b7,centered-gaussian,240,240,1007.2875,1015,613,1460.1,0.9458,119.1329,3.025,42.9125,49.3417,0.2667,1.1667,0.2664,7416.8167,317.769,454.1155,-4529.3496
centered_candidate_000131_a6be3f5e,centered-gaussian,240,240,1035.1667,999.5,620.3,1499.1,0.9125,118.4479,3.125,44.4,51.2875,0.2375,1.1083,0.2952,7407.8708,335.3575,452.6212,-4531.2857
centered_candidate_000201_f64644a5,centered-gaussian,240,240,1027.7417,1015.5,645.7,1477.3,0.9625,119.3627,3.1375,43.5542,50.8083,0.2042,1.1792,0.2707,7482.3542,329.8901,480.7549,-4533.7805
centered_candidate_000213_c897b097,centered-gaussian,240,240,1012.9792,967.5,624.9,1498.2,0.9,118.2748,3.0875,43.45,53.5,0.2625,1.05,0.3187,7370.1083,333.9746,457.9127,-4540.2541
centered_candidate_000180_4d92047d,centered-gaussian,240,240,1030.4375,1006,626.8,1457.2,0.9208,118.7473,3.1167,44.0583,52.0792,0.2708,1.1125,0.2967,7435.1583,326.5345,463.5327,-4544.7544
centered_candidate_000016_9b79dcdf,centered-gaussian,240,240,1032.0542,1015,629.5,1506.6,0.95,119.1604,3.1583,43.6292,50.1167,0.2083,1.175,0.2718,7484.2667,327.1832,465.9084,-4556.5491
centered_candidate_000123_098be780,centered-gaussian,240,240,1038.7833,1006.5,665,1489.1,0.9667,119.3385,3.1333,44.2792,49.725,0.2417,1.1833,0.2669,7535.4708,338.1226,495.9387,-4562.3953
centered_candidate_000086_23ae2680,centered-gaussian,240,240,1001.3167,980.5,634.6,1435.4,0.9583,118.7892,3.0083,42.4583,48.5167,0.2458,1.1833,0.2601,7465.9917,318.9246,475.1377,-4572.1966
centered_candidate_000036_0235e86d,centered-gaussian,240,240,1044.0125,1023,640.2,1486.8,0.95,119.0625,3.1667,44.9292,54.6625,0.2833,1.15,0.2819,7524.4417,335.8134,472.2933,-4573.9319
search_candidate_000160_a6e88738,random-phased,240,240,1022.8083,979.5,650.7,1498.2,0.925,119.0575,3.1083,43.3792,50.3458,0.2458,1.1,0.3033,7470.8458,320.5406,490.4297,-4576.8356
centered_candidate_000096_d9702fdf,centered-gaussian,240,240,1029.9625,1029,640.6,1448.3,0.9458,119.3167,3.1167,43.8083,50.0667,0.225,1.1792,0.2717,7514.7,326.8344,477.1828,-4577.2911
centered_candidate_000034_ffbb4075,centered-gaussian,240,240,1022.1167,1016.5,638.8,1451,0.9625,119.5752,3.1208,42.9958,49.3458,0.2167,1.1958,0.263,7520.1958,311.4166,483.0917,-4578.5725
centered_candidate_000032_adb58648,centered-gaussian,240,240,1020.1375,1007,615.9,1473,0.9125,117.9377,3.1417,43.625,55.2,0.2583,1.0625,0.3194,7441.5042,337.716,447.042,-4580.1899
centered_candidate_000207_ef15a16d,centered-gaussian,240,240,1019.8708,996.5,642.4,1415.1,0.9542,119.3448,3.1042,43.1083,50.2375,0.2292,1.175,0.2725,7502.9042,317.8872,483.4564,-4580.2741
centered_candidate_000012_8fd2dede,centered-gaussian,240,240,1018.7042,984,652.9,1453.8,0.9583,119.1565,3.1125,43.1708,50.5125,0.2125,1.1792,0.2758,7507.6125,330.1735,487.8133,-4582.2897
centered_candidate_000214_da94c944,centered-gaussian,240,240,1028.9458,1033,631.8,1491.4,0.9292,118.6431,3.1375,43.8542,52.1292,0.225,1.125,0.296,7512.2375,330.0322,466.7839,-4598.1914
centered_candidate_000168_ea3e3606,centered-gaussian,240,240,1026.1042,1003.5,625.6,1513.3,0.9417,118.8113,3.1125,43.7625,51.725,0.2375,1.1667,0.2768,7503.4833,326.4366,462.3817,-4598.7698
centered_candidate_000096_6cdc41cc,centered-gaussian,240,240,1010.8792,1000,613,1423,0.9375,118.4777,3.0833,43.1542,51.4917,0.2333,1.1458,0.289,7475.1375,329.3755,448.3122,-4602.2334
centered_candidate_000209_d9bfd1cb,centered-gaussian,240,240,1035.5333,1029,638.4,1517.3,0.9542,119.4123,3.1375,44.1792,50.025,0.2333,1.1875,0.2656,7554.0417,325.4652,475.6674,-4604.2147
centered_candidate_000147_d0e2c147,centered-gaussian,240,240,1046.9667,1038.5,640.6,1510.8,0.9417,118.905,3.1917,44.6458,49.7042,0.2708,1.1667,0.2722,7560.4958,333.3621,473.919,-4606.8049
centered_candidate_000032_0be45059,centered-gaussian,240,240,1000.7167,991,627,1423.1,0.9083,118.3344,3.0125,42.8333,52.3833,0.2917,1.0875,0.3065,7454.1125,317.2287,468.3856,-4611.4082
centered_candidate_000142_0852c946,centered-gaussian,240,240,1017.05,1010,622.9,1450.2,0.9208,118.4394,3.1042,43.6792,54.3625,0.25,1.0833,0.3135,7490.6875,326.2172,459.7914,-4614.7276
centered_candidate_000192_2c94814f,centered-gaussian,240,240,1031.2208,1027.5,629.6,1447.2,0.9583,119.3294,3.15,43.85,50.0833,0.2542,1.1917,0.2705,7558.9208,317.4543,470.8729,-4615.4275
centered_candidate_000055_bfbfd01f,centered-gaussian,240,240,1022.8417,1014,598.9,1452.1,0.8833,117.8971,3.1292,43.8625,55.1375,0.2708,1.0542,0.3241,7446.7875,335.8143,430.9929,-4621.6554
centered_candidate_000101_d8a6d7d3,centered-gaussian,240,240,1010.0542,996,638.8,1402.4,0.9042,118.0308,3.0458,43.2083,51.0417,0.2958,1.0833,0.3075,7499.175,313.3626,482.1187,-4638.5867
centered_candidate_000148_275e4511,centered-gaussian,240,240,1019.4125,1012,641.9,1426.5,0.9167,118.6942,3.075,43.7958,52.2417,0.25,1.1125,0.3035,7532.3542,319.7055,482.0472,-4640.6961
centered_candidate_000149_75097817,centered-gaussian,240,240,1041.3375,1018,635.9,1502.1,0.9708,119.7529,3.1542,44.3875,51.4708,0.2125,1.2125,0.2632,7606.4792,333.7468,469.0266,-4643.3377
centered_candidate_000021_96aa2327,centered-gaussian,240,240,1041.1458,1025,607.8,1504.3,0.9042,118.2463,3.2083,44.4958,54.6,0.275,1.1,0.308,7525.2333,354.0486,430.7757,-4651.9906
centered_candidate_000007_c05f5b59,centered-gaussian,240,240,1019.7583,992,607,1505.6,0.8875,117.4071,3.1583,43.8917,56.2583,0.25,1.0625,0.3322,7475.0917,339.1868,437.4066,-4654.0707
centered_candidate_000015_510c48ef,centered-gaussian,240,240,1023,1006.5,638.5,1455.5,0.925,118.8654,3.1083,43.5708,51.9458,0.2292,1.125,0.3023,7562.1167,328.8149,474.0925,-4665.8297
centered_candidate_000075_8167ae22,centered-gaussian,240,240,1020.1708,983,631.9,1442.1,0.9417,119.1185,3.0958,43.4542,51,0.2125,1.1333,0.3038,7562.4583,325.0167,469.3916,-4668.6042
search_candidate_000175_e0224dff,random-phased,240,240,1024.7292,1015.5,620.2,1483.8,0.8958,118.0071,3.1583,43.475,53.9708,0.2542,1.0583,0.331,7533.6208,345.1533,447.6233,-4678.179
centered_candidate_000153_b9ded381,centered-gaussian,240,240,1032.4708,1015,636.7,1458,0.9625,119.165,3.1583,43.9917,51.3708,0.2375,1.2042,0.2671,7642.1083,320.6662,476.3669,-4694.4107
centered_candidate_000128_80456367,centered-gaussian,240,240,1027.5125,1002.5,629.2,1445.7,0.9583,119.4802,3.1083,43.75,49.4417,0.1958,1.2083,0.2683,7623.9375,322.92,467.74,-4698.0657
centered_candidate_000111_ec6af86f,centered-gaussian,240,240,1025.775,1012,632.8,1486.3,0.9292,119.0096,3.1208,43.8125,51.7667,0.2167,1.1708,0.2809,7605.1667,316.0191,474.7905,-4701.1888
centered_candidate_000216_26eb8b13,centered-gaussian,240,240,1027.4458,1004.5,643.7,1437.6,0.95,119.3029,3.125,43.5542,49.5208,0.2083,1.2167,0.2605,7637.8542,304.0621,491.669,-4704.0107
centered_candidate_000099_249f84af,centered-gaussian,240,240,1013.5083,996,633.6,1400.9,0.9583,119.2696,3.0375,43.2917,49.8292,0.1875,1.2125,0.2674,7622.7208,317.6547,474.7727,-4709.5301
centered_candidate_000170_c5c6af9d,centered-gaussian,240,240,1027,1023,606.1,1486.1,0.8917,117.6244,3.1542,43.9167,52.9125,0.2875,1.1333,0.2886,7556.9125,351.896,430.152,-4712.245
centered_candidate_000009_ec81cb5a,centered-gaussian,240,240,1012.0625,1000,604.3,1473.4,0.9125,117.8654,3.0542,43.525,51.1583,0.25,1.1083,0.3055,7558.6792,327.9873,440.3064,-4716.2741
centered_candidate_000156_3d8a8304,centered-gaussian,240,240,1040.6292,1011,622.9,1517.1,0.9292,118.5567,3.1542,44.6042,52.5542,0.275,1.1792,0.2768,7634.4125,343.9173,450.9414,-4729.5801
search_candidate_000114_ae19f046,random-phased,240,240,1005.4625,990,617.7,1445,0.9083,118.686,3.1167,42.4333,54.9625,0.2625,1.1292,0.2999,7573.1333,311.3023,462.0488,-4732.438
centered_candidate_000049_6f5e2da6,centered-gaussian,240,240,1003.8667,981.5,601.7,1471.5,0.8792,117.2027,3.1,42.8333,55.1583,0.2458,1.0625,0.3319,7522.2083,337.1175,433.1412,-4734.4885
centered_candidate_000020_66953dc0,centered-gaussian,240,240,1028.725,1014.5,646.8,1471.7,0.95,119.2754,3.1083,43.9125,51.175,0.2042,1.1958,0.2777,7678.2583,315.327,489.1365,-4737.9087
centered_candidate_000061_9d245f73,centered-gaussian,240,240,1024.1042,1012,612.8,1425.9,0.9042,117.7294,3.1333,44.0375,53.2917,0.2625,1.1167,0.3041,7610.3542,340.1796,442.7102,-4753.8792
centered_candidate_000035_361ce37b,centered-gaussian,240,240,1015.85,1007,637.3,1438.1,0.9375,119.0844,3.0958,43.1125,51.8625,0.2,1.1792,0.2885,7669.9875,322.7633,475.9184,-4767.8502
centered_candidate_000186_a68cf6d6,centered-gaussian,240,240,1011.25,1003,615.8,1457.1,0.9042,118.3094,3.0583,43.4208,53.5542,0.2333,1.1208,0.3126,7615.4292,325.564,453.018,-4770.9853
centered_candidate_000028_2cd45092,centered-gaussian,240,240,1021.7667,995,611,1444.3,0.8917,118.1094,3.1292,43.9208,53.2583,0.2375,1.0917,0.3217,7610.2875,322.7622,449.6189,-4775.1066
centered_candidate_000098_49882f28,centered-gaussian,240,240,1036.3875,1020.5,624.7,1525.6,0.9458,119.3037,3.1625,44.025,51.2083,0.2083,1.2083,0.2728,7701.4583,336.3882,456.5059,-4776.5051
centered_candidate_000071_b15cbc5e,centered-gaussian,240,240,1053.2125,1027.5,639.8,1558.5,0.9625,119.304,3.2208,45.1458,52.3208,0.2042,1.2167,0.275,7753.175,335.8895,471.8553,-4779.0504
centered_candidate_000125_700d1592,centered-gaussian,240,240,1006.6625,984.5,641.9,1426.3,0.9333,118.8315,3.0333,43.0417,52.5375,0.2167,1.1875,0.2818,7662.8667,315.5956,484.1022,-4780.22
centered_candidate_000042_2d0ccf6d,centered-gaussian,240,240,1005.4083,990,603.2,1477.6,0.8708,117.0594,3.1292,43.0333,55.6125,0.2875,1.0583,0.3349,7595.7292,338.5807,433.9096,-4809.6436
centered_candidate_000135_e1f7c8ec,centered-gaussian,240,240,1027.5792,1011,623.3,1441,0.9167,118.4546,3.125,43.9542,53.075,0.2542,1.1333,0.3073,7696.8375,333.5148,456.5426,-4815.1546
centered_candidate_000031_0644e58d,centered-gaussian,240,240,1024.5458,1016,631,1463.9,0.95,119.3325,3.0917,43.5417,49.4,0.2083,1.2292,0.2674,7743.4292,324.8011,468.5994,-4821.0436
centered_candidate_000095_5a8f56e1,centered-gaussian,240,240,1023.3125,993,619.6,1508.2,0.8875,118.2662,3.1333,43.7875,55.1333,0.2417,1.1,0.3259,7669.4958,331.2676,453.9662,-4832.7569
centered_candidate_000161_19f08838,centered-gaussian,240,240,1025.3583,1007.5,636.8,1406.7,0.9583,119.7219,3.1208,43.3667,51.4542,0.2083,1.2292,0.2694,7777.575,324.1888,474.7056,-4845.5311
centered_candidate_000181_fd562fc9,centered-gaussian,240,240,1013.0083,991,635.1,1433.5,0.9667,119.225,3.075,42.9083,50.6458,0.2167,1.2208,0.2706,7771.0542,307.0232,481.5884,-4849.2038
search_candidate_000086_9989009a,random-phased,240,240,1072.6417,1026,605.9,1594.1,0.9,117.511,3.3375,45.8375,53.5542,0.2583,1.1542,0.3045,7750.3917,386.4475,412.6763,-4857.3195
centered_candidate_000066_2a97001e,centered-gaussian,240,240,1018.375,988,614.8,1468.5,0.8875,117.8312,3.1167,43.5917,53.8958,0.2208,1.1292,0.3161,7682.7417,337.8226,445.8887,-4858.5912
centered_candidate_000022_39622b7f,centered-gaussian,240,240,1033.9042,1022,630.7,1451.1,0.925,118.6135,3.1542,44.3875,53.6833,0.2208,1.1542,0.3071,7770.975,326.8145,467.2928,-4861.8737
centered_candidate_000029_89201d3c,centered-gaussian,240,240,1029.1208,1015,653.9,1443,0.9375,119.1833,3.1375,43.8125,50.5458,0.2042,1.225,0.272,7797.8667,311.9394,497.9303,-4863.0137
centered_candidate_000046_69b8d07b,centered-gaussian,240,240,1014.6167,1003,600.9,1471.7,0.9042,118.1183,3.0958,43.4833,55.2708,0.2333,1.1125,0.3199,7697.55,333.3902,434.2049,-4863.2247
centered_candidate_000200_e56a51ac,centered-gaussian,240,240,1032.1375,1011,636.6,1439.6,0.9292,118.8948,3.1542,44.1667,52.275,0.2167,1.1667,0.3053,7780.2667,335.1465,469.0267,-4871.2118
centered_candidate_000057_2b48539a,centered-gaussian,240,240,1041.8667,1003,634.4,1516.2,0.9667,119.3027,3.1708,44.5042,51.9667,0.2,1.2458,0.2718,7845.5125,346.7914,461.0043,-4897.3174
centered_candidate_000175_6f058909,centered-gaussian,240,240,1037.175,1010.5,624.5,1519.5,0.9333,118.9821,3.1208,44.6375,51.9667,0.2167,1.175,0.2941,7806.5667,332.9725,458.0138,-4897.8028
search_candidate_000155_dc12677a,random-phased,240,240,1055.1,994,624.8,1619.6,0.9083,118.2577,3.2833,45.625,58.25,0.2417,1.1458,0.3102,7784.0958,371.1538,439.2231,-4898.0533
centered_candidate_000083_3ff49198,centered-gaussian,240,240,1000.3333,1011.5,622.9,1397.6,0.9375,118.9535,3.0083,42.5542,52.0083,0.2125,1.1875,0.295,7782.65,297.7828,474.0086,-4900.3032
search_candidate_000016_99fedd73,random-phased,240,240,982.9458,981.5,635.8,1351.2,0.8917,117.7163,3.0417,41.4333,55.0542,0.2708,1.0625,0.3457,7723.3208,307.8144,481.8928,-4910.8812
centered_candidate_000095_204bf4a3,centered-gaussian,240,240,1031.2792,991,615.1,1475,0.9208,118.5654,3.125,44.1583,53.0042,0.2375,1.15,0.3085,7784.2167,342.5959,443.8021,-4913.0433
centered_candidate_000080_c5a3e4d7,centered-gaussian,240,240,1023.5542,999.5,623.8,1491.7,0.8917,118.0258,3.1458,43.7125,54.0875,0.2542,1.1375,0.3138,7763.8,342.0848,452.7576,-4918.2061
centered_candidate_000044_b6f08708,centered-gaussian,240,240,1031.6625,1007,642,1494.2,0.9708,119.6729,3.1583,43.7292,51.9083,0.1875,1.2417,0.2724,7890.875,320.1322,481.9339,-4935.3056
centered_candidate_000203_99999af7,centered-gaussian,240,240,1040.0833,999,610.9,1496,0.8917,118.1571,3.1833,44.6917,55.1708,0.25,1.1125,0.3238,7785.6792,355.3894,433.2053,-4936.787
centered_candidate_000219_cf3feea6,centered-gaussian,240,240,1013.9667,987.5,635.1,1472.7,0.9292,118.75,3.1042,43.2125,53.15,0.225,1.1958,0.2886,7818.175,328.1742,471.0129,-4938.8465
centered_candidate_000131_0a237511,centered-gaussian,240,240,1038.55,1006,633.6,1524.3,0.9292,118.7819,3.1625,44.6042,53.9375,0.2083,1.2042,0.2928,7847.5208,345.8506,460.6747,-4939.0943
centered_candidate_000115_1e125f4b,centered-gaussian,240,240,1029.8875,1037.5,600.7,1440.6,0.9167,118.309,3.15,43.9583,52.9583,0.2208,1.1458,0.3148,7825.2375,332.402,434.499,-4945.8537
centered_candidate_000024_f5a46d3e,centered-gaussian,240,240,1016.9,993.5,626.9,1449.8,0.9333,119.1623,3.1125,43.1208,52.1583,0.225,1.2125,0.2839,7831.7125,314.894,469.453,-4946.188
centered_candidate_000021_59c07c1c,centered-gaussian,240,240,1031.1167,1027,622.5,1512.7,0.95,118.9671,3.1417,44.0667,53.0208,0.2167,1.2125,0.287,7874.7792,342.6468,451.1766,-4950.6919
centered_candidate_000002_7af0dc9e,centered-gaussian,240,240,1028.1333,1014,633.7,1492.1,0.9375,118.5519,3.1708,43.8917,54.7917,0.225,1.2083,0.2927,7883.2083,325.7616,470.8192,-4968.7673
search_candidate_000017_90a9a846,random-phased,240,240,1050.8917,1022,656.2,1566.2,0.9583,119.4054,3.225,44.8542,52.2333,0.225,1.2458,0.2747,7949.0042,336.8321,487.7839,-4971.1856
centered_candidate_000117_18f43404,centered-gaussian,240,240,1021.8083,1005,630.5,1491,0.9167,118.764,3.1542,43.475,55.2875,0.225,1.1625,0.3135,7859.4375,316.8293,472.0854,-4977.4284
centered_candidate_000081_c233654f,centered-gaussian,240,240,1031.2167,1014.5,641.4,1487.9,0.9542,119.3535,3.1583,44.1,54.4875,0.2,1.2208,0.2938,7924.0417,331.0822,475.8589,-4984.5048
centered_candidate_000073_724f5634,centered-gaussian,240,240,996.5833,996,606.9,1343.1,0.8708,117.7794,3.0292,42.6708,55.5833,0.2667,1.0917,0.3398,7774.5375,308.6919,452.5541,-4985.3392
centered_candidate_000049_97f9ab53,centered-gaussian,240,240,1025.7625,1023,615.8,1489.4,0.9542,119.1996,3.1333,43.5292,52.1708,0.2125,1.2583,0.268,7907.025,338.3536,446.6232,-4990.6265
centered_candidate_000219_d75ea6e8,centered-gaussian,240,240,1030.8542,1005,633.7,1574.6,0.9375,119.0288,3.1375,43.9333,51.5458,0.2,1.2333,0.2823,7925.55,336.6055,465.3973,-5015.0569
centered_candidate_000072_9edbe5c6,centered-gaussian,240,240,1011.0917,980,618.7,1401.4,0.9542,119.0673,3.05,43.1542,51.9417,0.2208,1.2167,0.2905,7913.0625,326.7067,455.3467,-5028.1855
centered_candidate_000210_d3935720,centered-gaussian,240,240,1012.3208,991.5,630.7,1432,0.9583,118.9821,3.0708,43.3667,52.1,0.2,1.2375,0.2816,7942.4417,322.6275,469.3863,-5036.003
centered_candidate_000196_f2763010,centered-gaussian,240,240,1025.5583,1009,625,1498.5,0.9375,118.9179,3.1375,43.7083,52.4333,0.2083,1.2375,0.2844,7944.4875,328.1364,460.9318,-5042.5565
centered_candidate_000201_cff97ab1,centered-gaussian,240,240,1017.9333,1005,621,1421.7,0.9375,119.2977,3.0875,43.3542,53.15,0.2208,1.2625,0.2695,7949.5333,310.7112,465.6444,-5056.9422
centered_candidate_000206_f826de13,centered-gaussian,240,240,1010.5917,1000.5,622.3,1450.5,0.9417,118.5654,3.0833,43.2083,53.2583,0.1958,1.2125,0.2984,7945.7542,327.2441,458.678,-5060.8547
centered_candidate_000204_66444e5d,centered-gaussian,240,240,1008.1958,987.5,585,1460.2,0.875,117.496,3.0958,43.6125,56.8417,0.2667,1.1,0.3395,7840.5792,334.8843,417.5578,-5062.6102
centered_candidate_000192_765c662a,centered-gaussian,240,240,1040.3708,1012,642.7,1512.7,0.9208,118.7079,3.2,44.6167,55.4375,0.2333,1.1458,0.3271,7977.2333,336.0051,474.6975,-5063.0702
centered_candidate_000098_39af2dee,centered-gaussian,240,240,1017.3333,991,615.7,1493.4,0.9042,117.9158,3.1375,43.4792,55.8,0.1792,1.1625,0.3227,7912.9292,334.4724,448.4638,-5070.2636
centered_candidate_000052_b382af6d,centered-gaussian,240,240,1003.5542,963,604.8,1429.3,0.8625,117.8335,3.0083,43.2833,55.0292,0.2125,1.1208,0.3355,7836.4083,327.9491,440.8254,-5070.604
centered_candidate_000193_1ea573f0,centered-gaussian,240,240,1032.3208,1015,633.4,1480.6,0.95,119.0669,3.1708,44.075,54.525,0.2375,1.2625,0.2696,8017.8917,331.2918,467.7541,-5087.6092
centered_candidate_000162_00e78df9,centered-gaussian,240,240,1029.7583,1005.5,616.8,1489.1,0.925,119.05,3.1208,44.1458,52.3958,0.1917,1.2417,0.2844,7979.1375,342.9593,445.3203,-5096.781
centered_candidate_000022_74264d6b,centered-gaussian,240,240,1030.1417,1012,641.8,1486.4,0.9333,119.1285,3.1833,44.0083,53.8667,0.1917,1.2292,0.2988,8026.6333,334.0431,474.7784,-5110.527
centered_candidate_000059_89bca745,centered-gaussian,240,240,1018.925,1009.5,617.7,1434.1,0.9042,118.1854,3.1042,43.7583,53.925,0.2375,1.1917,0.3021,7980.4375,324.0878,455.6561,-5123.2534
centered_candidate_000006_35bbf9f6,centered-gaussian,240,240,1032.3708,1004,629.5,1503.4,0.9125,118.1013,3.1708,44.4042,57.8875,0.1958,1.15,0.3404,8036.5292,342.461,458.2695,-5154.5505
centered_candidate_000139_a0118075,centered-gaussian,240,240,1008.9458,1008,624.1,1445.1,0.8958,118.4283,3.0625,43.4042,56.3792,0.2208,1.1542,0.3275,8006.2208,315.1086,466.5457,-5161.1834
centered_candidate_000090_902cdea0,centered-gaussian,240,240,1007.45,990,616.6,1435.3,0.9375,118.6342,3.05,43.0625,52.4917,0.1917,1.2292,0.2986,8031.7083,315.7813,458.7094,-5161.6346
centered_candidate_000183_973aa56f,centered-gaussian,240,240,1019.1292,1008,606.8,1445.8,0.9542,119.4294,3.1042,43.5292,52.8625,0.2042,1.2667,0.2794,8069.0208,327.9565,442.8218,-5171.8763
centered_candidate_000008_b72b91f0,centered-gaussian,240,240,1037.5083,1024.5,638.4,1498.6,0.9208,118.8254,3.1792,44.4208,54.475,0.1958,1.2125,0.3081,8088.3958,325.8856,475.4572,-5172.2613
centered_candidate_000192_4382edc1,centered-gaussian,240,240,1026.6708,1013,633.2,1481.8,0.9417,118.919,3.1708,43.7833,54.5333,0.1958,1.2458,0.2935,8093.6667,331.4755,467.4622,-5178.5643
centered_candidate_000011_0b50e857,centered-gaussian,240,240,1030.65,1007,620.9,1463.8,0.9625,119.499,3.175,43.6375,52.525,0.1917,1.2792,0.275,8116.6,320.329,460.7355,-5187.2958
centered_candidate_000131_4ee42e3e,centered-gaussian,240,240,1037.8208,1023,647.4,1479,0.9708,119.6869,3.1833,44.1875,53.1667,0.1792,1.275,0.2864,8174.8625,320.2217,487.2891,-5200.8327
centered_candidate_000081_7a0a9db1,centered-gaussian,240,240,1020.5333,998.5,600.7,1517.4,0.8958,117.8935,3.1042,44.1583,57.8833,0.2125,1.1333,0.3392,8032.8083,336.958,432.221,-5204.0233
centered_candidate_000190_beceddb1,centered-gaussian,240,240,1023.1,1004,626,1461.8,0.925,118.8312,3.1458,43.4583,53.575,0.2042,1.2542,0.2884,8094.5292,327.8396,462.0802,-5209.1971
centered_candidate_000097_f660e629,centered-gaussian,240,240,1019.9625,1014.5,611.9,1431.3,0.9583,119.0221,3.0958,43.5542,52.6625,0.1833,1.2917,0.2749,8121.4917,321.4827,451.1587,-5210.7224
search_candidate_000062_18539d0e,random-phased,240,240,996.7,959,611.8,1416.2,0.85,117.4667,3.0375,43.2875,58.1042,0.2625,1.0833,0.3591,7957.9833,348.0349,437.7825,-5211.9503
centered_candidate_000202_7c7ab006,centered-gaussian,240,240,1035.6208,1028.5,619.7,1498.8,0.8875,118.0688,3.1792,44.6125,56.9625,0.2167,1.1417,0.3432,8079.9875,350.3696,444.5152,-5216.9306
centered_candidate_000068_89578f39,centered-gaussian,240,240,993.1958,969.5,611.7,1389.2,0.8833,118.5625,2.9792,42.7125,55.1042,0.2167,1.1583,0.324,8005.9,312.3269,455.5366,-5217.7262
centered_candidate_000017_8d555600,centered-gaussian,240,240,1031.0958,1016,644.6,1500.1,0.9208,118.854,3.1375,44.1583,54.4083,0.1958,1.2042,0.3142,8128.5375,331.2825,478.9587,-5219.1848
search_candidate_000208_75988916,random-phased,240,240,990.2458,966,606.7,1466.6,0.85,117.0742,3.1,42.1333,59.4833,0.2542,1.0708,0.362,7963.3875,335.3359,439.032,-5221.8489
centered_candidate_000094_413e86de,centered-gaussian,240,240,1005.6458,1000,632.8,1393,0.95,119.2806,3,42.8917,50.4333,0.1833,1.2917,0.2791,8134.2208,308.1953,478.7023,-5233.9741
search_candidate_000044_8e35ba0c,random-phased,240,240,1067.6042,1022.5,662.9,1547.9,0.9167,118.5058,3.2667,46.1208,55.1333,0.225,1.2,0.3193,8191.4417,352.0781,486.8609,-5236.0165
centered_candidate_000189_7b5f7cbb,centered-gaussian,240,240,1022.6417,1003.5,620.6,1490.2,0.9333,118.824,3.1417,43.5542,52.425,0.1958,1.2708,0.2883,8148.4458,330.1656,455.5172,-5260.2739
centered_candidate_000110_38a45e20,centered-gaussian,240,240,1036.575,998,612.7,1530.1,0.8917,118.1306,3.15,44.7667,53.8667,0.2375,1.2083,0.3057,8108.5167,350.2311,437.5845,-5261.1612
centered_candidate_000027_1d8f98bd,centered-gaussian,240,240,1059.1042,1040,625.7,1575.3,0.9417,118.2813,3.2583,45.6875,54.775,0.2333,1.2667,0.2885,8212.1708,353.3806,449.0097,-5261.5161
centered_candidate_000217_b858866e,centered-gaussian,240,240,1015.475,998.5,601.7,1464.8,0.8958,118.38,3.125,43.4208,56.0167,0.2208,1.1667,0.3279,8087.8667,335.2956,434.0522,-5263.0075
centered_candidate_000130_09f39722,centered-gaussian,240,240,999.8458,970,601.8,1451.2,0.9042,118.0127,3.0708,42.7833,56.5375,0.1917,1.1625,0.3397,8080.8875,326.9629,438.3185,-5275.8276
centered_candidate_000025_e6c2f2bc,centered-gaussian,240,240,1025.6667,990.5,625.7,1488.8,0.95,118.991,3.1333,43.7375,53.9292,0.2,1.2792,0.2847,8189.6708,335.0866,458.1567,-5285.2115
centered_candidate_000212_2ca2a351,centered-gaussian,240,240,1030.9083,1002,609.9,1544.4,0.8625,117.396,3.1625,44.6292,57.6125,0.2167,1.1375,0.3422,8100.0667,349.5886,435.1057,-5287.6561
centered_candidate_000082_5c27f01d,centered-gaussian,240,240,1031.2208,1010,645.5,1475.6,0.9458,118.9725,3.1917,44.0125,53.2333,0.1917,1.2625,0.2982,8226.625,326.1723,482.4139,-5293.4053
centered_candidate_000147_21bcc8dc,centered-gaussian,240,240,1000.9458,969.5,621.6,1435.8,0.8875,117.9862,3.025,43.2917,56.3667,0.25,1.1583,0.3334,8101.675,323.5455,459.8273,-5295.9083
centered_candidate_000154_34d7ba50,centered-gaussian,240,240,1017.4208,989,625,1486,0.9417,118.844,3.0875,43.5458,53.1917,0.1875,1.2583,0.2982,8186.6583,331.1926,459.4037,-5299.3094
centered_candidate_000092_94da64e0,centered-gaussian,240,240,1015.5083,1011.5,616.8,1439.8,0.9125,117.8012,3.1208,43.6167,56.1375,0.25,1.2375,0.299,8178.125,325.2065,454.1968,-5315.968
centered_candidate_000071_ef0061f8,centered-gaussian,240,240,996.5708,977.5,578.6,1467.4,0.825,116.5096,3.0583,42.85,57.6333,0.2417,1.1083,0.3561,8029.0042,338.8886,409.1557,-5323.581
centered_candidate_000050_d40e5b1d,centered-gaussian,240,240,1022.8625,1006,621.2,1477.6,0.9292,118.7279,3.1125,43.7917,53.225,0.1792,1.2792,0.2877,8212.4958,329.3004,456.5498,-5326.3667
centered_candidate_000146_cbcb93c2,centered-gaussian,240,240,990.9417,977.5,608.6,1462.7,0.875,117.73,3.0125,42.8125,56.8208,0.225,1.15,0.3431,8106.5375,319.7477,448.7262,-5328.9154
centered_candidate_000216_50ba8014,centered-gaussian,240,240,1011.9792,997,616.7,1473,0.8792,117.7817,3.1167,43.675,58.8542,0.2208,1.1375,0.3546,8160.25,338.2077,447.5962,-5344.8857
centered_candidate_000195_1bcca0f3,centered-gaussian,240,240,1031.4625,1002.5,624,1463.3,0.9125,118.8048,3.1625,44.2,54.55,0.1958,1.25,0.3021,8227.6292,342.8049,452.5976,-5351.7776
centered_candidate_000148_02d80e2b,centered-gaussian,240,240,982.4833,973,622.8,1372.2,0.9292,118.6458,2.9792,41.925,53.6542,0.2292,1.2625,0.2837,8193.1,298.0911,473.7544,-5356.3282
centered_candidate_000202_6187824a,centered-gaussian,240,240,1025.2667,1011,628.8,1488.3,0.8875,118.3379,3.1625,43.9417,58.825,0.2583,1.2375,0.3033,8214.8708,330.2477,463.6762,-5359.6137
centered_candidate_000047_28bbbb6c,centered-gaussian,240,240,1038.5375,1025.5,607,1527.2,0.9,118.3367,3.175,44.7792,55.4583,0.2792,1.2208,0.3086,8231.1,348.5296,432.7352,-5363.9184
centered_candidate_000085_58aebf75,centered-gaussian,240,240,988.1,957,617.9,1381.6,0.8708,117.9135,2.9625,42.725,58.4208,0.2375,1.1333,0.35,8142.5917,302.9901,466.405,-5371.4363
centered_candidate_000164_8bcc6dfc,centered-gaussian,240,240,1019.0708,1008.5,640.4,1459.5,0.95,119.4521,3.1208,43.3917,54.2667,0.1958,1.3083,0.2785,8298.6292,314.1827,483.3086,-5375.8249
centered_candidate_000204_0453bc85,centered-gaussian,240,240,1028.4083,1014.5,624.4,1526.4,0.9083,118.4319,3.15,44.3083,59.1625,0.2,1.1958,0.3269,8258.0917,338.7448,455.0276,-5382.329
centered_candidate_000167_3229812f,centered-gaussian,240,240,1011.9875,983,614.9,1489.1,0.8583,117.4994,3.1083,43.7292,58.9833,0.2708,1.125,0.3494,8171.7208,336.4026,446.6987,-5385.2605
centered_candidate_000051_207c989d,centered-gaussian,240,240,1029.0125,1021.5,634.8,1482.4,0.8917,118.3702,3.125,44.35,55.1542,0.2042,1.2083,0.3209,8264.2542,325.4932,472.0534,-5390.0836
centered_candidate_000066_51f106b3,centered-gaussian,240,240,1025.0625,1009.5,614.8,1501.2,0.9458,119.1258,3.15,43.6667,54.375,0.1875,1.2917,0.2891,8297.0708,329.2233,450.1884,-5395.4297
centered_candidate_000027_49d39c0b,centered-gaussian,240,240,1007.0083,972.5,608.7,1435.5,0.8833,117.9621,3.0667,43.4458,57.7583,0.2458,1.175,0.3361,8194.775,326.6435,445.3783,-5396.552
search_candidate_000004_455ea0a9,random-phased,240,240,1046.1583,1009.5,637.3,1532.3,0.9042,118.6102,3.2625,44.8667,59.8292,0.2042,1.2208,0.3277,8296.4583,350.6759,461.962,-5401.6785
search_candidate_000121_3a5dd387,random-phased,240,240,958.9875,933.5,628,1340.3,0.825,116.824,2.9542,40.4958,57.1833,0.2792,1.075,0.3619,8110.1083,292.4492,481.7754,-5415.4607
centered_candidate_000146_98ce0b10,centered-gaussian,240,240,1022.8583,990.5,627.9,1503.7,0.8875,117.5435,3.175,43.7625,56.9333,0.25,1.25,0.3079,8256.1208,346.2329,454.7835,-5417.4391
centered_candidate_000018_94320479,centered-gaussian,240,240,1019.7333,1000.5,611,1495.8,0.8875,118.2842,3.1458,43.75,56.775,0.225,1.25,0.3027,8247.9542,337.6878,442.1561,-5419.2084
centered_candidate_000213_e3b492c2,centered-gaussian,240,240,1033.7458,1011,649.5,1481.1,0.9417,119.0944,3.1542,44.2667,53.2958,0.2125,1.3167,0.2716,8355.7125,321.4539,488.773,-5419.4908
centered_candidate_000141_53fe7951,centered-gaussian,240,240,1020.8333,1013.5,616,1478.2,0.9417,119.3973,3.1208,43.6458,54.7542,0.2,1.3125,0.2747,8323.1167,322.678,454.661,-5425.6023
centered_candidate_000038_2aabcd09,centered-gaussian,240,240,1031.2542,1014.5,624.8,1481.4,0.9458,119.4352,3.1417,44.0417,53.1917,0.1917,1.3167,0.2818,8363.1917,335.242,457.179,-5446.0626
centered_candidate_000071_607b8ee2,centered-gaussian,240,240,1009.5208,998,613.1,1410.9,0.875,117.3431,3.0958,43.5792,56.6958,0.2125,1.1833,0.3407,8256.575,331.6982,447.2509,-5448.9138
centered_candidate_000005_2ae1a357,centered-gaussian,240,240,1002.8083,982.5,603.9,1521,0.8708,117.4017,3.0833,43.0708,56.2083,0.1875,1.225,0.3211,8232.1542,345.0697,431.3651,-5453.1564
centered_candidate_000105_3cf59e35,centered-gaussian,240,240,1011.1292,980,593.4,1451.6,0.8708,117.6415,3.1083,43.3208,55.8792,0.2042,1.175,0.3367,8244.25,330.7301,428.035,-5463.7135
centered_candidate_000205_2ce727d2,centered-gaussian,240,240,1021.9625,1023,635.9,1467.5,0.9292,119.2527,3.1458,43.5375,56.0875,0.175,1.2833,0.2956,8375.6708,323.4273,474.1864,-5469.0071
centered_candidate_000122_bf53ba16,centered-gaussian,240,240,1026.8667,978,610.9,1519.3,0.8583,118.0829,3.1583,44.2667,59.8833,0.2292,1.2,0.3332,8268.4833,342.366,439.717,-5474.0365
centered_candidate_000030_13f90b17,centered-gaussian,240,240,1052.4583,1026.5,641.2,1602.6,0.9292,118.3013,3.2542,45.1375,54.2083,0.1708,1.2917,0.2995,8410.4,358.346,462.027,-5474.2342
centered_candidate_000211_e4d069c4,centered-gaussian,240,240,1034.9917,1013,624.9,1500.1,0.9,118.5123,3.175,44.3708,57.8333,0.1917,1.1917,0.3398,8348.9708,337.1374,456.3313,-5474.9866
centered_candidate_000037_7087fb64,centered-gaussian,240,240,1004.4292,992.5,624.9,1427.5,0.875,117.5923,3.0625,43.4792,57.9292,0.1833,1.1833,0.3475,8289.3458,329.6509,460.0746,-5479.6768
centered_candidate_000010_71872881,centered-gaussian,240,240,980.6,954.5,604.7,1382.2,0.8667,117.3956,2.9583,42.4,58.6625,0.2167,1.1417,0.3572,8229.6167,315.2608,447.0696,-5484.3922
search_candidate_000117_e9d92fc7,random-phased,240,240,1056.0083,1032,660.3,1547.8,0.9458,119.4981,3.2625,45.0917,55.6833,0.2083,1.3208,0.2854,8463.1125,346.0776,487.2612,-5486.2464
centered_candidate_000166_fa60f709,centered-gaussian,240,240,1040.9958,1019,637.7,1504.1,0.9417,118.1554,3.225,44.7917,56.9208,0.225,1.2708,0.3063,8423.6958,348.7334,463.3333,-5491.12
search_candidate_000103_65abc89a,random-phased,240,240,1050.9875,1007,613.6,1565.1,0.9208,118.4881,3.2917,44.9417,57.8792,0.2,1.2917,0.2943,8401.8792,355.206,435.997,-5506.7195
centered_candidate_000074_a77885bd,centered-gaussian,240,240,1017.1375,1007.5,625.2,1451.2,0.8458,117.1983,3.15,44.0958,60.8708,0.2125,1.1417,0.3667,8322.7792,332.0164,459.1918,-5522.3016
centered_candidate_000030_e8263011,centered-gaussian,240,240,985.35,959,626.7,1392.9,0.8917,118.4133,2.9458,42.725,57.1125,0.2,1.2167,0.3364,8329.4,312.9064,470.2468,-5534.1046
centered_candidate_000004_82ee52b4,centered-gaussian,240,240,1017.4042,1021,618.1,1451.1,0.95,119.1196,3.0667,43.6,52.8875,0.1208,1.3292,0.2892,8450.2542,311.2399,462.48,-5540.118
centered_candidate_000194_fc47f82c,centered-gaussian,240,240,1006.8042,993,611.5,1439.2,0.9208,118.4885,3.1042,42.8625,56.275,0.1833,1.275,0.3065,8389.1875,332.3259,445.3371,-5542.3152
centered_candidate_000042_3f3a41c2,centered-gaussian,240,240,1028.4917,1007,632.3,1490.3,0.9208,118.5371,3.1542,44.35,57.5542,0.2042,1.2542,0.319,8439.2458,326.1775,469.2113,-5545.8163
centered_candidate_000161_41012bae,centered-gaussian,240,240,1021.725,1015.5,624.6,1430,0.95,119.4531,3.1375,43.4292,54.675,0.1542,1.3208,0.2905,8469.3625,323.3494,462.9253,-5554.8774
centered_candidate_000007_ac933e2d,centered-gaussian,240,240,1032.4917,1012.5,635.6,1520.4,0.875,118.2698,3.1667,44.4667,58.5083,0.2,1.1917,0.3445,8416.25,325.2088,472.9956,-5559.0701
centered_candidate_000039_d7becafb,centered-gaussian,240,240,1026.2667,1006.5,625.7,1485.2,0.9542,119.2808,3.1625,43.6417,53.1625,0.1625,1.3333,0.2867,8481.8208,325.148,463.126,-5562.6071
centered_candidate_000078_848e0fd7,centered-gaussian,240,240,1001.7083,973.5,586.4,1452.2,0.85,117.3667,3.1,43.0917,59.3375,0.2167,1.15,0.361,8316.9208,338.983,416.9085,-5577.1391
centered_candidate_000174_464d11ff,centered-gaussian,240,240,1025.4417,1013,607.7,1502.2,0.8792,118.2083,3.1583,44.225,58.225,0.2333,1.25,0.3111,8415.3458,335.978,439.711,-5585.2731
centered_candidate_000011_956f6f7e,centered-gaussian,240,240,1000.5208,985,614.8,1421.3,0.9167,118.5817,3.0708,42.6167,56.4708,0.2125,1.2625,0.3125,8430.5333,313.1122,458.2439,-5591.6283
centered_candidate_000099_10fce0cb,centered-gaussian,240,240,1029.55,1011,627.4,1464.1,0.9583,119.3917,3.175,44.0042,54.5792,0.1583,1.325,0.2905,8521.7417,328.5553,463.1223,-5592.1494
centered_candidate_000077_008e4802,centered-gaussian,240,240,1023.2917,992.5,620.2,1488.1,0.8792,117.3344,3.1,44.2208,54.5333,0.2333,1.2625,0.3055,8421.2958,345.7435,447.3282,-5595.5762
centered_candidate_000005_e307f6e5,centered-gaussian,240,240,1022.825,1007.5,595.7,1420.4,0.8792,117.8392,3.1042,44.3875,57.8667,0.1667,1.2042,0.3437,8411.7708,335.9096,427.7452,-5596.6511
centered_candidate_000209_92771c22,centered-gaussian,240,240,988.6083,945.5,606.8,1433.7,0.8625,117.1485,2.9708,42.9208,56.4333,0.2292,1.2042,0.3252,8341.3083,337.5522,438.0239,-5599.5204
centered_candidate_000187_78d737f4,centered-gaussian,240,240,1027.4208,1004.5,621.5,1488.4,0.9208,118.4608,3.1542,44.1333,57.2125,0.1667,1.2792,0.3197,8480.8333,345.8556,448.5722,-5602.3003
centered_candidate_000084_754f7a74,centered-gaussian,240,240,1031.2875,1019,605.3,1505.3,0.9042,118.0408,3.2083,44.1792,57.425,0.15,1.2708,0.3226,8474.6083,344.4148,433.0926,-5614.2971
centered_candidate_000009_bc0fdba9,centered-gaussian,240,240,1018.1792,996.5,613.7,1494.1,0.8917,118.0346,3.1292,43.975,59.1917,0.2083,1.2458,0.329,8446.5542,341.3226,443.0387,-5615.7628
centered_candidate_000033_32ceceb2,centered-gaussian,240,240,994.8917,976.5,631.9,1409.8,0.8583,117.7679,3.0208,43.3,60.95,0.2083,1.1542,0.3637,8399.8833,324.9756,469.4122,-5617.8834
centered_candidate_000142_0c00830b,centered-gaussian,240,240,1003.9375,992.5,609.9,1426.1,0.9458,119.0281,3.0833,42.6542,53.8083,0.1792,1.3375,0.2814,8493.0833,321.4651,449.1674,-5623.4355
centered_candidate_000163_84fac9e4,centered-gaussian,240,240,1010.6208,1010.5,616.9,1462.7,0.9333,118.87,3.1,43.2792,55.5542,0.1583,1.3208,0.2921,8505.5958,320.4548,456.6726,-5626.9626
centered_candidate_000208_2067ea67,centered-gaussian,240,240,1020.9708,997.5,613,1525.4,0.875,117.5931,3.1458,43.9083,58.0667,0.2042,1.2167,0.336,8450.5583,353.7935,436.1033,-5636.1962
centered_candidate_000047_73aee19d,centered-gaussian,240,240,1021.7292,997.5,606.9,1483.6,0.9333,118.8073,3.1375,43.7792,55.7583,0.1667,1.3083,0.3001,8510.4625,332.1503,440.8249,-5637.5601
centered_candidate_000119_336e9297,centered-gaussian,240,240,992.35,980,589,1403.3,0.9417,118.5352,2.9917,42.4583,53.1875,0.125,1.325,0.2952,8484.1333,318.1655,429.9172,-5652.5498
centered_candidate_000140_d1c2f0f8,centered-gaussian,240,240,1030.1708,1018,621.9,1470.3,0.9375,119.3975,3.1625,44.0667,56.725,0.1708,1.3375,0.2918,8567.3667,336.4201,453.6899,-5660.4599
centered_candidate_000202_4b5a66c8,centered-gaussian,240,240,1023.0667,1017.5,608.7,1443.3,0.9458,118.876,3.1458,43.9208,55.0375,0.1958,1.3042,0.3075,8581.3875,325.2293,446.0854,-5681.8234
centered_candidate_000208_6a64ad1a,centered-gaussian,240,240,1026.0125,995.5,613.8,1484.3,0.8833,118.1546,3.125,44.3583,58.0833,0.2083,1.2208,0.3386,8516.1667,342.7063,442.4469,-5686.5721
centered_candidate_000004_d614e07a,centered-gaussian,240,240,1007.0875,985,589.2,1512.2,0.8167,116.6435,3.1125,43.625,60.1333,0.2083,1.1625,0.3609,8419.8167,350.4038,413.9981,-5702.2833
centered_candidate_000079_2690b116,centered-gaussian,240,240,1005.6375,992,602.9,1439.5,0.875,117.5381,3.0958,43.45,58.8042,0.1917,1.2208,0.3495,8500.3167,335.7329,435.0336,-5708.5057
centered_candidate_000101_7ab75fdd,centered-gaussian,240,240,1010.8,988,611,1519.7,0.8667,117.6304,3.0875,43.6542,58.5542,0.2125,1.2042,0.3461,8501.1625,342.5065,439.7468,-5709.3971
centered_candidate_000068_1b32bc34,centered-gaussian,240,240,991.0083,982,587.9,1420.2,0.825,115.9019,3.0625,42.9208,60.3792,0.2125,1.1375,0.3838,8451.7833,340.1058,417.8471,-5742.4762
centered_candidate_000044_fe11d669,centered-gaussian,240,240,1040.0042,1034,602,1530.8,0.9208,118.47,3.2042,44.6208,55.8125,0.1833,1.3167,0.3034,8640.5375,346.3089,428.8456,-5750.3618
centered_candidate_000018_ad3ff767,centered-gaussian,240,240,1029.1,1010.5,624.9,1484.4,0.8667,117.7567,3.1333,44.6667,57.9083,0.225,1.2417,0.3351,8602.3708,334.1063,457.8468,-5768.2554
centered_candidate_000197_8bd17ee8,centered-gaussian,240,240,1027.125,1007,602.8,1513.4,0.9292,118.9852,3.1625,44.0333,57.2,0.1667,1.3417,0.2964,8641.7583,342.6458,431.4771,-5768.2558
centered_candidate_000119_902f38c5,centered-gaussian,240,240,1020.175,1021,596.7,1483,0.8875,117.4085,3.15,44.0125,58.725,0.1917,1.2083,0.3611,8597.2833,335.0778,429.1611,-5768.7639
search_candidate_000113_921ebbd3,random-phased,240,240,1079.8125,1043,642.9,1599.8,0.9417,118.9175,3.3292,46.7292,55.8875,0.1583,1.35,0.3085,8775.6292,366.5131,459.6434,-5791.6326
centered_candidate_000026_38f7b1df,centered-gaussian,240,240,1021.6583,997.5,623.8,1469.5,0.95,119.0787,3.1167,43.675,54.6792,0.1333,1.3542,0.2995,8694.9875,336.9308,455.3346,-5792.9253
centered_candidate_000025_e0dfe574,centered-gaussian,240,240,984.7542,963,606,1409.1,0.8125,117.2421,3.0458,42.5667,64.4708,0.2292,1.1417,0.3836,8504.5583,321.605,445.1975,-5805.3252
centered_candidate_000162_ee508f42,centered-gaussian,240,240,971.6542,934.5,589.5,1384.3,0.7958,115.42,2.9792,42.6417,62.975,0.2333,1.1542,0.376,8444.9792,338.0446,420.4777,-5806.2506
centered_candidate_000180_5385767e,centered-gaussian,240,240,1032.1333,1009,613.9,1481.6,0.8917,118.0465,3.1792,44.6833,59.5833,0.1875,1.2708,0.3341,8680.8917,337.5554,445.1223,-5828.9827
centered_candidate_000054_214e5b78,centered-gaussian,240,240,1006.0167,968,601.7,1481.3,0.8375,116.8992,3.0625,43.875,61.2417,0.1917,1.1708,0.3768,8576.6833,344.6626,429.3687,-5836.7392
centered_candidate_000196_e530b93e,centered-gaussian,240,240,1016.9125,1011,606.9,1479.3,0.9333,118.6885,3.1125,43.5708,54.7833,0.1458,1.3667,0.2938,8730.2792,333.1909,440.3045,-5855.6515
centered_candidate_000067_cb2d661b,centered-gaussian,240,240,997.4375,965,608.6,1479.7,0.8583,117.1452,3.0458,43.2417,60.4625,0.2292,1.2,0.3619,8615.3042,334.9624,441.1188,-5857.1458
search_candidate_000007_a8d6518e,random-phased,240,240,1027.3833,986,644.3,1512.4,0.8917,117.6183,3.15,44.5292,56.95,0.2167,1.275,0.3252,8715.2917,347.5511,470.5244,-5857.3119
centered_candidate_000058_aa3bc564,centered-gaussian,240,240,1013.6083,1006,628.9,1462.1,0.9458,119.2594,3.0917,43.4208,56.3,0.1375,1.35,0.3063,8765.5792,321.5178,468.1411,-5864.3211
centered_candidate_000126_b00b647c,centered-gaussian,240,240,1029.3333,1000,629,1509.3,0.875,117.7798,3.15,44.7875,59.8583,0.2083,1.2208,0.358,8705.7292,336.0274,460.9863,-5865.4013
centered_candidate_000194_e4a6892e,centered-gaussian,240,240,1007.5083,1002,628.3,1391.7,0.875,117.596,3.0792,43.5333,59.625,0.1958,1.2125,0.3582,8690.9375,315.0637,470.7681,-5867.8019
centered_candidate_000173_4c27f2b7,centered-gaussian,240,240,1029.025,1006,628.9,1474.3,0.925,119.1042,3.175,44.0792,56.9667,0.1583,1.3375,0.3082,8760.8417,341.9266,457.9367,-5869.082
centered_candidate_000141_e9fef9fc,centered-gaussian,240,240,1012.675,1004,568,1512.3,0.825,116.1817,3.1708,43.75,61.275,0.2625,1.2042,0.3519,8600.8708,362.4839,386.7581,-5879.2926
search_candidate_000187_8cf3d6cf,random-phased,240,240,1063.0125,1026.5,614.2,1545.4,0.925,119.024,3.2708,45.975,57.1083,0.1917,1.3417,0.307,8815.4875,351.2589,438.5705,-5893.1168
centered_candidate_000051_732d6867,centered-gaussian,240,240,1023.775,997.5,602.6,1483.9,0.875,117.8519,3.1667,44.2833,58.9833,0.1833,1.2792,0.3308,8705.1375,353.7577,425.7211,-5896.284
centered_candidate_000041_b71ce8d3,centered-gaussian,240,240,1020.1708,1019.5,616.6,1488.4,0.9333,118.5042,3.1208,43.9833,56.7375,0.1542,1.3458,0.3111,8787.6708,338.499,447.3505,-5898.8365
centered_candidate_000103_a52b8f89,centered-gaussian,240,240,1025.8667,992.5,611.6,1512.1,0.9292,118.8898,3.1625,43.8042,55.7542,0.1208,1.3375,0.316,8783.2042,351.1065,436.0468,-5912.8621
centered_candidate_000134_fa4db418,centered-gaussian,240,240,1026.8417,1012.5,635.9,1481.7,0.95,119.1575,3.1625,43.7667,56.4875,0.1583,1.3667,0.3042,8857.5917,333.0556,469.3722,-5932.3911
centered_candidate_000123_28135f4f,centered-gaussian,240,240,1022.4833,1004,631.4,1471.1,0.9417,119.5306,3.15,43.4292,56.3958,0.1417,1.3792,0.294,8843.6042,314.3066,474.2467,-5935.1955
centered_candidate_000214_d28cc5da,centered-gaussian,240,240,1008.175,993,617,1389.6,0.8542,117.5131,3.15,43.3042,61.8167,0.2083,1.2042,0.3664,8727.0708,323.5974,455.2013,-5939.3486
centered_candidate_000109_de985960,centered-gaussian,240,240,999.4917,996,607.3,1438.1,0.8417,116.9531,3.075,43.3083,59.7917,0.2125,1.2292,0.3508,8698.8083,335.9405,439.3298,-5940.9981
centered_candidate_000171_ab3f2cd6,centered-gaussian,240,240,1019.4875,1010.5,627.9,1476,0.925,118.7921,3.1333,43.7833,57.9125,0.2042,1.4,0.2786,8833.2917,320.9773,467.4113,-5945.4296
centered_candidate_000157_f5c1b3c6,centered-gaussian,240,240,999.3042,980,612.9,1415.5,0.8708,117.5467,3.0542,43.175,59.4375,0.1708,1.225,0.3693,8737.2792,318.1776,453.8112,-5950.4572
centered_candidate_000063_bbdbf141,centered-gaussian,240,240,1015.5958,995.5,609.6,1489.1,0.95,119.239,3.1458,43.3083,57.175,0.15,1.3667,0.3021,8842.8125,320.7853,449.2074,-5955.9437
centered_candidate_000118_116181c1,centered-gaussian,240,240,1039.7792,1019.5,623.7,1491.1,0.95,119.2677,3.1833,44.5917,54.6667,0.1333,1.3875,0.2952,8903.975,351.7191,447.8404,-5975.8297
centered_candidate_000065_859b1677,centered-gaussian,240,240,1029.7042,993,616.7,1555.1,0.9542,119.4885,3.175,44.1292,58.1458,0.1542,1.3625,0.306,8898.2083,350.1214,441.6393,-5994.5018
centered_candidate_000079_53316150,centered-gaussian,240,240,1030.4208,1036,613.6,1470.7,0.9292,119.0425,3.1542,44.325,56.1417,0.1208,1.3833,0.303,8912.2125,334.978,446.111,-6010.7406
centered_candidate_000218_93e743c3,centered-gaussian,240,240,1017.2458,1002,601.6,1475.1,0.9125,118.4515,3.1292,43.7208,57.2875,0.1708,1.3542,0.316,8881.1292,337.7319,432.7341,-6036.6497
centered_candidate_000128_31425b24,centered-gaussian,240,240,1046.9375,1015,605.1,1526.9,0.8708,117.4633,3.2417,45.6083,59.85,0.2,1.2625,0.3471,8880.05,361.5653,424.3174,-6043.0122
centered_candidate_000074_9d372ba9,centered-gaussian,240,240,1018.8167,1001,593.8,1472.2,0.8375,117.2758,3.1458,44.4833,62.8833,0.2042,1.2083,0.3773,8826.9292,350.7396,418.4302,-6065.2204
centered_candidate_000105_5c36a561,centered-gaussian,240,240,1003.85,991,600.8,1451,0.8833,118.1117,3.0917,43.1625,60.2417,0.1833,1.3042,0.3353,8886.1375,331.7272,434.9364,-6089.1596
centered_candidate_000205_31d0b516,centered-gaussian,240,240,1023.3417,1008,621.4,1452.6,0.9375,119.306,3.1583,43.6042,57.3333,0.15,1.375,0.3113,8991.1542,317.0387,462.8807,-6092.6002
centered_candidate_000197_a89e9e3e,centered-gaussian,240,240,1021.2208,1014.5,629.8,1437,0.9375,119.3696,3.1375,43.6958,56.8042,0.1458,1.3792,0.31,9011.6292,321.4489,469.0755,-6106.1081
centered_candidate_000140_a800e2c5,centered-gaussian,240,240,1026.7917,1014.5,619.6,1493.5,0.8625,118.0679,3.1333,44.6917,60.4458,0.1625,1.275,0.3637,8942.4917,342.2691,448.4654,-6118.7238
centered_candidate_000116_cf77e1fe,centered-gaussian,240,240,996.6083,980,603.9,1416.9,0.875,118.2927,3.0708,42.6917,59.725,0.1917,1.3125,0.3317,8906.3833,315.2992,446.2504,-6124.7148
centered_candidate_000075_ce4dcb98,centered-gaussian,240,240,1042.3458,994,607.7,1536.5,0.8958,117.8742,3.2083,45.0083,57.9167,0.175,1.3792,0.3058,8979.6792,363.5938,425.9031,-6131.0588
centered_candidate_000080_85abd470,centered-gaussian,240,240,985.2833,974.5,539.9,1454.6,0.7958,115.3788,3.0917,42.8458,64.7292,0.2208,1.1542,0.4028,8763.6958,355.6357,362.0821,-6134.5363
search_candidate_000083_613cab36,random-phased,240,240,854.2167,840,580,1132.1,0.8375,117.4813,2.3292,37.325,57.0417,0.25,1.1542,0.3805,8666.0208,230.5954,464.7023,-6136.4232
search_candidate_000210_5b8b9cba,random-phased,240,240,1050.7125,1017.5,591.6,1556.4,0.8708,116.9431,3.35,45.1125,61.7208,0.1833,1.3167,0.3382,8969.6708,391.5529,395.8236,-6144.4056
centered_candidate_000181_d81a41ee,centered-gaussian,240,240,968.4667,945.5,575.1,1409.1,0.8208,115.5413,2.9958,41.9583,62.2417,0.2333,1.2083,0.3717,8824.6833,328.0729,411.0635,-6168.1679
centered_candidate_000126_c885d75e,centered-gaussian,240,240,1002.4667,1004,599.9,1457.3,0.8375,116.5202,3.0625,43.925,62.3917,0.1833,1.2333,0.3745,8928.4792,346.1882,426.8059,-6175.8301
centered_candidate_000120_051a36c6,centered-gaussian,240,240,1020.5125,1002.5,601.9,1482.2,0.9208,118.9665,3.0958,44.0125,57.25,0.1333,1.3958,0.3074,9051.7875,327.7059,438.0471,-6193.2128
search_candidate_000019_93a4c6d4,random-phased,240,240,1017.4,984,628.3,1475,0.8667,116.8271,3.1708,43.7375,59.7417,0.1833,1.25,0.3739,9006.2375,339.9037,458.3481,-6195.5116
search_candidate_000142_7d2ab7fc,random-phased,240,240,1096.9458,1055,653.6,1665.6,0.8625,117.3942,3.4333,47.9792,61.5417,0.2042,1.2917,0.3591,9141.725,382.1009,462.5496,-6208.3193
centered_candidate_000124_e4183c09,centered-gaussian,240,240,1016.0417,986.5,588,1561.4,0.8375,116.61,3.15,44.4167,64.0125,0.1458,1.2375,0.3903,8965.2542,375.1754,400.4123,-6223.0976
search_candidate_000080_6325bc1f,random-phased,240,240,1034.2792,1023.5,620.9,1499.8,0.9458,119.0773,3.1958,44.4833,59.6708,0.1167,1.4125,0.3132,9160.1208,330.3555,455.7222,-6237.6094
centered_candidate_000220_78ca26c0,centered-gaussian,240,240,1009.1833,985,602.3,1503.1,0.8125,116.2944,3.1708,43.425,62.5833,0.1542,1.2292,0.3865,8975.4208,357.4229,423.5886,-6250.8821
centered_candidate_000003_f728f6a6,centered-gaussian,240,240,1023.1958,1000,621.5,1480.3,0.9542,119.2848,3.125,44.0833,57.0833,0.1333,1.4125,0.3078,9160.6917,328.2302,457.3849,-6251.7752
centered_candidate_000014_bc5f2028,centered-gaussian,240,240,988.4917,980.5,585.2,1396.9,0.8292,116.419,3.0583,42.6875,62.3083,0.1708,1.225,0.3853,8964.7583,320.8618,424.7691,-6252.8624
centered_candidate_000121_ee185173,centered-gaussian,240,240,1018.4333,1012.5,608.6,1472.3,0.8792,117.4685,3.1083,44.2208,60.1083,0.1458,1.2917,0.3638,9078.1667,341.5347,437.8326,-6255.7436
centered_candidate_000035_f3bdd1e0,centered-gaussian,240,240,980.2083,921.5,557.5,1521.4,0.775,114.7721,3.0833,43.0583,66.7625,0.225,1.125,0.4308,8850.3,360.7122,377.1439,-6260.4841
centered_candidate_000040_89ccc17f,centered-gaussian,240,240,1022.4333,1019.5,600.7,1530.1,0.8792,116.6346,3.1625,44.3875,59.3083,0.1708,1.3708,0.3193,9100.55,358.1108,421.6446,-6280.2622
centered_candidate_000182_573020f6,centered-gaussian,240,240,1020.35,1023.5,639,1468.5,0.9458,119.0475,3.0958,43.9958,57.5667,0.1292,1.4292,0.3063,9204.6417,327.2307,475.3846,-6280.9545
centered_candidate_000120_c7e2578b,centered-gaussian,240,240,983.6333,938,598.9,1406.1,0.8417,117.3352,2.9625,43.0208,61.825,0.2,1.2375,0.3761,8994.0167,323.8453,436.9774,-6285.3657
centered_candidate_000111_988bed6c,centered-gaussian,240,240,967.7917,951.5,589.8,1323.6,0.8458,117.9329,2.875,42.2875,64.2667,0.2125,1.225,0.3713,8988.8542,298.1471,440.7264,-6287.2686
centered_candidate_000213_2e65b9d0,centered-gaussian,240,240,1029.1458,990,626.3,1503.9,0.9458,118.9487,3.1708,44.4417,58.8667,0.1375,1.4125,0.3106,9228.4833,352.3717,450.1142,-6327.9385
centered_candidate_000102_367d060d,centered-gaussian,240,240,1021.125,978,588.8,1522.5,0.8583,116.8044,3.1417,44.225,60.3458,0.2042,1.2875,0.3599,9102.6625,360.9599,408.3201,-6335.3561
centered_candidate_000165_db6d4bf8,centered-gaussian,240,240,1022.7917,995,603.6,1483.3,0.9,118.171,3.1583,43.9583,59.3,0.1125,1.3708,0.332,9170.175,349.5595,428.8203,-6336.9152
centered_candidate_000133_b099bb2d,centered-gaussian,240,240,975.8917,932,591,1447.8,0.7625,115.6369,3.0333,42.8833,67.0333,0.2125,1.1583,0.4176,8950.1542,347.8311,417.0845,-6342.5287
centered_candidate_000149_cd864c0f,centered-gaussian,240,240,1018.4833,1018.5,606.9,1468.6,0.9042,117.72,3.1292,44.2833,61.975,0.1958,1.3583,0.334,9209.7542,339.1828,437.3086,-6360.1707
centered_candidate_000204_00ee855c,centered-gaussian,240,240,1031.6042,991.5,611.5,1513.6,0.8792,117.6277,3.1958,44.8917,61.25,0.1458,1.3042,0.3679,9191.1167,353.7264,434.6368,-6366.1411
centered_candidate_000122_06dea3a1,centered-gaussian,240,240,1015.4542,976,599,1507.6,0.8542,117.136,3.1208,44.25,61.4875,0.2083,1.2917,0.3546,9135.1667,348.0087,424.9956,-6367.9476
centered_candidate_000177_4b8bee0a,centered-gaussian,240,240,997.4333,961.5,588.8,1506.1,0.8208,116.7517,3.0958,43.3917,63.4333,0.1875,1.225,0.3965,9072.175,346.5456,415.5272,-6371.4275
centered_candidate_000173_886382b1,centered-gaussian,240,240,1031.2042,1020,611,1500.6,0.8958,118.229,3.1958,44.5875,59.55,0.1458,1.4042,0.3271,9265.6542,342.9067,439.5466,-6408.398
centered_candidate_000218_38cb3087,centered-gaussian,240,240,1001.9708,991,589.9,1470.4,0.825,116.4994,3.1083,43.775,65.7958,0.2083,1.2333,0.3922,9150.5792,330.9207,424.4397,-6422.3725
centered_candidate_000113_d315c592,centered-gaussian,240,240,1019.6375,1016,603.8,1469.8,0.8958,117.6775,3.1292,44.1375,59.775,0.1958,1.3458,0.3485,9262.1833,338.8966,434.3517,-6423.4518
centered_candidate_000004_6fe43855,centered-gaussian,240,240,1014.3,1000,605.9,1477.5,0.9375,118.9215,3.1625,43.2208,59.3833,0.1208,1.4292,0.3205,9304.8125,324.9661,443.4169,-6433.2857
centered_candidate_000152_f2614737,centered-gaussian,240,240,1029.3625,1014.5,615.2,1505.1,0.8417,116.8917,3.15,45.1875,62.1042,0.1667,1.275,0.376,9237.75,345.0536,442.6732,-6436.3216
centered_candidate_000020_c05ad0f9,centered-gaussian,240,240,1005.4,978,605.3,1468.8,0.8375,116.9565,3.1042,43.8083,63.8875,0.1583,1.2833,0.3732,9194.0542,335.2598,437.6701,-6444.9661
centered_candidate_000092_a5f40527,centered-gaussian,240,240,986.9125,961.5,591.4,1457.7,0.8292,116.0063,3.05,43.2375,64.7542,0.1917,1.2167,0.407,9174.2167,337.7252,422.5374,-6471.8125
centered_candidate_000100_6dfab159,centered-gaussian,240,240,1042.9417,1002,630.6,1527,0.925,118.6481,3.2333,44.9333,59.1875,0.1542,1.4583,0.3065,9383.3417,339.9502,460.6249,-6477.91
centered_candidate_000203_bc915d3c,centered-gaussian,240,240,1023.8,990.5,616,1501.3,0.9042,118.1121,3.1792,44.2875,60.1667,0.1292,1.3958,0.3271,9331.8667,343.0252,444.4874,-6484.455
centered_candidate_000170_016b83a7,centered-gaussian,240,240,1019.0292,981.5,618.4,1492.3,0.8333,116.8952,3.1333,44.1625,60.5458,0.15,1.3208,0.3652,9272.4042,344.0023,446.3988,-6503.3721
centered_candidate_000089_8dc8df47,centered-gaussian,240,240,982.2833,921,593.9,1518.8,0.7708,115.9163,3.1,42.7375,66.8583,0.2083,1.2042,0.4108,9131.1875,357.9484,414.9258,-6514.0405
centered_candidate_000121_88cd1cf3,centered-gaussian,240,240,1036.4292,998,615.7,1534.7,0.9375,119.2965,3.1958,44.6,59.8417,0.1083,1.45,0.3173,9449.3875,356.6775,437.3613,-6555.2338
centered_candidate_000027_0d5d0bbb,centered-gaussian,240,240,1018.8458,1016,599.8,1469.2,0.9375,118.9856,3.175,43.6417,61.3417,0.1,1.4042,0.341,9441.0917,330.8776,434.3612,-6563.0813
centered_candidate_000147_f9a2b636,centered-gaussian,240,240,1028.5667,1001,616.6,1494.3,0.9542,119.4365,3.175,44.2458,59.3833,0.1083,1.4667,0.3115,9479.7458,334.3633,449.4183,-6570.1052
centered_candidate_000104_5537c4b0,centered-gaussian,240,240,1004.3792,997,599.8,1436.7,0.85,117.2192,3.0958,43.65,62.175,0.1792,1.3125,0.3625,9340.3792,336.59,431.505,-6574.978
centered_candidate_000039_cd747046,centered-gaussian,240,240,989.7458,944,592.8,1476.1,0.8375,116.8671,3.0417,43.3458,64.9667,0.1875,1.2583,0.3939,9282.6708,340.2662,422.6669,-6577.2382
centered_candidate_000110_929eb643,centered-gaussian,240,240,961.675,940,587.8,1409.8,0.7417,115.0823,3,42.1208,67.7333,0.2083,1.1917,0.42,9178.3583,329.3472,423.1264,-6600.6461
centered_candidate_000106_9efa4f1a,centered-gaussian,240,240,1030.8375,1007,617.9,1509,0.9333,119.1981,3.1708,44.3458,58.4583,0.1042,1.4625,0.315,9501.975,343.8908,445.9546,-6608.7623
centered_candidate_000042_c540019d,centered-gaussian,240,240,1004.7583,993,577.2,1492.2,0.7875,116.0185,3.1083,44.1083,66.4333,0.1667,1.2625,0.3995,9325.9167,353.3856,400.5072,-6646.0754
centered_candidate_000113_37982546,centered-gaussian,240,240,992.3375,980.5,596.3,1424.8,0.8292,116.8148,3.0625,43.3333,65.4458,0.1667,1.275,0.4041,9382.6958,329.8688,431.3656,-6659.8754
centered_candidate_000062_4813e4e1,centered-gaussian,240,240,1024.3542,1006,604.9,1505.9,0.825,116.9054,3.1625,44.9458,64.8458,0.1792,1.3333,0.3617,9429.7292,345.5711,432.1144,-6662.5692
centered_candidate_000215_31475eae,centered-gaussian,240,240,1034.9417,1012.5,605.7,1537.1,0.9292,118.575,3.2083,44.575,60.1125,0.1125,1.4625,0.3179,9550.4917,354.8906,428.2547,-6666.5514
centered_candidate_000029_5e6a9574,centered-gaussian,240,240,1010.5708,998,588,1485.3,0.9167,118.3467,3.1292,43.4583,59.7333,0.1083,1.425,0.3384,9515.0292,343.1832,416.4084,-6687.0283
centered_candidate_000208_87808f88,centered-gaussian,240,240,1016.075,1015,621.6,1471.5,0.9292,118.9054,3.1458,43.4708,58.7792,0.0875,1.4833,0.3152,9591.2458,330.5677,456.3162,-6707.3377
centered_candidate_000115_f543031a,centered-gaussian,240,240,994.8667,956.5,580,1487.6,0.7875,115.4529,3.125,43.7833,68.3708,0.1625,1.2292,0.4264,9363.475,359.8366,400.0817,-6710.8256
centered_candidate_000106_0c8d1cfc,centered-gaussian,240,240,994.925,948.5,556.4,1513,0.7375,114.5308,3.1417,43.9625,70.5167,0.2375,1.1833,0.4278,9296.1333,376.9583,367.9209,-6719.73
centered_candidate_000168_0ef7bab6,centered-gaussian,240,240,1005.7292,970,581.9,1479.2,0.8083,116.5529,3.1375,43.8875,64.7792,0.175,1.2833,0.4038,9445.6083,354.1023,404.8488,-6751.8463
search_candidate_000207_9ed00052,random-phased,240,240,888.9167,883,582.9,1214.9,0.9125,118.2571,2.6208,37.9458,59.9792,0.1,1.4125,0.3346,9411.525,250.7591,457.5204,-6752.4402
centered_candidate_000151_530de590,centered-gaussian,240,240,981.1083,970,588.5,1487.6,0.775,115.7081,3.0792,42.8,68.5042,0.1667,1.2333,0.4291,9405.6583,338.2116,419.3942,-6761.3923
centered_candidate_000211_d2bcd5f3,centered-gaussian,240,240,1002.2292,983,598.9,1519.5,0.8333,116.9206,3.0792,44.1708,68.4583,0.1583,1.2708,0.4125,9536.9792,346.3058,425.7471,-6800.0578
centered_candidate_000168_dd496a4b,centered-gaussian,240,240,990.4083,976.5,567.7,1528.9,0.7417,115.4056,3.1,43.4167,69.2542,0.1917,1.2083,0.4391,9434.5208,357.9068,388.7466,-6831.6172
centered_candidate_000077_766ef601,centered-gaussian,240,240,1034.25,1030.5,608,1480.1,0.9208,118.7338,3.2083,44.625,60.7292,0.1125,1.4792,0.3278,9724.7917,342.0651,436.9675,-6836.4713
centered_candidate_000104_a6b0fdd6,centered-gaussian,240,240,1025.2792,1003.5,618.6,1500.6,0.8333,117.0087,3.1708,44.9042,65.5375,0.1458,1.325,0.3991,9650.7625,345.8961,445.6519,-6864.6992
centered_candidate_000043_d2f563c5,centered-gaussian,240,240,987.0167,956.5,568.1,1443.3,0.7875,115.5779,3.0625,43.4917,68.2417,0.1875,1.25,0.4181,9501.9,354.0146,391.0927,-6865.4563
centered_candidate_000162_7faa0bb8,centered-gaussian,240,240,1018.0625,1014,611,1465.4,0.9125,118.7248,3.1792,43.8417,62.5292,0.1208,1.4708,0.3296,9751.5792,330.6451,445.6774,-6891.3457
centered_candidate_000206_48ef08b3,centered-gaussian,240,240,1016.1458,1000,595.9,1501.2,0.8167,116.3679,3.1458,44.6125,67.2542,0.1292,1.2917,0.4124,9636.6792,355.1213,418.3393,-6898.1709
search_candidate_000071_4175ee17,random-phased,240,240,1015.7958,999.5,601.5,1453.7,0.8208,116.2863,3.1292,44.7958,64.6708,0.1792,1.3167,0.3878,9649.2583,349.232,426.884,-6901.5256
search_candidate_000009_70d0d6d0,random-phased,240,240,941.0167,934.5,617.4,1265.4,0.8667,117.4396,2.9,39.95,63.9333,0.125,1.4125,0.348,9613.4625,285.3668,474.7166,-6901.6825
centered_candidate_000109_bb3d72f6,centered-gaussian,240,240,1025.1083,1009.5,611.8,1489.9,0.9292,119.0452,3.2,44.0333,62.0792,0.1125,1.5333,0.3074,9808.2083,339.9303,441.8349,-6927.7294
centered_candidate_000137_810c066c,centered-gaussian,240,240,1014.4792,987.5,622.3,1492.1,0.9125,117.6392,3.1208,44.0458,60.5417,0.1333,1.5208,0.3126,9845.1417,333.9736,455.3132,-6993.3672
search_candidate_000150_482b656c,random-phased,240,240,1053.5042,1031.5,585.7,1572.4,0.8958,117.6279,3.3292,45.55,64.525,0.1083,1.5083,0.3258,9860.0208,375.7532,397.8234,-7001.524
centered_candidate_000048_f3413513,centered-gaussian,240,240,993.225,991,583.9,1418,0.925,118.6992,3.0458,42.8167,61.4208,0.1,1.475,0.3355,9823.4,315.6959,426.052,-7005.6942
search_candidate_000163_5e18d332,random-phased,240,240,990.6458,937,576.5,1548,0.7208,114.3867,3.1542,43.375,70.4708,0.1958,1.2292,0.4398,9591.0833,366.2241,393.3879,-7023.149
search_candidate_000105_4c06f9c5,random-phased,240,240,1015.3417,997.5,573.5,1504,0.8083,115.9281,3.2,44.3667,67.5333,0.1667,1.3458,0.4015,9743.3417,368.0343,389.4829,-7035.7235
search_candidate_000053_1f702bf3,random-phased,240,240,1031.7917,1008,629.6,1478.6,0.8917,118.1735,3.2083,44.65,63.9917,0.1,1.4708,0.347,9906.5583,339.1846,460.0077,-7043.2569
search_candidate_000054_c37e6934,random-phased,240,240,922.5375,887.5,596.4,1297.8,0.7583,114.9785,2.8625,39.8208,67.1042,0.1708,1.2542,0.4221,9598.5083,287.7802,452.5099,-7054.3235
centered_candidate_000182_cbfaea37,centered-gaussian,240,240,1018.1,1007.5,568,1546.6,0.8167,116.4358,3.2042,44.375,65.9833,0.1667,1.425,0.358,9792.75,359.2685,388.3658,-7071.687
centered_candidate_000062_d673f290,centered-gaussian,240,240,981.0208,965.5,571.7,1411.4,0.7583,115.5304,3.1167,43.0208,71.0417,0.1833,1.325,0.4051,9687.6542,342.6616,400.3692,-7076.7223
centered_candidate_000080_1161088e,centered-gaussian,240,240,996.2708,976.5,603,1477.8,0.9083,118.9475,3.1125,42.7333,63.3875,0.1,1.4875,0.3363,9909.4417,327.9707,439.0146,-7099.7816
centered_candidate_000159_27e20d63,centered-gaussian,240,240,1012.7208,985.5,598.9,1487.4,0.9208,118.8102,3.15,43.55,61.6458,0.1,1.5125,0.3295,9965.5542,338.92,429.44,-7127.914
centered_candidate_000009_9de1db49,centered-gaussian,240,240,1011.5917,992.5,607.9,1480.2,0.8708,118.0967,3.1833,43.6917,66.9792,0.0958,1.4583,0.3594,9934.8917,336.8252,439.4874,-7137.2617
centered_candidate_000015_50abc3e6,centered-gaussian,240,240,1029.5208,1008,603.6,1514.4,0.9083,118.7958,3.2125,44.275,62.2583,0.0958,1.5167,0.3273,9994.8375,345.0898,431.0551,-7139.1213
centered_candidate_000038_e1c7fd66,centered-gaussian,240,240,1007.0583,995.5,609.6,1484.3,0.9167,118.7165,3.1417,43.2417,62.8583,0.0917,1.5333,0.3231,9990.6417,325.461,446.8695,-7146.5789
search_candidate_000169_65950180,random-phased,240,240,975.7208,937,564.9,1399.4,0.8,116.0677,3.0042,42.9875,68.5875,0.1458,1.2875,0.4262,9781.9708,337.1163,396.3419,-7153.2533
search_candidate_000156_afae4ee6,random-phased,240,240,1027.6333,980,602.9,1532.6,0.8292,116.0367,3.2167,44.8125,66.725,0.1375,1.3875,0.3844,9913.0583,365.4944,420.1528,-7157.0372
search_candidate_000039_10dd25c7,random-phased,240,240,989.3583,971.5,587.8,1452.4,0.775,114.9467,3.1542,42.8208,68.4167,0.1333,1.2708,0.4416,9829,343.743,415.9285,-7177.4003
centered_candidate_000217_49d14db5,centered-gaussian,240,240,998.2375,958,595,1479.6,0.8583,117.2442,3.125,43.425,65.0875,0.1,1.4292,0.3815,9930.5958,336.3408,426.8296,-7186.2932
centered_candidate_000160_5e9983f9,centered-gaussian,240,240,1019.0583,992.5,594.8,1510.1,0.8875,118.2054,3.15,44.1792,62.2875,0.125,1.5208,0.3307,10010.7125,350.2604,419.6698,-7202.1162
centered_candidate_000184_b58ecd80,centered-gaussian,240,240,1008.7083,958.5,606.9,1455.7,0.8375,116.8023,3.0792,44.725,68.1417,0.1333,1.3875,0.3937,9972.15,341.4827,436.1586,-7229.4682
centered_candidate_000186_e0711f40,centered-gaussian,240,240,1029.7875,1009,612,1487.5,0.9042,118.2383,3.2333,44.5458,62.5458,0.0958,1.5208,0.3345,10094.725,341.2901,441.355,-7234.9289
centered_candidate_000028_771d8448,centered-gaussian,240,240,1008.4042,973.5,582.7,1519.9,0.7917,115.964,3.175,44.1417,69.1833,0.2125,1.3917,0.3812,9916.9667,365.8434,399.7783,-7237.1545
centered_candidate_000130_4bc41d8e,centered-gaussian,240,240,1019.6125,990.5,614.9,1514,0.9167,118.9348,3.1792,43.9583,62.7833,0.1083,1.5208,0.3364,10107.3917,343.2452,443.2774,-7252.5915
centered_candidate_000127_2d3c4a05,centered-gaussian,240,240,1014.3875,976.5,596.7,1527.3,0.7917,115.5942,3.1792,44.5542,67.7083,0.1417,1.35,0.4087,9971.6833,369.7067,411.8466,-7273.9605
centered_candidate_000100_e0acbd4c,centered-gaussian,240,240,1015.7917,991,582.8,1502.1,0.8,116.2338,3.1625,44.8,70.2375,0.1333,1.35,0.4121,9981.9958,363.2274,401.1863,-7277.1096
centered_candidate_000117_7e8b6c16,centered-gaussian,240,240,972.75,936.5,564.8,1490.2,0.7125,113.3654,3.075,43.125,69.6583,0.1792,1.3,0.4289,9827.75,361.7594,383.9203,-7294.7619
centered_candidate_000101_ed026f09,centered-gaussian,240,240,1008.6167,1014.5,594.8,1470.6,0.7875,115.7371,3.1833,44.2792,69.6542,0.1333,1.3333,0.4289,10013.2292,348.8021,420.399,-7303.7829
centered_candidate_000176_4718cbd6,centered-gaussian,240,240,1018.9625,1014.5,587.9,1474.9,0.8417,116.4535,3.15,44.9417,66.4542,0.125,1.4583,0.3746,10101.3125,352.4826,411.6587,-7333.6098
centered_candidate_000144_a8640c59,centered-gaussian,240,240,1017.4792,997,602.8,1439.1,0.9125,118.6017,3.15,44.0583,62.4417,0.0792,1.5667,0.3271,10189.5292,335.8331,434.8835,-7345.9766
centered_candidate_000002_41bc792a,centered-gaussian,240,240,1004.375,1005.5,592,1470.2,0.925,118.9225,3.125,43.3,63.2792,0.0917,1.5333,0.3366,10204.475,318.8133,432.5934,-7362.5127
centered_candidate_000207_1661adc0,centered-gaussian,240,240,1027.0333,1012.5,605.7,1506.3,0.9208,118.9692,3.2125,44.2667,63.2792,0.0667,1.55,0.3363,10298.1833,337.9964,436.7018,-7427.1059
search_candidate_000047_74879a8c,random-phased,240,240,1032.8958,1001.5,576,1561.3,0.825,116.304,3.2708,45.1833,69.7583,0.1208,1.4583,0.3847,10181.8667,377.2523,387.3739,-7437.8713
centered_candidate_000079_0378a96c,centered-gaussian,240,240,1014.9125,989,579.7,1491.4,0.7917,115.6519,3.175,44.7917,70.4125,0.1375,1.3625,0.4222,10131.5792,355.7577,401.8212,-7437.8915
centered_candidate_000150_fcfc479a,centered-gaussian,240,240,1025.3375,1041.5,604,1499.9,0.9,118.3977,3.2125,44.425,64.2125,0.0958,1.5833,0.3296,10367.0125,336.0734,435.9633,-7504.9397
search_candidate_000140_f75900f3,random-phased,240,240,957.6542,921.5,591.8,1345.7,0.8917,118.5544,2.9458,41.1583,64.2125,0.0958,1.5625,0.3341,10298.7833,301.4623,441.0688,-7575.565
search_candidate_000196_96627b62,random-phased,240,240,1051.1958,1027,576.5,1587,0.8792,117.1977,3.3042,46.4417,68.0167,0.0917,1.5667,0.3446,10420.5458,389.2671,381.8664,-7593.3368
centered_candidate_000174_7c7ad0db,centered-gaussian,240,240,958.0958,910,552.5,1432,0.6917,113.939,3,42.8667,75.5958,0.1792,1.2375,0.4885,10074.75,353.6185,375.6907,-7598.7112
centered_candidate_000089_6f915415,centered-gaussian,240,240,1012.6333,975,582.5,1476.7,0.7875,116.3783,3.125,44.8875,70.7833,0.1333,1.3667,0.4332,10282.0625,362.2425,401.3788,-7600.8777
search_candidate_000153_33cd7666,random-phased,240,240,1063.675,1035.5,597.8,1630.1,0.8958,118.3471,3.3542,46.2583,65.2208,0.0958,1.6,0.3349,10489.225,375.681,409.9595,-7608.8629
centered_candidate_000184_b9b60be0,centered-gaussian,240,240,998.2042,981.5,582.5,1478.6,0.8417,117.1713,3.1458,43.4292,68.3833,0.0917,1.4833,0.3779,10356.4625,335.854,414.573,-7627.0125
search_candidate_000061_5cedb3c0,random-phased,240,240,839.3833,825.5,509.4,1191.4,0.675,114.2094,2.4542,37.1792,73.7542,0.1792,1.1917,0.4923,9930.0875,270.2189,374.2906,-7649.4779
centered_candidate_000103_0c794b8d,centered-gaussian,240,240,1021.4917,988.5,616.9,1504.6,0.9167,118.9969,3.1667,44.2042,63.9292,0.0792,1.6,0.3358,10532.625,345.01,444.395,-7675.6987
search_candidate_000136_cf90ef17,random-phased,240,240,1004.875,971.5,584.9,1521.8,0.7833,115.65,3.0958,44.6375,68.9,0.1375,1.4125,0.4175,10358.8958,366.0029,401.8985,-7690.2181
search_candidate_000201_04489f59,random-phased,240,240,1003.3167,997,587.6,1444.1,0.8917,118.5531,3.1667,43.3125,68.8292,0.0958,1.5917,0.3387,10510.6708,323.6538,425.7731,-7711.8383
centered_candidate_000180_ab48d3f7,centered-gaussian,240,240,1018.2292,991.5,607.5,1511.1,0.9292,118.769,3.175,44.1792,67,0.0625,1.575,0.3564,10592.6333,340.3361,437.332,-7731.5547
search_candidate_000144_42a651e4,random-phased,240,240,1015.9542,998,606.2,1481.2,0.9208,118.7771,3.1958,43.8708,67.3292,0.0792,1.6167,0.3371,10594.1125,328.252,442.074,-7739.0154
search_candidate_000091_f108c717,random-phased,240,240,1053.5708,1004,612.5,1593.1,0.8958,118.6204,3.2833,46.1667,65.625,0.0792,1.6208,0.3341,10611.2625,365.179,429.9105,-7742.8941
centered_candidate_000188_19d7732c,centered-gaussian,240,240,1008.1583,985.5,585.9,1432,0.8958,117.6175,3.1458,43.9667,65.4,0.0625,1.5708,0.3572,10557.4375,340.8788,415.4606,-7760.1516
search_candidate_000184_49854a75,random-phased,240,240,945.6958,900,566.8,1440.9,0.6958,114.354,2.95,42.2917,74.1792,0.1667,1.2833,0.4642,10241.25,340.9629,396.3185,-7764.4734
search_candidate_000048_74777e6f,random-phased,240,240,1006.375,959.5,585.7,1527.3,0.7958,115.3675,3.1167,44.7417,69.7125,0.1333,1.3792,0.4376,10452.2875,371.4118,399.9941,-7776.0515
centered_candidate_000130_b5b82026,centered-gaussian,240,240,958.4792,918,541.8,1499.2,0.6458,112.8654,3.0833,42.6208,80.3542,0.1583,1.2625,0.4925,10219.7042,358.3671,362.6164,-7794.6251
centered_candidate_000058_dbd2782b,centered-gaussian,240,240,1015.7542,993,594.9,1504.4,0.8792,118.8717,3.1625,44,65.9,0.0708,1.5708,0.3538,10636.5333,340.5904,424.6048,-7837.3106
centered_candidate_000191_978db3f2,centered-gaussian,240,240,1025.7167,1015,604.6,1484,0.9083,118.4383,3.2125,44.5333,65.6708,0.0667,1.625,0.3446,10721.65,343.3075,432.9463,-7865.0815
centered_candidate_000057_840c2769,centered-gaussian,240,240,1001.0958,994.5,579.9,1449.6,0.8708,117.7179,3.1292,43.4667,64.4583,0.1,1.5958,0.3446,10632.1042,342.8979,408.451,-7867.5846
search_candidate_000058_66aeba23,random-phased,240,240,918.1875,862.5,530.8,1437.4,0.7,112.9969,2.8667,41.2292,74.8625,0.15,1.2375,0.5011,10279.65,340.2662,360.6669,-7873.6257
centered_candidate_000032_d45f1652,centered-gaussian,240,240,967.6125,936.5,542.7,1490.3,0.6792,112.8635,3.1292,43.0417,78.7,0.15,1.2833,0.4951,10357.1417,376.8318,354.2841,-7883.3189
centered_candidate_000125_cd19df82,centered-gaussian,240,240,1011.7,981,601.9,1481.5,0.9167,118.8819,3.1417,44.075,66.65,0.0625,1.5792,0.3595,10720.2417,343.7546,430.0227,-7888.6059
centered_candidate_000078_2de66199,centered-gaussian,240,240,1011.6458,996,598.9,1457.9,0.8708,118.2433,3.1708,43.8167,67.0625,0.0875,1.5667,0.3589,10688.8167,330.716,433.542,-7895.3607
centered_candidate_000196_daecb6f3,centered-gaussian,240,240,982.05,886,548.8,1591.8,0.6292,112.7315,3.1958,43.7958,81.1583,0.1667,1.2042,0.5242,10316.3917,390.7062,353.4469,-7901.2762
centered_candidate_000139_78e5c789,centered-gaussian,240,240,1019.5333,985,590.9,1563.4,0.8792,117.9927,3.175,44.4208,66.875,0.1042,1.6583,0.3238,10722.2583,345.3862,418.2069,-7927.4156
search_candidate_000031_ac915ca5,random-phased,240,240,941.0167,859,549.8,1405.2,0.6542,113.5196,3.0125,41.6583,78.3,0.1542,1.2167,0.5266,10342.5792,338.538,380.531,-7945.7634
search_candidate_000176_b7595427,random-phased,240,240,1024.2917,991.5,603.6,1492.4,0.875,118.4919,3.2542,44.4583,68.3917,0.0708,1.6292,0.3439,10766.2208,338.0785,434.5608,-7955.9149
centered_candidate_000083_da814c70,centered-gaussian,240,240,1002.1542,969,557,1547.1,0.7,113.6856,3.1625,44.8792,75.7375,0.15,1.3083,0.4833,10522.625,382.7184,365.6408,-7966.9145
search_candidate_000027_324aed68,random-phased,240,240,1010.5542,983.5,562.6,1542.1,0.7167,113.9183,3.225,44.4708,72.5958,0.1458,1.3792,0.4515,10563.9792,380.0982,372.5509,-7970.948
centered_candidate_000108_71b455b9,centered-gaussian,240,240,962.7125,926.5,573.8,1468,0.7583,114.1623,2.9458,43.375,72.6417,0.1208,1.3875,0.4509,10570.2,350.3107,398.6447,-7996.9263
centered_candidate_000105_d9a8c538,centered-gaussian,240,240,1000.3125,1016,576.1,1440.9,0.9042,118.5167,3.0958,43.5083,65.6125,0.0667,1.6167,0.3514,10831.0292,324.9249,413.6375,-8022.655
search_candidate_000011_4ef6b9f9,random-phased,240,240,1039.7,1005.5,558.9,1593.1,0.775,113.8594,3.3333,46.1458,75.4375,0.1,1.4875,0.421,10713.3208,409.2569,354.2715,-8030.6022
centered_candidate_000088_3b78d3e7,centered-gaussian,240,240,1000.5792,1019,585.6,1446.4,0.8917,118.5292,3.1458,43.1958,65.95,0.0583,1.6042,0.3586,10846.575,324.5832,423.3084,-8041.2658
centered_candidate_000194_f5ac9f55,centered-gaussian,240,240,1008.8542,967.5,570.5,1502.1,0.775,114.741,3.1375,45.1667,73.1,0.0917,1.425,0.4513,10713.0917,374.6932,383.1534,-8064.0261
centered_candidate_000199_43e44a96,centered-gaussian,240,240,1012.65,991.5,598.9,1558.4,0.7792,113.5738,3.1625,45.2958,70.7417,0.1792,1.4792,0.4087,10785.175,370.804,413.498,-8092.6491
centered_candidate_000023_4aef5529,centered-gaussian,240,240,1018.6,1008.5,614.2,1488.3,0.9042,119.0727,3.175,44.075,66.1042,0.0458,1.6458,0.3484,10954.4958,331.5196,448.4402,-8102.4231
centered_candidate_000158_000dc4f3,centered-gaussian,240,240,990.35,960,562.9,1505,0.7292,114.6296,3.1333,44.2083,75.6167,0.1,1.3708,0.4676,10680.9833,366.7142,379.5429,-8104.4895
centered_candidate_000061_c75a4486,centered-gaussian,240,240,1027.6417,1024,579.4,1512.7,0.875,117.789,3.2333,44.9333,68.2917,0.0542,1.6,0.3713,10912.3917,357.3693,400.7154,-8105.7039
search_candidate_000002_82f9f676,random-phased,240,240,1016.3042,1010,575.1,1498.1,0.8958,118.419,3.1875,44.3208,68.6042,0.05,1.6625,0.3488,10916.9708,341.8862,404.1569,-8108.1306
search_candidate_000085_fe523b81,random-phased,240,240,907.7458,914,538,1307.2,0.7125,114.6092,2.8417,40.0875,77.5417,0.1458,1.3542,0.468,10571.0083,308.3923,383.8038,-8125.041
centered_candidate_000138_6355e6ce,centered-gaussian,240,240,1009.7667,994.5,590.9,1469.4,0.8917,118.2429,3.1625,44.0292,68.8083,0.0833,1.5958,0.3694,10967.7167,339.7155,421.0423,-8164.2564
search_candidate_000024_a28d7e1f,random-phased,240,240,1029.975,998,598.2,1533,0.9042,118.3467,3.2375,44.9708,69.225,0.0917,1.6625,0.3506,11006.2,350.6862,422.8569,-8164.6356
centered_candidate_000060_4db1c241,centered-gaussian,240,240,1022.6042,964.5,587.9,1544.6,0.7583,114.6235,3.1917,45.85,72.3458,0.125,1.4542,0.4278,10825.4208,377.3799,399.2101,-8167.3893
centered_candidate_000046_03240f8b,centered-gaussian,240,240,1010.375,978,604.7,1482.2,0.8667,118.7619,3.1833,44.0542,69.9792,0.0583,1.625,0.3645,11000.0167,338.7693,435.3154,-8217.9689
centered_candidate_000188_7fe22856,centered-gaussian,240,240,972.0292,955,565.6,1400.5,0.7833,114.9688,2.9917,43.4083,72.6375,0.1042,1.4417,0.447,10837.3417,339.5854,395.8073,-8219.9162
centered_candidate_000136_40f98a9b,centered-gaussian,240,240,1014.1375,968,609.8,1478.2,0.875,118.0438,3.1875,44.3708,69.9333,0.075,1.6167,0.3739,11059.2125,339.8952,439.8524,-8266.214
centered_candidate_000024_c52ffb9f,centered-gaussian,240,240,1000.7583,979.5,574.8,1534.5,0.7583,115.1227,3.1667,44.2958,74.4917,0.125,1.5042,0.4181,10927.7333,360.8436,394.3782,-8291.2204
centered_candidate_000155_26f35189,centered-gaussian,240,240,964.4708,951.5,576.8,1370.1,0.7375,114.6875,2.9542,43.1792,72.3875,0.15,1.4958,0.4125,10872.775,330.403,411.5985,-8299.6948
centered_candidate_000186_cad08f4c,centered-gaussian,240,240,1027.0625,1018.5,599.2,1508,0.9083,118.7304,3.2125,44.8458,68.375,0.0333,1.6583,0.3645,11167.2167,341.1446,428.6277,-8311.4398
centered_candidate_000014_c4088b2d,centered-gaussian,240,240,1020.2417,1003.5,569.9,1515.2,0.8667,118.4129,3.2083,44.3625,67.325,0.0458,1.6542,0.3552,11100.3125,344.43,397.685,-8324.6202
centered_candidate_000063_ffe47d40,centered-gaussian,240,240,970.3292,921,543.4,1489,0.6667,112.3588,3.075,43.5833,79.2292,0.1167,1.3375,0.4959,10782.7917,378.2889,354.2556,-8326.2336
centered_candidate_000172_488eaf32,centered-gaussian,240,240,985.9667,957,568.9,1463.8,0.7208,114.881,3.0667,44.2583,77.875,0.1333,1.3667,0.491,10903.175,357.3544,390.2228,-8334.2259
centered_candidate_000138_2f29df50,centered-gaussian,240,240,1035.0583,993,567,1554.4,0.8375,117.3715,3.2833,45.3458,71.8042,0.0792,1.6208,0.3821,11103.3583,370.329,381.8355,-8354.7658
centered_candidate_000099_07b0cdb5,centered-gaussian,240,240,1005.7208,982,599.4,1478.8,0.7917,116.1169,3.0833,44.9375,72.3792,0.1083,1.5875,0.3904,11089.8833,345.952,426.424,-8391.1662
centered_candidate_000107_0c9c0b42,centered-gaussian,240,240,969.0417,932.5,570.8,1410.8,0.7,114.3808,3.0417,43.1375,74.2583,0.1292,1.4458,0.4434,10915.1292,345.0139,398.293,-8392.2003
centered_candidate_000179_93bc7c52,centered-gaussian,240,240,1029.1667,983,549.7,1591.6,0.7917,115.6583,3.2917,45.6083,74.0333,0.0917,1.575,0.4041,11067.7208,385.6013,356.8994,-8392.7478
centered_candidate_000112_0c30c09c,centered-gaussian,240,240,1000.7583,963.5,571.9,1495.6,0.7125,114.5787,3.1375,44.8292,78.0833,0.1125,1.4208,0.4782,11031.5,370.8431,386.4784,-8453.1403
search_candidate_000102_71b579c4,random-phased,240,240,1038.4,1016,568.9,1568.1,0.7875,114.7485,3.3917,45.5667,74.575,0.0708,1.6083,0.4052,11205.3458,394.5679,371.616,-8495.2394
search_candidate_000006_63307db0,random-phased,240,240,1066.4917,1023.5,625.7,1580,0.825,116.2879,3.3708,47.4708,71.9417,0.1083,1.6292,0.3865,11331.6375,385.8867,432.7566,-8505.0132
centered_candidate_000102_047a2fe1,centered-gaussian,240,240,962.6875,923,549.2,1453.4,0.65,113.141,3.0917,42.8583,79.675,0.1333,1.3583,0.5071,10946.3292,365.5542,366.4229,-8505.8925
search_candidate_000188_4e5c5033,random-phased,240,240,1035.2208,983.5,618.3,1576,0.6833,113.5973,3.2542,46.5,77.0125,0.125,1.45,0.4741,11231.6875,386.0819,425.2591,-8603.9597
search_candidate_000066_7774e14a,random-phased,240,240,1058.3292,997.5,560,1625.1,0.725,114.1673,3.4125,47.2125,76.7458,0.1292,1.4542,0.4737,11265.4625,415.1593,352.4203,-8618.4152
centered_candidate_000063_bf048053,centered-gaussian,240,240,998.2458,979,568.3,1489.3,0.8292,117.3415,3.1375,43.7333,71.5,0.0458,1.65,0.3846,11332.7833,348.1754,394.2123,-8630.8659
centered_candidate_000189_e15d74ad,centered-gaussian,240,240,978.0958,920,557.5,1488,0.6875,114.5542,3.0583,43.8042,77.6625,0.1333,1.4333,0.476,11171.325,360.4342,377.2829,-8671.816
centered_candidate_000132_327cb5e2,centered-gaussian,240,240,1013.4208,983,587.8,1482.4,0.8875,118.3308,3.2125,44.0375,70.7958,0.0458,1.6917,0.3724,11491.0875,347.8773,413.8613,-8698.0021
centered_candidate_000022_9347b605,centered-gaussian,240,240,1010.6292,994.5,571.1,1514.2,0.8167,116.7496,3.2042,44.5167,71.9125,0.0583,1.6458,0.3905,11417.55,352.1995,395.0003,-8706.5641
centered_candidate_000156_eb2e774f,centered-gaussian,240,240,994.1167,961.5,561.8,1518.8,0.6958,113.7773,3.1167,44.7625,78.3667,0.1,1.4333,0.4928,11267.2708,370.649,376.4755,-8721.2606
centered_candidate_000017_402f8012,centered-gaussian,240,240,1006.925,964,577.6,1560.3,0.6542,112.8277,3.2,45.6167,81.525,0.1167,1.4125,0.5033,11259.7,385.3983,384.9009,-8731.608
centered_candidate_000076_57d256ba,centered-gaussian,240,240,1008.8625,991.5,554.6,1523.3,0.8583,116.7646,3.1917,44.2083,70.1333,0.075,1.7,0.3685,11489.2083,353.9434,377.6283,-8753.3712
centered_candidate_000151_85072d91,centered-gaussian,240,240,1017.1208,1008.5,617.9,1466,0.875,118.726,3.2125,44.375,71.3792,0.0542,1.6833,0.3796,11589.4292,339.6736,448.0632,-8766.673
search_candidate_000191_c36d7910,random-phased,240,240,969.75,926.5,570.9,1491.5,0.6417,112.4502,3.075,43.4792,79.0875,0.1125,1.4167,0.5008,11241.8667,358.3735,391.7132,-8782.1547
centered_candidate_000185_fbec2509,centered-gaussian,240,240,963.0833,896,557.9,1560.7,0.6042,112.3192,3.15,43.4333,85.4375,0.1292,1.325,0.5541,11197.075,368.7904,373.5048,-8809.2631
centered_candidate_000115_32c740f1,centered-gaussian,240,240,1022.0375,996.5,589.8,1517.2,0.8875,118.4529,3.1875,44.8458,70.8208,0.0375,1.7083,0.3767,11631.85,348.7485,415.4258,-8821.9722
centered_candidate_000064_359cc5d8,centered-gaussian,240,240,987.1083,968.5,555.9,1469.1,0.6958,113.1177,3.1042,44.6208,79.2375,0.0875,1.4333,0.5073,11382.4708,361.5811,375.1095,-8842.8754
search_candidate_000220_e55f36c5,random-phased,240,240,999.1958,915,551.6,1567.6,0.6208,112.2371,3.2583,45.1125,83.8958,0.125,1.3958,0.5184,11306.325,407.7143,347.7428,-8869.0587
centered_candidate_000055_191f444b,centered-gaussian,240,240,1006.9542,995.5,572,1476.2,0.8458,117.9523,3.1875,44.1458,71.7917,0.0458,1.6833,0.3829,11630.6458,348.6681,397.666,-8892.2419
search_candidate_000088_cf0387a7,random-phased,240,240,1020.3667,978,589.7,1594.5,0.725,113.036,3.2417,46,78.3875,0.0875,1.4958,0.4853,11553.3875,379.137,400.1315,-8923.0882
centered_candidate_000103_587e9797,centered-gaussian,240,240,929.3375,884.5,524.6,1383.4,0.5625,111.0452,3.0292,41.6083,85.8625,0.1458,1.2833,0.5761,11240.6,344.4538,352.3731,-8955.7233
centered_candidate_000059_8891b833,centered-gaussian,240,240,1013.0708,1012,577.2,1480.1,0.8708,118.0004,3.1875,44.2917,70.9792,0.0875,1.825,0.3266,11779.8333,342.2789,406.0606,-8996.6249
centered_candidate_000152_d9d1409c,centered-gaussian,240,240,1010.6458,1002,581.4,1506.2,0.85,118.0546,3.1833,44.3167,71.7875,0.025,1.7042,0.3932,11775.775,342.2964,410.2518,-9017.4684
search_candidate_000133_768e5c0c,random-phased,240,240,985.5583,967,536.9,1512.8,0.7042,114.0719,3.2083,43.8042,79.7583,0.075,1.5583,0.4595,11557.225,376.4394,348.6803,-9029.7679
search_candidate_000034_8e1d3715,random-phased,240,240,935.6583,893.5,556.9,1451.8,0.675,112.6427,2.9875,41.8375,81.4292,0.1125,1.425,0.5086,11461.8667,358.9349,377.4326,-9030.7253
centered_candidate_000012_75fa89e5,centered-gaussian,240,240,943.025,913,539.7,1470.4,0.6333,112.2296,2.9583,42.9458,82.1792,0.1167,1.3958,0.5235,11438.525,359.0592,360.1704,-9045.7185
search_candidate_000174_87d98c6f,random-phased,240,240,973.9125,877,520.7,1607,0.5542,110.3075,3.2,44.175,86.6833,0.1417,1.325,0.5684,11384.95,412.3438,314.5281,-9084.2796
centered_candidate_000067_b0c4ed7a,centered-gaussian,240,240,955.7542,912.5,550.7,1470.2,0.6542,113.6652,3.0958,42.825,83.0208,0.1042,1.4875,0.4832,11525.7125,348.4103,376.4948,-9088.6637
search_candidate_000042_e517b6ff,random-phased,240,240,984.3875,919.5,573.6,1482,0.7167,113.3854,3.0917,44.4292,79.3667,0.0958,1.4875,0.4863,11645.125,367.4344,389.8828,-9098.9277
centered_candidate_000107_44766718,centered-gaussian,240,240,980.1917,914,583.6,1494.1,0.6917,113.4446,3.075,44.4125,79.825,0.1083,1.5083,0.4802,11650.1,374.4766,396.3617,-9129.257
search_candidate_000014_61b700ac,random-phased,240,240,1066.8375,1018.5,595,1636.2,0.8292,116.4919,3.4208,47.0167,75.175,0.0875,1.7417,0.3872,11930.9833,405.3254,392.3373,-9130.7942
search_candidate_000206_9197e789,random-phased,240,240,1040.9458,1015,569.8,1514.4,0.8458,117.7735,3.2833,46.0208,72.1083,0.05,1.8167,0.3546,11958.8375,371.5664,384.0168,-9183.0316
centered_candidate_000108_a6b937c5,centered-gaussian,240,240,935.7125,857,534,1422.5,0.6292,112.1896,3.0625,42.0625,85.1542,0.0958,1.4208,0.5278,11532.3458,362.8613,352.5694,-9184.3389
centered_candidate_000155_6101b41e,centered-gaussian,240,240,994.9167,979.5,563,1544.3,0.825,117.2598,3.1333,44.0083,74.425,0.0333,1.6875,0.4099,11886.4875,358.768,383.616,-9198.1744
centered_candidate_000219_91f7260a,centered-gaussian,240,240,973.275,917.5,541.8,1504.3,0.6333,111.9165,3.1125,44.0375,81.8792,0.1167,1.4708,0.513,11639.4333,378.4529,352.5735,-9216.3256
search_candidate_000194_c7c3ec8e,random-phased,240,240,1025.0375,981.5,601.4,1561.2,0.7125,113.4642,3.2667,46.2167,80.6958,0.125,1.5708,0.4627,11858.7917,382.7234,410.0383,-9225.9288
search_candidate_000003_e934f23d,random-phased,240,240,895.9833,847.5,523,1301.4,0.6333,111.3285,2.7958,40.5458,81.7792,0.0958,1.4,0.5311,11537.1625,325.616,360.192,-9230.819
centered_candidate_000145_a9e2c28e,centered-gaussian,240,240,976.3708,973.5,559.7,1443.1,0.8583,117.6042,3.075,42.9708,73.5208,0.0375,1.7292,0.3993,11949.4292,324.5208,397.4396,-9245.1192
centered_candidate_000006_575bb6e3,centered-gaussian,240,240,977.9833,913,557.4,1546.9,0.6625,113.9183,3.1625,43.7208,84.0375,0.1042,1.525,0.4927,11730.3375,374.3297,370.2352,-9262.3001
search_candidate_000057_cf3d6f13,random-phased,240,240,967.875,924,571.6,1450.2,0.6458,112.1617,3.0917,43.5958,80.9958,0.1333,1.4875,0.5027,11724.1458,358.4531,392.3735,-9262.8481
search_candidate_000093_63707f47,random-phased,240,240,1012.1667,992,591.2,1478.7,0.8333,117.9008,3.2583,44.225,74.8542,0.0583,1.7833,0.3785,12028.5167,341.8245,420.2877,-9282.4216
centered_candidate_000195_f0c42b4b,centered-gaussian,240,240,943.5375,921,536.9,1403.5,0.8083,116.2662,2.9625,41.8458,74.7958,0.075,1.6792,0.4193,11873.8583,338.268,367.766,-9299.6211
centered_candidate_000012_d22e6c69,centered-gaussian,240,240,1014.0792,996.5,576.4,1520,0.8625,117.7933,3.2125,44.7292,74.925,0.0208,1.75,0.3967,12104.65,364.177,394.3115,-9341.5362
centered_candidate_000094_009a4bef,centered-gaussian,240,240,1030.3375,1004.5,587.9,1513.1,0.8292,117.8958,3.3,45.4667,76.1958,0.0333,1.7458,0.3943,12115.15,372.0167,401.8917,-9357.4792
centered_candidate_000069_1220d09a,centered-gaussian,240,240,951.9167,918.5,507.3,1478.8,0.6125,111.9262,3.1,42.8833,86.3833,0.0667,1.4333,0.553,11728.4667,374.7916,319.9042,-9373.9183
search_candidate_000116_79ab590b,random-phased,240,240,1037.825,968.5,549.7,1680.1,0.6542,111.8206,3.35,46.9208,80.85,0.0875,1.525,0.5009,11938.3708,425.3232,337.0384,-9407.4338
search_candidate_000118_8cbd3016,random-phased,240,240,833,788.5,466,1204.4,0.5583,111.1198,2.4708,38.3917,82.4125,0.1208,1.3833,0.5403,11512.7375,294.1099,318.945,-9413.1761
search_candidate_000021_ebfeeb4e,random-phased,240,240,1034.5083,972,564.5,1631.5,0.6625,112.1027,3.2833,46.6,80.5708,0.1042,1.5333,0.4929,11977.0083,418.5271,355.2364,-9426.1054
search_candidate_000115_e6afc5ca,random-phased,240,240,924.8917,873.5,487.7,1469.1,0.5542,108.804,3.025,42.0833,86.6917,0.125,1.3292,0.5732,11658.6375,387.2647,294.0677,-9430.1221
centered_candidate_000013_9a6a2230,centered-gaussian,240,240,990.6125,943,561.8,1518.7,0.7542,116.1077,3.175,44.05,79.4708,0.0583,1.6417,0.4551,12081.9708,364.7863,379.4068,-9489.2089
search_candidate_000203_0ddc1c3c,random-phased,240,240,1011.0542,957,560.4,1567.6,0.6792,111.8813,3.2792,45.5167,82.0708,0.0708,1.5583,0.4945,12058.6458,386.7957,367.0021,-9518.9641
centered_candidate_000176_eea0f4a1,centered-gaussian,240,240,1016.325,974.5,578.5,1555.2,0.825,117.2512,3.2375,44.9417,77.2667,0.0458,1.7792,0.4046,12268.8583,372.2693,392.3654,-9551.9372
search_candidate_000159_0110b48c,random-phased,240,240,985.5167,910.5,552.6,1582.5,0.5833,111.4235,3.2625,44.3625,87.5667,0.1042,1.4875,0.534,11954.3458,406.8755,349.1622,-9569.5409
centered_candidate_000005_e1cd6f4e,centered-gaussian,240,240,1006.625,994,588.7,1489.5,0.7958,117.1383,3.2125,44.4583,76.1292,0.025,1.75,0.4047,12273.4292,342.2248,417.5876,-9571.4558
search_candidate_000198_f7761a84,random-phased,240,240,1019.6917,965,556.5,1577,0.7333,113.5198,3.3292,45.5458,82.675,0.0625,1.7042,0.4386,12177.7625,407.8977,352.5512,-9578.617
centered_candidate_000127_0dc98f7b,centered-gaussian,240,240,987.4292,956,541,1497.7,0.6667,113.1267,3.1417,44.7708,83.975,0.1083,1.5458,0.5047,12070.9667,373.981,354.0095,-9580.867
centered_candidate_000013_ea2c43d4,centered-gaussian,240,240,966.825,943.5,539.7,1479.4,0.7208,114.6067,3.125,42.9667,79.6375,0.0458,1.6417,0.4596,12107.6292,363.8351,357.7824,-9589.2279
centered_candidate_000200_585df1bd,centered-gaussian,240,240,998.2333,987,566.8,1509.9,0.8625,117.6804,3.1917,43.8333,76.0333,0.0292,1.775,0.3997,12384.4417,344.5387,394.5307,-9645.6761
search_candidate_000020_2c35801e,random-phased,240,240,1052.8625,999,581.8,1613.2,0.7,113.4188,3.325,47.9125,81.275,0.0833,1.625,0.4837,12285.8333,409.9673,376.8163,-9650.0243
search_candidate_000119_711dbc96,random-phased,240,240,991.2292,899,538.1,1594.7,0.5292,110.7677,3.2333,45.4458,90.125,0.0958,1.4042,0.5847,11966.7458,422.6105,326.7947,-9650.8921
search_candidate_000193_e219fe8f,random-phased,240,240,1009.05,1005,573.4,1505.3,0.8083,117.4012,3.2167,44.3625,75.9042,0.0375,1.8333,0.3834,12367.1917,348.2564,399.2718,-9658.2396
search_candidate_000171_f3e726d2,random-phased,240,240,994.0542,978,583.8,1465.9,0.825,117.5592,3.1542,43.9167,76.7208,0.0417,1.8333,0.3844,12422.0667,331.9923,417.8039,-9713.371
centered_candidate_000198_d1dff694,centered-gaussian,240,240,1009.3792,990,561.1,1505.9,0.8083,116.7265,3.2583,44.6375,78.8708,0.05,1.8125,0.3989,12435.425,352.2567,384.9717,-9744.2838
centered_candidate_000218_0e6839c7,centered-gaussian,240,240,981.4667,928.5,551.5,1487,0.6292,112.3663,3.0958,44.775,84.4625,0.0875,1.5167,0.5289,12201.6625,378.1343,362.4329,-9761.206
search_candidate_000217_4ad831ff,random-phased,240,240,996.3625,922.5,566.5,1532.1,0.6792,113.3802,3.1625,45.1333,81.9,0.0875,1.6208,0.4882,12286.1417,379.3847,376.8077,-9772.0394
search_candidate_000068_b8556215,random-phased,240,240,982.4292,924.5,517.9,1605.3,0.575,110.2121,3.2292,45.0375,91.2208,0.1,1.5042,0.5481,12169.3417,425.4404,305.1798,-9820.4306
centered_candidate_000058_af4c01c1,centered-gaussian,240,240,1024.2958,986.5,592.5,1549,0.8125,117.8017,3.2958,45.2833,79.9375,0.0292,1.7917,0.4138,12560.5917,362.7917,411.1041,-9829.1042
search_candidate_000200_ab301aac,random-phased,240,240,940.1083,893,492.1,1497.3,0.5875,108.869,3.0375,43.1792,85.8,0.075,1.475,0.5499,12127.3833,397.4823,293.3589,-9839.0915
search_candidate_000012_b0c1f2b0,random-phased,240,240,755.3083,724,439.6,1074,0.5375,109.0967,2.0458,35.6417,83.275,0.1125,1.3958,0.5685,11919.9375,272.9045,303.1477,-9968.0301
search_candidate_000146_2f2e9803,random-phased,240,240,965.4833,888.5,510.9,1502,0.5542,109.085,3.1417,44.4708,87.9458,0.1042,1.4875,0.5458,12288.2167,395.6644,313.0678,-9994.7295
search_candidate_000179_6a018a7a,random-phased,240,240,1018.6,988,571.8,1493.2,0.8167,117.4337,3.2333,45.275,77.4792,0.0167,1.8917,0.3747,12725.2375,356.4655,393.5673,-10009.8239
centered_candidate_000206_eda4b35a,centered-gaussian,240,240,1011.7167,976,580.9,1493.5,0.8375,117.4406,3.2083,44.8083,76.8458,0.0375,1.9167,0.3746,12752.4333,361.6239,400.0881,-10022.8214
centered_candidate_000114_2b3ba145,centered-gaussian,240,240,936.8083,879.5,529.9,1476.3,0.6083,112.226,3.0792,42.1208,87.2958,0.05,1.55,0.5463,12391.075,364.8252,347.4874,-10055.2284
centered_candidate_000075_683a3a78,centered-gaussian,240,240,990.35,977.5,572.8,1465.1,0.8,117.3569,3.15,43.9042,78.8333,0.0125,1.8208,0.4105,12772.3833,331.3326,407.1337,-10101.3098
centered_candidate_000212_5dc1029d,centered-gaussian,240,240,989.1708,937,588.7,1511.7,0.6292,112.6285,3.0875,45.5042,87.8333,0.0583,1.5667,0.5458,12636.5583,380.3054,398.5473,-10154.8219
search_candidate_000186_48910e5d,random-phased,240,240,1009.2958,955,561.8,1526.4,0.7542,115.4985,3.2958,44.75,81.8417,0.0458,1.8333,0.4218,12796.3042,373.2597,375.1701,-10180.5536
centered_candidate_000041_3688a100,centered-gaussian,240,240,1032.6208,1000,557.7,1566.9,0.7833,116.7223,3.3292,45.9917,80.4083,0.0167,1.875,0.4042,12964.4875,380.3282,367.5359,-10278.439
search_candidate_000037_f3635911,random-phased,240,240,1000.0833,939.5,547,1563.1,0.5542,109.4748,3.3333,45.725,90.6167,0.0792,1.5333,0.5642,12685.5792,394.1531,349.9235,-10302.8098
search_candidate_000029_08983a9e,random-phased,240,240,839.2667,782.5,436.7,1294.4,0.5625,109.4719,2.45,39.4917,86.1958,0.0792,1.5125,0.5591,12440.9083,333.9078,269.7461,-10365.3132
search_candidate_000167_ffb5841b,random-phased,240,240,993.9625,903,505.7,1614.5,0.55,108.3156,3.1958,46.2375,86.7917,0.0833,1.5583,0.5471,12720.9458,441.4318,284.9841,-10409.2097
centered_candidate_000010_ce96276a,centered-gaussian,240,240,939.4125,855,528,1497.4,0.5583,110.1635,2.9417,43.7708,90.7125,0.0917,1.5375,0.5672,12762.3417,382.7845,336.6077,-10491.2527
search_candidate_000189_0027aa21,random-phased,240,240,913.8,874,520.9,1440.2,0.5417,109.121,2.775,43.05,88.8833,0.0875,1.5583,0.5543,12735,355.1037,343.3481,-10496.8341
centered_candidate_000173_1b0683bc,centered-gaussian,240,240,1006.0833,975,567.9,1537.2,0.7708,116.5681,3.2458,44.9625,81.4542,0,1.8333,0.4397,13170.3208,368.7421,383.529,-10525.3326
centered_candidate_000190_840c65e1,centered-gaussian,240,240,964.8917,909.5,521.6,1533.5,0.6208,113.0248,3.1833,43.4833,89.4417,0.0458,1.6833,0.5218,12947.7167,384.1303,329.5348,-10566.7877
centered_candidate_000145_30164ed5,centered-gaussian,240,240,967.0792,959,504.7,1511,0.5958,110.5856,3.1417,44.2083,86.45,0.1,1.7125,0.4968,12976.2458,391.697,308.8515,-10608.4127
search_candidate_000157_f35db782,random-phased,240,240,991.8958,959.5,533.8,1470.7,0.7917,116.9056,3.2042,43.9917,82.9458,0.0333,1.9667,0.3871,13272.9083,361.3642,353.1179,-10654.8287
search_candidate_000178_07b304b2,random-phased,240,240,1034.9292,980.5,570.2,1609.2,0.775,117.1221,3.3208,46.1333,80.7375,0.0333,1.9708,0.39,13356.1833,377.2575,381.5712,-10675.2957
search_candidate_000161_e670dc4d,random-phased,240,240,972.1333,874,527.7,1584.5,0.5083,109.8638,3.1917,44.8375,92.5208,0.0917,1.5458,0.5788,12945.7542,408.7098,323.3451,-10687.8695
centered_candidate_000114_477da8ab,centered-gaussian,240,240,922.6125,862,498.8,1468.1,0.5,108.6742,3.0333,42.3875,92.9958,0.075,1.5083,0.5949,12873.775,379.2662,309.1669,-10696.9757
search_candidate_000075_8bc3f511,random-phased,240,240,903.2625,811.5,557,1416,0.5375,110.1971,2.7167,42.5708,87.4875,0.0833,1.6042,0.5492,12940.3458,366.7214,373.6393,-10721.5776
search_candidate_000152_a35c5c58,random-phased,240,240,1045.2292,992,528.2,1701.5,0.6542,112.2592,3.4,47.9,86,0.0292,1.8292,0.4756,13280.2417,451.9587,302.2207,-10752.6776
search_candidate_000139_34d83273,random-phased,240,240,852.7083,785.5,449.7,1370.9,0.5,106.6958,2.6125,40.4792,89.8875,0.0792,1.4917,0.6,12801.4042,373.056,263.172,-10770.797
search_candidate_000010_15244f46,random-phased,240,240,992.175,911.5,521.8,1584.9,0.5208,106.919,3.3625,45.3167,92.225,0.0792,1.6083,0.5668,13089,433.6321,304.984,-10789.5281
search_candidate_000138_2a7a63f7,random-phased,240,240,958.475,891.5,498.5,1567.7,0.5667,108.7446,3.0042,45.1125,91.3583,0.05,1.6,0.5659,13106.8792,405.8356,295.5822,-10818.3546
centered_candidate_000169_aa331d6b,centered-gaussian,240,240,991.6042,976.5,553.4,1448.7,0.775,116.546,3.2042,44.3,85.125,0.0042,1.8458,0.453,13449.8667,360.6173,373.0914,-10824.416
search_candidate_000112_88f788b0,random-phased,240,240,971.8042,919.5,500.8,1512.2,0.5375,107.7087,3.2167,44.8417,93.775,0.0708,1.5958,0.5718,13119.9458,399.5838,301.0081,-10830.1684
centered_candidate_000160_5ad18edd,centered-gaussian,240,240,1002.1458,981,525.7,1532.8,0.7583,115.016,3.2375,45.2083,86.4875,0.0083,1.8333,0.4613,13514.1375,390.0581,330.6709,-10920.61
centered_candidate_000087_0a289eb0,centered-gaussian,240,240,928.7,886,513.5,1451.7,0.5083,111.136,3.075,42.6625,97.4083,0.0292,1.6042,0.6083,13289.1375,378.6896,324.1552,-11074.0421
centered_candidate_000070_bbcff94a,centered-gaussian,240,240,983.8333,956.5,562.7,1491.5,0.7458,116.311,3.2,43.8083,85.9583,0,1.9042,0.4577,13747.6458,349.7168,387.8416,-11159.5125
search_candidate_000143_9b32d2ee,random-phased,240,240,1027.3875,937.5,553.7,1659.1,0.4958,107.7942,3.3583,48.3125,94.7708,0.0625,1.6208,0.5851,13529.05,460.0155,323.6922,-11186.1223
search_candidate_000028_b71dd0f2,random-phased,240,240,1009.7958,971,552.1,1547.9,0.8125,116.4577,3.275,45.2,85.9792,0.0208,2.0292,0.4099,13863.8042,371.7816,366.2092,-11188.6847
centered_candidate_000050_9d8b022c,centered-gaussian,240,240,972.3333,938.5,537.3,1468,0.7458,116.4967,3.1208,43.6417,87.3167,0.0083,1.8708,0.4666,13811.4,359.2298,357.6851,-11265.9893
search_candidate_000036_82de355a,random-phased,240,240,924.5,797.5,506.7,1512.5,0.4417,105.2567,3.0042,43.8333,97.475,0.0708,1.5667,0.6104,13374.5958,421.0715,296.1643,-11288.5335
centered_candidate_000125_fde2bc01,centered-gaussian,240,240,1016.1125,979.5,581,1529.3,0.7583,116.7504,3.3,45.7167,87.5583,0.0042,1.9167,0.462,13961.2958,370.3939,395.8031,-11306.3788
search_candidate_000154_d20dcc94,random-phased,240,240,907.6708,834,527.7,1420.8,0.4583,107.3652,2.9833,42.3292,96.9875,0.0667,1.5958,0.5996,13439.7042,363.6532,345.8734,-11307.2706
centered_candidate_000143_13b9c612,centered-gaussian,240,240,1007.0083,977.5,544.8,1557.8,0.7917,116.6406,3.2625,44.9333,85.5375,0.0167,2.0375,0.413,13957.0708,367.8384,360.8808,-11307.3735
centered_candidate_000051_b41b72be,centered-gaussian,240,240,996.2292,962,538.9,1511,0.7625,116.4077,3.2208,44.4375,86.2083,0.0167,1.9875,0.4347,13934.9042,368.7514,354.5243,-11337.8053
centered_candidate_000008_92843e60,centered-gaussian,240,240,904.2375,818,477.9,1432.6,0.4458,106.7144,2.825,42.9292,97.7208,0.0333,1.575,0.6254,13407.4208,372.7338,291.5331,-11340.5768
search_candidate_000172_dda9a03f,random-phased,240,240,921.2875,831.5,495.9,1539.4,0.4833,107.6346,3.0125,43.1667,96.5458,0.0625,1.6,0.6061,13518.0875,390.7231,300.5385,-11379.1413
search_candidate_000081_1ded704f,random-phased,240,240,990.0667,945.5,484.9,1528.6,0.6625,111.176,3.3375,44.6083,92.5083,0.0125,1.8667,0.5082,13852.7083,415.2799,277.26,-11422.5277
search_candidate_000181_cd61fd30,random-phased,240,240,952.325,868,532.9,1554.7,0.4667,106.8015,3.1125,44.4042,96.0625,0.05,1.6375,0.5876,13622.3125,410.9938,327.4031,-11425.1996
search_candidate_000060_11ebca3f,random-phased,240,240,859.0042,733.5,513.4,1392.4,0.425,106.0371,2.6625,40.5875,92.6625,0.0833,1.575,0.5996,13414.0542,372.6947,327.0527,-11427.1189
centered_candidate_000126_4b1bd5ee,centered-gaussian,240,240,993.7292,976.5,560.1,1515.1,0.7583,116.1535,3.2292,44.6042,89.5083,0.0042,1.9083,0.4756,14062.3167,361.5121,379.344,-11446.2266
search_candidate_000149_75dccca3,random-phased,240,240,890.975,796.5,487.7,1368.5,0.4583,107.6515,2.7583,42.0583,93.4833,0.0875,1.6167,0.5958,13572.9125,369.7582,302.8209,-11509.1458
search_candidate_000192_98ff6597,random-phased,240,240,793.5708,697,418.4,1341.7,0.35,102.041,2.4583,38.1667,94.9958,0.0708,1.475,0.653,13272.1667,357.5062,239.6469,-11516.8771
search_candidate_000038_9fa618cd,random-phased,240,240,1031.4542,985,580.3,1564.8,0.7417,116.2121,3.3042,46.7417,85.9208,0.0208,2.0583,0.42,14184.4292,383.8031,388.3984,-11531.329
centered_candidate_000045_67f3b59e,centered-gaussian,240,240,938.7583,902,509,1448.6,0.5583,111.4281,3.1042,42.8917,93.7042,0.025,1.7458,0.5572,13835.1542,382.8302,317.5849,-11556.4285
centered_candidate_000119_ce54a547,centered-gaussian,240,240,948.3917,872,492.9,1554.8,0.4375,106.2537,3.0792,45.1125,99.725,0.0542,1.6208,0.6257,13731.325,426.8471,279.4764,-11600.4828
centered_candidate_000124_eb3822ce,centered-gaussian,240,240,909.5833,851.5,503,1385.2,0.4542,108.5458,2.875,42.875,97.275,0.0292,1.6292,0.6205,13771.5125,366.3545,319.8227,-11652.8834
search_candidate_000087_8d16e34f,random-phased,240,240,1046.0458,1007,549.8,1679.3,0.7042,114.6735,3.4167,47.5167,88.9583,0.0208,2.0625,0.4185,14281.4125,420.2884,339.6558,-11671.9177
search_candidate_000092_905cb1be,random-phased,240,240,967.2625,893.5,466.9,1603.6,0.4333,103.5842,3.2333,45.8,101.7,0.0458,1.5875,0.6474,13807.6042,459.1725,237.3137,-11678.5728
search_candidate_000183_6b73a893,random-phased,240,240,883.65,775,458.9,1504.1,0.4292,104.8531,2.8083,41.7833,96.2292,0.0625,1.6125,0.6107,13671.425,401.8722,257.9639,-11684.3628
search_candidate_000008_ce5d627d,random-phased,240,240,878.4958,772.5,460.4,1435,0.4292,104.4744,2.7833,42.2625,100.8458,0.05,1.5667,0.6393,13671.1958,407.6173,256.5914,-11690.4868
search_candidate_000001_b8735c1c,random-phased,240,240,954.8458,861.5,544.6,1566.1,0.475,107.1244,3.1125,44.6375,95.3958,0.0583,1.7083,0.5759,13955.4875,396.6776,346.2612,-11738.5472
search_candidate_000209_21270ce1,random-phased,240,240,919.35,807,482.6,1558.2,0.4083,102.475,3.0917,43.6625,101.0208,0.0375,1.5792,0.6556,13835.2042,427.2996,268.9502,-11803.4008
search_candidate_000064_299684f7,random-phased,240,240,959.4125,869.5,509.6,1571.1,0.4667,105.5767,3.1333,45.325,99.15,0.0625,1.7208,0.6063,14195.2875,430.1608,294.5196,-12012.8105
search_candidate_000097_d3e1189a,random-phased,240,240,937.3,780.5,457,1649.7,0.3625,102.4931,3.0833,44.6167,100.1333,0.0542,1.6083,0.6526,13995.9625,469.7257,222.1372,-12034.2576
search_candidate_000096_aa81452c,random-phased,240,240,913.4042,845,460.9,1417.8,0.4208,104.941,2.9833,43.2167,97.7125,0.0583,1.6833,0.6179,14150.0583,403.5429,259.1285,-12105.3094
search_candidate_000120_1334b60c,random-phased,240,240,838.3917,714,407.8,1451.5,0.3458,102.2896,2.675,40.325,100.2458,0.0583,1.575,0.6587,13906.5417,398.6075,208.4963,-12118.7982
search_candidate_000090_faeabf94,random-phased,240,240,1024.3042,973,532.7,1604.1,0.7417,115.6683,3.3167,46.5625,88.5458,0.025,2.1542,0.4136,14729.5583,399.7465,332.8268,-12130.8768
search_candidate_000214_eee13326,random-phased,240,240,954.0417,937.5,517.7,1425.7,0.6292,112.5298,3.2375,42.5042,92.15,0.0167,1.9833,0.4991,14560.3292,356.9667,339.2166,-12165.6042
search_candidate_000110_8ce3c344,random-phased,240,240,1021.525,982,552.6,1587.3,0.6792,115.145,3.325,46.3208,90.375,0.0125,2.1125,0.436,14721.7083,395.3626,354.9187,-12167.0092
search_candidate_000094_ef2b92a5,random-phased,240,240,913.5375,839,462.7,1512.1,0.3708,103.3198,3.0458,43.5167,102.8417,0.0375,1.65,0.6497,14173,412.2995,256.5502,-12181.4291
search_candidate_000089_6a77d213,random-phased,240,240,1029.575,984.5,534.7,1558.2,0.675,114.9921,3.3833,46.5875,89.475,0.0125,2.1208,0.4292,14745.1417,387.9408,340.7296,-12198.1448
search_candidate_000030_3acdaef9,random-phased,240,240,999.8,955,533.9,1536.2,0.7083,115.0819,3.2875,45.1125,91.5,0.0208,2.1375,0.4331,14802.125,368.6775,349.5613,-12263.1072
search_candidate_000134_96ca1e62,random-phased,240,240,1001.1875,969,536.4,1532.6,0.6917,115.1419,3.25,45.3125,90.6208,0.0042,2.1292,0.4422,14855.7,372.9808,349.9096,-12323.822
search_candidate_000158_e6756a7b,random-phased,240,240,1027.1875,976.5,537.9,1595.6,0.6958,114.2931,3.4083,46.7542,92.4,0.0083,2.1292,0.4379,14903.3375,403.5073,336.1463,-12342.4481
search_candidate_000127_1f97d41a,random-phased,240,240,947.0375,872.5,380.8,1609,0.4833,103.2638,3.2833,43.7708,100.2833,0.0333,1.8167,0.5826,14459.2625,469.3888,146.1056,-12381.8794
search_candidate_000148_3466b9d8,random-phased,240,240,974.1083,895,489.9,1662.1,0.4333,104.0642,3.2208,45.875,98.175,0.0458,1.75,0.622,14544.2542,447.7611,266.0194,-12386.9447
search_candidate_000052_a85b5699,random-phased,240,240,871.9083,768,404.8,1440,0.3708,101.9231,2.8458,41.9583,101.5833,0.0542,1.6167,0.661,14257.6792,420.1539,194.723,-12391.1283
search_candidate_000069_68adc1bf,random-phased,240,240,943.4708,842,481.8,1601.9,0.4083,106.23,3.2167,44.15,102.3917,0.0292,1.7708,0.6134,14468.0375,434.607,264.4965,-12396.7147
search_candidate_000125_3af711dd,random-phased,240,240,986.8833,887.5,478.5,1621.6,0.4208,103.3727,3.3792,46.3375,102.9125,0.0333,1.7208,0.6455,14592.5583,463.6558,246.6721,-12451.0228
search_candidate_000166_91b9f554,random-phased,240,240,920.3417,835.5,407.7,1531.7,0.3833,99.8223,3.2125,43.45,109.0708,0.0458,1.675,0.6456,14423.3,454.5404,180.4298,-12466.6231
search_candidate_000219_3023434d,random-phased,240,240,931.5375,827,504.5,1564.1,0.375,103.0592,3.1292,44.4458,103.0833,0.0458,1.7042,0.6366,14511.0292,423.1988,292.9006,-12472.0314
search_candidate_000213_1a3bab34,random-phased,240,240,825.0583,680,385.3,1512.1,0.2792,99.3094,2.5625,40.9458,101.7875,0.0583,1.575,0.682,14199.05,438.7564,165.9218,-12534.3363
search_candidate_000132_1534cb94,random-phased,240,240,945.1208,864,418.6,1640.8,0.4125,100.846,3.1708,44.8458,103.0333,0.0292,1.7083,0.6455,14584.8958,467.7413,184.7293,-12553.9433
search_candidate_000073_f54a73e4,random-phased,240,240,922.6375,894,506.7,1398.4,0.6167,112.5142,2.9875,42.2167,95.225,0.0083,2.075,0.4836,14955.7083,353.3169,330.0416,-12634.7075
search_candidate_000101_a53aaefd,random-phased,240,240,862.425,778,460.9,1401,0.3375,100.4415,2.675,42.7583,102.1708,0.0333,1.7083,0.6442,14562.2,388.1846,266.8077,-12682.1919
search_candidate_000013_5cc39c71,random-phased,240,240,1008.1583,961.5,507.7,1577.6,0.6458,112.055,3.3583,46.3042,96.7583,0.0167,2.0917,0.4929,15206.7167,417.0844,299.1578,-12749.2319
search_candidate_000050_a4a1d568,random-phased,240,240,806.4542,651.5,387,1500.7,0.2292,96.8283,2.5708,40.2667,105.2542,0.0583,1.55,0.7265,14393.6792,441.1729,166.4135,-12810.9429
search_candidate_000108_f164f32f,random-phased,240,240,1006.5167,959.5,546,1543.2,0.6417,113.6602,3.3417,46.05,93.7458,0.0083,2.1708,0.4477,15307.2208,376.7223,357.6388,-12817.832
search_candidate_000079_ff2db179,random-phased,240,240,950.3333,852,385.7,1627.4,0.4583,101.6008,3.3083,44.175,103.3208,0.025,1.8583,0.6018,14870.3417,489.8716,140.7642,-12825.0893
search_candidate_000137_bd02907d,random-phased,240,240,1015.3167,948.5,500.3,1652.3,0.575,110.585,3.4292,46.9958,100.5292,0.0125,2.0708,0.4883,15223.1583,441.2777,279.6612,-12846.6072
search_candidate_000170_2b25ea41,random-phased,240,240,735.7,592.5,362.9,1265.9,0.2542,98.6092,2.2125,36.8,104.0875,0.0583,1.5625,0.7081,14357.3292,363.091,181.3545,-12853.5107
search_candidate_000151_6dd65863,random-phased,240,240,912.2125,785.5,444.9,1550,0.3292,100.0648,3.0875,43.8167,105.3917,0.0375,1.6917,0.6666,14758.2875,433.2296,228.2852,-12854.8843
search_candidate_000033_e0d0cb0b,random-phased,240,240,966.5792,819,420.7,1747,0.3208,97.9933,3.3167,46.5917,106.2417,0.0458,1.6917,0.6817,14842.3458,512.858,164.271,-12911.4449
centered_candidate_000111_0fbe19f5,centered-gaussian,240,240,877.0375,760.5,465.9,1518.2,0.3,103.9808,3.0583,41.6208,112.0958,0.0083,1.6167,0.7291,14764.1458,410.2581,260.771,-12916.1899
search_candidate_000072_bd56149d,random-phased,240,240,877.0167,850,492.5,1351.3,0.5542,110.9425,2.9042,40.0917,101.0042,0.0125,1.9958,0.5267,15134.2625,332.5169,326.2416,-12950.5825
search_candidate_000063_556b3c6a,random-phased,240,240,907.6333,762,432.6,1623,0.3292,97.9965,3.0833,43.9208,107.9167,0.0333,1.6875,0.6744,14833.3917,455.8897,204.6552,-12960.6896
search_candidate_000205_e04dc686,random-phased,240,240,944.1667,856,502.7,1538.2,0.4458,108.374,3.2125,44.0667,103.2333,0.025,1.9625,0.5563,15113.3667,402.3558,301.5221,-12973.6778
search_candidate_000046_5d7241bc,random-phased,240,240,1003.5958,956,516.8,1541.4,0.6667,113.9171,3.3125,45.7708,95.825,0,2.2,0.4511,15460.4625,391.8206,320.8897,-12977.1241
search_candidate_000098_358b0cc8,random-phased,240,240,1000.225,950.5,477.2,1581.6,0.5292,108.5631,3.4042,46.3458,100.6125,0.0167,2.0708,0.5071,15340.8,435.8014,259.2993,-13041.5586
search_candidate_000173_9adc0332,random-phased,240,240,809.7,634,379.9,1501.6,0.2583,97.7235,2.5708,40.3333,106.2917,0.0375,1.6458,0.6841,14708.4125,434.0433,162.8784,-13106.2678
search_candidate_000043_90a9891b,random-phased,240,240,955.2792,888.5,414.2,1610.7,0.5083,104.2487,3.3458,44.5542,101.9333,0.0083,1.9958,0.5462,15259.55,457.6547,185.3726,-13111.8584
centered_candidate_000035_9cebf374,centered-gaussian,240,240,869.8958,773,471.9,1489.7,0.2667,103.1154,3.0167,40.9458,110.625,0.0333,1.7,0.6985,14995.8125,378.875,282.4625,-13171.005
search_candidate_000095_2ddb237d,random-phased,240,240,842.6542,714.5,402,1532.2,0.275,96.2948,2.7458,42.2375,106.0417,0.0292,1.6667,0.6994,14890.8833,429.1998,187.4001,-13180.2191
search_candidate_000177_97cc7662,random-phased,240,240,849.5708,710,420.9,1553.4,0.2542,96.8623,2.75,42.175,105.6542,0.05,1.6792,0.6812,14950.2583,437.7847,202.0077,-13242.3578
search_candidate_000067_8dea832a,random-phased,240,240,951.1208,924,514.8,1450.3,0.6042,112.5135,3.1458,43.3125,96.325,0,2.1875,0.4596,15607.7583,362.456,333.572,-13251.122
search_candidate_000099_f18dde45,random-phased,240,240,997.3875,928,488.2,1616.9,0.5625,109.1465,3.4,46.0458,101.3958,0.0083,2.1042,0.5255,15608.6417,436.3259,270.037,-13281.4594
search_candidate_000215_d002dfb9,random-phased,240,240,975.3,930.5,429.6,1600.1,0.5125,106.335,3.3417,45.4708,101.1708,0.0083,2.0667,0.5408,15547.3167,456.0759,201.562,-13341.8019
search_candidate_000128_d7756b48,random-phased,240,240,789.0708,645.5,370.5,1544.8,0.2417,95.5798,2.5167,39.6042,106.4167,0.0458,1.65,0.7043,14911.7417,446.9574,147.0213,-13351.2456
search_candidate_000076_45a8163f,random-phased,240,240,797.3292,635,384.5,1512.6,0.2208,95.5677,2.5333,40.2458,109.4583,0.0375,1.6125,0.7216,14923.9792,451.6514,158.6743,-13371.0469
search_candidate_000195_164e3d53,random-phased,240,240,753.1667,638.5,362.8,1363.2,0.2292,96.7481,2.3417,38.0083,106.2417,0.0417,1.6833,0.6924,14915.3042,393.7496,165.9252,-13402.2308
search_candidate_000104_35f434f1,random-phased,240,240,954.0083,937.5,543.8,1454.2,0.6417,114.2379,3.1333,43.2208,93.9583,0,2.2583,0.4545,15850.9208,338.5232,374.5384,-13419.1605
search_candidate_000005_949cd585,random-phased,240,240,940.8542,853.5,459.6,1579.1,0.4667,105.4477,3.2375,43.7875,103.8333,0.0083,2.0208,0.5689,15542.9125,429.6505,244.7747,-13426.8918
search_candidate_000100_12e642d7,random-phased,240,240,879.1625,750,414.8,1583.6,0.2583,95.9573,2.9333,43.6708,110.5083,0.0125,1.6917,0.7161,15190.7708,463.696,182.952,-13439.1742
search_candidate_000065_42d302ac,random-phased,240,240,852.9833,725,409.9,1598.1,0.2458,92.9602,2.9125,42.5083,112.6625,0.025,1.6583,0.7255,15201.8708,463.5491,178.1255,-13505.344
search_candidate_000165_bd8e2961,random-phased,240,240,972.3083,945,547.7,1491.2,0.625,113.7708,3.2167,44.6042,98.4417,0.0042,2.2875,0.4482,15973.2083,354.099,370.6505,-13536.0598
search_candidate_000212_eff94c61,random-phased,240,240,833.8458,648,382.8,1640.5,0.1667,89.7406,2.8208,42.6292,111.2417,0.0167,1.5917,0.7654,15079.35,497.8307,133.8847,-13548.1636
centered_candidate_000120_26b81f79,centered-gaussian,240,240,866.5542,714.5,459.8,1529.2,0.2708,101.2575,3.0583,41.5333,114.3583,0.0208,1.6625,0.7406,15327.5625,417.6156,250.9922,-13548.6081
search_candidate_000123_bcdeaab1,random-phased,240,240,794.3208,646,385.8,1448.5,0.175,92.6342,2.6292,39.9042,110.7125,0.0417,1.5875,0.7598,15073.9417,438.5019,166.549,-13560.6812
search_candidate_000204_b91b3136,random-phased,240,240,855.7,706.5,425,1570,0.225,94.2994,2.9167,42.1875,110.2333,0.0167,1.6708,0.7342,15332.7542,446.3429,201.8285,-13648.0727
search_candidate_000111_ab457d1d,random-phased,240,240,876.4375,754.5,392.7,1567,0.2083,92.6433,3.1792,42.1958,112.7375,0.0208,1.6917,0.7232,15396.6,464.3536,160.5232,-13713.2899
search_candidate_000126_91ec896f,random-phased,240,240,905.5042,812.5,437.8,1491,0.3292,99.8335,3.075,43.4542,106.6042,0.0167,1.8583,0.6577,15656.55,428.4745,223.5628,-13751.0841
search_candidate_000077_5e240fee,random-phased,240,240,977.1417,927.5,532.8,1502.3,0.5833,113.2112,3.2292,44.9958,98.5833,0.0042,2.2667,0.474,16171.8208,372.0707,346.7647,-13795.77
search_candidate_000182_2db6796e,random-phased,240,240,783.6208,658.5,374,1389.2,0.1875,91.7063,2.45,41,109.8958,0.0208,1.675,0.7361,15359.7083,412.3802,167.8099,-13842.6135
search_candidate_000056_e406268a,random-phased,240,240,960.3417,881.5,409.9,1620.5,0.4417,103.8883,3.3542,45.1292,106.5083,0.0125,2.0875,0.563,15924.8125,469.778,175.011,-13848.0898
search_candidate_000145_b5e43f56,random-phased,240,240,906.3167,873.5,421.9,1492.8,0.4,101.2173,3.2,42.6208,106.3917,0.0042,2.0375,0.5815,15945.2458,440.5346,201.6327,-13952.7661
centered_candidate_000210_9d5a5baa,centered-gaussian,240,240,793.7333,649.5,392.4,1465.7,0.1,92.4804,2.9083,38.9917,119.7833,0.0042,1.5167,0.8552,15401.4,430.103,177.3485,-13955.0173
search_candidate_000109_eca2bda5,random-phased,240,240,791.8417,643,367.9,1463.4,0.1667,92.9215,2.4708,41.1042,112.3708,0.0042,1.6458,0.7729,15470.1625,416.4952,159.6524,-13979.1332
search_candidate_000168_56e752ae,random-phased,240,240,1005.6583,918.5,482.9,1691.2,0.525,108.5527,3.3667,46.8625,102.3917,0.0125,2.2,0.5266,16282.0625,444.1614,260.8193,-13994.6664
search_candidate_000051_1ff235a1,random-phased,240,240,818.9542,679,362.8,1632.4,0.1875,89.8923,2.7833,41.2583,112.8417,0.025,1.6875,0.7433,15534.7542,480.8757,122.3622,-13994.7351
search_candidate_000141_49a3fea2,random-phased,240,240,846.5958,654.5,380.4,1636.1,0.175,91.5727,2.7625,43.225,111.4042,0.0167,1.7083,0.7273,15552.9917,518.6163,121.0918,-14003.5491
search_candidate_000131_6cb404b3,random-phased,240,240,808.8625,600.5,363.9,1643.8,0.1333,88.141,2.7333,41.2833,113.4792,0.0125,1.6167,0.7868,15500.4292,496.4242,115.6879,-14066.1482
search_candidate_000084_bd023352,random-phased,240,240,747.425,618.5,351.3,1353.8,0.125,88.6181,2.4417,38.6667,113.5667,0.0125,1.6042,0.7867,15473.9792,401.6539,150.4731,-14091.5949
search_candidate_000070_94a9a539,random-phased,240,240,828.5125,673.5,377.9,1527.8,0.15,88.9679,2.8917,41.7667,115.3875,0.0167,1.65,0.776,15625.3417,471.3746,142.2127,-14102.0341
search_candidate_000129_d9ebd505,random-phased,240,240,797.9375,673,356.9,1489.2,0.1792,89.4515,2.7,40.5292,113.3083,0.0125,1.6833,0.7583,15610.9917,455.6001,129.1,-14102.9875
search_candidate_000199_1f03d3fe,random-phased,240,240,782.575,614.5,365.8,1531,0.1625,89.3902,2.6417,40.1458,115.7583,0.0042,1.6542,0.7693,15582.7583,437.5979,147.0011,-14125.3129
search_candidate_000078_c54ad143,random-phased,240,240,825.6542,620,381,1602.2,0.1292,86.64,2.9042,41.5917,115.3625,0.0208,1.65,0.77,15611.2375,507.8155,127.0923,-14143.1798
search_candidate_000035_52fbe7cf,random-phased,240,240,803.3042,661.5,365.7,1464,0.15,89.7815,2.6292,41.5583,112.9542,0.0208,1.6833,0.7531,15669.6125,448.6814,141.3593,-14182.7346
search_candidate_000023_4675bff0,random-phased,240,240,763.4417,631.5,383.9,1409.4,0.1542,88.8344,2.5792,38.9167,113.1458,0.0167,1.6417,0.7728,15643.2875,403.7721,182.0139,-14183.5636
search_candidate_000107_71b0d550,random-phased,240,240,742.1917,571.5,334.3,1434.3,0.0875,86.6321,2.4958,38.6458,117.2792,0.0167,1.575,0.8111,15503.2375,424.9191,121.8404,-14205.3397
search_candidate_000055_84b982df,random-phased,240,240,804.7458,661,372.7,1453.3,0.1667,89.1413,2.8333,39.7167,113.3167,0.0083,1.7042,0.7575,15767.5,440.523,152.4385,-14255.5321
search_candidate_000130_99c5451c,random-phased,240,240,751.8042,533.5,287.9,1591.8,0.0833,77.5944,2.8042,38.5,118.0625,0.0042,1.5625,0.8291,15542.5917,527.4872,24.1564,-14315.8816
search_candidate_000082_f69c3811,random-phased,240,240,788.0208,666.5,378.6,1376,0.1917,92.1054,2.6208,40.2583,115.4667,0.0042,1.7417,0.7471,15856.1167,390.226,183.487,-14318.3444
search_candidate_000026_815b552b,random-phased,240,240,794.6958,604.5,367.3,1555.7,0.1125,84.2929,2.9375,39.6708,117.7125,0.0042,1.6208,0.7985,15761.0917,478.6573,127.9714,-14353.5373
search_candidate_000022_40bc394d,random-phased,240,240,780.7625,589,363.4,1527.4,0.1,84.2115,2.75,40.0583,117.025,0.0042,1.6208,0.7953,15725.0208,478.3494,124.2253,-14354.7082
search_candidate_000180_22e3b328,random-phased,240,240,781.0333,626.5,359.9,1495.7,0.1042,84.976,2.7542,39.6708,116.0875,0.0208,1.65,0.7916,15752.2417,468.3339,125.733,-14359.5384
search_candidate_000045_2d2360ab,random-phased,240,240,741.0833,596,312.7,1378.1,0.0917,80.6144,2.7625,37.475,119.3792,0.0083,1.6083,0.8064,15741.3292,444.0201,90.69,-14449.2232
search_candidate_000041_0b426128,random-phased,240,240,688.8333,542,285.8,1267.1,0.05,76.1804,2.6375,35.2375,119.0667,0.0083,1.5333,0.8474,15612.1458,432.7704,69.4148,-14460.2266
search_candidate_000202_4e8a398b,random-phased,240,240,757.1417,589,341,1406.3,0.1125,84.111,2.7,38.4583,117.0458,0.0125,1.6792,0.7795,15908.3792,433.0419,124.479,-14558.0459
search_candidate_000074_bb4c61c0,random-phased,240,240,807.1125,629.5,397.7,1502.1,0.1333,89.0569,2.9333,39.8667,121.1208,0.0083,1.7417,0.7543,16058.275,445.2249,175.0876,-14573.9641
search_candidate_000190_aa529e29,random-phased,240,240,777.0083,608.5,326.5,1520.6,0.1167,85.1396,2.7833,39.3167,116.7625,0,1.6708,0.8002,15956.9583,466.5994,93.2003,-14591.1532
search_candidate_000106_1411aa21,random-phased,240,240,800.125,639.5,369,1478.7,0.1375,86.7921,2.8458,40.4042,116.7792,0.0083,1.7167,0.7751,16061.1917,461.353,138.3235,-14600.8873
search_candidate_000040_4895d82d,random-phased,240,240,736.3625,575,342.2,1415.3,0.0792,82.9902,2.6625,37.5208,119.6083,0.0083,1.65,0.8006,15940.1583,431.2146,126.5927,-14649.6121
search_candidate_000185_3e56a3f9,random-phased,240,240,766.8417,635,367.8,1373.5,0.1,84.131,2.7875,38.7917,117.1917,0.0083,1.6792,0.7981,16044.6333,438.0871,148.7565,-14653.6691
search_candidate_000164_99d3107b,random-phased,240,240,797.8125,614,380.6,1502.6,0.1208,85.8608,2.9042,40.1625,118.2208,0.0125,1.7167,0.7765,16123.6583,456.3005,152.4497,-14684.7926
search_candidate_000018_85b09e36,random-phased,240,240,774.3458,650.5,392.2,1328.9,0.1667,94.7169,2.7792,37.6042,118.9875,0.0042,1.8333,0.7345,16192.9625,383.3502,200.5249,-14689.61
search_candidate_000218_5eff629c,random-phased,240,240,754.8167,585,303.9,1478.9,0.1,84.3137,2.6583,38.4875,116.0333,0.0083,1.6917,0.7848,15987.3,466.2136,70.7932,-14690.1061
search_candidate_000211_fd2b5faf,random-phased,240,240,754.2125,575.5,320.8,1445.4,0.0833,82.6758,2.7333,38.4208,120,0.0042,1.6458,0.8137,16025.7625,457.4815,92.0592,-14735.323
search_candidate_000049_8176e333,random-phased,240,240,754.3333,539.5,349,1545.8,0.0667,80.2181,2.7458,38.5375,117.5833,0.0042,1.6375,0.827,16030.7375,491.2647,103.3677,-14759.0404
