candidateId,strategyVariantId,runs,scenarioCount,bossKillRate,avgExp,medianExp,p10Exp,p90Exp,expStdDev,avgScore,medianScore,p10Score,p90Score,completionRate,avgSurvivalTimeSeconds,avgLevel,avgKills,avgDamageDealt,medianDamageDealt,p10DamageDealt,p90DamageDealt,avgDamageTaken,damageWindowPassRate,avgDamageWindowViolationCount,avgMaxDamageWindowRatio,damageSafetyPenalty,damageDealtStdDev,scoreStdDev,consistencyScore,generalFitnessScore
centered_candidate_000027_c3b21c95,centered-gaussian,5,5,0.8,6934.8,8231,3397.4,9103,3364.8676,44787.2,53049,22997.2,57788.8,0.8,768.92,51,2371.4,237443.8,245755,89386.2,368139.6,287.2,0,5,0.4465,32296.2,131746.2865,20878.2808,1714.9662,6934.8
general_top1-phased_a30a57f5,top1-phased,5,5,0.8,6934.8,8231,3397.4,9103,3364.8676,44787.2,53049,22997.2,57788.8,0.8,768.92,51,2371.4,237443.8,245755,89386.2,368139.6,287.2,0,5,0.4465,32296.2,131746.2865,20878.2808,1714.9662,6934.8
centered_candidate_000260_4a492daa,centered-gaussian,5,5,0.8,6701.8,8414,3324.2,8437.8,3263.9203,43341.6,53797,22397.4,54102.6,0.8,771.12,49.4,2284.6,261731.8,291818,107342.8,387428,223,0,4.6,0.398,28375.8,140509.8319,20409.8195,1692.2398,6701.8
general_top1-phased_c893f00a,top1-phased,5,5,0.8,6701.8,8414,3324.2,8437.8,3263.9203,43341.6,53797,22397.4,54102.6,0.8,771.12,49.4,2284.6,261731.8,291818,107342.8,387428,223,0,4.6,0.398,28375.8,140509.8319,20409.8195,1692.2398,6701.8
centered_candidate_000222_413ee581,centered-gaussian,5,5,0.8,6585,8175,3172.8,8450.2,3268.6234,42739,52567,21356.2,54303.2,0.8,747.58,48.6,2259.4,288264.2,309163,98701.8,456412.4,231.2,0,4.4,0.4299,27967.6,167712.5337,20689.5328,1538.4883,6585
centered_candidate_000066_37d18b76,centered-gaussian,5,5,0.8,6583.6,8141,3270.2,8329.6,3239.5141,42863.2,52584,22027.6,53841,0.8,750.36,48.8,2269.8,210522.6,256948,91921.2,284534.2,249,0,3.8,0.5003,26261.4,105696.7511,20517.2751,1650.443,6583.6
centered_candidate_000044_f72b9653,centered-gaussian,5,5,0.8,6538,8026,3234.8,8339,3240.5495,42444.8,52041,21577.8,53585.8,0.8,747.6,48.4,2245.2,261169.4,320520,90115.2,392106.4,261.2,0,5,0.4467,32628,146329.5003,20546.615,1614.5252,6538
centered_candidate_000211_b9823e39,centered-gaussian,5,5,0.8,6415.8,8079,3124.6,8124.4,3165.9444,41681,51863,21162,52296.4,0.8,749.66,48,2203,261320.8,312705,111603,359321,298.4,0,5.2,0.4553,34094.4,132737.8039,19991.7302,1541.6278,6415.8
general_top1-phased_466a26d4,top1-phased,5,5,0.8,6415.8,8079,3124.6,8124.4,3165.9444,41681,51863,21162,52296.4,0.8,749.66,48,2203,261320.8,312705,111603,359321,298.4,0,5.2,0.4553,34094.4,132737.8039,19991.7302,1541.6278,6415.8
centered_candidate_000033_381fe883,centered-gaussian,5,5,0.8,5402.6,8188,916,8284.2,3553.3816,35623.2,52983,7690,53271.8,0.8,647.06,42.8,1873,190273.4,295807,19430,304511,240.8,0,4.2,0.5589,28462,136675.9437,22086.8703,-860.6908,5402.6
centered_candidate_000028_1df2cb3a,centered-gaussian,5,5,0.6,5909,7975,1013.6,9595.8,3928.7848,38093.6,51435,8441.4,59799.4,0.6,678.76,45.2,2007.6,237758.4,255338,22410.6,446138.6,300.6,0,4.4,0.4989,30694.8,186676.0398,23683.3016,-950.7924,5909
centered_candidate_000121_a38fbc03,centered-gaussian,5,5,0.6,5668.6,7997,1727.2,8041.6,3162.2944,37159.6,51609,12409.8,52025.6,0.6,668.16,44.8,1965.8,168028,237069,40688.8,251996.6,314.2,0,5,0.5744,33448,100918.2871,19909.2165,146.0528,5668.6
centered_candidate_000060_0a3af99a,centered-gaussian,5,5,0.6,5566.6,8095,1361.4,8281,3326.0882,36740.2,52424,10816.6,53223,0.6,683.16,44.8,1934.8,241198.2,348152,25764.8,404459.8,251.4,0,4.4,0.4708,29643.8,174813.4388,20501.4863,-301.6441,5566.6
centered_candidate_000178_13f40442,centered-gaussian,5,5,0.6,5521.6,8072,844.8,8836,3734.2785,36115.4,52294,7098.8,56215,0.6,651.04,43,1908.8,236752.4,343042,17462.2,404533,274.8,0,4.4,0.5586,30586.6,178413.2837,23083.7315,-1022.3393,5521.6
centered_candidate_000177_1157d13c,centered-gaussian,5,5,0.6,5505.4,8282,564,9033,3978.1847,35657,53409,5138.6,56992.6,0.6,647.88,42.8,1874.8,163192.6,245909,11676.2,274097.6,277.2,0,4.8,0.5564,33140,122955.4574,24496.9081,-1425.0924,5505.4
centered_candidate_000013_cb7614d1,centered-gaussian,5,5,0.6,5477,8184,145.8,9469.8,4362.284,35285,53279,2064.8,59429.2,0.6,618.58,40.4,1861.4,239810.2,355821,4608.4,420349.6,198.8,0,3.2,0.4606,22494,193259.3729,27068.2182,-2035.342,5477
centered_candidate_000085_51cca68c,centered-gaussian,5,5,0.6,5381,8098,920,8311.6,3536.8634,35380.4,52053,7738.2,53378.2,0.6,659.72,42.8,1871.4,145138.8,220583,18997.8,230012.4,337.8,0,5.4,0.445,36185.2,100648.1517,21877.804,-848.4317,5381
centered_candidate_000121_5128a4fc,centered-gaussian,5,5,0.6,5380.6,8135,100.8,9334.8,4331.6882,34695.8,52474,1861,58810,0.6,609.38,39.4,1834.2,252469.6,264038,4173.8,510094,210.8,0,4,0.4739,26446,224712.6763,26880.4254,-2065.0441,5380.6
centered_candidate_000193_dbefb26b,centered-gaussian,5,5,0.6,5365.2,8030,953.6,8259,3500.7094,35264.6,51942,7928.2,53023.6,0.6,667.76,43.2,1853.2,169781,247182,17979,285255.2,274.4,0,4.4,0.5865,30198.2,123618.5892,21669.0656,-796.7547,5365.2
centered_candidate_000015_9f6273fd,centered-gaussian,5,5,0.6,5362.2,8272,289.4,9058,4156.2595,34758.6,53415,3426.8,57120.2,0.6,649.5,41,1830,210004.4,280372,8618.8,394833.8,274.2,0,3.8,0.5388,26720.4,178150.9782,25631.1871,-1788.7298,5362.2
centered_candidate_000042_937b88ef,centered-gaussian,5,5,0.6,5342.4,7940,823.8,8402.4,3590.6785,35250.6,51886,7013.2,53960.8,0.6,652.46,42.6,1859.2,192109.2,241135,17335.6,355312.2,249.4,0,3.8,0.5565,26847.6,153810.555,22381.4172,-971.5393,5342.4
centered_candidate_000093_f8dce8a8,centered-gaussian,5,5,0.6,5317.2,8012,75.6,9252,4300.0074,34289,52066,1554.6,58320.4,0.6,599.56,39,1813.6,230914.2,255319,2911.4,466381.6,220.2,0,3.8,0.5179,26031.4,208363.659,26760.8417,-2074.4037,5317.2
centered_candidate_000167_dce5f210,centered-gaussian,5,5,0.6,5227,8299,83,8924.4,4210.7808,33908.2,53470,1566.4,56945.4,0.6,596.66,38.8,1798.4,182135,188110,2875.6,372348.2,253.6,0,4,0.6441,28720,165023.1825,26427.1206,-2022.3904,5227
centered_candidate_000046_71769ed1,centered-gaussian,5,5,0.6,5218.4,8111,170.4,8889.6,4122.3549,33880.8,52481,2341.2,56440.8,0.6,621.04,39.4,1785.4,190015.4,279423,5332.4,332877.8,219,0,4,0.457,25799.6,151875.249,25694.5053,-1890.7774,5218.4
centered_candidate_000032_54e5d698,centered-gaussian,5,5,0.6,5207.2,8240,86,8922.6,4200.393,33651,52893,1658.4,56566,0.6,605.34,38.8,1777.2,163460.6,175355,3333.6,319645,246,0,4.4,0.4613,29038.2,140775.3414,26194.2333,-2014.1965,5207.2
centered_candidate_000094_8e74f9c8,centered-gaussian,5,5,0.6,5205.6,8198,109.4,8916.8,4179.4727,33800,52622,1977,56816.8,0.6,622.74,39.2,1783.6,154388.4,191428,4308.2,295510.6,240.8,0,4.4,0.4654,28708.6,130827.8844,26048.7453,-1980.3364,5205.6
centered_candidate_000079_f4286a5f,centered-gaussian,5,5,0.6,5182.4,8083,69.4,8939.4,4192.7509,33593.8,52305,1432.8,56909.8,0.6,597.42,38.4,1779.4,188123.6,255349,2822.8,342040.4,242.8,0,3.8,0.6891,26866.4,154513.8862,26318.4,-2026.9754,5182.4
centered_candidate_000016_0a0c0c7c,centered-gaussian,5,5,0.6,5163.2,8018,60,8970.2,4197.0297,33465.2,52074,1336.8,56932.6,0.6,593.62,38.2,1772.6,147093,198978,2367,275892.6,237.6,0,3,0.5227,21987.8,124751.5659,26339.6002,-2038.5148,5163.2
centered_candidate_000040_4299cf15,centered-gaussian,5,5,0.6,5161,7759,235.8,8923.6,4056.9631,33768.4,50510,3041.2,56741.2,0.6,639.6,39.8,1781.2,272430.2,352542,7019,524906.2,258,0,5,0.4019,31359,239037.7815,25215.3249,-1792.6815,5161
centered_candidate_000063_cd11e13f,centered-gaussian,5,5,0.6,5159.8,8083,109.4,8870.4,4145.2564,33490,52073,1949.4,56297.8,0.6,620.1,38.8,1764,210129.8,257581,4523,417239.8,213.4,0,4,0.4958,26601.4,192366.8734,25806.7584,-1963.2282,5159.8
centered_candidate_000097_214f07fc,centered-gaussian,5,5,0.6,5154.4,7949,102.2,8920.2,4150.304,33532,51684,1838.2,56738.6,0.6,601.56,38.8,1775.2,218552,303262,3657.6,395153.6,252.8,0,4.4,0.4647,29728.8,178760.744,25980.223,-1972.952,5154.4
centered_candidate_000037_67d697ef,centered-gaussian,5,5,0.6,5132.6,7928,161.6,8820,4077.4369,33563,51461,2331.2,56395,0.6,624.38,39.4,1767.6,217369.8,313040,5374.8,387733.6,204.2,0,3.2,0.51,22585.4,175817.2777,25554.7824,-1877.1185,5132.6
centered_candidate_000204_f4ca6e57,centered-gaussian,5,5,0.6,5123.2,8267,68.2,8642,4128.7385,33173.2,53637,1405.2,54871.6,0.6,598.78,38.2,1749.6,158930.6,243498,2960,273389.4,209.6,0,4.4,0.4482,29063.2,127810.4145,25920.9134,-1996.1693,5123.2
centered_candidate_000216_4fbb0262,centered-gaussian,5,5,0.6,5115.2,7969,73.8,8767.2,4127.2016,33139.4,51640,1556.2,55696.2,0.6,598.24,38.4,1749.8,167160.2,236115,3062.6,300978.8,242.8,0,4.2,0.5214,28449.2,136447.8668,25834.2469,-1989.8008,5115.2
centered_candidate_000089_ec739260,centered-gaussian,5,5,0.6,5083.6,8123,164.4,8475.6,4008.0705,33224.2,52838,2406,54123.8,0.6,621.7,39,1753,164050.8,245527,5270.6,287379.2,246.6,0,4.8,0.4798,31151,131246.5175,25076.4589,-1839.6352,5083.6
centered_candidate_000072_b5c50d5e,centered-gaussian,5,5,0.6,5062,8166,49.2,8590.8,4099.7944,32788.8,52598,1140.6,54898.8,0.6,589.66,37.8,1727.8,169802,263724,1968.2,291375.8,191.6,0,3.2,0.597,22543.4,137383.838,25870.537,-2000.6972,5062
centered_candidate_000252_54c131c6,centered-gaussian,5,5,0.6,5034.2,8192,72,8448.2,4052.1331,32819.6,52547,1510.4,54419.4,0.6,599.6,38,1733.8,163742,248008,3169,284579.6,222.4,0,3.4,0.5743,24216,131874.041,25554.6587,-1954.0665,5034.2
centered_candidate_000207_5129a6cf,centered-gaussian,5,5,0.6,5026.6,8164,63,8431.2,4051.9826,32770,52674,1390.8,54216.2,0.6,595.42,37.8,1731.2,146513.8,233435,2470.6,247399.2,206.6,0,3.8,0.5099,26202,117646.3283,25594.1312,-1962.9913,5026.6
centered_candidate_000111_5d2c2d30,centered-gaussian,5,5,0.6,5008.6,8029,204.6,8301.4,3905.0497,32752.4,52152,2678.2,53040.6,0.6,621.72,39,1727.8,184988.8,246200,5710.8,342006.2,293.8,0,4.4,0.5044,29951.6,152002.6889,24415.2841,-1747.9249,5008.6
centered_candidate_000205_a54b6a0a,centered-gaussian,5,5,0.6,5000.6,8096,223.4,8235,3893.3829,32828.2,52444,2959.2,52854.6,0.6,644.72,39.2,1724,176212.2,281683,7223.4,292744.2,234.6,0,4.2,0.5079,27466.4,137793.9643,24313.8379,-1723.2915,5000.6
centered_candidate_000205_7d7d30ea,centered-gaussian,5,5,0.6,4980.2,8146,135.8,8233.6,3939.743,32589.8,52688,2011.8,52984.8,0.6,617.18,38.4,1716.6,172799,237391,4310.2,317376.6,231.6,0,5,0.4725,31375.2,142416.5959,24824.6653,-1834.0715,4980.2
centered_candidate_000027_271d99fe,centered-gaussian,5,5,0.6,4979.2,8155,100,8285.8,3982.4283,32605,52641,1831.8,53350,0.6,601.82,38,1724,181747.2,220070,3701.6,348460.8,237.8,0,4,0.5109,27618,153858.3241,25099.086,-1891.2142,4979.2
centered_candidate_000056_8a6ca45b,centered-gaussian,5,5,0.6,4966,8208,61.8,8248.4,4002.5001,32325.6,52697,1392,53048,0.6,595.14,37.8,1700.2,202192.2,301746,2337,353834.2,191.2,0,3.4,0.5209,23289.6,164266.8142,25229.9711,-1939.45,4966
centered_candidate_000184_08760de2,centered-gaussian,5,5,0.6,4955,8117,62.6,8291.6,3993.6177,32322,52393,1389.6,53307.4,0.6,599,37.4,1704.4,203780.4,305794,2691.8,354400.8,200.4,0,3.4,0.5079,23874.6,164998.175,25213.5529,-1934.2088,4955
centered_candidate_000022_cf6786b2,centered-gaussian,5,5,0.6,4953.8,8043,58.4,8316.4,3998.3132,32338.8,51971,1275.6,53626,0.6,590.1,37.4,1708.2,189794.6,253999,2201.4,354242,208,0,3.2,0.6101,22668,159284.9522,25368.2283,-1940.7566,4953.8
centered_candidate_000118_c7fd95ae,centered-gaussian,5,5,0.6,4950.6,8074,115,8225.6,3938.8002,32419.8,52203,1975,52845.4,0.6,611.38,38,1710,185769.4,285466,3981.8,320868.4,232.2,0,3.8,0.4434,25235.6,149034.1256,24742.4114,-1854.4001,4950.6
centered_candidate_000249_2cc524f8,centered-gaussian,5,5,0.6,4941.6,8136,85.2,8198.6,3959.8236,32373.4,52640,1594.6,52947,0.6,600.08,37.6,1707.8,201601.8,310294,3019.2,351117.8,190.6,0,3,0.4987,21350,163434.3761,25069.0308,-1894.7118,4941.6
centered_candidate_000188_fdc9d62d,centered-gaussian,5,5,0.6,4933.8,8143,49,8225.2,3987.0926,32113.6,52490,1090.8,53002.4,0.6,586.24,37,1696,202862.4,246885,1782.4,383075.4,213.8,0,3.6,0.7272,26087.6,171396.7114,25308.9705,-1944.5463,4933.8
general_top5-average-phased_3c72e0e2,top5-average-phased,5,5,0.6,4922,7997,75.4,8233.4,3956.0516,32183.4,51426,1540.8,53195,0.6,600.68,37.6,1699.8,176527.8,254838,2915,317286,245.4,0,3.8,0.601,27068,144566.1999,25000.9272,-1902.6258,4922
centered_candidate_000213_a08f032b,centered-gaussian,5,5,0.6,4918,7987,76.6,8228.6,3952.017,32300.6,52136,1531.6,53140.2,0.6,593.48,37.8,1705.4,193569.2,307266,2607,331421.4,201.2,0,4,0.498,26695,156493.8472,25106.0257,-1899.4085,4918
centered_candidate_000153_7e1d8276,centered-gaussian,5,5,0.6,4913.8,7970,81.4,8218.4,3944.1485,32175.8,51910,1636.4,52837.4,0.6,597.48,38,1698.2,160705.8,214466,3172,303504.4,248.8,0,4,0.5743,28025.4,137145.5675,24906.4201,-1890.6742,4913.8
centered_candidate_000178_a07845ba,centered-gaussian,5,5,0.6,4911.6,7829,142.4,8237.4,3889.6349,32312.2,51154,2280.4,52994.4,0.6,624.66,38.2,1708.4,176518,274451,5331,298811.2,293.6,0,5,0.5231,33435.2,139737.132,24466.3158,-1802.4174,4911.6
centered_candidate_000234_b62ec7ba,centered-gaussian,5,5,0.6,4908.2,7890,72.6,8255.2,3948.5214,32039.4,51359,1542.4,52856.6,0.6,598.9,37.4,1694.2,146884.8,221607,2934.8,255136.8,275.4,0,5,0.5317,32449,118177.0964,24874.2107,-1901.6607,4908.2
centered_candidate_000018_9721eb2e,centered-gaussian,5,5,0.6,4907.4,7963,87,8219.2,3936.8725,32308,51508,1711.4,53404.8,0.6,601.74,37.6,1713.2,158839.2,240429,3466.4,276882.4,259.2,0,4.4,0.4381,28905.8,127893.0305,24990.6001,-1881.4362,4907.4
centered_candidate_000239_fd2a6178,centered-gaussian,5,5,0.6,4890,8054,66.2,8141.6,3936.6369,31986.8,51872,1435.8,52650.4,0.6,595.86,37.4,1688.8,184977.2,271868,2603.8,326686,237.4,0,3.4,0.6124,24678.2,150290.5497,24907.7474,-1902.1184,4890
centered_candidate_000068_98f325da,centered-gaussian,5,5,0.6,4887.4,7949,56.6,8187.8,3944.1447,31969.8,51705,1247.4,52821.2,0.6,591.44,37.4,1691.6,158804.2,251822,2262.8,271257.2,268.8,0,4.6,0.6588,31965.2,128191.1602,25074.9106,-1915.4724,4887.4
centered_candidate_000194_5bab4c0a,centered-gaussian,5,5,0.6,4800.2,7855,62.2,8019.4,3866.0741,31566.2,51159,1388.4,51919.4,0.6,601.82,37,1665.6,200643.6,276521,2854.4,375592.2,225.2,0,3.4,0.4751,23329.4,171179.1325,24604.8182,-1870.8371,4800.2
centered_candidate_000031_20182f9c,centered-gaussian,5,5,0.6,4061,2579,65,8898.4,3986.3046,26951,19598,1425.2,56711.4,0.6,503.92,33.2,1419.4,137433.4,48764,2838.2,331734.4,252.6,0,4,0.5346,28366.6,154889.2577,24794.9462,-1928.1523,4061
centered_candidate_000100_8a373119,centered-gaussian,5,5,0.6,4003.6,1917,194.2,8963,4011.1918,26682,15450,2475.4,56947.6,0.6,523.18,33.6,1395.4,203077.6,36725,5374.8,498747.8,225.4,0,4.4,0.4869,28586,234244.935,24710.86,-1811.3959,4003.6
centered_candidate_000132_1446207f,centered-gaussian,5,5,0.6,3825.4,2383,144,8218.8,3669.2749,25743,18688,2062.6,52805.6,0.6,524.28,32.8,1348.2,130158.6,47361,4669.8,296974.8,258.6,0,4.4,0.5031,30377.6,136715.932,22877.6456,-1690.6375,3825.4
centered_candidate_000074_a78095db,centered-gaussian,5,5,0.6,3813,2104,170.4,8378.4,3731.5144,25584.2,16686,2336.4,53503.8,0.6,527.86,33,1338,134156.4,46547,5462.6,311124.4,293.4,0,5.4,0.5105,35572.8,142122.9358,23101.9987,-1695.3572,3813
centered_candidate_000048_bb37d258,centered-gaussian,5,5,0.6,3809.2,2359,72,8275.2,3735.3711,25647,18515,1489,53332,0.6,510.4,32,1349.2,108321.2,47196,3178.4,248637.2,248.4,0,4.4,0.4914,29202,112847.6856,23440.1818,-1795.6856,3809.2
centered_candidate_000025_0cf1bafb,centered-gaussian,5,5,0.6,3759,1699,423.6,8049.6,3532.0157,25578.2,14122,4184.2,52080.2,0.6,532.1,33.6,1336.4,133381.8,36973,8707.4,307060.4,264.2,0,4,0.5146,27936.4,140625.7624,21985.5398,-1342.4079,3759
centered_candidate_000011_d6c7e911,centered-gaussian,5,5,0.6,3755,1870,55.6,8432.4,3846.2224,25174.6,15336,1246.4,54177.6,0.6,496.78,31.4,1318.2,127370.4,35081,2287.4,298891.6,199.4,0,2.8,0.7158,21719.8,140179.34,24059.4426,-1867.5112,3755
centered_candidate_000002_0ae3bebd,centered-gaussian,5,5,0.6,3707.2,2111,69.2,8155.6,3694.6397,24930.2,16842,1321,52590.6,0.6,499.5,31.6,1308.2,116982.4,39086,2720.2,270055.4,261.4,0,3.4,0.7061,26291.6,125681.2976,23229.3873,-1778.1198,3707.2
centered_candidate_000133_3a2967f4,centered-gaussian,5,5,0.6,3688.6,1820,176.4,8139.2,3676.3905,24925.4,14851,2499,52422.2,0.6,531.94,32,1300,151992.2,37943,5217.2,362165,242.8,0,4.6,0.4939,30530.8,168011.6486,22846.688,-1661.7952,3688.6
centered_candidate_000216_0cd3c29e,centered-gaussian,5,5,0.6,3642.8,1706,54,8211.4,3769.2734,24560.4,14060,1243,53241.4,0.6,492.96,30.6,1290,146420.2,32602,2294.4,354448.4,225.6,0,3.8,0.507,26146.4,165996.41,23791.2892,-1830.6367,3642.8
centered_candidate_000020_ba824eea,centered-gaussian,5,5,0.6,2618.6,1926,113.6,5971.8,2906.6055,18620.2,15611,1772.6,39903.2,0.6,429.04,26.8,965,93675.8,39157,4044,240399.8,270,0,4.8,0.5788,32526.6,135432.2701,18446.9526,-1339.7027,2618.6
centered_candidate_000255_d1e66d52,centered-gaussian,5,5,0.6,2435.6,1768,100.2,5736.8,3020.9484,17418.2,14663,1828.4,38138.6,0.6,406.22,25.2,900.8,80931.8,35325,3678.6,209714.2,249.4,0,4,0.5885,28824.6,122892.0594,18881.5623,-1410.2742,2435.6
centered_candidate_000010_d47ba7d7,centered-gaussian,5,5,0.4,4671.6,4237,444.8,9121.4,3836.3889,30586,28795,4498.4,57482.2,0.4,583.54,38.6,1609,159161.4,115822,11340.2,327456.2,314.8,0,4.8,0.4724,33166.2,142369.777,23402.8494,-1473.3945,4671.6
centered_candidate_000187_c5f1beaf,centered-gaussian,5,5,0.4,4458.4,2866,1483.2,8120.8,3033.1236,30052.4,21245,11211.8,52531.8,0.4,604.8,40.8,1573.4,146950.8,56464,28637.2,316000.8,328,0,4,0.6624,29862.2,134456.4667,18770.4306,-33.3618,4458.4
centered_candidate_000260_e1efb23a,centered-gaussian,5,5,0.4,4355.4,2748,1054,8211.6,3287.7369,29184.8,19600,8385.6,52964.4,0.4,569.08,38,1535.4,134970.8,56477,23448.2,282860.2,284.4,0,3.6,0.607,26067.6,120594.6735,20535.5955,-589.8685,4355.4
centered_candidate_000076_610486db,centered-gaussian,5,5,0.4,4289.2,4216,66.8,8658.8,3806.7903,28379,28962,1355,55692,0.4,518.52,34.6,1507.2,140878.2,93549,2737.2,305200.2,266,0,4.4,0.6347,30215.8,136375.257,24082.7201,-1836.5951,4289.2
centered_candidate_000038_eff607e9,centered-gaussian,5,5,0.4,4166,1888,511.2,8986.4,3891.5272,27621.4,14775,4525.8,57042.4,0.4,549.56,35.4,1449.6,156199.4,33450,10634.4,364804.2,275.8,0,3.8,0.6181,27604.8,168062.9009,23941.966,-1434.5636,4166
centered_candidate_000094_135ea9bb,centered-gaussian,5,5,0.4,4113.6,3952,64.6,8250.2,3656.5404,27203.8,26873,1428,53119.4,0.4,516.04,34,1436.2,125194,80186,2870.2,273880.8,269.4,0,4.8,0.4457,31248.6,122138.3731,23093.3168,-1763.6702,4113.6
centered_candidate_000213_9ee49217,centered-gaussian,5,5,0.4,4080.4,3461,68.2,8453.6,3741.0274,26984.2,23681,1521.8,54301,0.4,519.22,33.4,1422.4,119634,79538,3140.4,263922,235.2,0,4.2,0.4394,27528,117481.237,23536.3575,-1802.3137,4080.4
centered_candidate_000099_e66eb645,centered-gaussian,5,5,0.4,4005.2,1930,110.8,9062.6,4099.9389,26417.2,15064,1933.4,57162.8,0.4,504.24,32.8,1391,147987.4,38522,3809.6,360253.4,232.6,0,3.6,0.5905,26552,168288.405,25148.7933,-1939.1694,4005.2
centered_candidate_000157_0033f5b6,centered-gaussian,5,5,0.4,3985.6,2616,53.2,8704,3896.7002,26291.8,18817,1246,55648.4,0.4,506,32.6,1385.6,124769.8,47707,2247.6,296355,247.4,0,4.6,0.4388,29591,136660.7761,24417.6522,-1895.1501,3985.6
centered_candidate_000117_cf894216,centered-gaussian,5,5,0.4,3975.2,1835,53.2,9055,4134.8209,26073,14415,1108.6,57309.2,0.4,491.96,32,1375,127486.8,37552,2052.6,307446,244.8,0,4.2,0.6747,29499.8,142954.2973,25620.2919,-2014.2105,3975.2
centered_candidate_000147_53e96886,centered-gaussian,5,5,0.4,3936.2,2966,184.6,8167.6,3592.903,26460.2,20587,2578.2,53216,0.4,537.1,34,1390.4,120678.8,60542,5967.2,267117.6,244.2,0,4.2,0.5099,28636.8,119719.3019,22763.8157,-1611.8515,3936.2
centered_candidate_000041_9b38e17e,centered-gaussian,5,5,0.4,3933.2,1607,171,8970,4061.95,26195.2,12945,2411.6,57099.6,0.4,525.7,33.2,1377,144240.2,34098,5407.6,351627.2,251.6,0,4.2,0.4876,28749.2,164309.4458,25096.6918,-1859.975,3933.2
general_top10-median-phased_2b3354b9,top10-median-phased,5,5,0.4,3932.4,2981,131,8205,3635.3098,26325.2,21405,2169.2,52913,0.4,534.98,33.4,1383.8,152147.6,63401,4894.4,345337.4,239.8,0,3.6,0.6085,26113.4,157753.3266,22759.1434,-1686.6549,3932.4
general_topN-median-phased_48d2a96e,topN-median-phased,5,5,0.4,3932.4,2981,131,8205,3635.3098,26325.2,21405,2169.2,52913,0.4,534.98,33.4,1383.8,152147.6,63401,4894.4,345337.4,239.8,0,3.6,0.6085,26113.4,157753.3266,22759.1434,-1686.6549,3932.4
centered_candidate_000244_1d24019a,centered-gaussian,5,5,0.4,3916.6,1544,645.8,8225.8,3559.4136,26188.8,11909,5382.4,53135,0.4,548.1,34.8,1366.8,142022.8,30919,12342.8,335888,284.6,0,4.8,0.4807,31642.4,153614.1635,22300.1904,-1133.9068,3916.6
centered_candidate_000132_89dba6b4,centered-gaussian,5,5,0.4,3909.8,1959,62.2,8834.4,4008.127,25912.4,15531,1293.2,56240,0.4,500.02,31.8,1367.2,142623.4,44015,2650,335942.4,218,0,3.8,0.5285,25998.4,155687.431,24890.5261,-1941.8635,3909.8
centered_candidate_000054_6101e302,centered-gaussian,5,5,0.4,3892.4,1455,205.2,8876.8,4020.6332,25818.6,11141,2707.2,56606.6,0.4,528.4,33,1348.4,142205.8,26015,5992.6,340227,218.8,0,4.8,0.3913,29882.6,158869.6899,24909.4788,-1805.1166,3892.4
centered_candidate_000068_7631f48f,centered-gaussian,5,5,0.4,3885.4,1743,97.4,8841.8,4019.1072,25636.4,13399,1705.4,56168,0.4,502.88,32.2,1347.8,117651.2,34261,3409.2,289215.8,256.6,0,5,0.5073,32346.2,137139.8103,24881.4819,-1912.1536,3885.4
centered_candidate_000226_62e73a0e,centered-gaussian,5,5,0.4,3865,2295,86.6,8437,3811.5949,25800.4,17574,1675.8,54049.4,0.4,506.8,32.4,1356.8,121422.8,48962,3258.6,277837.4,205.2,0,3.4,0.4893,24619,127319.4243,23768.9769,-1819.1974,3865
centered_candidate_000245_2e034332,centered-gaussian,5,5,0.4,3863.8,1837,192.6,8520,3846.385,25769.8,14465,2520,54439.2,0.4,519.48,33.2,1350.6,114305.8,36964,5335.8,262017.8,245.2,0,5,0.5312,32828.4,120616.3681,23788.5423,-1730.5925,3863.8
centered_candidate_000107_2de0f488,centered-gaussian,5,5,0.4,3859.8,1334,76,9029,4162.8258,25268.2,10655,1484.6,56970.6,0.4,498.04,31.2,1326.8,160259.4,27778,2977.6,406911.6,242.8,0,4.2,0.4999,28689,196859.1444,25657.8838,-2005.4129,3859.8
centered_candidate_000176_fa3c4745,centered-gaussian,5,5,0.4,3852.4,2057,74.2,8644,3902.07,25799.4,15948,1530.8,55656.6,0.4,503.24,32.2,1362.2,116193.8,41618,2941.6,271647.6,224.2,0,4,0.4814,27195,124670.8225,24491.9375,-1876.835,3852.4
centered_candidate_000001_b18c7fc9,centered-gaussian,5,5,0.4,3838,2727,114,8118.2,3617.3579,25847.2,19737,1955.4,52799.8,0.4,524.62,32.8,1361.8,122596.6,52041,3973.2,288525.8,240.6,0,3.4,0.4951,23743.8,132473.6649,22887.7318,-1694.679,3838
centered_candidate_000038_cbc4d596,centered-gaussian,5,5,0.4,3833.6,2668,54.8,8196.6,3683.6382,25542.4,19791,1221.4,52681,0.4,505.72,32,1348.2,101206.6,48835,2331.4,229876,265,0,4.8,0.5324,32038.2,104076.0289,23165.63,-1787.0191,3833.6
centered_candidate_000085_aa395d7d,centered-gaussian,5,5,0.4,3817.8,167,63.8,9414.4,4553.9472,24800.2,2601,1427,59359.6,0.4,468.2,29,1312.8,139786.4,5871,3008,351166.2,235,0,4,0.4907,27736.6,168064.4031,28115.5064,-2213.1736,3817.8
centered_candidate_000139_171448d4,centered-gaussian,5,5,0.4,3810.8,2217,365.2,8050.2,3526.5064,25515.6,16033,3834.4,51915.8,0.4,552.74,34.2,1327,148729.8,41619,9159.4,342114,281,0,5.4,0.445,34587.6,158125.5745,22003.2729,-1398.0532,3810.8
centered_candidate_000049_e36222bf,centered-gaussian,5,5,0.4,3781.8,95,71.2,9354.2,4533.813,24545.2,1726,1511.8,58991.6,0.4,449.98,28.2,1303.8,131998.2,3716,3139.2,326682,225,0,3.8,0.4681,26308.6,157657.1287,28101.1627,-2195.7065,3781.8
centered_candidate_000211_4982d611,centered-gaussian,5,5,0.4,3771.8,2370,40.4,8217.4,3717.7416,25172.8,18127,977.8,52964.6,0.4,499.36,31.2,1331.2,113030,46353,1778.8,260157.2,258.2,0,5,0.4802,32924,119438.8995,23480.3603,-1818.4708,3771.8
centered_candidate_000070_efbfed53,centered-gaussian,5,5,0.4,3765.2,381,43.6,9245.6,4426.4063,24396.8,4139,1079,58159.6,0.4,458.88,29,1284.2,137338,8429,1897.2,342380.6,203.6,0,4,0.5676,27034.2,164017.8691,27340.3058,-2169.6031,3765.2
centered_candidate_000004_e5c38fbf,centered-gaussian,5,5,0.4,3759.2,2372,84.2,8135,3661.9999,25365,18101,1713.8,52722.6,0.4,508.78,31.8,1344.2,109146.8,51239,3375.4,253390.8,270.8,0,3.8,0.5334,28072.6,115377.9655,23055.5006,-1746.8,3759.2
centered_candidate_000012_e5692635,centered-gaussian,5,5,0.4,3748,1919,74.8,8372.2,3804.071,25000.4,14778,1457.6,53771,0.4,493.8,31.6,1311.8,160146.8,37439,2550,397246.8,197.6,0,3,0.6439,22404,188211.7211,23849.5444,-1827.2355,3748
centered_candidate_000082_842c2509,centered-gaussian,5,5,0.4,3728.2,2076,127.6,8150.2,3674.455,25114.4,16162,2039.6,52570,0.4,522.54,32.2,1318.8,173673.2,37044,4609.6,424004.2,238,0,3.8,0.5284,26307.6,198404.6918,22987.9294,-1709.6275,3728.2
centered_candidate_000042_639e5616,centered-gaussian,5,5,0.4,3725.8,1796,149.2,8255.6,3738.8809,25055,14228,2138.6,53247.2,0.4,523.04,32.2,1315.4,110649.4,30483,4840,257672.8,251,0,4,0.5459,27584.4,119120.2116,23394.8232,-1720.2405,3725.8
centered_candidate_000227_56a85944,centered-gaussian,5,5,0.4,3725.6,1759,228.4,8179,3672.2677,25077,14006,2696.2,52755,0.4,520.34,32.8,1312.8,147321.4,34097,5884.6,353372,245,0,5.4,0.4736,34147.8,163799.9521,22942.0887,-1607.7339,3725.6
centered_candidate_000130_1ece7f81,centered-gaussian,5,5,0.4,3722,1944,88.6,8250.8,3744.4587,25011,15330,1546.2,53334,0.4,517.12,31.4,1318.6,122311.8,38372,3305.2,291391.8,248.8,0,4.6,0.5289,31177.4,134452.3794,23541.8034,-1783.6293,3722
centered_candidate_000124_a1328708,centered-gaussian,5,5,0.4,3700.4,1810,96.8,8258,3763.0063,24913.4,14187,1803.6,53351.8,0.4,502.78,31.6,1312,125981.8,37662,3671,298803,227.4,0,3.8,0.585,27405.8,137895.8112,23628.7344,-1784.7032,3700.4
centered_candidate_000045_5c27d9f4,centered-gaussian,5,5,0.4,3694.6,1759,175.2,8178.8,3689.5842,24768.6,13794,2350.8,52569.8,0.4,523.08,32.4,1296.6,112085.6,35586,5179.6,259376,277.4,0,5.2,0.4693,33739,118882.124,23001.5697,-1669.5921,3694.6
centered_candidate_000016_bc0d158f,centered-gaussian,5,5,0.4,3686.6,544,127.2,8843.4,4180.5752,24410.6,4978,1944,56758.8,0.4,491.22,30.2,1280.4,124385.8,10812,4488.6,307444.4,194.8,0,3.4,0.4662,23055.6,145516.7267,26199.2224,-1963.0876,3686.6
centered_candidate_000221_d402941b,centered-gaussian,5,5,0.4,3683,1952,96,8187,3699.145,24798.8,15141,1851.4,52798,0.4,510.86,31.4,1305.8,132966.2,41695,3963.2,316134,238.6,0,3.6,0.5845,25203.8,145760.0728,23181.4111,-1753.5725,3683
centered_candidate_000206_8ede4558,centered-gaussian,5,5,0.4,3675.2,2039,96.4,8061,3649.9524,24925.2,16015,1689.4,52502.8,0.4,518.46,31.6,1312.8,137060.8,37528,3811.8,335109,220.2,0,3.8,0.5559,25241,157372.5426,23109.8426,-1728.5762,3675.2
centered_candidate_000233_fe13845f,centered-gaussian,5,5,0.4,3673,1827,164.8,8084.6,3652.0967,24903.2,14552,2377.8,52429.8,0.4,521.66,32,1310.4,143290.2,38448,5413,339857.2,245.6,0,4.4,0.5289,29304,156889.139,22901.7421,-1661.2483,3673
centered_candidate_000150_5e716783,centered-gaussian,5,5,0.4,3670.6,1776,144.4,8146.6,3689.3202,24577.2,13197,2168.8,52711.6,0.4,527,32,1287.4,103587.8,36002,4987.8,247813.2,292.6,0,5.2,0.4481,33098.4,115061.5098,23194.5779,-1700.2601,3670.6
centered_candidate_000257_6b7e393d,centered-gaussian,5,5,0.4,3668.8,2020,61.8,8097,3683.7077,24735.4,15899,1281.2,52532.6,0.4,501.8,31,1306,131346.8,39558,2707,319480.4,232.2,0,3,0.6177,23661.4,149474.5253,23309.1116,-1780.0539,3668.8
centered_candidate_000058_3ff3ee93,centered-gaussian,5,5,0.4,3662,347,75.8,9003,4292.0554,24003.6,3864,1573.8,57017,0.4,467.9,28.8,1265.6,173467.8,8469,3033.8,459180,217.2,0,4.2,0.5039,27298,231154.0732,26573.8359,-2070.2277,3662
general_top10-median-phased_37f68931,top10-median-phased,5,5,0.4,3658.6,1930,69.8,8120.6,3696.6876,24526.2,14967,1446.4,52447.2,0.4,497.26,31,1290.8,139668.2,38273,2627.2,333525.2,234,0,3.8,0.5327,26611.8,155002.94,23254.0076,-1778.5438,3658.6
general_topN-median-phased_7f2efe4e,topN-median-phased,5,5,0.4,3658.6,1930,69.8,8120.6,3696.6876,24526.2,14967,1446.4,52447.2,0.4,497.26,31,1290.8,139668.2,38273,2627.2,333525.2,234,0,3.8,0.5327,26611.8,155002.94,23254.0076,-1778.5438,3658.6
centered_candidate_000040_fc3c1cb8,centered-gaussian,5,5,0.4,3656.8,332,103,8942.8,4258.2854,24115.4,3715,1822.6,56939,0.4,489.8,29.4,1268,114392.2,8760,4042.4,278905.6,220.4,0,3.6,0.5345,24778,132999.7561,26474.5668,-2026.1427,3656.8
centered_candidate_000117_d117621e,centered-gaussian,5,5,0.4,3655.2,1696,131,8147.8,3710.9025,24611.8,13485,2114,52599,0.4,520.78,31.4,1295,133405.2,35260,4461.6,316170,267.8,0,6,0.4871,37058.8,146402.6467,23199.7028,-1724.4512,3655.2
centered_candidate_000148_63343c01,centered-gaussian,5,5,0.4,3654.4,390,140.4,8905.2,4206.9885,24068.8,4152,2167,56437,0.4,494.3,30,1262,152063.6,9724,4845,390741.4,246.2,0,4.2,0.4722,28227.6,189667.1104,25982.6373,-1963.0943,3654.4
centered_candidate_000082_6e1085ec,centered-gaussian,5,5,0.4,3651.2,181,123,9043,4314.6575,23942,2519,2035,57225.6,0.4,495.8,29.2,1254.2,114383.2,5921,4658.4,282074,215.4,0,3.8,0.4151,25377.4,134349.8247,26698.3607,-2034.3287,3651.2
general_top10-median-phased_1daead9b,top10-median-phased,5,5,0.4,3637.2,1470,99.4,8251.2,3794.235,24354.2,11678,1649.6,53253.4,0.4,513.22,31,1273.2,122997.6,27525,3808.2,300855,201.2,0,3.6,0.5775,24887.8,140878.1184,23854.0008,-1797.7175,3637.2
general_topN-median-phased_11c38298,topN-median-phased,5,5,0.4,3637.2,1470,99.4,8251.2,3794.235,24354.2,11678,1649.6,53253.4,0.4,513.22,31,1273.2,122997.6,27525,3808.2,300855,201.2,0,3.6,0.5775,24887.8,140878.1184,23854.0008,-1797.7175,3637.2
centered_candidate_000237_de2ec6ec,centered-gaussian,5,5,0.4,3633.8,291,78.8,8971,4281.4514,23861.4,3339,1601.8,56919,0.4,470.36,28.8,1258.2,157170.6,7303,3415,409979.6,230,0,4.2,0.4706,27899.8,201716.6794,26606.1375,-2061.9257,3633.8
centered_candidate_000230_47bcf997,centered-gaussian,5,5,0.4,3632.4,189,88.6,9037.4,4321.7944,23783.6,2611,1673.6,57132.8,0.4,469.56,28.6,1248.4,142913,6458,3195,356644.2,180,0,3.4,0.4548,23546.2,170755.1869,26772.1035,-2072.2972,3632.4
centered_candidate_000250_3cb0f13b,centered-gaussian,5,5,0.4,3624.2,1351,150.8,8234.6,3776.3686,24329.8,10743,2204.8,53195.2,0.4,511.46,31.2,1272.6,120569,28452,4005.8,288590,210.4,0,3.8,0.5134,26232.6,134043.3115,23697.3794,-1737.3843,3624.2
centered_candidate_000224_69c7e97a,centered-gaussian,5,5,0.4,3614.4,1543,170.2,8091.8,3683.8013,24357.2,12149,2457.2,52347.6,0.4,533.7,31.8,1274.8,137616.6,30059,5584.4,331252,277.4,0,5.6,0.4636,35496,153902.9563,23079.4275,-1671.7006,3614.4
centered_candidate_000019_85cd9b87,centered-gaussian,5,5,0.4,3613.2,1298,53.2,8360.4,3877.6037,24033.4,10485,1204.8,53769.8,0.4,488.96,30.2,1261,109208.6,26677,2231.6,262392.6,219.4,0,3.8,0.4912,26372,122328.5938,24378.9551,-1885.6019,3613.2
centered_candidate_000174_db0dea04,centered-gaussian,5,5,0.4,3610.4,1520,201.4,8036.4,3643.2567,24284.4,11494,2660.4,52093.8,0.4,521,32,1269.4,127047.4,28860,5489.2,304812,271.6,0,5.2,0.4278,33533.8,141204.3136,22895.7251,-1620.2284,3610.4
centered_candidate_000257_ff4cce00,centered-gaussian,5,5,0.4,3603,184,78,8949.2,4286.2416,23688.2,2517,1654.8,56832.8,0.4,473.2,28.4,1247.2,140905.8,6215,3363.2,355977.4,202.6,0,3.2,0.5461,23087,170340.3129,26650.9022,-2065.1208,3603
centered_candidate_000136_56908f82,centered-gaussian,5,5,0.4,3591,1579,50,8145.2,3754.0039,23982.2,12668,1161.4,52487.4,0.4,490.76,30.4,1256.8,115064.4,29847,1962,274376.4,209.6,0,4,0.4859,27286,128050.29,23621.9163,-1827.0019,3591
centered_candidate_000225_5829f2a5,centered-gaussian,5,5,0.4,3589.2,88,58.2,8976.8,4323.0232,23585.2,1806,1200.6,57345.2,0.4,444.3,27.4,1249,122391,3828,2078.8,320838.4,170.2,0,2.6,0.6054,19629.4,158385.3434,27165.3095,-2103.3116,3589.2
centered_candidate_000129_0552cd58,centered-gaussian,5,5,0.4,3588.8,488,213.4,8531.6,4000.6635,23929,4852,2659,54674,0.4,494.12,30.6,1254.2,113680.8,9904,6272.6,273675.4,245,0,4.8,0.4543,31719.2,129672.3894,24990.9981,-1786.9318,3588.8
centered_candidate_000165_2398f6d5,centered-gaussian,5,5,0.4,3582,417,62.2,8811.4,4187.2028,23707.6,4257,1368.2,56471,0.4,474.38,28.6,1250,135931,9845,2936.4,333660.4,204.4,0,3.6,0.4872,24647.6,160155.7025,26292.543,-2031.4014,3582
general_top1-phased_32daef6c,top1-phased,5,5,0.4,3567,322,49.4,8808,4208.3789,23371.8,3608,1092.6,56033.8,0.4,458.42,28.4,1224.4,153610.8,8013,1904.4,397166.4,168.4,0,3.6,0.4835,24478.6,192991.218,26288.1999,-2054.7894,3567
search_candidate_000193_6a1d6f63,random-phased,5,5,0.4,3567,322,49.4,8808,4208.3789,23371.8,3608,1092.6,56033.8,0.4,458.42,28.4,1224.4,153610.8,8013,1904.4,397166.4,168.4,0,3.6,0.4835,24478.6,192991.218,26288.1999,-2054.7894,3567
centered_candidate_000169_4a29cbd6,centered-gaussian,5,5,0.4,3566.8,91,57.8,8920.6,4294.801,23266.2,1785,1170.8,56645,0.4,438.88,27.4,1228.6,119028,3300,1887.6,296675.6,195,0,3.2,0.5788,23120.2,143035.5786,26822.7115,-2089.6005,3566.8
centered_candidate_000177_9af93cfb,centered-gaussian,5,5,0.4,3559.4,253,59.2,8811.4,4217.3859,23528.8,3141,1223,56518,0.4,463.08,28,1245.4,125698.2,7799,2112.2,318203.2,218,0,2.8,0.6544,21572.8,152331.4737,26550.2281,-2049.493,3559.4
centered_candidate_000192_bb1bbd8b,centered-gaussian,5,5,0.4,3557.4,1547,35.8,8095,3736.6558,23576.8,11683,851.8,52296.6,0.4,485.52,29.8,1232.4,107192.8,30944,1392.6,252389,210,0,3.4,0.5296,24617,118052.9866,23733.7208,-1832.5279,3557.4
centered_candidate_000017_2e545af7,centered-gaussian,5,5,0.4,3550.8,185,73.2,8883.4,4248.2016,23295.4,2495,1544.4,56245.4,0.4,466.92,28.2,1227,131227.4,6278,3047,323926,238,0,4.2,0.5124,28011,155779.3596,26368.7123,-2050.9008,3550.8
centered_candidate_000256_8f3857ee,centered-gaussian,5,5,0.4,3549,120,71.8,8853.6,4253.1222,23428.8,2112,1471.6,56694.4,0.4,451.8,27.6,1242,132632.2,4729,2756,334489.4,207.2,0,3.2,0.5851,23602.6,160261.8999,26702.8549,-2054.7611,3549
centered_candidate_000137_1517b4ef,centered-gaussian,5,5,0.4,3540.8,228,80.4,8762.4,4189.305,23463.4,3037,1560,56084.4,0.4,465.88,28.2,1242.4,147101.8,7073,3058,361858.4,237.8,0,3.4,0.6113,24779.4,174708.2443,26250.7082,-2014.2525,3540.8
centered_candidate_000182_3c2689b9,centered-gaussian,5,5,0.4,3538.8,202,75.2,8823.8,4215.6018,23303,2683,1444.4,56229.6,0.4,468.22,28,1227.8,153205.8,6913,2715,392597.4,212.4,0,3.8,0.5022,26194.4,189289.6735,26340.12,-2032.6009,3538.8
centered_candidate_000219_1b3320aa,centered-gaussian,5,5,0.4,3531.2,95,41.4,8898.8,4282.1174,23090.2,1769,985.2,56673,0.4,447.96,26.8,1221.8,135392.4,3652,1810.8,351803.4,202,0,3.4,0.5694,24188.2,171461.0815,26873.0511,-2099.6587,3531.2
centered_candidate_000254_51e7bbdc,centered-gaussian,5,5,0.4,3529.6,81,63.4,8855,4258.6584,23209.2,1626,1338,56573.8,0.4,442.42,27.4,1227.4,181690.8,3257,2433.8,450518.2,189.6,0,3.2,0.5007,22754,219196.917,26755.6887,-2065.9292,3529.6
centered_candidate_000051_c89aa7e9,centered-gaussian,5,5,0.4,3528.6,63,48.2,8846.2,4268.049,22965,1324,1082.2,56199.2,0.4,439.2,26.8,1212.4,124782.8,2906,1879.6,314240.8,194,0,3.4,0.5703,23828,151106.0211,26734.8593,-2085.8245,3528.6
centered_candidate_000198_d0a5b6da,centered-gaussian,5,5,0.4,3527.8,111,66.4,8868.4,4254.9207,23120.2,2121,1475.4,56085.8,0.4,451.22,27.4,1223.4,140277.8,4231,2877.4,345948.8,236.4,0,3.6,0.586,26162.8,167725.4852,26360.4163,-2061.0604,3527.8
centered_candidate_000152_2cc7f3da,centered-gaussian,5,5,0.4,3514.4,169,60.2,8730,4193.1076,23180.6,2566,1345.8,55738.4,0.4,468.12,27.8,1221.2,151829.2,5966,2504.8,376378.8,203.8,0,3.2,0.5722,23238.8,181474.8719,26232.6012,-2036.3538,3514.4
centered_candidate_000213_d1220078,centered-gaussian,5,5,0.4,3511.8,353,76.8,8541.4,4095.2141,23289,3837,1535.2,54801.8,0.4,467.74,28.6,1223.6,108798.6,7834,2924,267909.2,190.2,0,3.4,0.5145,23329.2,127968.0356,25716.4475,-1970.807,3511.8
centered_candidate_000083_c2964339,centered-gaussian,5,5,0.4,3501,386,64.4,8617.6,4096.1074,23289.8,3962,1362,55580.2,0.4,464.8,28.4,1231.8,126849.2,8654,2479.4,318468.4,239,0,4.4,0.4832,28857.8,151995.7277,25886.8464,-1983.6537,3501
centered_candidate_000203_6e442a33,centered-gaussian,5,5,0.4,3490.2,279,116,8520.2,4065.426,23122.4,3272,1959,54463.6,0.4,491.02,28.8,1208,106610,8912,3920.2,258173.8,199,0,2.6,0.494,19787.8,123601.1822,25354.8239,-1916.713,3490.2
search_candidate_000004_9d0ee9e2,random-phased,5,5,0.4,3489.2,1849,36.8,7795.6,3552.1504,23456.8,14695,871.4,50610.4,0.4,485.96,30,1239.2,203285.4,37925,1437.8,499231,307.8,0,3.4,0.9687,29249.4,235479.2689,22595.1766,-1739.2752,3489.2
centered_candidate_000150_8ad4feeb,centered-gaussian,5,5,0.4,3476.8,60,33,8780.2,4233.1732,22614.4,1302,803,55867.8,0.4,430.94,26.4,1198,121521.2,2360,1258,313417.8,235.4,0,3.8,0.7297,27388.6,151708.9275,26612.5002,-2083.5866,3476.8
centered_candidate_000172_dfe8599b,centered-gaussian,5,5,0.4,3475.2,201,115.2,8501,4072.4109,23134.4,2658,1834.4,54737.8,0.4,481.44,28.2,1217,114778.4,6649,3863.8,286614.4,201.8,0,4,0.5176,26321,136350.9187,25660.0649,-1921.0055,3475.2
centered_candidate_000256_f1e030b1,centered-gaussian,5,5,0.4,3466.2,251,70.6,8501.2,4085.8271,22917.2,3054,1449.4,54470.2,0.4,466.6,27.8,1201,116127.4,7757,2740.4,287715.6,158.6,0,3.2,0.5464,21784.8,137406.4491,25638.4712,-1972.3135,3466.2
centered_candidate_000247_86f20fff,centered-gaussian,5,5,0.4,3459.6,344,83.2,8415,4024.9372,23038.8,3824,1556.8,54191.6,0.4,475.44,28.4,1210.8,104958.2,8718,3042.4,254925.2,204.4,0,3.4,0.5902,24250.8,122365.8601,25329.4848,-1929.2686,3459.6
centered_candidate_000194_23d564b3,centered-gaussian,5,5,0.4,3455.8,73,41.4,8631,4173.6228,22578.4,1481,993.6,55025.4,0.4,430.66,26.8,1187.4,106148,2267,1608.6,267270,161,0,2.8,0.6325,20930,128560.0885,26229.9496,-2045.4114,3455.8
centered_candidate_000103_03d31548,centered-gaussian,5,5,0.4,3447.8,337,156.2,8286.8,3938.1478,22982.6,3637,2172.6,53299.6,0.4,490.92,29.2,1198.4,138158,9101,4748,346476,194.8,0,4,0.4733,26520.2,164837.703,24711.7733,-1812.8739,3447.8
centered_candidate_000185_b2e9328b,centered-gaussian,5,5,0.4,3444,244,82.4,8449.8,4051.0915,22913.6,2997,1614.6,54453.4,0.4,472.58,27.8,1208.2,136039.4,7460,3166.4,340592,215.6,0,3.8,0.4403,25253,162660.6866,25507.8729,-1943.1457,3444
search_candidate_000225_049f7646,random-phased,5,5,0.4,3440.6,317,138,8326.8,3961.9648,22855,3575,2108,53295.4,0.4,486.34,29,1190.6,123620.4,8322,4440.6,305737,192.4,0,3.6,0.4526,24254.8,145209.9729,24708.0637,-1842.9824,3440.6
centered_candidate_000195_3edec44a,centered-gaussian,5,5,0.4,3436.2,234,58.6,8447.2,4066.2127,22799.2,2987,1294.8,54383.4,0.4,465.38,27.6,1199.6,103224.6,7355,2558.6,254749.2,189.6,0,3.4,0.5689,23406.8,121674.3083,25649.5889,-1974.5064,3436.2
centered_candidate_000251_f3e12001,centered-gaussian,5,5,0.4,3432.8,315,131.4,8291.2,3959.7338,22920.4,3565,2068.8,53418.2,0.4,493.36,28.8,1202.2,98683,8452,4780.4,246406,241.6,0,4.4,0.4105,29076,116799.6145,24842.2095,-1848.4669,3432.8
centered_candidate_000109_7ee30eda,centered-gaussian,5,5,0.4,3431.8,659,79.2,8175.4,3874.5352,22822.2,5425,1630,52769.2,0.4,469.4,29,1195.8,113230.6,11447,3017.6,277635.8,232.8,0,3.8,0.6134,26958,131981.1528,24444.0668,-1858.0676,3431.8
centered_candidate_000115_db0e1628,centered-gaussian,5,5,0.4,3423.2,406,112.8,8235.6,3923.9883,22887.4,4109,1808.4,53302.4,0.4,479.2,28.8,1198.6,123640,8061,3556.6,305737.8,197.6,0,3.4,0.5059,23104.4,145686.3695,24784.8979,-1849.1941,3423.2
centered_candidate_000083_decf6d5b,centered-gaussian,5,5,0.4,3420.4,380,65.4,8313.8,3980.2608,22718,4095,1371.2,53454.6,0.4,467.24,28.2,1191,102450.4,9507,2748.2,250623.2,196.6,0,3.8,0.509,25658.6,119488.5865,25021.8239,-1924.7304,3420.4
centered_candidate_000143_8a0be86a,centered-gaussian,5,5,0.4,3415.6,79,47.4,8480.4,4112.0835,22434.4,1581,1082.2,54297.6,0.4,442.96,26.6,1185.4,106859.8,3285,2193,264856.4,217.2,0,3.8,0.4858,26106.2,127783.8466,25931.6416,-2008.6418,3415.6
centered_candidate_000224_02ffd567,centered-gaussian,5,5,0.4,3408.6,399,68.6,8274.6,3955.1917,22702.6,4078,1437.4,53339,0.4,468.44,28,1193.8,126470,9099,2704.6,315449.6,210.6,0,3.8,0.5308,25949.2,150384.0037,24947.4942,-1908.9958,3408.6
centered_candidate_000157_572708f0,centered-gaussian,5,5,0.4,3403.8,356,57.6,8288.4,3977.8614,22637.2,3953,1328.8,53354.2,0.4,462.5,27.8,1189.4,130456.2,8253,2203.4,327093.6,191,0,3.2,0.5439,23025.4,156317.7344,25040.2844,-1931.3307,3403.8
centered_candidate_000202_e37b9073,centered-gaussian,5,5,0.4,3399.2,84,67,8422.2,4074.4145,22583.4,1676,1457,54280.4,0.4,445.98,27,1193.4,104401,3229,2806,258049.4,186,0,3.2,0.5238,22731,124318.3286,25764.6298,-1970.2072,3399.2
general_top10-average-phased_de3869ea,top10-average-phased,5,5,0.4,3395,295,68.6,8293.4,3980.446,22549.4,3467,1488.6,53220.2,0.4,470.84,27.6,1184.2,111662,8593,2924.8,283596.8,200.8,0,3.4,0.609,24938.4,135981.5603,24970.032,-1921.623,3395
centered_candidate_000122_7a8c3017,centered-gaussian,5,5,0.4,3388.8,357,67.4,8234.8,3949.473,22703.8,3775,1435.2,53474.2,0.4,462.08,27.8,1197.4,122195.6,7797,2810.8,303538.4,196.2,0,3,0.5563,22229.6,144947.7073,25085.5067,-1907.3365,3388.8
centered_candidate_000258_cfcec04d,centered-gaussian,5,5,0.4,3385.8,253,104.2,8241.6,3956.2072,22519.2,3237,1857.2,52810.4,0.4,490.12,28,1181.6,109076.2,8385,4225.6,270012.8,249,0,4.4,0.454,29415.8,127979.3734,24730.0714,-1873.9036,3385.8
centered_candidate_000108_fd8fb9f4,centered-gaussian,5,5,0.4,3383.6,314,59.6,8280.2,3966.569,22530.2,3593,1286.4,53387.4,0.4,469.46,27.8,1183.2,157077.2,8473,2682.8,409697.2,204.6,0,3.4,0.4829,23313,201555.6272,25029.4451,-1923.6845,3383.6
centered_candidate_000197_b2011c56,centered-gaussian,5,5,0.4,3382,80,56.4,8435.6,4070.3,22492.8,1635,1242.8,54592.2,0.4,438.2,26.8,1191,117989.8,3192,2155.8,293725.4,189,0,2.8,0.6066,21101.4,141649.4272,25899.4818,-1978.75,3382
centered_candidate_000241_c1102497,centered-gaussian,5,5,0.4,3379.8,119,52,8350.6,4048.6233,22366.2,2011,1218.4,53692.2,0.4,444.12,26.8,1182.4,100067.4,3936,2333.6,247053,215.4,0,3.4,0.5766,24670.4,119050.924,25576.5892,-1972.3117,3379.8
centered_candidate_000052_a1fd1d6d,centered-gaussian,5,5,0.4,3377.6,386,94.4,8171.2,3901.3426,22645.8,4061,1778.8,52876.2,0.4,481.14,28.4,1188.4,114225.6,9264,3725.8,283504,214.8,0,3.8,0.5799,25311.4,134540.3019,24610.9908,-1856.2713,3377.6
centered_candidate_000014_d28bc1fc,centered-gaussian,5,5,0.4,3374.2,329,63.4,8217.8,3942.6135,22447,3481,1248.4,53074.8,0.4,461.34,27.8,1176.4,139727.4,7895,2012,349239,180.8,0,2.6,0.704,20543.8,167220.8266,24973.9581,-1907.9067,3374.2
centered_candidate_000125_d84cff29,centered-gaussian,5,5,0.4,3370.6,345,54.8,8207,3943.4732,22416.4,3568,1275.4,53077.6,0.4,467.96,27.6,1175.4,101126.2,8375,2480.4,248135.2,188.6,0,3.4,0.5035,23690.2,118588.1334,24965.501,-1916.9366,3370.6
search_candidate_000181_e5f18153,random-phased,5,5,0.4,3369.8,218,82.6,8251.6,3970.3743,22489,2970,1654.8,53149.2,0.4,464.04,27.6,1184.2,92961.8,5709,3013,228238.8,208.6,0,4,0.4764,26553.6,109161.3833,24965.3316,-1902.5871,3369.8
centered_candidate_000176_17bb7a71,centered-gaussian,5,5,0.4,3368.8,233,71.2,8259.2,3972.1513,22320.6,2895,1456,53010.8,0.4,468.48,27.4,1169.4,135581.2,7548,2943.2,343974.2,192.8,0,3.4,0.4999,23517.6,164800.9558,24942.4254,-1914.8757,3368.8
centered_candidate_000158_da9ddcec,centered-gaussian,5,5,0.4,3365.6,272,125.2,8168.6,3901.2869,22572.6,3276,1935.2,52916.2,0.4,490.84,28.4,1181,140479.6,8142,4241,364235.6,202.8,0,3.2,0.4675,22355.8,178663.8303,24659.3515,-1825.4434,3365.6
centered_candidate_000152_f3e71e77,centered-gaussian,5,5,0.4,3363.6,118,66.4,8290.4,4015.5933,22178.6,1955,1359.2,53084.2,0.4,445.24,27,1164.2,103980.8,3774,2435.6,260767.4,185.4,0,3,0.5916,22129.4,124870.92,25229.0973,-1941.3967,3363.6
centered_candidate_000172_b9b174c8,centered-gaussian,5,5,0.4,3356.8,347,60.4,8181.6,3921.8871,22398.8,3732,1340.2,52912.6,0.4,466.5,27.6,1178.2,149931,9185,2670.8,375533.4,211.4,0,3.4,0.4905,23939,179476.4093,24826.4857,-1900.5435,3356.8
centered_candidate_000175_5b0ee5c3,centered-gaussian,5,5,0.4,3355.4,237,85.2,8211.2,3942.3694,22456,3005,1721.4,53070.8,0.4,473.36,27.8,1181,116506.8,7561,3355.4,284853.6,215.8,0,4.2,0.4954,28153.8,136886.1374,24857.9961,-1885.9847,3355.4
centered_candidate_000221_79d9034a,centered-gaussian,5,5,0.4,3354.2,58,36.8,8331,4053.9274,22041.8,1290,869.2,53570.4,0.4,432.38,26,1160.8,104286,2398,1479.2,259947,161.6,0,2.8,0.6805,20738.6,125612.0009,25740.331,-1990.1637,3354.2
centered_candidate_000175_07081f1b,centered-gaussian,5,5,0.4,3352.8,151,59,8262,3993.0572,22301,2284,1245.4,53385.8,0.4,458.62,26.8,1172.2,131460.8,4491,2390.4,329400.6,158,0,3,0.5551,20302.2,158062.0282,25303.6519,-1937.5286,3352.8
centered_candidate_000090_ce65655f,centered-gaussian,5,5,0.4,3350.6,87,69.6,8278.2,4010.4752,22348.8,1681,1438,53650.4,0.4,449.96,26.8,1180,132846,3658,2944,349156.2,179.4,0,2.4,0.5409,18525.2,173162.7577,25488.0867,-1935.6376,3350.6
centered_candidate_000179_8d93a483,centered-gaussian,5,5,0.4,3347,146,81.2,8223.6,3972.495,22263.4,2172,1719,52922.8,0.4,476.16,27.2,1168.2,121834,5574,3407.8,298413.2,199.8,0,3.2,0.5363,22943.8,144138.774,24977.8257,-1905.0475,3347
centered_candidate_000036_66014653,centered-gaussian,5,5,0.4,3345,299,54.6,8158.8,3929.99,22257.2,3602,1262.6,52597.2,0.4,461.38,27.2,1167.8,116028.4,8123,2188.8,295621.4,173.8,0,3.4,0.6055,23318.4,142010.5863,24770.7999,-1910.395,3345
centered_candidate_000134_37e5af27,centered-gaussian,5,5,0.4,3339.6,59,48,8272.8,4026.8836,22081,1285,1205.2,53383.4,0.4,446.62,26.4,1164,115455,2528,2270.8,291742.6,194.8,0,3.2,0.5691,22729,140089.1949,25531.6703,-1965.4418,3339.6
general_top5-average-phased_2284fac5,top5-average-phased,5,5,0.4,3339.4,199,85.6,8174.6,3938.8401,22308.8,2708,1629.6,52826.6,0.4,471.76,27.4,1171.4,104636.8,6842,3097.6,257797.4,191.4,0,3.2,0.5136,22677.8,123094.5054,24871.2398,-1883.82,3339.4
centered_candidate_000089_abdb4d7f,centered-gaussian,5,5,0.4,3338,82,41.4,8291.8,4021.932,21937,1536,998.6,53205.6,0.4,437.54,26,1154.8,116570,3024,1668.2,302463,177.2,0,3,0.5584,22190.6,147209.7542,25427.7959,-1969.566,3338
centered_candidate_000034_0f2202c9,centered-gaussian,5,5,0.4,3337.6,56,34.8,8294.4,4035.718,21999,1263,855.6,53617.6,0.4,427.54,26,1161,109063.4,2289,1215.8,275047.2,170.4,0,2.6,0.7191,20263.6,132470.7811,25714.0293,-1983.059,3337.6
centered_candidate_000122_986cfbc7,centered-gaussian,5,5,0.4,3334.4,60,50.8,8266.8,4017.4349,22132.8,1396,1180.6,53554.4,0.4,442.22,26.4,1168.6,87625.6,2660,2134.6,219572.8,183.6,0,3.4,0.5406,23290.4,105222.5537,25562.6242,-1957.9175,3334.4
centered_candidate_000209_60c7c2d5,centered-gaussian,5,5,0.4,3330,84,51.6,8276.2,4002.4769,22061.8,1700,1189.8,53332.4,0.4,445.56,26.6,1163.4,116454.2,3573,2265.2,294904.4,205.4,0,3.8,0.5362,25381.6,141476.4198,25328.1328,-1949.6384,3330
centered_candidate_000182_219384c2,centered-gaussian,5,5,0.4,3329.8,342,71,8081.4,3879.7716,22327.8,3608,1423,52619,0.4,469.58,27.6,1170.6,137908.2,8887,2766.2,338632,165.8,0,3.6,0.4402,23393,163017.4742,24695.1544,-1868.8858,3329.8
centered_candidate_000204_f3d5bc90,centered-gaussian,5,5,0.4,3328.8,188,52.2,8219.2,3960.0353,22171.6,2754,1213.8,53075.2,0.4,461.28,27,1170.4,110880.4,6848,1939.6,281817.8,236.6,0,3.8,0.5823,26692.2,135167.0735,25050.3838,-1927.8177,3328.8
centered_candidate_000221_f4d95946,centered-gaussian,5,5,0.4,3325.6,73,51,8248.6,4001.8061,21928,1541,1205.6,52967.2,0.4,437.44,26.4,1155,114596.8,2541,2243,283089,199.4,0,3.2,0.5427,23030,137444.5177,25236.1772,-1949.903,3325.6
centered_candidate_000099_8628408e,centered-gaussian,5,5,0.4,3325.4,115,55.2,8203,3980.5697,22139.6,2071,1255.8,53086.4,0.4,448.88,26.8,1165.8,111937.6,3830,2316.4,279695.8,178.4,0,3.2,0.5408,22227.4,134239.444,25244.2586,-1935.0849,3325.4
centered_candidate_000133_bd835316,centered-gaussian,5,5,0.4,3323.6,183,119.6,8097.8,3892.3501,22319.6,2489,1991,52550.2,0.4,484.9,27.6,1169,125118.2,5642,4368.2,309087.8,174.8,0,3.6,0.4501,23028,147718.4721,24637.8786,-1826.575,3323.6
centered_candidate_000048_44c9e1ae,centered-gaussian,5,5,0.4,3320,83,56.8,8221.6,3983.5951,22023.8,1551,1216.8,53108.4,0.4,444.42,26.4,1157.6,124785.2,3029,2343,309884,150.4,0,3,0.451,20994.4,149707.9052,25304.4029,-1934.9976,3320
centered_candidate_000096_84ab0160,centered-gaussian,5,5,0.4,3318.4,297,114.2,8046.2,3840.4634,22267,3712,1818.4,52007.8,0.4,492.94,27.8,1167.6,108232.4,9017,3561.4,262847.4,225.6,0,3.6,0.4472,24454,125704.1281,24178.9606,-1806.0317,3318.4
centered_candidate_000162_b146b13c,centered-gaussian,5,5,0.4,3316.6,160,59.6,8166.8,3948.1449,21972.8,2275,1323.4,52539.6,0.4,467.48,26.8,1152.6,122002.6,5460,2777,309358.8,205.2,0,3.4,0.4682,22903,148237.4482,24899.9013,-1914.4724,3316.6
centered_candidate_000207_fe2aaf33,centered-gaussian,5,5,0.4,3312.6,154,69.2,8144.4,3936.1272,22079.4,2397,1498.4,52548.8,0.4,462.72,27,1161.8,168970.4,5213,2912.8,435583.8,209.6,0,3.6,0.5137,24497.4,210889.0819,24818.0697,-1898.8636,3312.6
centered_candidate_000059_f63630b8,centered-gaussian,5,5,0.4,3310.6,163,80.2,8114.6,3921.2621,22092.2,2393,1621.6,52415.2,0.4,471.12,27,1162.2,147078.4,5954,3264.8,373465.2,214.2,0,3.6,0.4993,24714.4,179099.8085,24738.1908,-1880.4311,3310.6
centered_candidate_000143_e74fc2f5,centered-gaussian,5,5,0.4,3310,107,82.4,8138.6,3941.2464,21980,1826,1625.8,52395.2,0.4,451.72,26.8,1156.6,121412.8,3696,3188.2,310013.8,205,0,3.4,0.5113,24421.8,149103.7365,24833.4819,-1888.2232,3310
centered_candidate_000140_9d79bbda,centered-gaussian,5,5,0.4,3306.4,72,46,8214.4,3982.9769,21861.2,1484,1055.2,52988.2,0.4,441.36,26.2,1152.8,106093.6,2972,2273,273893.2,201.6,0,3.2,0.6444,23566.8,132810.6153,25291.4274,-1945.4884,3306.4
centered_candidate_000073_1d33d87e,centered-gaussian,5,5,0.4,3302.6,175,49.4,8133.2,3931.9271,22032.6,2541,1137.4,52764.2,0.4,461.62,26.8,1157.4,95284.4,5300,2416.2,237113,176,0,2.8,0.5046,19552.6,113213.5041,24996.1199,-1916.5635,3302.6
centered_candidate_000011_40ad7460,centered-gaussian,5,5,0.4,3302.2,104,74.4,8136.2,3938.7724,21994.8,1904,1460.6,52537.2,0.4,450.82,26.8,1158.6,126697.4,4098,2830.4,332091.8,201,0,3.4,0.514,23575.2,164223.0744,24932.319,-1894.9862,3302.2
centered_candidate_000007_ea4cc252,centered-gaussian,5,5,0.4,3299,82,48,8164.8,3966.2412,21896.8,1651,1139.4,52771.8,0.4,441.1,26.2,1156.6,120229,2910,2088,312121.8,199.8,0,3.4,0.5143,23827.2,152067.0253,25186.4189,-1935.1206,3299
centered_candidate_000210_d9c4698b,centered-gaussian,5,5,0.4,3297.4,151,48,8134,3937.6734,21962.4,2226,1236.8,52681.8,0.4,460.6,26.8,1157.6,145822.2,4986,2394,381355,228.6,0,3.8,0.5259,26934.2,187617.8759,24981.5016,-1920.8367,3297.4
centered_candidate_000112_ca817452,centered-gaussian,5,5,0.4,3297.2,235,68.4,8066.6,3884.1964,22128.6,2717,1432.8,52567.6,0.4,466.54,27.2,1164.8,115561.4,6601,2911.4,284216.8,199.6,0,3.2,0.5984,22344.8,136423.5951,24779.5753,-1873.6982,3297.2
centered_candidate_000227_2f7eb2c8,centered-gaussian,5,5,0.4,3296.4,236,111.2,8031.8,3844.3359,22103.2,2975,1907.4,51906.2,0.4,486.76,27.6,1159.2,156250,6230,4342.6,390756.4,226.2,0,4,0.4382,25857.8,186712.665,24238.7504,-1810.968,3296.4
centered_candidate_000242_e081465f,centered-gaussian,5,5,0.4,3292.6,195,61.8,8085,3902.4896,22045.8,2637,1325.8,52557.8,0.4,465.06,26.8,1161.6,141186.2,6583,2553,352974,200.4,0,4,0.5118,26501.2,169150.9859,24846.2377,-1889.4448,3292.6
centered_candidate_000248_622623b9,centered-gaussian,5,5,0.4,3287.2,219,64.2,8070.8,3883.0133,22024.6,2895,1397,52316.2,0.4,466.3,27.2,1159.4,123389.4,7146,2778.4,308212,219.6,0,3.2,0.599,23074.8,147174.1795,24625.5998,-1877.3067,3287.2
centered_candidate_000256_e1f66820,centered-gaussian,5,5,0.4,3285.2,198,55.2,8069.4,3895.1408,21849.4,2729,1223.6,51990.2,0.4,467.8,26.8,1150.2,113235.6,6880,2368.2,295780.2,245.2,0,4.4,0.5069,28890.8,146224.1378,24601.5198,-1892.3704,3285.2
centered_candidate_000007_e8147e9b,centered-gaussian,5,5,0.4,3283.4,159,58,8090.8,3909.3505,21859.4,2331,1291.6,52274.8,0.4,464.92,26.6,1147.2,138968,6057,2594.8,356611.6,185.8,0,3,0.5103,21276.2,172113.154,24768.0038,-1896.6752,3283.4
centered_candidate_000091_8db36586,centered-gaussian,5,5,0.4,3268.6,309,48,8014.4,3838.6012,21853.2,3461,1044,52051.2,0.4,456.6,27.4,1147.6,156056.8,8489,1663.2,385559.6,219.2,0,3.6,0.6382,25936.4,186255.1512,24471.5037,-1871.3006,3268.6
centered_candidate_000087_c31929d7,centered-gaussian,5,5,0.4,3268.2,84,68,8061.4,3912.0898,21704,1608,1406.8,52056.8,0.4,440.66,26.4,1143.2,104874.6,2712,2471.2,258537.2,201.6,0,4,0.5672,26500.6,125295.5866,24774.2704,-1888.0449,3268.2
centered_candidate_000200_2ea5d647,centered-gaussian,5,5,0.4,3265.4,127,71,8034.4,3886.3778,21882.4,2117,1509.2,52109.8,0.4,460.92,26.6,1152.6,163921.8,4659,3152.6,428091.8,191.8,0,3,0.5096,21501.8,210257.4642,24657.1396,-1872.1889,3265.4
centered_candidate_000139_2ec05666,centered-gaussian,5,5,0.4,3261.8,89,70,8057.6,3901.0177,21705.2,1772,1449,51950.4,0.4,448.9,26.4,1144,131722.8,3899,2747.2,342648.2,214.6,0,4.4,0.4735,28818.2,167521.6197,24655.2537,-1880.5089,3261.8
centered_candidate_000003_c108beee,centered-gaussian,5,5,0.4,3243.4,171,77.2,7989.8,3841.2549,21715.2,2647,1583.2,51583.4,0.4,461.58,27,1144.2,150753,5358,3043.8,389126.2,248.6,0,3.8,0.5462,26893.6,188731.0122,24225.1555,-1843.4275,3243.4
centered_candidate_000201_8ff9168c,centered-gaussian,5,5,0.4,3239.6,45,35.2,8077,3921.6196,21322.8,1004,842,52147.6,0.4,426.98,25.6,1124.8,121689,1679,1308.6,307194.2,219.8,0,3,0.8307,23305.4,148163.4466,25018.2088,-1925.6098,3239.6
centered_candidate_000185_4e659b09,centered-gaussian,5,5,0.4,3237.6,91,48.8,8018.6,3887.0485,21591.2,1687,1133.4,52063.8,0.4,444.4,25.8,1139.4,123656.8,3305,1971.2,312486.4,183.4,0,3.4,0.5941,23969.8,150088.0619,24807.273,-1894.7242,3237.6
centered_candidate_000074_3615ab86,centered-gaussian,5,5,0.4,3218.2,85,51.6,8000.8,3867.1986,21431.8,1689,1150.2,51847.8,0.4,437.78,26.2,1127.8,136684.6,3274,1868.8,342673.6,193.2,0,3.4,0.5367,23361.2,165112.6287,24626.3043,-1881.9993,3218.2
centered_candidate_000217_2b22b774,centered-gaussian,5,5,0.4,2592.2,1825,86.4,6017.6,2976.3293,18365,14358,1708.4,40199.8,0.4,417.32,26.2,960,73860.4,37619,3587,183421.6,254,0,3.2,0.5826,25065.2,99357.6481,18852.7458,-1401.7647,2592.2
centered_candidate_000245_1a3152c5,centered-gaussian,5,5,0.4,2556.8,204,70,6584.2,3205.8101,17489.4,2706,1382,43126,0.4,384.3,23.8,915.4,83150.8,5815,2782,218582,268.6,0,4,0.5798,28567.8,110214.86,20358.7886,-1532.905,2556.8
centered_candidate_000003_7109a737,centered-gaussian,5,5,0.4,2556,224,97.6,6563.2,3202.0411,17710.8,2891,1678.6,43381.2,0.4,404.7,24.2,924.6,85879.2,7203,3514,229921.4,237.6,0,4,0.4797,26867,122190.4597,20438.5567,-1503.4205,2556
centered_candidate_000229_1ecc3b4e,centered-gaussian,5,5,0.4,2532,1572,65.6,5976.2,2929.952,17830.8,11815,1462.4,40120.6,0.4,412.2,25.6,928.8,93117.8,30239,3184,245515.2,261.2,0,4.4,0.5543,30297,139907.6204,18729.2979,-1399.376,2532
centered_candidate_000069_9cbb94a1,centered-gaussian,5,5,0.4,2350.2,117,66.8,6396.8,3452.4236,16337.6,2124,1390.6,42171.6,0.4,352.34,21.8,859.2,83498.2,4317,2523,235279.6,213,0,3,0.6747,23169.8,139621.7023,21680.0267,-1659.4118,2350.2
centered_candidate_000152_92c65772,centered-gaussian,5,5,0.4,2336.6,1664,43.6,5541.6,2878.1691,16597.8,13901,1037.6,37018.8,0.4,394.64,24,866.4,63732.4,33890,1835.2,160569.6,277.6,0,4,0.7087,29173.4,89919.2352,18357.883,-1395.4846,2336.6
centered_candidate_000156_63280515,centered-gaussian,5,5,0.4,2210.4,241,62.2,5914.2,3133.6753,15522.4,3173,1365.8,39203,0.4,378.6,22,804,49582.8,7915,2885.4,129685.2,223.6,0,3.8,0.5145,26149.6,68020.2828,19730.0539,-1504.6376,2210.4
centered_candidate_000081_9a085fe7,centered-gaussian,5,5,0.4,2201.2,113,57.2,5922.2,3101.8308,15448.6,2152,1253.4,39400,0.4,357.38,21.4,811.2,60679.8,3911,2193,166755.8,267.8,0,3.6,0.6673,27692.4,93496.9083,19669.0076,-1493.7154,2201.2
centered_candidate_000054_1d330ce2,centered-gaussian,5,5,0.4,2182.4,298,165.4,5760.6,3132.4879,15484.2,3342,2471.8,38212.8,0.4,395.16,22.8,795.6,74462.2,8487,5338.8,204261.4,220.6,0,4.2,0.552,28624,121403.0621,19536.6309,-1400.8439,2182.4
centered_candidate_000071_0af3f00e,centered-gaussian,5,5,0.4,2172,74,45.4,6096.4,3516.1849,14906.2,1403,1047.8,39890.4,0.4,331.14,20,780,66174,2694,1632,188659.8,228.4,0,3.4,0.732,27065.2,114418.6979,21864.5945,-1712.6925,2172
centered_candidate_000192_96f50596,centered-gaussian,5,5,0.4,2103,86,62,5788.6,3206.3801,14740.6,1762,1341.8,38328.6,0.4,349.2,20.4,767.8,55162.8,3507,2513.6,152635.2,217,0,3.4,0.6483,25095,88089.4319,20079.4927,-1541.1901,2103
centered_candidate_000215_524da2bd,centered-gaussian,5,5,0.4,2079.8,81,77.2,5700.6,3136.822,14756.2,1618,1554.2,38225.4,0.4,352.3,20.8,769,89375,3383,2894.8,254167.6,220,0,3.2,0.56,23904.8,153852.4896,19938.3724,-1491.211,2079.8
centered_candidate_000106_8ee74cf9,centered-gaussian,5,5,0.4,2061.8,121,50.2,5693.8,3190.4955,14571,2141,1133,38052,0.4,340.54,20.2,759.2,96546.8,3769,1924.6,278728.4,192,0,2.8,0.6178,22039.2,174065.3754,20178.3598,-1545.0478,2061.8
centered_candidate_000253_d5c9becd,centered-gaussian,5,5,0.4,2030.8,75,62,5599.6,3107.8611,14402.8,1560,1324.8,37621.6,0.4,350.18,20,748.2,88303.6,3002,2759.6,252880.4,185.2,0,3.2,0.5364,23213.8,155598.14,19807.2267,-1491.9305,2030.8
centered_candidate_000251_f1d02398,centered-gaussian,5,5,0.4,1981.8,103,58.4,5506.8,3138.4781,13905.4,1783,1232.6,36561.4,0.4,341.86,19.6,722.4,48938,3268,2109.8,135854.2,238,0,4,0.583,28264.6,78824.684,19699.5276,-1510.839,1981.8
centered_candidate_000004_f7df55ef,centered-gaussian,5,5,0.2,3029.8,2079,604.2,6256.8,2767.2329,20868.6,16111,5233.6,40786.2,0.2,471.12,30.8,1085.4,72861,37764,12878.8,162095,300.8,0,4.6,0.483,31310.6,76895.7018,17278.8712,-779.4165,3029.8
centered_candidate_000255_0ea76af5,centered-gaussian,5,5,0.2,2876.2,1820,56.8,6893.8,3519.3114,19230.6,13517,1190.2,44096,0.2,408.74,27,1002,74915.4,33752,2230,190050,266.6,0,4,0.7044,29057.8,103646.0212,21676.4067,-1702.8557,2876.2
centered_candidate_000008_003447d4,centered-gaussian,5,5,0.2,2829.8,2925,75.8,6048.4,2936.5141,19595,21059,1527.4,40028.2,0.2,430.22,27.8,1030.8,92076.2,55101,3100,226031.8,286,0,5.2,0.4784,34869.2,123078.3907,18691.9064,-1392.457,2829.8
centered_candidate_000093_e5445033,centered-gaussian,5,5,0.2,2801.4,1394,560.8,6135.8,2840.7064,19538.6,10868,5094.8,40572,0.2,460.42,29.4,1014,96251,27327,11504.4,242538.2,292.8,0,5,0.5852,34743,132951.3077,17833.3887,-859.5532,2801.4
centered_candidate_000108_81c85ffe,centered-gaussian,5,5,0.2,2765.2,1986,133,6522.2,3483.5407,19026,15458,1980.4,42098.8,0.2,426.46,27,996,75138.8,36348,4527.2,189696.2,268,0,4.2,0.5546,29417.8,108355.1381,21214.7802,-1608.7703,2765.2
centered_candidate_000009_f0c868fe,centered-gaussian,5,5,0.2,2672,2236,114.4,5954.8,2886.7099,18735.2,16356,1986.2,39713.4,0.2,438.3,27.4,981,69486.8,41371,4302.6,165695.4,291.8,0,4.8,0.4899,32719.2,85470.1336,18321.5605,-1328.9549,2672
centered_candidate_000035_10b20895,centered-gaussian,5,5,0.2,2666.2,386,54.2,6780.2,3273.1986,17967.8,4113,1223,43954.2,0.2,394.66,24.8,937.2,114567.6,9806,2587.4,297115.4,229.2,0,3.8,0.5203,27339,146063.2925,20701.164,-1582.3993,2666.2
centered_candidate_000149_7e983aa0,centered-gaussian,5,5,0.2,2659,1883,69,6227.2,3140.1286,18493.8,14837,1390.4,40858.4,0.2,413.3,26.2,973.8,72013.2,39043,2669.2,178143.8,278.2,0,4.6,0.5585,31751.8,96187.2548,19568.2898,-1501.0643,2659
centered_candidate_000179_51c53c67,centered-gaussian,5,5,0.2,2587.2,1428,154.6,6178.8,3132.9102,17931.2,11332,2060.8,40479.4,0.2,420.12,26.4,932.8,63261.2,24806,4261.2,160175.6,273,0,4,0.5331,28495.8,88139.0285,19492.9076,-1411.8551,2587.2
centered_candidate_000169_51281917,centered-gaussian,5,5,0.2,2585.6,290,101,6605,3212.661,17559.6,3274,1837.4,42807,0.2,392.88,24.8,918,73119,6532,3952,190280.6,274,0,4.4,0.5125,30488,95863.2559,20180.2529,-1505.3305,2585.6
centered_candidate_000142_a845b370,centered-gaussian,5,5,0.2,2579.2,1863,64,5981.8,2957.4426,18169.8,14657,1452.4,39798.2,0.2,410.78,26,957.2,70962.8,36552,2935.8,176833.6,264.4,0,4.8,0.4883,33041,96254.8391,18738.2019,-1414.7213,2579.2
centered_candidate_000206_f7e6c05d,centered-gaussian,5,5,0.2,2562.2,1529,115.4,6294.2,3487.0181,17633,11541,1969.4,40856.6,0.2,413.62,25.6,917.6,99696.2,29290,3847.2,270304.8,270.6,0,4.8,0.6099,32228.2,165690.9557,21387.4028,-1628.1091,2562.2
centered_candidate_000087_677b4763,centered-gaussian,5,5,0.2,2542.6,163,64.4,6643.4,3295.0975,17368.2,2486,1459.2,43261.2,0.2,387.26,23.4,916.2,64277.8,5903,2980,169792,252.8,0,4,0.5164,28049,87987.8971,20716.6746,-1583.1487,2542.6
centered_candidate_000123_c3e0becd,centered-gaussian,5,5,0.2,2534.6,1235,84,6149.6,3040.0519,17571,9815,1669.6,40435.8,0.2,409.12,25.6,917.8,62921.6,23522,3258,157657.4,282.4,0,4.4,0.6657,31322,81462.9983,19110.3862,-1436.0259,2534.6
centered_candidate_000183_0d60a2e5,centered-gaussian,5,5,0.2,2510,1819,105.6,5854.6,3016.3261,17399.8,13372,1679.6,38611.8,0.2,424.6,25.6,901.4,91771.2,37565,3937.4,238929,256.2,0,4,0.5126,27792.2,139936.4606,18885.7905,-1402.5631,2510
centered_candidate_000101_735d971c,centered-gaussian,5,5,0.2,2501.2,1903,51.8,5870.4,3060.0722,17597.8,14948,1242.6,38972.8,0.2,405.28,25.2,924,69788,40484,2387.4,172979.2,245.4,0,3.6,0.6327,26706.2,95780.9548,19273.5176,-1478.2361,2501.2
centered_candidate_000214_ab571a22,centered-gaussian,5,5,0.2,2491.2,327,202.8,6343,3150.3142,17353,3539,2873,41611.6,0.2,417.68,25.2,902.8,71782.6,7940,6105,189392.6,245.6,0,4.6,0.4434,29316.4,101951.4306,19709.3126,-1372.3571,2491.2
centered_candidate_000180_f78f7041,centered-gaussian,5,5,0.2,2464.2,1827,194.4,5621,2890.3973,17573.2,14382,2442,37643.8,0.2,430.32,26.2,917.2,66964.4,33601,5530.6,165923.4,264.2,0,5,0.5417,33492.8,93652.7094,18227.0765,-1250.7987,2464.2
centered_candidate_000041_74a33ddf,centered-gaussian,5,5,0.2,2462,1409,52.4,6149.4,3411.4654,16927,10885,1221.2,40089.8,0.2,395.44,24.2,880.6,113711.2,27811,2363,315752,234.4,0,3.8,0.5315,27026,196896.237,21066.9083,-1653.3327,2462
centered_candidate_000097_7e839838,centered-gaussian,5,5,0.2,2450.6,289,57.2,6357.8,3151.4997,16583,3201,1206.8,41305.4,0.2,378.56,23.4,863.4,105022,7451,2070,291005,249.6,0,4.2,0.6829,29955.2,164630.9049,19903.1682,-1518.5499,2450.6
centered_candidate_000164_92041b0d,centered-gaussian,5,5,0.2,2403,167,86,6324,3207.0268,16550,2425,1535.6,41528,0.2,375.62,23.4,865.6,70398.2,4687,2992.2,188974.6,235,0,3.2,0.6526,25512.8,100606.4763,20316.9206,-1517.5134,2403
centered_candidate_000013_f8894e80,centered-gaussian,5,5,0.2,2395,237,76.6,6293.6,3197.8607,16691.8,3083,1518.4,41642.4,0.2,380.6,23,882.4,65892.8,6751,3191.6,176717.4,254.6,0,4.4,0.5742,30220.6,95613.0978,20295.2298,-1522.3304,2395
centered_candidate_000184_0c472021,centered-gaussian,5,5,0.2,2391.6,147,79.6,6397.4,3340.1553,16504.4,2392,1623,41735,0.2,369.98,22.6,868.8,71421.6,4356,2985,196412.6,224.2,0,3.8,0.5147,26431,110722.9239,20774.4191,-1590.4777,2391.6
centered_candidate_000004_03a664b6,centered-gaussian,5,5,0.2,2365.2,238,67.8,6197.6,3124.1581,16446.6,2999,1438,40989,0.2,386.46,23,864.2,66155.6,7409,2680,177659.4,249.8,0,4.8,0.4913,32172.8,96132.8113,19871.1286,-1494.279,2365.2
centered_candidate_000202_18a06091,centered-gaussian,5,5,0.2,2362,949,119.6,6065.6,3429.0241,16471.2,8282,1946,39591.6,0.2,403.52,23.8,860,71068.6,18686,4348.4,190234,268.2,0,4.8,0.6198,32829.8,113382.0106,21202.7014,-1594.912,2362
centered_candidate_000126_8b995835,centered-gaussian,5,5,0.2,2342,171,98.2,6427.4,3635.0476,16022.6,2417,1776.8,41447,0.2,392.36,22,836,82320,5934,4067.2,230142.2,231.2,0,3.6,0.5212,25186.6,137908.9195,22213.137,-1719.3238,2342
centered_candidate_000136_5cd164f9,centered-gaussian,5,5,0.2,2335.2,119,68.2,6434.6,3584.5,15933.6,1899,1432,41728.6,0.2,353.44,21.6,837,90951.2,3706,2649.6,259777.2,213.4,0,4.2,0.4871,27806.2,158861.7586,22185.9048,-1724.05,2335.2
centered_candidate_000137_24901118,centered-gaussian,5,5,0.2,2325.4,1434,154.6,5564.2,2976.291,16375.8,11139,2143.2,36913,0.2,420.28,24.6,848.2,87531.8,25588,4822.4,234879.6,268.6,0,4.8,0.4523,30879.8,142237.3225,18616.3033,-1333.5455,2325.4
centered_candidate_000239_c497afec,centered-gaussian,5,5,0.2,2320.2,257,96.6,6080,3102.8505,16281.6,3209,1863,40292,0.2,386.7,23.2,854.2,64766.4,7428,3757,171354.4,245.4,0,3.6,0.5654,26174,90700.0551,19675.0243,-1454.8253,2320.2
centered_candidate_000075_abaf5b31,centered-gaussian,5,5,0.2,2307.8,1147,67.8,5694.2,2943.9861,16304.6,8982,1423.2,38265.2,0.2,403.54,24,851.2,64960.4,21086,2861.4,169900,265.6,0,4.8,0.5133,32070.4,95555.9792,18820.0888,-1404.1931,2307.8
centered_candidate_000005_44cf01d2,centered-gaussian,5,5,0.2,2307.4,1097,58.8,5826.4,3163.7274,16115.2,8748,1345.6,38601.6,0.2,389.46,23.4,838.8,64412.6,18777,2713,171064,232.8,0,3.8,0.6218,26918.4,98540.3922,19935.9627,-1523.0637,2307.4
centered_candidate_000025_4665eeea,centered-gaussian,5,5,0.2,2305.6,99,60,6442.6,3700.4894,15636.2,1940,1279.4,41482.8,0.2,348.04,21,818,82990.4,3672,2476.6,236790.4,182.6,0,3,0.5666,21974.6,144746.2681,22704.8281,-1790.2447,2305.6
centered_candidate_000052_a0941af6,centered-gaussian,5,5,0.2,2277,93,63.8,6096.4,3153.2565,15953.4,1876,1416.8,40625.2,0.2,366.72,21.6,844.8,63953.8,4103,2912,173973.2,224.2,0,3.6,0.5348,25107,95747.0455,20184.0184,-1512.8283,2277
centered_candidate_000066_30a215f9,centered-gaussian,5,5,0.2,2273.8,91,64,6309.8,3560.9221,15660.4,1681,1420.4,41256,0.2,348.34,21,827.2,86841.6,3125,2768.4,248136.6,215.4,0,3.6,0.5772,26723.8,151945.75,22194.8014,-1716.461,2273.8
centered_candidate_000200_5e543408,centered-gaussian,5,5,0.2,2267.6,85,55.8,6086.2,3152.5022,15717.4,1683,1271.2,40305.8,0.2,358.84,21.4,827.6,67087.6,3112,2607.4,182818.4,210,0,3.6,0.5593,26091.4,99650.0338,20131.2503,-1520.4511,2267.6
centered_candidate_000098_940782ad,centered-gaussian,5,5,0.2,2258.4,162,74.4,6029.6,3145.022,15845.4,2551,1482,40105.2,0.2,386.5,22,832.2,67262.4,6884,3022.6,183353.4,226.2,0,3.8,0.5753,25916.8,103376.773,20039.9527,-1498.111,2258.4
centered_candidate_000104_0f1084fe,centered-gaussian,5,5,0.2,2257.8,83,62.6,6334.8,3678.0365,15496.8,1671,1407.2,41141,0.2,350.48,20.6,817,102449.4,3619,2863,294710.8,204.8,0,3.2,0.6033,24170.6,183225.5897,22621.0666,-1776.4183,2257.8
centered_candidate_000043_bfccbb7d,centered-gaussian,5,5,0.2,2254.4,79,58.4,6299.8,3604.3679,15393.8,1534,1255.8,40978.2,0.2,344.84,20.8,810.6,75322,3004,2536.4,214192.2,227.2,0,3.8,0.5377,27139.2,129906.0792,22368.5266,-1743.7839,2254.4
centered_candidate_000191_fbd0c2de,centered-gaussian,5,5,0.2,2254.2,102,65.6,6062.4,3175.2126,15664.2,1791,1378.2,40098.8,0.2,361.9,21.8,823.6,69717.6,3805,2657.4,193176.2,230.8,0,4.2,0.5039,28393.2,110493.5879,20132.8586,-1522.0063,2254.2
centered_candidate_000245_2c5eaa6f,centered-gaussian,5,5,0.2,2251.6,82,47,6062.2,3152.6469,15501.2,1594,1110,39978.6,0.2,351.72,21.2,813.6,64582.6,2993,1908.8,178839.4,204.2,0,3.4,0.5504,24794.6,100846.1726,20064.9883,-1529.3235,2251.6
general_top10-median-phased_6b4df738,top10-median-phased,5,5,0.2,2240,1471,47.8,5475.6,3009.7363,15680,11600,1105.6,36365.2,0.2,389.42,23,814.6,76763,27670,2045,205370.6,240.6,0,3.8,0.6524,27005,123753.0903,19149.6747,-1457.0682,2240
general_topN-median-phased_dbcb61b3,topN-median-phased,5,5,0.2,2240,1471,47.8,5475.6,3009.7363,15680,11600,1105.6,36365.2,0.2,389.42,23,814.6,76763,27670,2045,205370.6,240.6,0,3.8,0.6524,27005,123753.0903,19149.6747,-1457.0682,2240
centered_candidate_000008_120d4bb6,centered-gaussian,5,5,0.2,2233.4,59,34.6,6306.8,3661.8081,15028.6,1328,861.6,40729.8,0.2,329.68,19.8,788.6,69646.6,2239,1324.2,199614.6,189.4,0,2.2,0.8363,20067.4,121541.1366,22706.402,-1796.3041,2233.4
centered_candidate_000062_01396cb8,centered-gaussian,5,5,0.2,2229.8,85,64,6125.6,3365.1021,15310.2,1609,1380.8,39947.8,0.2,347.22,21.2,802.8,66759.8,2990,2382.4,186436.4,220.4,0,4.2,0.56,28722.8,108132.4949,20932.0269,-1618.5511,2229.8
centered_candidate_000046_128d7ad8,centered-gaussian,5,5,0.2,2200,88,58.6,6127.6,3489.6639,15088.6,1705,1312.2,39861.8,0.2,344.18,20.8,789.2,90612.4,3339,2545.4,259716.2,198.2,0,4,0.5468,27271,160048.4147,21612.0042,-1686.2319,2200
centered_candidate_000210_79cc25a7,centered-gaussian,5,5,0.2,2185.8,60,56.2,5946.2,3165.7451,15207.8,1304,1256,39491.6,0.2,349.82,21,800.2,77739,2510,2236.8,219956.2,215.2,0,4.4,0.5379,28958.8,130406.5371,20139.528,-1526.6726,2185.8
centered_candidate_000026_c502f6db,centered-gaussian,5,5,0.2,2176.8,266,84.6,5777.4,3043.133,15223,3251,1613,38212.8,0.2,380.22,22.2,791,96944.2,7703,3321.6,273203.8,234.6,0,4.6,0.463,29978.6,165008.2549,19298.6132,-1436.9665,2176.8
centered_candidate_000114_69bef532,centered-gaussian,5,5,0.2,2164.4,518,60.8,5667.6,3010.401,15209.6,4837,1346.2,37687.4,0.2,376.34,22.2,793,70543.6,10362,2557.8,193648.2,244.2,0,4.4,0.4998,29945.4,112771.4594,19014.4867,-1444.4005,2164.4
centered_candidate_000180_a2ea3112,centered-gaussian,5,5,0.2,2159.2,304,74.6,5817.8,3202.4376,15071.6,3389,1483.4,38343.6,0.2,375.42,21.4,784,78965.8,8058,2987.4,220450.2,204.4,0,4,0.5052,26868.2,131702.14,20053.5702,-1526.6188,2159.2
centered_candidate_000043_6b6a8409,centered-gaussian,5,5,0.2,2148.8,84,53.8,5896.6,3220.4271,14890.2,1560,1264.4,38984,0.2,347.58,20.6,783.2,53363.6,2885,2516.4,147689.4,231.6,0,3.6,0.6009,26476,84779.2357,20484.3553,-1556.4135,2148.8
centered_candidate_000125_0cd0c822,centered-gaussian,5,5,0.2,2127.2,342,46.8,5735.8,3155.7529,14914.4,3808,1031.8,38201.2,0.2,365.34,21.2,779,61141,9366,1863.4,168133.4,214.4,0,3.4,0.6528,25275,98191.1555,20073.2637,-1531.0765,2127.2
centered_candidate_000127_cb4ea737,centered-gaussian,5,5,0.2,2125,109,85.2,5835,3252.7898,14878.6,2055,1688.2,38413,0.2,363.12,21,776.8,59959.4,4563,3667.4,165235.6,201.6,0,3.6,0.5755,24769.8,96149.1639,20272.5738,-1541.1949,2125
centered_candidate_000076_213880db,centered-gaussian,5,5,0.2,2123.8,286,41.4,5772.4,3194.3762,14738,3439,983.6,38033.2,0.2,365.54,20.8,767.2,64589.4,8463,1842,178798.4,211.2,0,3.4,0.7368,24769,104819.9428,20096.589,-1555.7881,2123.8
centered_candidate_000178_35f2c1a1,centered-gaussian,5,5,0.2,2113.4,206,94.6,5710.2,3133.4933,14943.6,2813,1826.6,37841.8,0.2,382.26,21.4,778.4,46852.6,7364,3943.2,123223.4,209.2,0,4.4,0.4477,27891.2,67197.6319,19636.2857,-1472.1466,2113.4
centered_candidate_000145_9318791a,centered-gaussian,5,5,0.2,2113,159,76.2,5778.6,3211.9158,14870.2,2388,1518.2,38414.8,0.2,365.4,21,776.8,83563,5801,2849.2,236561.4,197.2,0,3.8,0.5271,25840.6,143893.2599,20318.0169,-1529.7579,2113
centered_candidate_000059_397b00fc,centered-gaussian,5,5,0.2,2101.2,207,72.6,5673.2,3078.3871,14893.8,2822,1525.4,37874.6,0.2,376.72,21,781.6,66260.8,7177,2944.2,182958.2,229.8,0,3.8,0.5897,26834.6,107187.2614,19513.3712,-1466.5935,2101.2
centered_candidate_000050_453ee72c,centered-gaussian,5,5,0.2,2098.8,216,139,5668.4,3178.6022,14814.4,2764,2299.4,37378.6,0.2,390.54,21.8,765.8,66309.6,6889,5111.4,181829.2,214.8,0,4,0.4666,27568,107732.2011,19783.7855,-1450.3011,2098.8
centered_candidate_000159_d32b4d45,centered-gaussian,5,5,0.2,2093.6,224,91.8,5728.8,3266.3731,14571.2,2975,1696.6,37498.8,0.2,365.36,21.2,754,58293.4,6398,3190.6,161384,208.2,0,3.6,0.4716,24825,96298.2988,20408.2712,-1541.3865,2093.6
centered_candidate_000126_ec469378,centered-gaussian,5,5,0.2,2093.4,301,125,5568,3064.1734,14686.2,3526,1753.2,36931.8,0.2,381.08,21.8,759.6,60071.2,7267,3601.6,163436.4,236.8,0,4,0.6097,27954.8,94652.9113,19507.6637,-1407.0867,2093.4
centered_candidate_000091_188be117,centered-gaussian,5,5,0.2,2085.8,112,43.4,5715.4,3118.7782,14577,1892,1060.2,38013,0.2,345.24,20.4,766.4,65171.8,3678,1881.6,182793,227.6,0,4,0.561,28266.4,107136.765,19794.4682,-1515.9891,2085.8
centered_candidate_000241_1bb7d03c,centered-gaussian,5,5,0.2,2085,286,45.6,5620.6,3057.7013,14462.6,3449,997.8,37076,0.2,358.38,21,752,74834.8,7924,1420.2,211082.4,242.2,0,3.2,0.7078,24551,127641.7607,19386.3628,-1483.2506,2085
centered_candidate_000223_95b00f82,centered-gaussian,5,5,0.2,2079.2,356,61,5613.6,3135.2893,14418.6,3571,1258.6,37081.4,0.2,363.46,21,744.4,62311,8516,2099.4,172497,204,0,3.2,0.7188,24366.6,101964.087,19940.1502,-1506.6446,2079.2
centered_candidate_000198_6af5421b,centered-gaussian,5,5,0.2,2077.6,103,53.4,5715,3158.0513,14614,2033,1266.2,38015.8,0.2,348.48,20.4,767,72108,3803,2295.6,203462.4,197.8,0,2.6,0.7158,21258.2,121458.1903,19991.9519,-1525.6256,2077.6
centered_candidate_000160_4095d180,centered-gaussian,5,5,0.2,2076.2,64,60.2,5702.4,3120.9795,14443.8,1355,1321,37739.8,0.2,350.38,20,755.8,56727.6,2913,2739.2,156135.6,200.8,0,3.8,0.5109,25624,88297.5078,19740.494,-1500.2897,2076.2
centered_candidate_000061_05429c5f,centered-gaussian,5,5,0.2,2072.6,337,160.8,5700.2,3549.6769,14303.8,3683,2338,36772.8,0.2,363.92,20.6,740.8,70732.4,9302,4862,198097.8,227.8,0,4,0.5345,28269.4,126266.7176,21943.9841,-1614.0384,2072.6
centered_candidate_000203_03b8fdc2,centered-gaussian,5,5,0.2,2072,68,58.6,5684,3102.9374,14512.4,1421,1311.6,37891.8,0.2,349.32,20.2,762.8,60159,2844,2707.6,166723,220.6,0,4.2,0.5212,28635.2,95541.242,19802.9821,-1492.8687,2072
centered_candidate_000251_594d88d3,centered-gaussian,5,5,0.2,2066.8,164,64.8,5655.8,3141.841,14590.4,2362,1418.8,37709,0.2,356.54,20.6,765.6,68566.8,4599,2895.4,192600.6,217.4,0,3.4,0.5705,24875.4,115408.6815,19904.6879,-1506.1205,2066.8
centered_candidate_000077_31bcca13,centered-gaussian,5,5,0.2,2065.6,415,51.6,5532,3057.0363,14369.6,3965,1119.8,36641,0.2,369.7,21,745.6,75225.8,8538,2207.4,210882,250.4,0,4,0.6158,28585.2,127185.8692,19393.9892,-1476.9181,2065.6
centered_candidate_000077_1c3d13d5,centered-gaussian,5,5,0.2,2058,99,42.2,5699.6,3190.5017,14443.6,1831,983.6,38118,0.2,338.88,20,758.4,65316.2,3610,1770,184394,185,0,3,0.5753,21903.8,109908.2763,20393.5808,-1553.0509,2058
centered_candidate_000151_78033ff3,centered-gaussian,5,5,0.2,2054.6,91,59.8,5677.4,3182.0039,14406,1782,1219,37753.6,0.2,347.1,20,757.2,69821.4,3653,2098.6,197113.8,214,0,3.8,0.6039,26915.6,117642.8184,20123.9003,-1531.202,2054.6
centered_candidate_000056_32fb6101,centered-gaussian,5,5,0.2,2051.2,226,96.2,5540.4,3070.7874,14489.8,2879,1670.2,36810.6,0.2,390.26,21.2,751.8,60432.4,6889,3854.2,165338.6,242.8,0,4.2,0.4644,27719.2,96902.6976,19334.8434,-1439.1937,2051.2
centered_candidate_000232_00d17a5e,centered-gaussian,5,5,0.2,2051,300,117.4,5749.2,3654.7147,14071.2,3458,1940,36892.4,0.2,352.08,19.4,730.2,74221.8,7501,4096,211068,184.2,0,2.8,0.5153,20547.4,135815.4341,22443.4027,-1709.9573,2051
centered_candidate_000075_88744d90,centered-gaussian,5,5,0.2,2048.2,291,64.4,5558.4,3109.0875,14202,3331,1382.8,36465.4,0.2,370.2,20.6,732,88825.6,7340,2752.4,252553,204.8,0,3.6,0.5115,25041.4,156100.5725,19584.0775,-1490.1438,2048.2
centered_candidate_000253_bdd7caca,centered-gaussian,5,5,0.2,2042.8,278,75.6,5561.4,3149.9769,14228.4,3209,1468.8,36589,0.2,366.92,20.8,734.4,79277.6,8076,2886.2,223483,208.8,0,4.2,0.4764,28012.2,137083.7611,19825.9689,-1499.3884,2042.8
centered_candidate_000015_74d04ca6,centered-gaussian,5,5,0.2,2042.4,143,63.8,5623,3161.8339,14215.2,2262,1344.6,37075.4,0.2,365.02,20.4,737,70338,5232,2533.8,198399.4,213.8,0,3.6,0.565,25170.8,120147.2738,20006.1197,-1517.1169,2042.4
centered_candidate_000098_a1f55f1b,centered-gaussian,5,5,0.2,2041.8,401,69,5437.6,2977.2196,14322.2,4231,1425.8,35989,0.2,369.56,21.2,742.6,89636.6,8828,2968.8,252192.4,244.2,0,4.2,0.5457,29341.2,152889.0239,18867.3159,-1419.6098,2041.8
centered_candidate_000244_145294d6,centered-gaussian,5,5,0.2,2041.2,123,69.2,5619.8,3152.2738,14407,2142,1409.6,37416.6,0.2,345.4,20.4,755.4,65024.8,4144,2595.8,182073.4,203.6,0,3.8,0.505,25885.2,107807.8237,19895.0512,-1506.9369,2041.2
centered_candidate_000047_6134e7dd,centered-gaussian,5,5,0.2,2038.2,110,72.4,5601.8,3122.9612,14295.6,2015,1479.2,37139.8,0.2,355.6,20.2,747.4,79855.8,4058,2770,226940.6,215.6,0,3.4,0.4907,24537.2,138303.1009,19804.8848,-1489.0806,2038.2
centered_candidate_000166_e9b9aeb3,centered-gaussian,5,5,0.2,2038,225,62.4,5520.8,3025.6373,14475,3055,1313.4,36983.8,0.2,372.28,20.8,757.8,69320.2,7785,2796.6,191796.4,240.2,0,4.8,0.5084,31519.2,112566.6906,19250.9617,-1450.4187,2038
centered_candidate_000058_0f56f6f1,centered-gaussian,5,5,0.2,2037.4,109,65.2,5576.2,3068.692,14270.6,1989,1333.8,37031.8,0.2,355.34,20.4,746,70163.4,4224,2399.2,196712.4,234.8,0,3.8,0.5246,26237.2,116159.1737,19521.762,-1469.146,2037.4
centered_candidate_000218_78b4bdb8,centered-gaussian,5,5,0.2,2031.4,115,51.8,5614.4,3150.1478,14282.8,2008,1214.4,37371.2,0.2,348.22,20.2,747.8,80257.6,3830,2294.4,229469.2,209.4,0,3.8,0.5188,26518.6,141120.7569,19937.3893,-1523.2739,2031.4
centered_candidate_000058_08e846e5,centered-gaussian,5,5,0.2,2030.6,323,48.8,5771.8,3684.3465,13711.8,3457,1145.2,36946.2,0.2,339,18.8,714.4,71767.8,8761,1823.2,206009.6,235.8,0,3,0.8804,26261.4,132763.6593,22725.7701,-1793.3732,2030.6
centered_candidate_000146_e1ee70b5,centered-gaussian,5,5,0.2,2029.6,157,102.6,5517.4,3065.2458,14424.6,2317,1853.8,36815.4,0.2,389.08,20.8,752.2,67646.2,5816,4016.8,188341.2,243.4,0,4.8,0.4919,31507.6,113241.1833,19348.8627,-1430.0229,2029.6
centered_candidate_000099_dda66612,centered-gaussian,5,5,0.2,2028.4,354,58.4,5517.8,3149.6321,14118.4,3920,1285.4,36211.8,0.2,364.28,20.6,730,58950.6,8725,2349,163448.4,220.2,0,3.4,0.5465,24267.4,98277.4873,19715.4219,-1516.4161,2028.4
centered_candidate_000222_8e0b698c,centered-gaussian,5,5,0.2,2028.2,64,43.6,5677.6,3248.3489,13815.6,1392,998.2,37003.4,0.2,339.78,19.2,715,58860.4,2902,1800,165966.2,182,0,2.6,0.6196,19923,98744.4907,20437.2534,-1580.5744,2028.2
centered_candidate_000119_a7178c67,centered-gaussian,5,5,0.2,2024,348,65.8,5493.4,3128.293,14081,3662,1412,36063.6,0.2,376.6,20.8,725.8,81150.4,9421,2863.4,227807,237.8,0,4.6,0.482,31071,139043.8122,19613.5833,-1498.3465,2024
centered_candidate_000031_1078f1a2,centered-gaussian,5,5,0.2,2023.6,192,82.6,5796.4,3722.0078,13725.8,2656,1595.4,36996.2,0.2,338.56,18.4,718.2,99245,6656,3270.8,288093,224,0,4.2,0.4584,28626.6,187636.6644,22858.3596,-1778.4039,2023.6
centered_candidate_000238_ac9f9673,centered-gaussian,5,5,0.2,2019.4,48,36.2,5574,3051.7083,14008.2,1028,872.8,37187.8,0.2,324.92,19.6,732.2,70147,1678,1205.6,200120.6,186.2,0,3.2,0.7196,24232.4,119572.4295,19592.625,-1489.6541,2019.4
centered_candidate_000036_25118b6d,centered-gaussian,5,5,0.2,2017.8,302,48.4,5457,3013.7543,14242.4,3543,1141.8,36384,0.2,355.46,20.6,745,65457.4,7013,1901.8,182303.4,238.2,0,4.4,0.6083,30464.4,107402.7543,19083.9439,-1458.4771,2017.8
centered_candidate_000182_5b0b3909,centered-gaussian,5,5,0.2,2008.6,163,70,5806.4,3774.9686,13573.8,2490,1483.2,36914.4,0.2,338.38,17.6,710,61216.6,6540,2817.6,174959.8,193,0,3.4,0.5572,24119.2,112981.6896,23115.8844,-1817.4843,2008.6
centered_candidate_000018_e579ecee,centered-gaussian,5,5,0.2,2006,91,77.2,5553.8,3153.0767,13954.6,1779,1592.6,36442.4,0.2,353.7,20,726.2,62784.2,3340,3199,176218.8,230,0,3.6,0.5027,25596.8,105544.9518,19791.0448,-1499.3384,2006
centered_candidate_000074_f01347e6,centered-gaussian,5,5,0.2,2005.8,102,81,5527.6,3113.9587,13916.6,1822,1651.4,36227.6,0.2,353.08,20.2,719.4,80394.2,3838,3080,228553.2,206.8,0,3.4,0.6132,24801.4,139798.3955,19616.2898,-1475.9794,2005.8
centered_candidate_000246_82816bfc,centered-gaussian,5,5,0.2,2003.6,116,62.4,5833.6,3810.3401,13444.8,2049,1358.6,36947.6,0.2,319.32,17.4,704.4,76248,3948,2651,222017.2,192.6,0,3,0.6329,22245,145094.5472,23286.9857,-1842.7701,2003.6
centered_candidate_000133_b2513907,centered-gaussian,5,5,0.2,2002.6,90,55.4,5548.2,3123.0073,13929.2,1739,1248,36654.4,0.2,344.1,19.6,726.2,70623.2,3620,2024,201083.6,202.8,0,4,0.5319,26982,122464.1327,19784.7174,-1506.1037,2002.6
centered_candidate_000240_e99d0e7e,centered-gaussian,5,5,0.2,1999.8,92,86.8,5518,3118.2001,13901.8,1669,1641.8,36289.8,0.2,351.5,20,720.6,78603.2,3658,3092.8,223107.4,206.8,0,3.4,0.4806,23951.6,135892.4848,19651.4678,-1472.3001,1999.8
centered_candidate_000113_91cd3b1c,centered-gaussian,5,5,0.2,1999.2,95,80.4,5766.4,3679.231,13626.6,1715,1688.8,37017.8,0.2,322.48,18.2,713,82694.8,3684,3176.4,240155.6,183.6,0,3.2,0.5689,22651.2,155661.3938,22709.1901,-1759.2155,1999.2
centered_candidate_000130_a0663084,centered-gaussian,5,5,0.2,1998.6,104,49.6,5557.6,3163.4006,13804,1775,1098.6,36572,0.2,340.72,19.6,716,66063.4,3230,2002.6,187707.4,194.6,0,3,0.5823,22225.2,113905.6993,20013.4309,-1532.1003,1998.6
centered_candidate_000141_052a6157,centered-gaussian,5,5,0.2,1994.8,110,71.4,5807,3803.1473,13427.2,1952,1509.8,36886,0.2,316.5,17.2,701.8,94398.4,4242,3107,275995.2,151.4,0,2.8,0.48,19349.4,181278.7355,23367.2721,-1830.1736,1994.8
centered_candidate_000192_d7be41a8,centered-gaussian,5,5,0.2,1993.8,79,75,5491,3061.2791,14130.6,1618,1550.6,36699,0.2,345.98,20.2,743,65409.2,3334,2663.2,184315.8,237.8,0,3.6,0.7171,26900,110461.3936,19398.2215,-1455.6396,1993.8
centered_candidate_000035_9eb2d4d8,centered-gaussian,5,5,0.2,1989.6,529,94.4,5418.6,3345.423,13761.8,4944,1749.8,35084.8,0.2,357.42,20,709.8,55513.4,10597,3572.4,153339.8,212.2,0,4.2,0.5261,28004,96392.6027,20732.1178,-1578.3115,1989.6
centered_candidate_000080_d8b63b3c,centered-gaussian,5,5,0.2,1985.4,85,68,5475.6,3059.8611,14083.2,1665,1465.4,36706.6,0.2,349.32,20,737.8,65069,3396,3074,182422.6,206,0,3.8,0.5059,26366.8,108472.0241,19515.4686,-1461.9305,1985.4
centered_candidate_000022_bd4f23da,centered-gaussian,5,5,0.2,1977.6,93,62,5488.8,3123.3367,13956.2,1765,1395,36686.8,0.2,349.02,19.6,729.8,66798.8,3458,2694.4,188714.8,193.2,0,3,0.5368,21835.8,113988.7771,20029.1944,-1499.6684,1977.6
centered_candidate_000070_9a143cf6,centered-gaussian,5,5,0.2,1976.4,83,71,5773.4,3791.312,13213.2,1693,1508.8,36440.8,0.2,311.2,16.6,694.6,66697,3832,3394.6,192942.6,183.2,0,2.8,0.5041,21311.6,126151.1591,23181.646,-1824.656,1976.4
centered_candidate_000170_42820966,centered-gaussian,5,5,0.2,1975.6,86,49.6,5502.6,3132.6557,13778.2,1684,1193.8,36384.6,0.2,338.2,19.4,720.2,55547.2,3253,2164.6,156703,211.2,0,3.4,0.568,25491.2,94313.102,19741.0468,-1516.7278,1975.6
centered_candidate_000184_d8c7d3c8,centered-gaussian,5,5,0.2,1975.4,88,70,5764,3776.3412,13264,1658,1459.4,36633,0.2,302.14,16.8,700.6,72215.6,3172,3007.8,210385,199,0,3.4,0.5912,24447.2,137970.9514,23233.3018,-1818.1706,1975.4
centered_candidate_000136_5f785823,centered-gaussian,5,5,0.2,1958.8,336,84.8,5347,3126.1843,13728,3688,1664.2,35140.8,0.2,368.86,20.2,707.2,78938.4,9236,3374.2,222883.4,209.6,0,4,0.4736,26524.2,139288.1573,19587.853,-1478.2922,1958.8
centered_candidate_000248_2d0244d6,centered-gaussian,5,5,0.2,1955.8,383,65.6,5200.2,2835.4814,13903.2,3976,1366.6,34874.8,0.2,372.08,21,716.6,89783.4,8518,2631.2,254280.8,215.8,0,3.6,0.4844,25283.6,156294.9939,18080.1402,-1352.1407,1955.8
centered_candidate_000162_dd76bf55,centered-gaussian,5,5,0.2,1948.8,83,61.6,5686.2,3707.3181,13195.6,1675,1427.2,36314.6,0.2,310.26,17.2,691.2,82203.8,3333,2967.2,239946.4,170.4,0,3,0.5318,21779.8,157104.3837,22807.6907,-1792.059,1948.8
centered_candidate_000231_3368b96e,centered-gaussian,5,5,0.2,1937.6,89,46.6,5440.4,3165.3986,13418,1763,1094.4,35782.4,0.2,334.82,19.2,696.4,64837.4,3278,1668.6,185534.8,205.8,0,2.8,0.6514,22414.8,114334.7289,19953.934,-1536.0993,1937.6
centered_candidate_000144_472c3d71,centered-gaussian,5,5,0.2,1934.6,85,52.6,5614,3589.6732,13184,1679,1181.2,36349.6,0.2,314.46,17.6,689.2,108807.4,3224,2100.2,320111.2,177.6,0,3.2,0.6113,23288.4,209318.6469,22434.777,-1742.2366,1934.6
centered_candidate_000067_8e9a8ce1,centered-gaussian,5,5,0.2,1930.6,66,42.2,5457.8,3214.0557,13303.4,1370,1015.8,35929.4,0.2,329.66,18.6,689.4,60666.6,2736,1595.8,173370.2,171.4,0,2.6,0.7084,19942.2,106290.0649,20406.6318,-1564.8278,1930.6
centered_candidate_000188_bf2d0f11,centered-gaussian,5,5,0.2,1929,71,41,5383.4,3058.3057,13360.6,1510,981,35643,0.2,336.42,19,692.8,71281.8,2760,1670.8,204488.4,195.2,0,3,0.6101,22311.6,125703.3044,19543.6106,-1488.1528,1929
centered_candidate_000072_e228c354,centered-gaussian,5,5,0.2,1926,65,61.6,5644.4,3707.0296,13009.4,1430,1301.6,36245.4,0.2,291.14,16.4,688.4,80101.2,2746,2279.2,235267.6,180.4,0,3.2,0.6152,23347.8,154955.7376,23110.4284,-1791.9148,1926
centered_candidate_000181_10335645,centered-gaussian,5,5,0.2,1921.2,223,81.4,5238.2,2968.072,13607,2972,1533.2,34874.6,0.2,371.08,20.2,706.4,66072.6,7311,2990.4,184235.2,259,0,4.6,0.5141,30854.6,111177.2868,18858.4619,-1402.636,1921.2
centered_candidate_000104_ebdaf9b5,centered-gaussian,5,5,0.2,1914,189,67.4,5339,3171.531,13410.8,2634,1469.8,35178,0.2,357.62,19.4,693.4,52416.6,7259,2763,145744,204.4,0,3,0.5686,21841.6,89224.727,19998.002,-1518.3655,1914
centered_candidate_000153_b595480b,centered-gaussian,5,5,0.2,1912.2,64,53.8,5619,3704.4047,12819,1418,1163,35909.2,0.2,284.46,16,677.2,64122.8,2608,1905.2,187895.2,170.6,0,2.8,0.6588,22248.2,123561.2038,23035.8085,-1798.4023,1912.2
centered_candidate_000055_37385f6c,centered-gaussian,5,5,0.2,1911.8,89,63.4,5319.6,3051.3022,13474.8,1653,1378,35478.6,0.2,349.22,19.4,702,60162.4,3318,2789.2,169468.2,220.6,0,4,0.5023,27228.8,102294.0513,19450.5163,-1462.2511,1911.8
centered_candidate_000060_0c627907,centered-gaussian,5,5,0.2,1902.4,169,92.8,5434.8,3484.4788,13218.4,2552,1789.6,35234.4,0.2,345.5,18.2,688.2,59303.6,6150,3594.8,168149.6,192.8,0,4.2,0.4874,27542.6,107624.0558,21583.2073,-1649.4394,1902.4
centered_candidate_000215_2244acaa,centered-gaussian,5,5,0.2,1901.6,468,51.6,5189.8,3102.252,13276.2,4332,1210.8,34307.8,0.2,349.2,19.6,686.6,57552.8,11177,2000,160387.4,233.2,0,3.4,0.6891,26541.2,99848.3431,19650.5725,-1499.526,1901.6
centered_candidate_000163_343760ae,centered-gaussian,5,5,0.2,1901.2,87,60,5502.8,3509.5215,12970,1725,1337,35451.4,0.2,316.92,17.4,676,55679.2,3510,2441.6,160128.8,172,0,3,0.5289,21893.4,102667.9202,21731.8773,-1694.7608,1901.2
centered_candidate_000035_b7f078b5,centered-gaussian,5,5,0.2,1901,93,72.8,5331.4,3142.3388,13416.8,1684,1472.8,35502.4,0.2,336.58,18.8,701,80748.4,3212,2926.4,232663.6,181.6,0,3.6,0.504,24555.6,146851.5064,19899.9839,-1498.3694,1901
centered_candidate_000070_84c23ec0,centered-gaussian,5,5,0.2,1896,58,38,5589.2,3682.0376,12806.8,1279,887.6,36207.6,0.2,282.8,15.8,677.8,74778,2491,1579.8,220209,149.8,0,2.2,0.7151,18495.8,145148.7971,23224.4927,-1803.0188,1896
centered_candidate_000259_b8f0260e,centered-gaussian,5,5,0.2,1892.8,87,59.4,5286,3050.8662,13214.6,1628,1283.6,35024.6,0.2,335.52,19,686.8,59933.6,3021,2086.2,170211,210.2,0,3.2,0.6819,24253.6,103552.8434,19414.5841,-1466.0331,1892.8
centered_candidate_000050_3ae50842,centered-gaussian,5,5,0.2,1890.8,90,73,5293.6,3103.6689,13251.8,1626,1446.2,35090.4,0.2,344.46,19,689.2,69775.6,3323,2600,199107.4,215.6,0,3.6,0.5654,25793,122999.5041,19660.3414,-1478.8344,1890.8
centered_candidate_000010_c6029344,centered-gaussian,5,5,0.2,1886.8,94,60.4,5512,3618.6306,12920,1748,1315.2,35767,0.2,303.08,16.2,682.6,72654.4,3374,2664.4,211831.4,154,0,2.6,0.5494,19091,138815.446,22758.3406,-1748.9153,1886.8
centered_candidate_000105_10931b6b,centered-gaussian,5,5,0.2,1885.6,219,56.2,5399.4,3461.8852,13002.6,2970,1253,35025.8,0.2,337.08,17.8,674.8,63578.2,6399,2435.4,182183,175.4,0,3.2,0.5087,22788.4,117158.6061,21560.1959,-1674.7426,1885.6
search_candidate_000029_372a39c8,random-phased,5,5,0.2,1885.4,42,37.6,5572.4,3679.3139,12466.8,1011,887,35452.6,0.2,269.24,15.2,662.6,46713.8,1630,1165.2,137310.8,202.2,0,3,0.7078,23541.2,90332.9057,22857.7494,-1802.057,1885.4
centered_candidate_000107_f265de9d,centered-gaussian,5,5,0.2,1884.2,65,54.4,5535,3648.4033,12636,1342,1217.8,35353.4,0.2,295.06,15.8,664,70405,2620,2518.6,206077,159.8,0,3,0.5609,20987.2,135646.0133,22667.6364,-1769.8017,1884.2
centered_candidate_000132_e33095f9,centered-gaussian,5,5,0.2,1883.8,115,48.2,5260.4,3043.2289,13213.2,1994,1063.6,34986,0.2,332.86,18.8,689.6,71368.6,3571,1895.2,204518.2,209.6,0,3.8,0.5456,26623,126536.4864,19320.5408,-1473.4145,1883.8
centered_candidate_000249_4e0785e3,centered-gaussian,5,5,0.2,1878.8,172,89.2,5222.6,3093.902,13309,2499,1654.4,34700,0.2,368.1,19.4,687.6,51110.2,6146,3173.8,141298.6,205,0,4,0.4731,26253,85021.713,19537.9555,-1457.751,1878.8
centered_candidate_000186_96626599,centered-gaussian,5,5,0.2,1877.6,347,91.8,5230.8,3293.4796,13041.6,3753,1691,34029,0.2,342.82,19,671.6,50193.6,8771,3272.2,139467.6,195.6,0,4.2,0.4782,27356.8,88172.0583,20605.0088,-1554.9398,1877.6
centered_candidate_000135_77e58127,centered-gaussian,5,5,0.2,1875.8,189,91.2,5322.8,3372.7289,12956.4,2528,1697.8,34481.2,0.2,342.98,18.4,669,50179,6070,3237.2,140984.6,195.8,0,3.8,0.4979,25703,89288.5947,20971.1088,-1595.1644,1875.8
centered_candidate_000126_5f56ac7f,centered-gaussian,5,5,0.2,1874.2,186,85.4,5214.2,3105.6491,13200.6,2599,1662.2,34434.2,0.2,352.86,19.6,680.8,106008.4,6338,3317.6,306543.6,210.2,0,3.8,0.5063,26524.2,196521.7555,19608.4338,-1467.4246,1874.2
centered_candidate_000246_1208a073,centered-gaussian,5,5,0.2,1873.4,66,60,5314.6,3189.9602,13018.6,1371,1329.6,35004,0.2,324.92,18.4,676,55503.8,3046,2338.2,158298.2,181,0,3.4,0.5417,23866.6,98409.3172,20122.0734,-1534.9801,1873.4
centered_candidate_000092_9f0b38ef,centered-gaussian,5,5,0.2,1869.4,141,72.2,5240.8,3125.197,13069.8,2263,1348.2,34602.4,0.2,344.88,19.2,676.4,44578.6,5607,2621.6,123850,227.4,0,3.8,0.6785,28061,75520.0919,19764.3461,-1490.3985,1869.4
centered_candidate_000030_937eb748,centered-gaussian,5,5,0.2,1867.4,253,62.2,5233.8,3200.5055,13002.2,2995,1321.8,34440.6,0.2,342.02,18.8,672.8,51032,6557,2733.6,143235.4,212,0,2.8,0.6275,21934,89612.4548,20313.9079,-1538.0527,1867.4
centered_candidate_000095_db4f2266,centered-gaussian,5,5,0.2,1846,335,65.4,5189.8,3289.7756,12725.4,3571,1341.6,33690.4,0.2,341.12,18,655.4,52525.2,8426,2767,147390.8,184.2,0,3.8,0.4715,25849.4,93605.1478,20536.6364,-1579.4878,1846
centered_candidate_000001_55d35d06,centered-gaussian,5,5,0.2,1843.2,112,75.4,5189.2,3115.7358,12983.8,2064,1509.4,34280.8,0.2,345.08,18.8,676.8,62209.2,3734,2736.8,177092.4,242.2,0,4,0.6056,28672.6,110035.6085,19562.5915,-1482.4679,1843.2
centered_candidate_000092_1fe40595,centered-gaussian,5,5,0.2,1840.8,78,42.4,5341.2,3401.1792,12632.6,1632,984.2,34814.8,0.2,305.32,17,659.8,51830.6,2969,1670.4,149647.6,168.2,0,2.8,0.6159,21257.8,95745.002,21326.7016,-1658.1896,1840.8
centered_candidate_000118_0fde876b,centered-gaussian,5,5,0.2,1835.6,103,75,5305.4,3421.3025,12609.8,1902,1556.6,34222.8,0.2,325.06,17.2,655.6,60779.8,3706,3054,174986.8,186,0,3.6,0.5037,24333.4,113036.6319,21231.3767,-1635.6513,1835.6
centered_candidate_000250_abfbc37c,centered-gaussian,5,5,0.2,1834,86,71.2,5344,3506.0143,12484.6,1700,1472.4,34283.2,0.2,305.48,16.2,656,87127.6,3612,3049.4,254764.6,188.8,0,3.4,0.5248,24070.2,167504.9478,21755.1486,-1681.8072,1834
centered_candidate_000069_b5fccd1d,centered-gaussian,5,5,0.2,1833.8,338,126.8,5046.6,3158.6966,12964.2,3708,1958.4,33271,0.2,364,19,667.6,76827.2,8146,4570,217390.4,201,0,4.4,0.4852,28536.6,139263.8453,19858.2577,-1452.5483,1833.8
centered_candidate_000146_fe0035ee,centered-gaussian,5,5,0.2,1828.8,73,60.8,5328,3458.0203,12451.4,1547,1337.8,34265,0.2,310.66,16.6,648.4,57683,3348,3022.8,166316.4,171.2,0,3,0.5096,21646.4,107933.3906,21432.7735,-1668.2102,1828.8
centered_candidate_000147_d8f12449,centered-gaussian,5,5,0.2,1827.6,196,97.2,5186.8,3309.0492,12738.6,2653,1848.8,33734,0.2,340.38,17.8,661.8,51316.2,6328,3446.6,144348.8,198.4,0,3.6,0.463,25080.6,91928.2541,20648.8111,-1557.3246,1827.6
centered_candidate_000091_7dc4af01,centered-gaussian,5,5,0.2,1826.6,206,91.8,5174.6,3283.5605,12701,2742,1809.8,33545,0.2,338.12,18,660,51493,6319,3398.4,144920.2,221.2,0,4.2,0.4869,27591.2,92248.0928,20403.1496,-1549.9803,1826.6
centered_candidate_000065_f5e5f414,centered-gaussian,5,5,0.2,1820.2,80,58.6,5294.8,3427.4659,12542.4,1736,1347.2,34314.6,0.2,320.88,16.8,653.4,61438,3723,2810.6,177230.8,165.4,0,3.2,0.5525,21975.8,114597.0963,21310.6355,-1655.133,1820.2
centered_candidate_000062_8d111efe,centered-gaussian,5,5,0.2,1813.6,94,72.2,5246.2,3386.2642,12535.4,1747,1467.6,34144.8,0.2,325.64,16.8,652.6,57693.4,3620,2832.2,165970.4,163,0,3.4,0.5195,22983.6,107061.6198,21193.9596,-1620.9321,1813.6
centered_candidate_000155_7e96fa66,centered-gaussian,5,5,0.2,1812.4,209,62,5142,3226.189,12658,2943,1326,33672.4,0.2,337.12,18.2,653,66207,7053,2540.4,189073.2,181.6,0,3.4,0.6144,24575,120959.7739,20265.7538,-1551.0945,1812.4
centered_candidate_000002_eeacef07,centered-gaussian,5,5,0.2,1808.8,327,82.8,5053.8,3192.1263,12813.4,3689,1617.2,33440.8,0.2,346.82,18.4,663.6,66988.2,8827,3302.6,189629.8,183.8,0,3.4,0.5358,23705.8,121475.257,20211.6301,-1513.2632,1808.8
centered_candidate_000247_8b9c6a60,centered-gaussian,5,5,0.2,1804.2,298,115.6,5015,3159.8572,12712.6,3301,1978,32953.4,0.2,359.26,18.4,655.4,54869.8,7731,4196.4,152781.8,201,0,3.8,0.4557,25021.4,96983.1431,19869.8234,-1464.3286,1804.2
general_top10-average-phased_a54a44cc,top10-average-phased,5,5,0.2,1803.6,292,87.8,5045.2,3175.3122,12618.2,3360,1648.2,32959.8,0.2,352.3,18.2,650,92919.8,8116,3415.2,267630.8,199,0,3.4,0.4646,23891,173251.1637,19802.8442,-1499.8561,1803.6
centered_candidate_000156_400bc75c,centered-gaussian,5,5,0.2,1802.4,89,60,5221.6,3352.9463,12490.6,1699,1304.2,34192.6,0.2,319.02,16.8,650.8,68056,3316,2852.4,197181,157.2,0,2.8,0.5158,19904.8,127742.3422,21130.2374,-1616.4732,1802.4
centered_candidate_000047_f7685543,centered-gaussian,5,5,0.2,1802,88,36.8,5119.4,3069.1065,12558,1666,855,34080,0.2,310.6,17.6,657.6,70910.8,3005,1186.2,205972.8,211.4,0,3,0.7486,24140.6,130450.9495,19683.5512,-1497.7533,1802
centered_candidate_000220_e4462c1f,centered-gaussian,5,5,0.2,1800.4,241,171.6,4975,3141.8559,12855.4,3070,2385.6,33009,0.2,362.48,18.8,665.6,80766.2,7385,5162.4,229760.6,213,0,4,0.5146,28120.8,148422.277,19859.1238,-1399.3279,1800.4
centered_candidate_000021_6eff97b2,centered-gaussian,5,5,0.2,1798.8,82,55.8,5171.6,3235.8259,12398.4,1653,1260.4,33727.6,0.2,323.66,17.4,642.4,57794.6,3376,2530,166014.2,195.6,0,3.8,0.4824,26123.8,105821.0546,20373.0553,-1562.113,1798.8
centered_candidate_000055_db037b76,centered-gaussian,5,5,0.2,1798.6,194,72.2,5105.4,3215.7749,12637,2549,1445.6,33766.2,0.2,336.74,18,655.8,57979.4,6202,2866.6,164771,195.2,0,3.6,0.5832,25304.8,105134.3389,20435.0795,-1535.6875,1798.6
centered_candidate_000154_c50c3d03,centered-gaussian,5,5,0.2,1793.6,95,63.6,5184.2,3324.8509,12365.4,1765,1326.6,33722.8,0.2,313.48,16.8,645.6,41222.6,3914,2494.8,116672.2,189.2,0,3.4,0.5637,23945.4,74162.2645,20810.7745,-1598.8254,1793.6
centered_candidate_000029_633c6a3d,centered-gaussian,5,5,0.2,1792.4,73,51.6,5252,3452.8265,12354.6,1602,1198.4,34291,0.2,299.58,15.6,652.4,55978.4,3462,2373.2,162182.4,156.6,0,3,0.5487,21276.6,105993.2768,21850.2075,-1674.8132,1792.4
centered_candidate_000214_3bea4b04,centered-gaussian,5,5,0.2,1792,203,106,5064.4,3232.6473,12610.4,2801,1868.8,33170.8,0.2,354.14,18,649.8,60923.8,7035,3816.8,172171.8,178,0,3.4,0.4866,23577.4,110401.2905,20261.4027,-1510.3236,1792
centered_candidate_000017_534f6993,centered-gaussian,5,5,0.2,1787.8,98,61.4,5135.8,3237.009,12403.2,1907,1352.4,33497.6,0.2,316.34,17.6,644,39597.2,3545,2464.2,111635.4,196,0,3,0.6133,22417.4,70044.4186,20278.4623,-1557.1045,1787.8
centered_candidate_000140_59d9ae91,centered-gaussian,5,5,0.2,1786.8,93,49.4,5218.6,3419.1943,12229.8,1729,1111.2,33849,0.2,284.94,16,642.8,52071.8,2942,1721.8,151508.6,161.6,0,3.2,0.599,23014.8,99131.8145,21469.8357,-1660.1972,1786.8
centered_candidate_000171_c7192b60,centered-gaussian,5,5,0.2,1786.4,157,97.6,5087.8,3253.9746,12587.2,2291,1804.8,33471,0.2,340.42,17.6,655.2,51924.4,5787,3785.8,146189.8,192.8,0,4,0.458,25818.2,93313.4078,20411.2825,-1529.3873,1786.4
centered_candidate_000109_36adceb5,centered-gaussian,5,5,0.2,1785.6,193,87.6,5059,3198.4621,12627.8,2815,1628,33421.4,0.2,337.22,18,656,56324.4,5597,3086.2,159984.6,189.2,0,3.2,0.527,22751.4,102102.8422,20213.0425,-1511.6311,1785.6
centered_candidate_000106_7437461b,centered-gaussian,5,5,0.2,1782.8,123,44,5182.2,3367.4859,12206.8,2097,988.6,33631.6,0.2,306.96,16.4,638.8,54853.8,4275,1787.2,158615.8,200.8,0,2.8,0.7895,23380,103135.475,21157.0601,-1639.743,1782.8
centered_candidate_000022_cb5c09ad,centered-gaussian,5,5,0.2,1782,79,58,5110.8,3179.3786,12382.6,1755,1270.6,33518.4,0.2,321.76,17.4,642,62105.6,4192,2644.6,178289.6,180.8,0,3.2,0.4877,22768,113681.3419,20048.7661,-1531.6893,1782
centered_candidate_000007_d65cd4a9,centered-gaussian,5,5,0.2,1780.8,78,64.8,5168,3334.3215,12397.8,1665,1420.8,33843.6,0.2,322.84,16.6,647.2,56831.2,3640,3021.8,163011.2,164,0,3.2,0.5001,22170.8,104691.713,20952.3845,-1602.3608,1780.8
centered_candidate_000028_de759a40,centered-gaussian,5,5,0.2,1779.4,66,46,5170.2,3302.8569,12171.4,1294,1040,33698.6,0.2,303.44,16.4,634.6,48747.6,2728,1723,140805.2,178.2,0,2.6,0.7247,21261.4,90180.7318,20769.8022,-1605.4285,1779.4
centered_candidate_000016_ab8be6a3,centered-gaussian,5,5,0.2,1779,85,52.2,5139,3256.8982,12222.4,1613,1121.8,33529.8,0.2,310.34,17,631.8,57088,2650,1793,165599.2,161,0,2.8,0.5111,20517.6,106351.3433,20497.7206,-1576.2491,1779
centered_candidate_000012_2e6b6e61,centered-gaussian,5,5,0.2,1776.8,226,65,5044.8,3205.2163,12544.2,3076,1390.2,33311.8,0.2,342.48,17.8,652.4,57619.8,6634,2843.2,163614,206.6,0,3.8,0.5428,26428.8,104686.4029,20283.435,-1537.6082,1776.8
centered_candidate_000037_19e05e9f,centered-gaussian,5,5,0.2,1773.2,93,60.6,5108,3243.6945,12358,1851,1266,33544.4,0.2,323.08,17,645.8,48203.4,3818,2611.8,137153,202.4,0,3.6,0.4982,24790.8,87122.0032,20447.0506,-1561.2473,1773.2
search_candidate_000162_f9e22060,random-phased,5,5,0.2,1771.6,85,73,5117.6,3284.2048,12377,1703,1490.8,33626,0.2,315.84,17,647.8,40244.4,3328,3120.2,113630,192.4,0,3.8,0.4891,25818.4,72352.4589,20720.4396,-1569.1024,1771.6
centered_candidate_000151_1cabbae0,centered-gaussian,5,5,0.2,1771.4,95,48.4,5077.6,3154.9442,12347.4,1722,1117.2,33533.6,0.2,313.14,17.2,644,60459.8,3387,1998.2,174617.2,188.2,0,3.2,0.5363,23460.2,111591.5696,20037.0734,-1529.0721,1771.4
centered_candidate_000155_c2ea21b9,centered-gaussian,5,5,0.2,1771.2,211,127.6,4956.6,3127.9882,12614,2850,2157.6,32743.8,0.2,355.94,18.4,651.2,73258.6,6000,4340.4,209124.8,194.4,0,3.2,0.5341,22642.4,134846.0505,19754.7123,-1436.3941,1771.2
centered_candidate_000024_a7c407a3,centered-gaussian,5,5,0.2,1770.6,138,76.8,5079.8,3255.0503,12367.2,2286,1551.4,33182,0.2,334.82,17.4,641.2,41871.6,5399,3070,117052.4,193.2,0,3.6,0.4938,24600.6,73933.24,20349.4434,-1550.7251,1770.6
centered_candidate_000146_4e92d2f9,centered-gaussian,5,5,0.2,1769.2,346,66,4947,3120.5199,12516.8,3682,1421,32852,0.2,342.42,18.2,652,48660.8,8810,2884.4,135371.6,244,0,3.6,0.712,28511.2,85551.6481,19895.6016,-1494.26,1769.2
centered_candidate_000138_49c2296c,centered-gaussian,5,5,0.2,1768.8,165,86.2,5064.8,3271.8773,12325.8,2366,1691.6,32992.8,0.2,342.78,17,637.6,75878.6,4891,3865.2,218631.6,174.2,0,3,0.4584,20724.6,141934.1782,20443.6803,-1549.7387,1768.8
centered_candidate_000231_0e87d5a7,centered-gaussian,5,5,0.2,1764.6,121,75.8,5048.4,3202.5891,12365.4,1976,1496.4,33230.2,0.2,335.16,17.4,641.4,68640,4021,3106.4,197736.2,189.8,0,3.2,0.5112,22803,127297.0418,20203.897,-1525.4946,1764.6
centered_candidate_000238_ab672b1c,centered-gaussian,5,5,0.2,1763.2,65,58,5114.6,3272.5518,12180.4,1355,1295.6,33454.2,0.2,311.9,16.6,634.8,58171,2774,2327.8,168412.6,180.8,0,3.6,0.5125,24335.4,108591.5824,20616.7665,-1578.2759,1763.2
centered_candidate_000185_d0a09504,centered-gaussian,5,5,0.2,1760.4,91,61.4,5073,3217.7708,12216.6,1702,1314.6,33207.4,0.2,324.1,17,632.4,68764.2,3685,2690.2,198807.8,171.6,0,2.8,0.5062,20265.6,127968.7548,20211.547,-1547.4854,1760.4
centered_candidate_000086_1f451f36,centered-gaussian,5,5,0.2,1759.8,76,51,5150,3375.1685,12172.8,1623,1237.8,33681.4,0.2,298.76,16,639.2,57705.8,3204,2337.8,167651.4,162.2,0,2.4,0.6167,19131,109670.6338,21353.5186,-1636.5843,1759.8
centered_candidate_000240_e04ee77d,centered-gaussian,5,5,0.2,1759.6,85,50,5143.8,3377.7724,12025.8,1617,1057.2,33396.8,0.2,283.3,15.8,630.6,44583.2,2834,1632.2,129208.4,158.6,0,2.6,0.6219,20517,84286.4161,21257.0909,-1638.8862,1759.6
centered_candidate_000098_fd33c603,centered-gaussian,5,5,0.2,1758.8,78,60.2,5131.8,3356.1776,12159.6,1600,1295.6,33527.2,0.2,295.64,16,641,41869.4,3002,2290.6,119977.4,185,0,2.8,0.5653,21474.2,77476.2982,21168.1278,-1617.8888,1758.8
centered_candidate_000198_7d0597af,centered-gaussian,5,5,0.2,1757,114,44.8,5085,3255.4989,12174,1922,1108.4,33288.8,0.2,318.76,16.8,632.4,109184.2,3764,2100.4,321061.2,179.8,0,3.8,0.5571,26008.4,210251.4392,20470.1674,-1582.9495,1757
centered_candidate_000060_b22090eb,centered-gaussian,5,5,0.2,1756.8,64,54,5103.8,3273.5333,12136.4,1374,1215.2,33422.6,0.2,309.76,16.6,632.8,63348.6,2726,1862.8,184503,185.6,0,2.2,0.8164,19545.6,119487.7123,20675.3476,-1582.7667,1756.8
centered_candidate_000105_c986dcfb,centered-gaussian,5,5,0.2,1755,178,64,5016.8,3198.845,12375,2486,1442,33184.4,0.2,335.12,17.4,643.8,61612.2,5521,3029.8,176223.6,193.6,0,3.8,0.4447,25300.2,113362.2577,20306.0451,-1535.4225,1755
centered_candidate_000039_e70d0139,centered-gaussian,5,5,0.2,1754,181,102.8,4975.8,3186.9634,12374.6,2553,1831,32715.8,0.2,345.78,17.4,642,55633.4,5710,3952.4,157150.4,192.4,0,4.2,0.4762,26911.4,100888.003,20017.5936,-1490.6817,1754
centered_candidate_000183_bb4c949c,centered-gaussian,5,5,0.2,1752,124,67,5014.4,3167.5764,12267.2,2003,1436.2,32992.6,0.2,330.28,17.2,634.2,93642,4296,2975.6,272644.6,161.6,0,3.4,0.4172,22262.6,177067.3675,20018.7273,-1516.7882,1752
centered_candidate_000114_062a447a,centered-gaussian,5,5,0.2,1750.6,79,57.4,5116.2,3360.2213,12038.8,1594,1346.4,33183.4,0.2,298.56,16,630,57563.4,3295,2592.6,166797,170,0,3.2,0.4967,22204.4,108961.7213,21082.5604,-1622.7107,1750.6
centered_candidate_000204_d1bec027,centered-gaussian,5,5,0.2,1748.6,109,72.4,5040,3244.3268,12183,1972,1413.4,32988,0.2,319.24,16.8,634.4,57869.8,4055,3095.4,165949.4,182.4,0,3.6,0.503,24440,107008.4921,20355.4468,-1549.7634,1748.6
centered_candidate_000243_331d456d,centered-gaussian,5,5,0.2,1748,86,65.4,5046.4,3220.6404,12202.6,1735,1406,33124.2,0.2,315.16,16.8,636.8,54413.8,3311,2585.4,156208,182.8,0,3.6,0.4893,24965.4,99786.3138,20273.8143,-1544.9202,1748
centered_candidate_000174_35a2f70c,centered-gaussian,5,5,0.2,1745,79,48.4,5057.4,3228.9095,12125.8,1609,1096.4,33323.6,0.2,308.18,16.6,630.4,55736.2,2674,1953.6,161481.2,153.2,0,2.8,0.5069,19760.6,103890.8183,20510.5591,-1566.0547,1745
centered_candidate_000063_bb0cea27,centered-gaussian,5,5,0.2,1743.6,296,63.6,4916,3125.968,12322.2,3234,1396.4,32634,0.2,339.66,17.4,640.8,61468.2,7620,2579.8,175164.2,201,0,3.6,0.5591,25309.2,112691.1123,19874.9108,-1499.384,1743.6
centered_candidate_000243_9f5efb58,centered-gaussian,5,5,0.2,1743.6,102,75.4,5051.6,3295.258,12110.4,1797,1664.8,32837,0.2,303.96,16.4,632.6,53232,3591,3204.8,152824.6,164.8,0,2.4,0.527,18343.8,99325.212,20619.822,-1572.229,1743.6
centered_candidate_000175_a450c074,centered-gaussian,5,5,0.2,1742.6,182,81,4971.2,3189.3276,12191.4,2548,1620.4,32456.2,0.2,340.82,17.2,631,53781.2,5883,3194.2,152474.4,198.6,0,3.2,0.5255,22599.6,97744.1537,19927.642,-1513.6638,1742.6
centered_candidate_000030_f48f5580,centered-gaussian,5,5,0.2,1739.6,73,62.2,5077,3322.7565,11945,1610,1286.6,32914.8,0.2,289.56,15.8,626.6,62055.8,3243,2081.2,180890.6,171.2,0,3.2,0.6589,23668.2,118462.4526,20798.0485,-1599.1783,1739.6
centered_candidate_000100_a61bd9c1,centered-gaussian,5,5,0.2,1739.6,160,81.6,4968.2,3202.2375,12252,2469,1413,32826.4,0.2,341.52,16.8,635.2,65939.8,5773,2962.8,189024.6,159,0,3,0.4836,20450.4,122529.5213,20314.2414,-1519.5188,1739.6
centered_candidate_000032_3bf6cf3b,centered-gaussian,5,5,0.2,1738.8,100,53.8,5053.8,3281.4352,12092,1942,1285.4,33025.8,0.2,316.78,16.4,631,62626.4,3390,2606.4,181387.6,179.6,0,3.2,0.517,22438.8,117711.1072,20602.4833,-1586.9176,1738.8
centered_candidate_000030_e767a60f,centered-gaussian,5,5,0.2,1737.8,127,85.6,4986.4,3218.4211,12271.4,2217,1614.2,32950,0.2,321.48,16.8,642.4,57858,4422,3285.6,165609.2,179.2,0,3.2,0.5138,22440.4,107094.0169,20465.2492,-1523.6105,1737.8
centered_candidate_000228_351af8f0,centered-gaussian,5,5,0.2,1737.8,86,58.6,5063,3303.7326,12018.8,1744,1334.6,32973.2,0.2,308.52,16,629,42261.8,3504,2559.2,120666.2,177.8,0,3.6,0.5154,24343.4,77920.9206,20770.5298,-1593.2663,1737.8
centered_candidate_000212_8ab2bb16,centered-gaussian,5,5,0.2,1736.6,105,61.8,4994.8,3167.0402,12162.2,1937,1298.4,32988,0.2,316.14,17,633.6,56663,3549,2460.6,163055.8,186,0,3,0.5797,22206.2,104536.1018,20137.1703,-1521.7201,1736.6
centered_candidate_000051_f8a58332,centered-gaussian,5,5,0.2,1736.2,65,60.6,5027.6,3208.7555,12094,1454,1263.2,33134.8,0.2,314.94,16.4,632.4,56267.6,3170,2183.2,162242.8,186,0,3.4,0.6209,24012.6,103842.7863,20345.1954,-1543.7777,1736.2
centered_candidate_000053_484383c8,centered-gaussian,5,5,0.2,1736,76,61.2,5010.8,3181.41,12226,1614,1350.4,33251,0.2,316.68,16.8,638.8,67311.8,3308,2713.8,194953.6,170.8,0,3.6,0.4581,24122.6,125953.5822,20251.133,-1529.505,1736
centered_candidate_000120_cfaa80a3,centered-gaussian,5,5,0.2,1736,82,75.4,5046,3302.0186,12055.4,1676,1543.2,32914.4,0.2,299.74,16.2,631.4,56620,3384,2918.2,163525.4,168.2,0,3,0.6239,21942.8,106741.9751,20775.685,-1575.6093,1736
general_top5-average-phased_9703e888,top5-average-phased,5,5,0.2,1735.8,233,58,4940.2,3153.9566,12164.2,3046,1280.4,32460.6,0.2,324.54,17.2,632.6,77469.6,6287,2390.4,224261.8,201.4,0,3.6,0.624,25326,145725.2397,19877.8458,-1518.9783,1735.8
centered_candidate_000090_a8b5dda5,centered-gaussian,5,5,0.2,1734.2,99,67,5006.6,3214.3241,12117.4,1798,1397.2,32898.6,0.2,301.16,16.8,631.6,84967.2,3087,2355.4,248948.6,161.2,0,2.8,0.5367,20926.4,162876.4372,20234.2788,-1540.162,1734.2
centered_candidate_000071_fdb74d8f,centered-gaussian,5,5,0.2,1729.6,252,61.8,4884.2,3080.0737,12165.4,3117,1312,32201.8,0.2,335.98,17.6,631,80244.2,7279,2417.4,231493.6,224.2,0,3.8,0.491,26216.6,149597.0229,19413.1451,-1478.2369,1729.6
centered_candidate_000008_b90dc398,centered-gaussian,5,5,0.2,1729.2,207,65.2,4929.4,3152.9381,12163.6,2772,1367,32516.2,0.2,336.28,17.2,631.8,51329.2,6407,2479.6,145473.4,205.2,0,3.2,0.5121,23680.2,92870.002,19950.4401,-1511.2691,1729.2
centered_candidate_000193_d7fd2153,centered-gaussian,5,5,0.2,1729,82,62.6,5014,3234.1912,12011.2,1536,1360.2,32891.8,0.2,314.08,16.4,624.8,71175.8,2996,2654,207061.2,168.6,0,3,0.528,21243.8,134579.9325,20433.4714,-1554.4956,1729
centered_candidate_000166_9d4208b8,centered-gaussian,5,5,0.2,1726.6,74,60.4,5046.2,3314.211,11869,1603,1312.4,32733,0.2,294.64,15.6,622.6,47273,3219,2469.8,136223.6,173,0,3.4,0.5145,23524,88788.2037,20803.429,-1596.7055,1726.6
centered_candidate_000023_55f027bd,centered-gaussian,5,5,0.2,1725.6,93,69.8,4992.6,3230.0831,11956.6,1694,1437.2,32557.2,0.2,315.66,16.4,621.8,69393,3486,2786.2,201522.8,182.2,0,3.6,0.4903,24081.6,131347.8096,20289.3914,-1545.2415,1725.6
centered_candidate_000075_90073976,centered-gaussian,5,5,0.2,1724.4,192,97,4877.2,3101.723,12262.4,2601,1796.6,32314.4,0.2,335.44,17.6,638.6,76393.2,6484,3520.2,219500,212,0,4.4,0.4998,29238.6,142151.938,19596.3037,-1453.8615,1724.4
centered_candidate_000085_54cd9516,centered-gaussian,5,5,0.2,1724.4,179,80.6,4909,3131.2885,12205,2515,1597.6,32506.8,0.2,335.1,17.4,631,96268.6,5486,2784.8,280559.4,169.2,0,2.8,0.5221,20513.4,183113.2514,19883.9754,-1485.0443,1724.4
centered_candidate_000190_899072b2,centered-gaussian,5,5,0.2,1720.8,149,73.6,4938.2,3187.4817,12056.6,2387,1436,32348.6,0.2,336.7,16.8,627.8,107280.8,5985,2765.6,313333.4,216.4,0,3.6,0.6594,26497.2,205179.0635,19977.5169,-1520.1408,1720.8
centered_candidate_000231_f80a7e9c,centered-gaussian,5,5,0.2,1719.4,81,62,5016.4,3291.3163,11897,1598,1389.2,32693.4,0.2,295.94,15.8,623,72824.8,3230,2504,212760,161,0,2.6,0.5699,19544.2,139654.3313,20700.5327,-1583.6582,1719.4
centered_candidate_000064_d8055fe8,centered-gaussian,5,5,0.2,1719.2,77,64.6,4982.2,3209.6656,12075.4,1555,1412.2,32965.6,0.2,317.04,16.4,630.4,80134,3320,2687.2,233657.6,163.4,0,3,0.5354,21463.8,152156.5738,20434.2955,-1540.2328,1719.2
centered_candidate_000042_6941f944,centered-gaussian,5,5,0.2,1719,93,50.4,5006.4,3256.781,11964.4,1713,1214.4,32887.4,0.2,316.32,16.2,623,54382.4,3425,2686.8,156634.8,166.4,0,3.4,0.4781,22750,101385.5008,20585.857,-1577.9905,1719
centered_candidate_000021_936e0ded,centered-gaussian,5,5,0.2,1718.4,61,60,5029.6,3303.8138,11762.4,1363,1280.8,32613.2,0.2,291.18,15.4,617.6,48702.8,2953,2311,140892.4,181.2,0,3,0.6332,22441,92064.1931,20791.9997,-1591.9069,1718.4
centered_candidate_000149_32a08a2d,centered-gaussian,5,5,0.2,1714.8,94,69.6,4952,3190.2245,12067.2,1743,1474,32711.6,0.2,321.98,16.4,631.2,88744.4,3589,2979.6,258917.2,181.2,0,3.6,0.507,25032.8,168877.4196,20197.6277,-1525.5123,1714.8
centered_candidate_000169_947e8227,centered-gaussian,5,5,0.2,1714.8,107,78.8,4913.8,3121.7801,12128,1899,1640.4,32494.8,0.2,326.58,17.2,631.8,65104.4,3908,3192.4,187168.4,201,0,3.4,0.4677,24109,120327.7193,19774.896,-1482.09,1714.8
centered_candidate_000210_c17db935,centered-gaussian,5,5,0.2,1713.6,97,49.4,4955.4,3165.3568,11976.2,1818,1160.2,32671.6,0.2,312.82,16.6,623,106455.6,3300,2344.4,312808.2,172.6,0,3.2,0.5653,22408,204731.0727,20041.4412,-1533.2784,1713.6
centered_candidate_000228_b8a8a889,centered-gaussian,5,5,0.2,1711.4,64,58.4,5009,3290.8123,11849.6,1437,1283.4,32816,0.2,290.84,15.4,623.2,51494.2,2869,2348,149307.6,155.2,0,2.6,0.5779,20000.6,97683.2649,20879.5789,-1587.0062,1711.4
centered_candidate_000240_bb8d6f9c,centered-gaussian,5,5,0.2,1708,105,69,4914.8,3140.249,12033.8,1895,1452.2,32503.6,0.2,318.54,17,625.8,70738,3656,2964.8,204756.2,183.4,0,3,0.4644,21476.8,132520.1745,19942.0963,-1501.1245,1708
centered_candidate_000144_e88ff141,centered-gaussian,5,5,0.2,1707.8,47,43.2,5030,3316.1097,11653,1136,1093.6,32671.8,0.2,288.54,15,609.6,77222.6,2182,1970.2,227392.2,147,0,2.6,0.5746,19629.8,149902.6199,20923.3781,-1614.8549,1707.8
centered_candidate_000189_6cd4c948,centered-gaussian,5,5,0.2,1707.8,97,75.8,4941.2,3215.2094,11973.8,1909,1580,32381.6,0.2,306.98,16.2,629.8,53535.6,3772,3128.8,153549.8,196.6,0,3,0.5774,22341.6,99629.5183,20246.8421,-1531.8047,1707.8
centered_candidate_000057_a292cd1d,centered-gaussian,5,5,0.2,1707.6,81,63,4972,3247.2834,11919.6,1768,1398,32572.4,0.2,305.62,16,623.4,68398.8,3770,2705.6,198843.8,161.6,0,2.8,0.4924,20504.8,130201.1108,20472.0308,-1560.6417,1707.6
centered_candidate_000163_63e21d00,centered-gaussian,5,5,0.2,1707.6,80,60.6,4957.8,3206.2231,11963.2,1581,1298.2,32779,0.2,310.74,16.2,624.6,72078.8,2902,2524.2,209959.2,160,0,3,0.5597,21590.6,136522.1906,20340.7949,-1542.5116,1707.6
centered_candidate_000168_482d2959,centered-gaussian,5,5,0.2,1706.2,83,43,4984.8,3248.1742,11764.6,1602,1038.2,32611.2,0.2,311.34,15.8,610.6,55500.4,2913,2008.8,161079,156.2,0,2.8,0.4912,20384.6,104511.1942,20529.9301,-1581.0871,1706.2
centered_candidate_000129_24535cf5,centered-gaussian,5,5,0.2,1706,76,57.4,4983.6,3272.0235,11765.2,1477,1278.6,32521.4,0.2,289.88,15.8,615.4,53630,3055,2288.2,155680.2,167.8,0,3.4,0.5868,24105.4,101896.0762,20688.3888,-1578.6118,1706
centered_candidate_000073_58116a31,centered-gaussian,5,5,0.2,1705.2,110,70.4,4915.8,3163.532,11980.4,2026,1476.8,32344.4,0.2,317.96,16.8,625.2,63543,3851,3015.6,183353,203.2,0,3.6,0.4795,24761.4,118879.5974,20003.4833,-1511.366,1705.2
centered_candidate_000057_51ff7fbd,centered-gaussian,5,5,0.2,1704.8,84,70.4,4960.6,3253.1088,11853.2,1641,1474.2,32443.2,0.2,293.88,15.8,622.8,54050.4,3082,2857.6,156219.8,173.8,0,2.6,0.5359,19881.8,102120.3771,20557.6753,-1556.1544,1704.8
centered_candidate_000209_306faafb,centered-gaussian,5,5,0.2,1704.8,104,68.4,4933.2,3203.797,12014.4,1817,1448,32666.6,0.2,318.06,16.2,629.6,69394,3620,2703.2,201420.2,176.2,0,2.8,0.5006,20090.4,131102.671,20391.9664,-1533.4985,1704.8
centered_candidate_000111_b398eccd,centered-gaussian,5,5,0.2,1704.2,95,70.4,4911.6,3148.8621,11975,1662,1431,32503.8,0.2,309.34,16.6,624.8,77927,2811,2413,227742.4,174,0,3.2,0.5464,22732.8,148518.2454,20006.3762,-1504.0311,1704.2
centered_candidate_000181_3f4dece5,centered-gaussian,5,5,0.2,1704,82,43.4,4987,3266.6,11812.4,1452,1072.4,32844.6,0.2,299.56,15.6,620.2,52225,2851,2237.8,151374.6,176,0,3.2,0.6185,22865.6,98684.3496,20792.2145,-1589.9,1704
centered_candidate_000177_6f5515eb,centered-gaussian,5,5,0.2,1703.8,61,61,4989,3284.6001,11718,1365,1340.8,32450.2,0.2,296,15.2,612.8,68012.8,2969,2514.4,198587,146,0,2.6,0.5361,18644,130480.3128,20725.5039,-1581.3,1703.8
centered_candidate_000024_4d7fa1aa,centered-gaussian,5,5,0.2,1703.2,92,45.2,4979.6,3266.4704,11854.6,1735,1098.8,32812.6,0.2,298.46,15.4,623.8,59337.6,3451,2187.4,172459,160,0,3,0.4949,21111.4,112827.6244,20821.341,-1588.0352,1703.2
centered_candidate_000145_40d737ea,centered-gaussian,5,5,0.2,1701.2,89,66.8,4950.2,3244.9174,11791.2,1652,1395.2,32337.6,0.2,299.28,15.8,616.4,60586,3202,2675.2,175869.2,165.8,0,3.4,0.5671,23206.8,115101.478,20482.8816,-1555.6587,1701.2
centered_candidate_000123_403303d1,centered-gaussian,5,5,0.2,1699.8,91,54.2,4936.4,3192.6449,11947.6,1698,1216.4,32748.2,0.2,303.52,16.2,628,52166.2,3215,2063,150798,185,0,2.8,0.6839,21932.4,97436.3073,20314.5828,-1542.1224,1699.8
centered_candidate_000067_10757c2a,centered-gaussian,5,5,0.2,1697,80,48.8,4959,3242.1226,11779.6,1639,1147.4,32564.6,0.2,306.16,15.8,615.4,68619,3059,2047.6,200623.4,171.8,0,3,0.5853,21933.8,131360.176,20568.423,-1572.2613,1697
centered_candidate_000171_9b6af0ec,centered-gaussian,5,5,0.2,1696.6,74,65.4,4945.4,3238.2308,11869.4,1501,1428.8,32590.4,0.2,297.66,15.8,624.6,76746.6,3104,2790.2,224273,174.2,0,3.6,0.5269,24819,147303.536,20574.2214,-1553.7154,1696.6
centered_candidate_000218_a9c8852e,centered-gaussian,5,5,0.2,1696.4,76,62,4921,3173.9952,11763.6,1559,1304.2,32191.8,0.2,319.1,16.2,612.6,67888.4,2865,2682.4,197238,206.4,0,4,0.5115,27016,127970.4341,19974.8489,-1524.9976,1696.4
centered_candidate_000090_0d694dae,centered-gaussian,5,5,0.2,1695.6,83,65.2,4900.2,3141.7917,11950.2,1686,1421.6,32430.8,0.2,313.92,16.6,625.6,68545.4,3479,2544.4,198947.2,199.6,0,3.4,0.5139,24234.2,129080.3395,19944.8418,-1505.6958,1695.6
centered_candidate_000140_1ad205db,centered-gaussian,5,5,0.2,1695,84,44,4928.4,3175.4472,11908.4,1680,1027.4,32733.8,0.2,303.72,16.2,625.2,50948.2,3269,1716.6,147206.4,184,0,3.2,0.6548,23285.8,94693.0149,20154.6231,-1543.7236,1695
centered_candidate_000167_c75cb7ad,centered-gaussian,5,5,0.2,1693.2,119,75.2,4885.4,3174.0301,11877.8,1952,1612,32029.2,0.2,316.46,16.4,620,55717.6,4051,3518.4,159531.6,190.6,0,3.4,0.4712,23665,103506.1535,19959.1038,-1511.815,1693.2
centered_candidate_000205_c50036f5,centered-gaussian,5,5,0.2,1692.4,73,47.2,4933.4,3196.838,11707.6,1544,1083,32309.2,0.2,312.28,15.8,609.6,108030.4,3346,1914.8,318290.4,178.2,0,3,0.5237,21531.4,208864.355,20171.0892,-1551.219,1692.4
centered_candidate_000088_5250e160,centered-gaussian,5,5,0.2,1692.2,75,32.6,4941.8,3191.3535,11784.2,1664,868,32660,0.2,306.28,15.8,614.4,71230.6,3040,1362.2,208535.4,152,0,3,0.512,21462.8,135598.2598,20321.4199,-1563.0767,1692.2
centered_candidate_000128_3397e80f,centered-gaussian,5,5,0.2,1692.2,95,89.2,4867,3135.8141,11928.6,1768,1638,32153.6,0.2,321.02,16.6,624.8,44090,3744,3581.2,124446.8,217,0,4.2,0.5041,27672.2,79554.8782,19847.9452,-1478.7071,1692.2
centered_candidate_000019_a7640358,centered-gaussian,5,5,0.2,1691.2,67,42.2,4900.4,3106.4189,11847,1539,1046.4,32495.4,0.2,313.3,16.4,618.4,73662.8,2656,1858.4,215134.4,192.6,0,3.8,0.5757,26247.2,139165.6861,19794.143,-1511.0094,1691.2
centered_candidate_000083_489d35c7,centered-gaussian,5,5,0.2,1690.8,76,61.4,4930,3228.6391,11760.4,1571,1281.6,32360,0.2,291.2,15.8,619,43263.8,2845,2148.8,124699.4,191,0,2.4,0.7721,20880.4,81098.4719,20448.4919,-1552.9195,1690.8
centered_candidate_000033_a0456645,centered-gaussian,5,5,0.2,1690.2,91,49.8,4911.8,3179.9093,11827.4,1765,1155.6,32439.6,0.2,314.74,15.8,620.8,43461.8,3955,2175.2,124199,191.6,0,3.4,0.5401,24002.2,79873.2346,20225.304,-1540.1546,1690.2
centered_candidate_000120_0f99232d,centered-gaussian,5,5,0.2,1690.2,56,31.4,4984,3282.9424,11538,1300,797.4,32583.6,0.2,271.12,15,605.6,57769.4,2190,982,170278.8,151.2,0,2.2,0.7567,18717.6,112122.2922,20897.6965,-1610.0712,1690.2
centered_candidate_000153_f1b29c55,centered-gaussian,5,5,0.2,1689.2,55,41.6,4970.6,3274.9144,11536.2,1222,1018.6,32345.6,0.2,281.56,15.2,603.8,66825.2,1959,1674,196666.2,165.6,0,2.2,0.794,18820,129506.7045,20696.5668,-1595.8572,1689.2
centered_candidate_000148_8a1565f6,centered-gaussian,5,5,0.2,1689,88,55,4926.4,3225.5588,11737.2,1738,1246.8,32296.4,0.2,296.38,15.6,616.8,52375,3203,2282,151571.2,180.6,0,2.8,0.6637,21810.4,98811.6251,20444.7327,-1557.7794,1689
centered_candidate_000033_c3409396,centered-gaussian,5,5,0.2,1688,81,37.4,4937.2,3219.2786,11617.8,1685,888,32255.8,0.2,284.64,15.6,607.8,54154.4,3355,1254.4,157901.6,169.4,0,2.4,0.7059,19653.8,102923.3327,20300.8347,-1572.2393,1688
centered_candidate_000187_fb80ec21,centered-gaussian,5,5,0.2,1682.8,106,61.8,4873.6,3165.8233,11831.4,1925,1396.6,32131.8,0.2,318.74,16.2,618.2,58590.4,3722,2755.4,168963.2,188.2,0,3.8,0.4879,25397.8,109592.384,20072.3451,-1521.1117,1682.8
centered_candidate_000040_42b56e58,centered-gaussian,5,5,0.2,1682.6,84,62.2,4898.8,3204.7478,11728.8,1689,1389.6,32075,0.2,297.38,15.8,616.4,66920.8,3615,2638.8,194567,191.2,0,3.2,0.5792,23398,127435.1493,20230.2985,-1540.1739,1682.6
centered_candidate_000139_fb9a9763,centered-gaussian,5,5,0.2,1682.4,92,53,4887.8,3164.7769,11790.2,1780,1230,32292.4,0.2,317.78,16,617,49191.4,3918,2316,141066.8,193.8,0,3.4,0.5263,23658.4,90759.889,20145.3487,-1529.3884,1682.4
centered_candidate_000026_c61bbf7f,centered-gaussian,5,5,0.2,1682.2,95,60,4895,3204.4472,11757,1819,1353.2,32149,0.2,298.08,15.8,618.4,53674,3772,2622.6,154780.2,188.6,0,3.4,0.5941,24504.6,100848.955,20293.2424,-1542.2236,1682.2
centered_candidate_000199_6338966c,centered-gaussian,5,5,0.2,1681.4,88,67.8,4881.6,3183.3865,11696.4,1661,1414.2,31920.8,0.2,303.18,16,613.2,45185.8,3353,3050.8,128926.6,208.8,0,3.6,0.5098,25399.6,83347.3526,20010.056,-1523.8932,1681.4
centered_candidate_000167_a9302362,centered-gaussian,5,5,0.2,1679,74,52.2,4913.8,3230.016,11590.2,1534,1185,32089.2,0.2,287.64,15.4,607.8,64165.4,2615,2253.8,187568.6,171.8,0,3.2,0.5665,23322.4,123252.1443,20420.6029,-1562.808,1679
centered_candidate_000020_1875c126,centered-gaussian,5,5,0.2,1678.2,72,59.8,4901,3216.4154,11687.2,1535,1366.4,32147.8,0.2,293.14,15.6,614.8,53201.4,2925,2532.8,154141.2,183.2,0,3,0.5466,22054.2,100748.7038,20388.249,-1548.4077,1678.2
centered_candidate_000215_dd645754,centered-gaussian,5,5,0.2,1678.2,66,36.8,4892.2,3143.7781,11732.6,1305,876.8,32642.8,0.2,299.4,16,613.6,73168.2,2333,1358,214921,172,0,2.8,0.7613,21556.8,140121.2171,20229.8126,-1535.0891,1678.2
centered_candidate_000226_fc1a3848,centered-gaussian,5,5,0.2,1677.2,86,56.2,4858.6,3126.7491,11835,1659,1222.4,32338.6,0.2,316.02,16.4,618.4,75614,3178,2127.8,220697.4,189.6,0,3.2,0.5242,23483.6,143484.3278,19978.3132,-1507.1746,1677.2
centered_candidate_000229_43fc75b6,centered-gaussian,5,5,0.2,1676.6,56,36,4939.4,3256.2193,11537.2,1257,919.6,32469,0.2,286.94,14.8,605.4,81755.2,2297,1649,241192.6,145.2,0,2.8,0.5762,20515.2,159020.0412,20817.7905,-1592.1097,1676.6
centered_candidate_000057_9a1fac0e,centered-gaussian,5,5,0.2,1675.8,61,46.6,4917,3233.6237,11518,1358,1025.4,32149.8,0.2,282.62,15,602.6,66505,2631,1628.4,195355.8,139.4,0,2.2,0.5842,17754.8,128637.9311,20515.7288,-1570.2118,1675.8
centered_candidate_000038_5ef78fa8,centered-gaussian,5,5,0.2,1675.2,80,61.6,4885.4,3203.9173,11635.4,1607,1297.2,32044.6,0.2,297.96,15.4,610.4,56380.6,3110,2550.4,163518.6,172.8,0,3,0.6094,21426,106969.634,20324.4101,-1540.3587,1675.2
centered_candidate_000006_50c50e82,centered-gaussian,5,5,0.2,1674.2,65,62,4891.2,3208.9172,11619.2,1365,1289.6,32131,0.2,294.76,15.2,612.2,54495.4,2844,2514.6,158013.4,183.2,0,2.8,0.7177,21710.2,103243.5138,20371.731,-1542.4586,1674.2
centered_candidate_000196_74b5fe6a,centered-gaussian,5,5,0.2,1673.6,57,38.4,4923.2,3237.2466,11453.8,1284,908.8,32163.2,0.2,281.4,14.8,600.2,64060.6,2382,1480.8,188295.6,149.8,0,1.8,0.6741,15395.8,123812.3578,20529.8867,-1580.2233,1673.6
centered_candidate_000174_6b507557,centered-gaussian,5,5,0.2,1672.2,59,48,4908.2,3229.4139,11599,1398,1122,32313,0.2,290.08,15.2,608.4,69563,2630,2169.2,203875.4,152,0,2.8,0.5928,20151.8,134075.4545,20633.509,-1566.707,1672.2
centered_candidate_000053_b539522c,centered-gaussian,5,5,0.2,1670.4,75,61.8,4875.6,3201.807,11585.4,1553,1369.6,31849.4,0.2,296.74,15.4,609.2,78158.4,3119,2749,228574.4,194.4,0,3.6,0.5422,24904,150282.0285,20219.0139,-1539.1035,1670.4
centered_candidate_000072_0a0dc764,centered-gaussian,5,5,0.2,1668.6,101,45.4,4859.6,3167.91,11723.2,1964,1072.6,32183.6,0.2,300.12,15.8,615.2,51983,3972,1877.6,150294,171,0,3.4,0.524,23025.4,97737.5049,20171.7532,-1538.555,1668.6
centered_candidate_000034_cef0a925,centered-gaussian,5,5,0.2,1667.8,62,59,4877.4,3201.6172,11576.4,1374,1241.4,32058,0.2,294.28,15.2,609.2,52353.2,2918,2371.2,151680.4,180.4,0,3.2,0.4826,22877.8,98951.7983,20333.7647,-1541.8086,1667.8
centered_candidate_000162_6e749cce,centered-gaussian,5,5,0.2,1666,37,31.8,4919.8,3238.5614,11273.8,880,761,32045.8,0.2,261.96,14.6,593,51569.4,1363,947.2,152137.2,172,0,2,0.8483,18563,100030.8685,20534.0106,-1587.4807,1666
centered_candidate_000216_50760373,centered-gaussian,5,5,0.2,1663.8,69,63.8,4856.8,3188.1069,11581.4,1461,1341.2,31924.2,0.2,291.96,15.4,608,50871.2,2883,2545.8,147204.6,169.4,0,2.6,0.5166,19756.2,96202.1276,20272.0635,-1530.2534,1663.8
search_candidate_000018_2470ab91,random-phased,5,5,0.2,1663,60,59,4867.4,3200.0051,11607.6,1345,1301.6,32137.4,0.2,291.06,15.2,609.2,66893.8,2724,2352.8,195619.2,143,0,2.4,0.5018,18501.2,128583.3031,20453.9424,-1541.0025,1663
centered_candidate_000161_26278fd2,centered-gaussian,5,5,0.2,1662.2,66,57.4,4860.8,3191.9136,11531.8,1344,1284.8,31907.2,0.2,297.48,15.2,605.2,68476.6,3084,2616.6,199781,175.8,0,3,0.5484,21930.8,131192.3991,20273.5553,-1538.5568,1662.2
centered_candidate_000047_c6a765b8,centered-gaussian,5,5,0.2,1661.8,66,48.4,4867.8,3195.6376,11452.6,1415,1125.8,31808.4,0.2,289.84,15,602.4,51229.4,3122,2053.2,148630,186.2,0,3.6,0.5484,24215.4,97188.6432,20246.5698,-1549.4188,1661.8
centered_candidate_000232_6df18f01,centered-gaussian,5,5,0.2,1658,63,48.8,4857.8,3190.5332,11534,1399,1138.2,32043.4,0.2,293.56,15,606.6,40105.6,3059,2112.8,115233,162.2,0,2.8,0.5109,20732.4,74890.2221,20412.3174,-1546.4666,1658
centered_candidate_000051_9d37b8a9,centered-gaussian,5,5,0.2,1656.6,83,64.2,4825.2,3163.7137,11590.8,1679,1341,31810,0.2,292.6,15.4,609.8,91485,3271,2495.4,268736.8,171.6,0,3.6,0.5704,24793.8,176953.1456,20139.245,-1517.6568,1656.6
general_top5-average-phased_7cd7f9ae,top5-average-phased,5,5,0.2,1652.4,63,59.2,4832.4,3174.8075,11485,1448,1304.2,31689.2,0.2,299.7,15.2,605.4,52663.4,3067,2617,152297,208.4,0,3.4,0.5203,24373,99412.3467,20120.8592,-1528.2037,1652.4
centered_candidate_000170_45b3983e,centered-gaussian,5,5,0.2,1649.6,58,56,4828.2,3167.7313,11571,1335,1242.4,32061.4,0.2,290.06,15.2,608.6,75705.2,2481,2221.6,222302.6,148.8,0,2,0.6623,16525.2,146323.3611,20337.9921,-1527.8657,1649.6
centered_candidate_000207_4e6ee1de,centered-gaussian,5,5,0.2,1635,62,54.8,4787.8,3149.0049,11422.2,1273,1234.8,31717.4,0.2,293.04,15.2,598.4,72447,2723,2576.4,212054.8,157.6,0,2.8,0.5177,20032.8,139562.5226,20223.6216,-1519.7025,1635
centered_candidate_000208_65011a2c,centered-gaussian,5,5,0.2,1628.8,58,47.6,4777,3140.1223,11400,1300,1122.6,31723.8,0.2,286.86,15,599.8,63988,2369,1941.2,187534.4,158,0,3,0.5643,20861.4,123279.7153,20210.2987,-1522.4611,1628.8
centered_candidate_000087_0157d871,centered-gaussian,5,5,0.2,1626.6,66,55.6,4756.2,3123.2142,11354.6,1365,1290,31360,0.2,291.74,15,598.2,59533.2,2774,2587.4,173207.4,185.4,0,2.8,0.5724,21323,113574.0071,19897.2135,-1506.0071,1626.6
centered_candidate_000154_a4f32060,centered-gaussian,5,5,0.2,1604.8,69,56.6,4686.2,3072.1268,11264.4,1479,1288.2,30996.2,0.2,291.82,15.2,594,80804.2,2569,2266.8,237425.4,205.2,0,3,0.6361,22669.8,156335.9316,19611.0613,-1479.4634,1604.8
centered_candidate_000188_08fec046,centered-gaussian,5,5,0.2,1417.2,182,60,3657,1820.3296,10580.2,2620,1269.8,25460.6,0.2,286.88,18.2,545.2,31993.6,6669,2225.2,81020.2,257.4,0,3.4,0.8497,27175.4,40616.6426,11999.1997,-850.1648,1417.2
centered_candidate_000080_14f2be36,centered-gaussian,5,5,0.2,1190.4,1606,77,2171,956.3718,9772.8,12765,1568.6,16986.8,0.2,304.18,18.8,499.8,23230.8,28630,2894.2,41962.2,264,0,4.8,0.534,32578,17518.4817,7016.9887,-401.1859,1190.4
centered_candidate_000232_41fea105,centered-gaussian,5,5,0.2,1064,87,79.4,2612.8,1226.3564,8716,1768,1611.8,19723.4,0.2,268,16,451.4,21415,3939,3099.8,49997.4,244.2,0,4.2,0.4873,29330,22608.4488,8741.0119,-533.7782,1064
centered_candidate_000006_9d80bc41,centered-gaussian,5,5,0.2,1010.4,206,67.4,2447,1137.0596,8278.6,2541,1392.8,18528.8,0.2,281.08,15.8,424.4,19609.2,6552,2423.6,44900.2,279.4,0,4,0.8075,31003,20054.9124,8120.1891,-501.1298,1010.4
search_candidate_000208_b70e9928,random-phased,5,5,0.2,999.4,1092,37.8,1921.2,840.3375,8294.2,8634,918.4,15565.4,0.2,292.82,16.6,415.6,19490.4,18658,1519.8,38484,240.8,0,4.4,0.6489,31581.2,16355.5419,6516.1079,-382.3687,999.4
centered_candidate_000158_3e355e9c,centered-gaussian,5,5,0.2,956.6,454,135.6,2010.8,869.0836,8084,4339,1998.8,15931.4,0.2,301.5,16.8,403,20382.2,10795,4379.6,40800.8,264.6,0,4.2,0.6095,29560,16812.6952,6436.2828,-298.9418,956.6
centered_candidate_000131_55ed56b1,centered-gaussian,5,5,0.2,922.8,95,47.8,2326.4,1113.7252,7410,1594,1100.8,17417,0.2,250.44,14.4,373.8,18435,3148,2051.2,44958.6,237,0,3.8,0.6977,27836.4,21194.96,7941.655,-509.0626,922.8
centered_candidate_000097_99191f83,centered-gaussian,5,5,0.2,910.4,350,56.8,2074,934.6318,7618.4,3826,1193.8,16036,0.2,271.64,15.4,382.6,18367.6,8964,2107.2,39656.6,242.2,0,4,0.5849,29184,17240.8641,6824.8099,-410.5159,910.4
centered_candidate_000061_1109b2c4,centered-gaussian,5,5,0.2,900,757,68.6,1849.4,792.149,7523,6372,1536.2,14529,0.2,283.1,16,370.6,18674.6,13684,3247.6,38123.4,250.4,0,4.4,0.4862,30171.4,15885.7924,5812.1009,-327.4745,900
centered_candidate_000249_6cc76051,centered-gaussian,5,5,0.2,864.4,65,57.4,2467.4,1595.3341,6735.4,1442,1192.4,17547.8,0.2,197.38,11.6,349.8,19884.4,2730,2034.2,54951.2,199.4,0,2.6,0.9071,22304.8,34931.5171,10693.4508,-740.2671,864.4
search_candidate_000149_bc7d3ad9,random-phased,5,5,0.2,845.6,421,181.6,1706.6,703.4446,7425.4,4075,2223.8,14160,0.2,301.5,16.2,364.6,17112.6,9295,5639.8,32386,248.6,0,5,0.4801,32427.4,12366.1096,5516.4094,-170.1223,845.6
centered_candidate_000025_5290fd64,centered-gaussian,5,5,0.2,841.4,42,41.4,2437,1589.8177,6335.8,1027,956.4,16985,0.2,198.8,10.8,324.6,19065.4,1803,1669.2,53695.6,197.4,0,3.6,0.5783,25766.2,34524.6048,10567.1796,-753.5088,841.4
search_candidate_000180_4013ea11,random-phased,5,5,0.2,809.4,37,35.4,2351.4,1534.8283,6064.8,919,880.4,16324,0.2,187.3,10.8,308.6,20727,1553,1354.4,59180.6,204.2,0,2.8,0.7167,23020.4,38243.0595,10141.7703,-732.0141,809.4
centered_candidate_000001_8ac71d20,centered-gaussian,5,5,0.2,781.4,78,46.4,2219.2,1423.4709,6319.8,1589,1095.2,16291.6,0.2,208.22,11.4,324.8,16638.2,3128,1957.6,44880.6,196.4,0,3.6,0.5397,25921.2,27826.1725,9789.773,-665.3355,781.4
search_candidate_000113_806a3897,random-phased,5,5,0.2,755.6,295,70,1678.8,749.8823,6823,3512,1512,13764.8,0.2,269.08,14.4,342,15026.4,7850,2957.6,30714.2,230.6,0,5.2,0.4554,33116.8,12816.3848,5700.6668,-304.9411,755.6
centered_candidate_000115_0efc98be,centered-gaussian,5,5,0.2,739,241,99.2,1865.8,1062.3097,6436.6,3033,1767.8,14431.6,0.2,273.8,13.4,317.2,15918.2,7513,4101.8,36043.8,220.6,0,4.4,0.4772,29519.2,19050.7941,7504.6266,-431.9549,739
centered_candidate_000026_0126629e,centered-gaussian,5,5,0.2,694.2,149,58.4,1864,1111.2698,6041.4,2289,1290.2,14508.2,0.2,246.26,12,303.2,15206.6,5667,2342,37711.2,209,0,4,0.5225,27584.4,21224.2832,7962.1525,-497.2349,694.2
centered_candidate_000180_3d1e9aaa,centered-gaussian,5,5,0.2,642.8,89,54.6,1784.8,1134.7971,5464.8,1705,1082.4,13621.8,0.2,202.04,10.6,277.6,13615.8,3598,1776.8,35552.2,196.4,0,3,0.7128,23092.8,21547.7564,8026.1105,-512.7986,642.8
centered_candidate_000228_3019fbb7,centered-gaussian,5,5,0.2,606,53,41.6,1716.4,1098.1386,5162.8,1193,923.8,13294.4,0.2,188.3,10,262.8,12793.6,2105,1342.2,34821.4,188.6,0,3,0.7547,23357.8,21618.9396,7957.2145,-507.4693,606
centered_candidate_000159_cf91b50f,centered-gaussian,5,5,0.2,602.8,225,166,1390.6,726.5421,5719.2,3159,2401.8,11468.8,0.2,263.74,13,278.2,13506.8,6026,4992.8,28818,213.2,0,3.6,0.5255,25327.2,14197.4413,5278.8784,-197.271,602.8
centered_candidate_000255_db9ff777,centered-gaussian,5,5,0.2,559.2,273,82.4,1356.2,759.1299,5296.4,3250,1648.2,11239.8,0.2,248.1,11.8,258.6,12414,7867,3045.6,27241.8,204,0,3.6,0.562,26060.6,14035.0026,5608.0309,-297.1649,559.2
centered_candidate_000191_c705b09b,centered-gaussian,5,5,0.2,555.8,251,117.4,1302.6,703.2071,5345.6,3233,1885.8,10990.6,0.2,258.6,12,260.4,12797.6,7031,4382,26916.4,208.2,0,3.8,0.5545,25751.4,13260.2054,5278.332,-234.2035,555.8
centered_candidate_000123_dc393a62,centered-gaussian,5,5,0.2,535,84,69.4,1450.4,910.5576,4924.4,1639,1441.6,11693.2,0.2,198.06,10,250.2,12402,3133,2594.4,31480,188.8,0,3.2,0.6176,24031.2,18990.1197,6727.8818,-385.8788,535
centered_candidate_000259_bad5eabf,centered-gaussian,5,5,0.2,484.2,72,47,1284,724.1139,4614.2,1434,1119.8,10827.6,0.2,213.94,10.2,226.6,10221.6,2676,1985.6,24904,188.4,0,3,0.5928,22544.2,13075.9339,5528.3295,-315.057,484.2
centered_candidate_000102_b513e820,centered-gaussian,5,5,0.2,481.8,183,55.2,1211,679.8551,4716.4,2480,1329.2,10364.8,0.2,238.92,10.6,229.2,11600.8,5222,3027.8,26382.8,196.6,0,3.8,0.5673,25831,13711.8863,5218.4153,-284.7276,481.8
centered_candidate_000084_8672d909,centered-gaussian,5,5,0.2,478.4,175,60.8,1170.6,608.3005,4618,2472,1250.8,9996,0.2,229.46,11,221.4,10127.2,6042,2174.8,22328.6,208.4,0,3.4,0.6629,25434,10887.5108,4721.5289,-243.3502,478.4
centered_candidate_000209_57adce5d,centered-gaussian,5,5,0.2,469.4,61,53.4,1294.4,823.3091,4407.4,1294,1235.8,10691.8,0.2,192.66,9.2,222,10075.4,2298,2202.6,25709.6,190,0,2.6,0.6808,21993.8,15566.5854,6272.9109,-358.2545,469.4
centered_candidate_000181_675f01cf,centered-gaussian,5,5,0.2,462.8,183,80.6,1139.4,650.2124,4673.2,2544,1678.4,9887.2,0.2,241.82,10.8,226,11395.8,6342,3384.8,24936.6,195.6,0,3,0.5846,22478,12875.9241,4945.0446,-244.5062,462.8
centered_candidate_000148_b199466c,centered-gaussian,5,5,0.2,444.2,85,43.4,1198.2,725.5655,4255.2,1608,1052,10068.8,0.2,189.66,9.6,209.8,10384,2815,1578,26615.8,186.6,0,2.6,0.6841,21653.4,15492.6712,5509.033,-319.3828,444.2
centered_candidate_000031_966fc86c,centered-gaussian,5,5,0.2,438.4,87,56.4,1176.4,731.9313,4269.4,1721,1211.6,9957.2,0.2,192.24,9.2,214.2,9724.6,3272,1999.6,24109.4,187.6,0,2.8,0.7488,22901.6,14145.5869,5593.8933,-309.5657,438.4
centered_candidate_000045_f52fe9ee,centered-gaussian,5,5,0.2,428,64,58.4,1156.8,720.0944,4191.8,1444,1250.8,9835.4,0.2,192.58,9,210.8,10325.4,2965,2198.4,25840.4,191.6,0,3.2,0.7622,24749.4,15288.4383,5518.7449,-301.6472,428
centered_candidate_000034_880789c2,centered-gaussian,5,5,0.2,427.8,84,61,1133.6,692.4116,4238.4,1607,1328.2,9717,0.2,203.36,9.4,210,9647.4,2918,2806.4,22988.2,190.8,0,3.4,0.5985,24548.6,12968.2664,5300.0748,-285.2058,427.8
centered_candidate_000235_06d14a9e,centered-gaussian,5,5,0.2,395.6,110,42,1032.4,601.6755,3989.4,1848,964.8,9192,0.2,201.86,9.2,193.8,8461,3056,1525.8,20454.4,179.6,0,3,0.6841,23168,10882.9527,4854.4718,-258.8378,395.6
centered_candidate_000112_b1019e9e,centered-gaussian,5,5,0.2,377.4,90,48.6,994.8,602.8179,3774,1683,1087,8599,0.2,186.98,8.6,186.2,8508.2,2929,1672,21005.6,192.6,0,2.8,0.7067,23096.6,12079.9641,4659.4389,-252.809,377.4
centered_candidate_000220_8451b2bc,centered-gaussian,5,5,0.2,372.2,54,39.2,1019.8,635.6179,3662.4,1254,934,8789,0.2,182.56,8.2,179,8241,2148,1674.6,20793.6,171.6,0,3,0.601,22460.4,12233.3702,4979.5915,-278.609,372.2
centered_candidate_000217_ee36c984,centered-gaussian,5,5,0,1674.8,1702,138.2,3408.4,1534.2536,12655.8,13573,2024.8,24065.2,0,343.62,22.4,659.6,31919.8,31003,4573.8,63337.6,302.4,0,5.2,0.5411,34743,27499.3233,10190.578,-628.9268,1674.8
search_candidate_000163_26427824,random-phased,5,5,0,1407.6,250,109.8,3698.4,2025.4393,10580,3117,1903.4,25588.8,0.2,393.42,18.2,535.2,29238.6,7231,4365,73130,239.6,0,4,0.4663,26969,39021.2236,13136.47,-902.9196,1407.6
centered_candidate_000064_ba17cc23,centered-gaussian,5,5,0,1323,1535,52.8,2575.6,1128.985,10295.4,11643,1253.8,19198.4,0,316.38,19.4,531,26153.2,29052,2750.4,49388,285.8,0,3.8,0.5106,27600,20731.7736,7994.7891,-511.6925,1323
centered_candidate_000224_782ebe6a,centered-gaussian,5,5,0,1244.2,925,87.4,2576.4,1116.7498,10077,8121,1787.2,19406.8,0,318.92,19,524.2,23879.2,18673,3382,47374.2,277,0,3.8,0.5746,27719.2,19682.4388,7909.6566,-470.9749,1244.2
centered_candidate_000082_8ecea2e2,centered-gaussian,5,5,0,1144.4,1785,68.8,1908.6,878.119,9038.2,13486,1431.6,14537.4,0,308,18.4,456.2,22104.2,32580,2789.4,36156,277.2,0,4,0.684,29007,15764.4049,6210.1954,-370.2595,1144.4
centered_candidate_000117_a8e23844,centered-gaussian,5,5,0,1063.4,101,41.4,2683.4,1282.3735,8330.6,1890,1001,19551,0,253.76,15.4,434.6,22594,3569,1503.4,55773.4,246.8,0,3.6,0.7647,28209,26323.5564,8877.7101,-599.7868,1063.4
centered_candidate_000029_2b12524a,centered-gaussian,5,5,0,1056.6,233,49.8,2588.2,1214.4122,8161.8,2541,1107.6,18599.8,0,275.24,16,416.6,22556.6,5683,2039.2,54528.8,277.2,0,4.2,0.7542,31591.4,25542.7602,8269.8395,-557.4061,1056.6
search_candidate_000204_dd0285c0,random-phased,5,5,0,1042,57,34.2,3020.6,1947.932,7524,1183,837.2,20426,0,196.72,12.6,399,17810.6,1702,1211.6,50136.4,242.8,0,3,0.7834,24945.2,31528.7715,12575.096,-939.766,1042
centered_candidate_000212_fc00d71f,centered-gaussian,5,5,0,1039,154,55.6,2496.6,1167.3231,8459,2389,1227,18894.6,0,283.98,15.8,440.6,22097.6,5911,2363.6,50614.6,248,0,3.4,0.5438,25621.2,22780.8419,8375.8901,-528.0615,1039
centered_candidate_000044_b0d53062,centered-gaussian,5,5,0,1008.2,180,54.2,2422,1126.1945,7908.8,2602,1274.2,17420.2,0,282.06,16,396.2,20927.4,7047,2468.4,47842.4,235.2,0,4.6,0.6054,31256.4,21344.4162,7608.0277,-508.8973,1008.2
centered_candidate_000142_bb5813f0,centered-gaussian,5,5,0,996.6,272,194.2,2486,1401.2167,7842.4,2946,2586,17678.4,0,297.36,16,391.2,22062,7154,5978.8,52556.2,251.4,0,4.8,0.4549,31691,29311.7905,9223.2469,-506.4083,996.6
centered_candidate_000173_7bc3511c,centered-gaussian,5,5,0,959,346,35,2291.8,1061.7497,7565.4,3691,806.4,16991.2,0,270.86,15.4,381,19788.6,9447,1204.8,45513.8,246.2,0,3.6,0.6733,27116.6,20605.8053,7542.7266,-495.8748,959
centered_candidate_000032_4a4e5507,centered-gaussian,5,5,0,955.4,116,58.6,2567.6,1426.1901,7437.8,1981,1332,18207.2,0,239.12,14.4,382.6,18582.6,3998,2332.6,47639.6,240.6,0,3.8,0.584,28020.8,26042.8745,9490.9555,-654.4951,955.4
centered_candidate_000195_dc4f8afb,centered-gaussian,5,5,0,950.8,157,74,2329.4,1092.4002,7705.4,2481,1504,17270.8,0,273.38,15.2,394.4,18945.4,4793,3052.4,43595,243.2,0,4,0.5104,28509.2,19506.3196,7593.3096,-472.2001,950.8
centered_candidate_000220_04dfc94b,centered-gaussian,5,5,0,950,276,80.8,2280.4,1063.3639,7686.8,3252,1632.6,16721.6,0,278.46,15.8,388.4,19551.2,7569,2912.4,45215.6,249,0,4.2,0.5632,30522.8,20976.8076,7209.3633,-450.882,950
centered_candidate_000129_64b320a8,centered-gaussian,5,5,0,948.8,253,57,2290.8,1065.0567,7645.8,3059,1269.2,17060.8,0,278.28,15.4,387.4,20870.6,6605,2642.4,48588.8,243,0,3.6,0.662,26324.4,22066.767,7490.171,-475.5283,948.8
centered_candidate_000102_e44d127c,centered-gaussian,5,5,0,935,991,68.6,1818.8,775.8049,7710.2,8382,1494.2,13939,0,303.68,16.6,383.6,19473.6,19636,2943.2,36394.8,261.6,0,3.8,0.5827,28206.8,14823.1702,5525.8641,-319.3024,935
search_candidate_000123_c66e95a9,random-phased,5,5,0,921.6,97,70.8,2277,1072.0729,7590.8,1799,1446.4,17199.6,0,261.52,14.8,393.4,19992,3520,2962,47651.2,244.4,0,4.4,0.5746,29694.8,22003.0462,7597.8537,-465.2364,921.6
centered_candidate_000067_323ac322,centered-gaussian,5,5,0,919.8,176,45.6,2398.6,1258.2204,7118,2550,1055,16898.2,0,256.46,14.6,355.4,18366,5862,1744.8,45563,233.6,0,3.2,0.6802,24740,23253.4622,8223.6828,-583.5102,919.8
search_candidate_000034_cbaa4a37,random-phased,5,5,0,912.6,923,124.2,1690.2,694.2362,7814.4,8143,2022.8,13384,0,298.2,16.8,394.8,18716.2,17542,4020,33895.2,264,0,5.4,0.5119,34812.6,13267.0381,5033.6948,-222.9181,912.6
centered_candidate_000061_f85cff9d,centered-gaussian,5,5,0,894.4,98,61.4,2135.8,1004.0744,7214.6,1758,1295.4,15837.4,0,252.26,14.8,366.6,19122.8,3367,1996.2,44401.2,240.6,0,4.4,0.6811,31024.8,20380.2052,7035.8228,-440.6372,894.4
centered_candidate_000222_a3328b47,centered-gaussian,5,5,0,877.6,120,57.8,2141.4,1000.2223,7109.8,2060,1223.8,15929.4,0,254.86,14.6,361.8,18057.4,3922,1988.4,43537,249,0,3.2,0.82,26653.6,20325.2654,6991.9707,-442.3111,877.6
centered_candidate_000046_1e775e6d,centered-gaussian,5,5,0,862.8,194,70.2,2008,921.9908,7309.2,2731,1455.4,15559,0,275.74,14.8,374.2,18229.8,6233,3130.4,40155.8,237.4,0,3.6,0.5457,26219.8,17455.9702,6665.5235,-390.7954,862.8
centered_candidate_000161_bb4139d1,centered-gaussian,5,5,0,859,65,59.4,2092.2,983.8095,6970,1398,1272.2,15574.6,0,249.16,14,355.4,17889.2,2798,2406,41240,226.4,0,4.2,0.5462,29116.8,18793.2884,6937.478,-432.5048,859
centered_candidate_000063_df65e698,centered-gaussian,5,5,0,849.6,365,128.6,1817,789.5147,7419.6,4019,2141.4,14424.4,0,291.34,16,375.2,18224.6,8120,4566.8,36906.6,250,0,4.2,0.5091,29182.8,15219.2688,5720.0836,-266.1573,849.6
search_candidate_000042_a015ec19,random-phased,5,5,0,842.4,969,262,1425.2,538.3808,7049.8,7964,3038.2,11066,0,341.04,17,335,17461.4,18295,7288.4,28593.2,300.8,0,5.6,0.4518,35515.2,9984.8137,3728.9767,-7.1904,842.4
centered_candidate_000108_56bd815c,centered-gaussian,5,5,0,838.6,100,55,2016.8,944.6023,7055.6,1941,1229,15666.6,0,246.88,14.4,363.4,16381.8,3254,1881,38262.8,234,0,4,0.684,28776.8,17392.5456,6887.6543,-417.3011,838.6
centered_candidate_000197_40dc951e,centered-gaussian,5,5,0,830.2,458,141.4,1718,716.6853,7047.8,4405,2028.4,13484.4,0,291.96,16,346.4,17375,10437,4400.6,33760.6,248.4,0,5.2,0.4992,33548.4,13348.485,5199.6047,-216.9426,830.2
centered_candidate_000010_26cd5537,centered-gaussian,5,5,0,828,77,58.2,2023.4,948.1392,6812.4,1538,1291.6,15289.4,0,251.2,14,346.6,16286.4,2747,2495.8,37604.2,234.6,0,3.6,0.5587,25930.2,16950.6098,6732.6822,-415.8696,828
centered_candidate_000131_142e5b0f,centered-gaussian,5,5,0,819.8,199,122.4,1852,826.6347,7110.8,2834,2057.6,14432.6,0,284.96,14.8,362,17810.2,6282,4377.6,37572.8,242.2,0,3.8,0.5238,27474.2,15771.0713,5889.0294,-290.9174,819.8
general_top10-average-phased_04858a86,top10-average-phased,5,5,0,816.4,114,68,1932,897.2863,7029.8,2003,1403.8,15257.6,0,263.96,14.2,361.8,16239.6,3932,3014,35753.4,226.2,0,3.8,0.4754,26661.4,15755.1186,6625.9022,-380.6431,816.4
centered_candidate_000036_8c1db20e,centered-gaussian,5,5,0,798,94,69,1923.4,893.0664,6727.6,1854,1426.4,14783.6,0,258.38,14,341.6,17579.8,3795,2881.2,40059.8,229.4,0,4,0.6062,27741.6,17820.8931,6388.0954,-377.5332,798
centered_candidate_000052_2f2ff3f6,centered-gaussian,5,5,0,792.2,111,66.8,2193,1375.9008,6474.2,1904,1420.8,16042.6,0,232.76,12.4,335.8,17815.6,3594,3058.6,46491.2,219.2,0,3.4,0.6177,25550.2,28051.1706,9325.1807,-621.1504,792.2
centered_candidate_000106_13eeeacb,centered-gaussian,5,5,0,785.4,323,57.8,1758.2,788.9519,6730.6,3520,1327,13799.2,0,270.4,14.6,338,16998,7781,2578.6,37049.2,238,0,4,0.438,28072.6,15975.7534,5759.8466,-336.6759,785.4
centered_candidate_000168_80034258,centered-gaussian,5,5,0,782.8,103,63.4,1849.6,865.2873,6557.4,1845,1316,14298.2,0,246.5,13.8,333,17640.4,3260,2258.8,40723.2,232.4,0,3,0.6456,24744.2,18500.7626,6222.3258,-369.2437,782.8
centered_candidate_000217_ecca0ef5,centered-gaussian,5,5,0,773.8,64,54.4,2015.6,1025.7291,6315.6,1416,1224.6,15012.8,0,237.64,13.2,320.2,15997.4,2727,2114,40363,237.6,0,3,0.7487,24374.4,20776.9499,7178.1873,-458.4645,773.8
search_candidate_000166_1b4c935a,random-phased,5,5,0,766.8,94,67.8,1825.2,846.4957,6347,1766,1380,13671.6,0,256.68,13.6,316.2,15364.8,3750,2691.4,34353.4,222.6,0,3.4,0.5651,25127.8,15135.5046,5895.2253,-355.4478,766.8
centered_candidate_000151_b70b5c3a,centered-gaussian,5,5,0,756.6,79,55.4,1887.6,897.3304,6460,1671,1291.8,14703.4,0,256.38,13.6,326.8,16236.2,3462,2592.4,38360.8,221,0,3.8,0.5648,26943,17688.5979,6550.5388,-393.2652,756.6
centered_candidate_000149_6f800e6d,centered-gaussian,5,5,0,756,88,54,1962.6,1005.4128,6179.4,1631,1271,14445.2,0,247.66,13,309,17854.6,3280,2624,44540.6,219.4,0,3.6,0.6496,26761.4,22716.5591,6821.1982,-448.7064,756
centered_candidate_000041_3131f693,centered-gaussian,5,5,0,734.2,86,54.2,1823.6,863.9737,6125,1625,1203.6,13845.8,0,235.8,13.2,307.6,16185.8,2929,1898.4,39201.8,217.6,0,3.2,0.7476,25546.6,18371.1757,6123.6376,-377.7869,734.2
centered_candidate_000118_1dfacd81,centered-gaussian,5,5,0,730.4,66,48.4,2033.6,1233.4619,6001.8,1353,1117,15137.6,0,216.94,11.8,310.6,15992.6,2394,1792.4,42730.2,215,0,3,0.7211,23959.4,24981.6328,8475.3451,-568.3309,730.4
centered_candidate_000238_7dc9a84a,centered-gaussian,5,5,0,729.4,225,175.6,1774.2,1007.2443,6279,3078,2564,13172.4,0,287.86,13.8,309,16801.6,7522,6070.2,36827.4,226.4,0,5.2,0.4128,32613.2,19416.1787,6665.487,-328.0221,729.4
centered_candidate_000164_130e3369,centered-gaussian,5,5,0,723.6,74,54.6,1947.2,1092.1704,6029.6,1509,1222.2,14674,0,226.86,12.6,308.8,17434,2581,1929.2,45962.6,238.2,0,3.6,0.7042,28090.4,25850.7742,7658.4035,-491.4852,723.6
centered_candidate_000127_c57550a7,centered-gaussian,5,5,0,719.6,79,49.2,2028,1293.4018,5880.8,1603,1162.4,14869,0,200.46,11,308.2,17078.6,2697,2061,46421,193.8,0,3.4,0.559,24471.8,28947.7387,8806.0269,-597.5009,719.6
centered_candidate_000014_208e9958,centered-gaussian,5,5,0,712.2,57,37.4,1771.6,837.902,5850.6,1226,894.8,13528.2,0,229.76,12.8,293.4,14629.4,2252,1206.6,35246.2,238.4,0,2.4,0.9358,22865,16318.6798,6072.7556,-381.551,712.2
centered_candidate_000190_40cf0e3e,centered-gaussian,5,5,0,701.4,192,133.6,1777.4,1056.4373,6030.2,2704,2168.6,13226.4,0,270.38,13,300,16945.4,5909,4695.8,39938.8,223,0,4.6,0.4885,30411.2,22372.8526,7038.8375,-394.6187,701.4
centered_candidate_000049_2569e003,centered-gaussian,5,5,0,697,434,97.4,1522.4,680.1809,6139.8,4292,1769.8,12103.4,0,265.04,14.2,302.8,14912.8,9697,3929,30749.4,230.4,0,4,0.5636,28530,13341.6853,4917.9451,-242.6904,697
centered_candidate_000141_2d222f75,centered-gaussian,5,5,0,684,81,76.6,1804.8,1000.4823,5851.4,1667,1592,13652.4,0,231.76,12.4,296.8,14671.6,3534,3239.8,35876.6,211.4,0,3.6,0.5145,25629,19231.2954,6922.7226,-423.6411,684
centered_candidate_000119_698af30e,centered-gaussian,5,5,0,681.8,89,40.2,1835.8,1026.8198,5691.4,1556,892.6,14033.6,0,215.02,11.8,291.2,13958,3068,1391.2,36133.2,215.6,0,3.6,0.6882,27361.2,19832.113,7317.2607,-473.2099,681.8
centered_candidate_000005_a526a90c,centered-gaussian,5,5,0,675.4,90,49,1856.8,1122.2757,5526.4,1743,1165.4,13448.8,0,235,11.4,276.8,14041.4,3713,2268.2,35544,206.2,0,3.2,0.6698,24037.2,20111.9414,7414.8421,-512.1378,675.4
centered_candidate_000088_cc732860,centered-gaussian,5,5,0,672.2,211,93.4,1550.2,696.909,5959.4,2961,1713.2,12223.2,0,270.64,13.4,295,14291.8,6719,3553.8,29978.4,224.4,0,3.8,0.5273,26863,12481.6364,4993.0843,-255.0545,672.2
search_candidate_000027_6a518aef,random-phased,5,5,0,655.4,118,50.6,1611,760.1975,5670,1953,1162.2,12620.2,0,240.44,12.4,285.8,12089.8,3050,1940,28018,231.4,0,3.8,0.5594,27418,12638.82,5537.311,-329.4988,655.4
centered_candidate_000081_fc92166c,centered-gaussian,5,5,0,652.8,186,70.4,1697.4,988.0865,5776.4,2553,1478.6,13254.2,0,246.12,12.2,293.6,13941.6,5252,2981.2,33257.2,212.8,0,3.8,0.5102,26525.6,17948.1895,6970.3152,-423.6433,652.8
centered_candidate_000194_635635dc,centered-gaussian,5,5,0,649.2,92,56.6,1710.6,933.6206,5694.2,1720,1298.4,13415.6,0,223.78,12,291.4,12919.2,3406,2492.6,31547.6,203.6,0,3.8,0.5013,26963.6,16565.2198,6740.6038,-410.2103,649.2
search_candidate_000145_4eadcb5f,random-phased,5,5,0,642.6,40,28.6,1822,1122.3596,5378.8,993,804.4,13971.4,0,208,10.6,278.2,13381.2,1613,1162.6,36539.2,200.2,0,2.8,0.7732,23331.6,21813.5327,8021.3528,-532.5798,642.6
centered_candidate_000260_57239f2c,centered-gaussian,5,5,0,640.6,90,62.2,1730.6,1028.715,5437.4,1649,1284.6,13048.4,0,215.74,11.6,276.8,14101.8,3160,2007.2,36299.8,218.8,0,3.2,0.6641,25390.6,20720.2061,7094.2566,-452.1575,640.6
centered_candidate_000124_e52ffaff,centered-gaussian,5,5,0,631.4,142,113.6,1634.4,987.5828,5671,2253,1968.6,12743.6,0,245.8,12,288.4,15021.2,4982,3920.6,35964.4,207,0,3.8,0.5008,26535.4,20385.6969,6908.9491,-380.1914,631.4
centered_candidate_000019_3daad93e,centered-gaussian,5,5,0,626.6,241,74,1382,610.8737,5518.4,3055,1540.8,10825.6,0,275.16,13,266.8,12771.4,7323,2859.2,25648,231.8,0,3.8,0.4673,26363.2,10448.4077,4285.2806,-231.4368,626.6
centered_candidate_000103_36cce347,centered-gaussian,5,5,0,624.4,85,36.6,1754.6,1113.6548,5175.6,1590,928.2,13030.4,0,193.98,10.6,266,15025,2974,1381.6,40768.8,201.4,0,2.8,0.7256,22964.8,25187.6059,7632.2745,-520.2274,624.4
centered_candidate_000092_e88612ac,centered-gaussian,5,5,0,612.2,88,48.8,1689.8,1048.2355,5401,1792,1126,13250.2,0,222.4,10.6,281.2,14920.2,3719,2344.4,38630.2,197.8,0,3.4,0.5338,23764.4,23016.5215,7553.0984,-475.3178,612.2
centered_candidate_000219_a5c35dc7,centered-gaussian,5,5,0,590.2,151,96.4,1510,880.74,5349,2348,1731.2,11923.8,0,225.66,11.6,272.6,11564,4249,3208.6,26642.6,204.2,0,3.4,0.6582,24856.6,13864.9,6258.1453,-343.97,590.2
centered_candidate_000107_fd3bb3b0,centered-gaussian,5,5,0,558,156,58.2,1468.6,877.395,5020.6,2462,1278.4,11492.6,0,228.3,11,252.4,11690.6,4924,2577,27947.8,197.4,0,3.6,0.5523,25199.8,15733.1585,6177.4141,-380.4975,558
centered_candidate_000021_4179915e,centered-gaussian,5,5,0,556.8,79,39.2,1318.4,617.8399,4790.2,1505,961.2,10307.4,0,235.34,11.4,232,11400.8,2778,1576,25779,224,0,2.8,0.8087,24024.8,11571.5354,4471.8948,-269.72,556.8
centered_candidate_000236_dcaaf12e,centered-gaussian,5,5,0,552.2,53,43,1561.4,1006.4137,4695.6,1283,999.6,11833.4,0,191.34,9.6,241.4,10909.2,2351,1776,28607.2,189.8,0,3.2,0.5998,23524.8,17518.6892,7086.0267,-460.2069,552.2
centered_candidate_000145_5c17d2e1,centered-gaussian,5,5,0,551.8,124,49,1488,909.2327,4836.2,2016,1124.8,11454.8,0,224.16,10.6,241.8,11822.2,4128,1921.6,29477.2,202,0,3.6,0.5439,24807.4,16752.7806,6343.5784,-405.6164,551.8
centered_candidate_000102_134bd069,centered-gaussian,5,5,0,550.8,342,180.6,1119.6,522.1469,5082,3787,2375.6,9060.2,0,279.72,13,240,12645.6,9645,5236.8,23231.8,240.6,0,4.2,0.5869,29154.4,9925.2379,3648.1912,-80.4734,550.8
centered_candidate_000237_360ada6a,centered-gaussian,5,5,0,538.8,92,56.6,1469.6,918.8296,4886,1748,1222.8,11725.4,0,202.06,10,255.6,12345.8,3623,2122.2,31558.8,203.2,0,3.4,0.6868,25008.8,18881.2801,6654.8424,-402.8148,538.8
centered_candidate_000056_d82418fe,centered-gaussian,5,5,0,537.6,91,56,1408,784.2817,4898.2,1772,1252.4,11231.8,0,218.3,10.8,249,11364.4,3419,2136.2,27650.2,209,0,3,0.626,22993.8,14791.3089,5641.731,-336.1409,537.6
centered_candidate_000116_2f7b2ac5,centered-gaussian,5,5,0,536.8,239,71.2,1282.8,659.8695,5000,2979,1483.8,10464.6,0,244.66,11.6,247.8,12319.2,7580,2858.2,26794,211.8,0,3.2,0.5879,24082.8,13064.0924,4843.8154,-258.7348,536.8
centered_candidate_000150_bba4e842,centered-gaussian,5,5,0,523.4,87,57,1395.4,816.4601,4803.8,1847,1270,11144.8,0,220.28,10.6,242.4,11664.8,3763,2457.2,28341.4,193.2,0,3.2,0.5496,23771,15476.5269,5881.2225,-351.23,523.4
centered_candidate_000233_7cc3a316,centered-gaussian,5,5,0,522,155,70.8,1292.2,676.2115,4876.2,2348,1461.4,10547.4,0,227.28,11.4,243.2,11453.4,4831,2785.6,25883,207.4,0,3.6,0.5601,25969.6,12551.4119,4976.6257,-267.3058,522
centered_candidate_000096_f2b5c082,centered-gaussian,5,5,0,518.8,335,81.8,1171.6,599.9355,4836.8,3624,1578.6,9513.4,0,251.86,11.8,233.8,11313.4,8921,3152.8,22679.8,211.4,0,4.2,0.4652,27852.6,10408.9233,4239.5162,-218.1677,518.8
centered_candidate_000020_2cc70b4c,centered-gaussian,5,5,0,508.6,86,63.6,1317.2,721.8991,4691.2,1676,1351,10603.2,0,223.58,10.8,233,11061.8,3495,2614,25874.4,193.8,0,3.8,0.5322,26269.6,12985.9834,5232.6094,-297.3495,508.6
centered_candidate_000258_be582fc6,centered-gaussian,5,5,0,505.4,110,70.4,1329.4,796.7618,4686.2,1973,1491.6,10560.2,0,222.6,10.6,234.8,11112.8,3548,2733.2,26700.8,196.2,0,3.2,0.6402,24125.6,14790.9587,5616.0887,-327.9809,505.4
centered_candidate_000254_0a261e8c,centered-gaussian,5,5,0,502.4,260,146.6,1086,542.7171,4803.6,3143,2249,8907.6,0,267.24,12,229,11754.6,7878,4695.8,22617.2,210.4,0,4.4,0.4468,29382.8,10106.6178,3821.3598,-124.7585,502.4
centered_candidate_000128_7d6395e7,centered-gaussian,5,5,0,496.8,105,60.4,1286.8,721.3968,4602,1801,1292,10424,0,213.06,10.8,229.4,11312,3078,2389.8,27432.6,200.2,0,3.4,0.6629,25149.4,14547.3887,5259.8488,-300.2984,496.8
centered_candidate_000128_e0a554c4,centered-gaussian,5,5,0,496.4,222,54.8,1220.8,663.7302,4520.4,2961,1191.6,9616.6,0,233.96,11,219.2,11403.8,7926,2062.4,25244,214.6,0,3.4,0.6688,25604.2,12812.2859,4646.0953,-277.0651,496.4
search_candidate_000195_479c30f9,random-phased,5,5,0,495.2,56,44,1185,550.3466,4421,1236,1032.4,9538.8,0,227.9,11,211.4,9987.6,1866,1495.8,22850.4,207.6,0,2.8,0.739,22289,10284.2695,4078.1794,-231.1733,495.2
centered_candidate_000110_0ff79941,centered-gaussian,5,5,0,495,152,80.4,1251,720.1475,4739.2,2332,1650.6,10250.6,0,230.34,10.8,238,11113.8,4653,3359.4,25064.6,198.4,0,3.6,0.4973,25270,12998.2441,5219.537,-279.6737,495
centered_candidate_000114_5212fec4,centered-gaussian,5,5,0,495,93,41.6,1279,676.1086,4575.4,1745,998.6,10512.2,0,204.32,10.6,229.8,10148,3317,1651.2,24499,195.4,0,2.8,0.7353,22711.6,12555.9878,5108.8509,-296.4543,495
centered_candidate_000164_54f8dc32,centered-gaussian,5,5,0,494.6,83,54,1294.6,723.6984,4584.8,1531,1169.4,10565.2,0,222.94,10.4,229,11440.2,2791,1899.6,28190.4,196,0,3.4,0.5986,24491.6,14743.9094,5289.0869,-307.8492,494.6
search_candidate_000077_f483edb0,random-phased,5,5,0,492.6,183,85.2,1082.4,468.348,4578,2621,1608.8,8718,0,250.16,11.8,217.4,10066,6557,2786,19677,227.6,0,3.2,0.5807,23910.6,7720.5603,3298.5271,-148.974,492.6
centered_candidate_000078_4c3e044f,centered-gaussian,5,5,0,491.2,394,67,1058.6,505.8076,4582.8,4183,1423,8571.6,0,236.4,11.6,219.4,10435,9349,2739,20159,204.6,0,4,0.4979,27569.4,8630.196,3570.8661,-185.9038,491.2
centered_candidate_000069_f2b7673a,centered-gaussian,5,5,0,491,245,104.6,1147.6,630.6857,4793.8,2954,1880.2,9700.2,0,246.84,11.2,237.4,11433.4,7525,3851.4,23540.8,197.6,0,4.2,0.5088,28318.2,11489.1627,4689.7531,-210.7428,491
search_candidate_000227_4fb02b58,random-phased,5,5,0,488.4,268,55.8,1059,458.377,4347.6,3236,1211.2,8219,0,245.82,11.8,199.4,9553.8,7962,2112,18188,227.2,0,3.2,0.6734,24323.4,7151.1061,3150.6231,-173.3885,488.4
centered_candidate_000080_9b69065f,centered-gaussian,5,5,0,484.6,60,43.8,1214.6,587.1268,4478.4,1298,1057.8,10015.8,0,205.98,10.6,223.2,9698.8,2412,1899.4,22595.4,199.8,0,2.8,0.6677,23351,10439.8656,4434.3,-249.7634,484.6
centered_candidate_000201_64a6a6fc,centered-gaussian,5,5,0,481.4,85,52,1278.6,745.3527,4495,1695,1259.8,10304.8,0,217.3,10,226.4,10927.6,3237,2222.4,26554.8,190.2,0,3.6,0.4826,25160.2,14221.6262,5336.9763,-320.6763,481.4
centered_candidate_000059_ba105f36,centered-gaussian,5,5,0,476.4,68,61.4,1180.6,572.6684,4381.2,1346,1323.8,9613.4,0,211,10.8,216.2,9540.6,2508,1956,22169.8,222.8,0,3.4,0.7523,27511.4,10284.6332,4276.9251,-224.9342,476.4
centered_candidate_000120_3de06983,centered-gaussian,5,5,0,467.2,177,90,1117.8,590.2638,4441.4,2514,1695.6,9011,0,250.2,11,212.8,10769.6,6056,3468.4,22603,206.8,0,3.8,0.4717,25427.6,10520.2297,4086.7819,-205.1319,467.2
centered_candidate_000259_2bc0d7f1,centered-gaussian,5,5,0,464,93,83,1186.4,676.9009,4432.6,1838,1627,9643.8,0,229.2,10.2,220.4,10014.4,3675,3369.4,22292.2,194.8,0,3.6,0.4733,24835.6,11222.7121,4857.5165,-255.4504,464
centered_candidate_000039_9427c6f6,centered-gaussian,5,5,0,463.8,76,30.4,1152,547.8446,4202.2,1552,800.4,9407.6,0,205.82,10.4,206,9149.4,2653,1257.4,21376.8,217.6,0,3.2,0.6849,25451,9751.631,4162.5514,-243.5223,463.8
centered_candidate_000201_2fa1ced6,centered-gaussian,5,5,0,463.8,93,53.2,1219.2,707.4321,4406.4,1697,1250,10034,0,219.82,10,221.2,10928.2,3378,2626,26048,194.8,0,3.4,0.5678,24361.6,13951.5011,5214.4243,-300.516,463.8
centered_candidate_000013_08abb05d,centered-gaussian,5,5,0,463.6,60,40.4,1225.2,668.7698,4123.2,1323,903.4,9617,0,209.72,9.8,200,9600,2403,1467.2,23529.6,187,0,3.6,0.6091,25139.2,11845.3379,4679.3378,-293.9849,463.6
centered_candidate_000242_68847a05,centered-gaussian,5,5,0,463.2,278,57.4,1093.6,589.4809,4304.6,3339,1253.6,8723.6,0,238.08,10.8,206,10700.2,7260,2339.4,23229.8,213.4,0,4,0.646,28051.2,11527.7069,4105.2569,-237.3405,463.2
search_candidate_000090_fb398315,random-phased,5,5,0,461.2,93,43.4,1256,784.7212,4192.6,1820,1020.2,9864.2,0,202.8,9.2,211.4,9313,3550,1654.4,23033.2,186.2,0,3.4,0.5706,23483,13326.5146,5515.2256,-348.9606,461.2
centered_candidate_000137_1069894c,centered-gaussian,5,5,0,459.2,158,53.4,1143.8,611.7167,4247.4,2396,1162.8,9100.4,0,212.3,10.6,209.8,9489.4,4729,2042.4,21571.6,237.2,0,3.2,0.8087,26847.2,10800.756,4280.277,-252.4584,459.2
centered_candidate_000130_7872fb0f,centered-gaussian,5,5,0,459,83,42,1255,786.2857,4203.6,1568,1015.4,10053,0,182.62,9.2,215.4,9774.4,2581,1574.6,25048.6,181,0,3,0.6824,23292,14933.3998,5736.6508,-351.1428,459
centered_candidate_000017_67761276,centered-gaussian,5,5,0,456.8,50,43.4,1276,815.6184,4075.6,1167,1014,10032.6,0,178.1,8.8,209.2,8624.6,1926,1604,22358.8,186.8,0,2.8,0.7477,22188.2,13672.8594,5906.6921,-364.4092,456.8
centered_candidate_000049_412bb41c,centered-gaussian,5,5,0,456.6,194,70,1109.6,612.2861,4484.6,2811,1444.2,9289.2,0,237.88,10.8,220.8,11140.4,6778,2516.8,24504.8,203,0,3.2,0.6232,23923,12302.8315,4466.0153,-236.143,456.6
centered_candidate_000116_1839277b,centered-gaussian,5,5,0,452.8,122,90.8,1112.2,600.1584,4466,2110,1796.8,9271.4,0,229.84,10.6,222.2,10881.8,4369,3706.6,23806.4,200.2,0,3.2,0.5287,23683.8,11719.1061,4384.1429,-209.2792,452.8
centered_candidate_000065_cdaaa04d,centered-gaussian,5,5,0,451.6,89,58,1156.4,629.9475,4325.2,1699,1200.4,9665.4,0,218.86,10,216,9520.6,3132,1832,22303.8,193,0,3,0.6434,23391.8,10926.9238,4713.592,-256.9737,451.6
centered_candidate_000089_dbaa5c68,centered-gaussian,5,5,0,451,58,49,1241.4,780.1233,4272.8,1269,1194,10276,0,197.68,9.2,219.6,9737.4,2393,2072.4,24488.6,180.2,0,3.4,0.5322,24362.4,14276.4815,5857.8133,-341.0617,451
centered_candidate_000078_554ff3ee,centered-gaussian,5,5,0,450,84,69.8,1189,724.7761,4115.8,1645,1429.4,9206.2,0,206.5,9.6,203,10129.4,3148,2745.6,24247.6,187,0,3,0.5371,22966,13633.7639,4932.1376,-292.5881,450
search_candidate_000240_36c0d2f4,random-phased,5,5,0,445.4,87,39.4,1165.8,641.5527,4177.6,1723,915.8,9676.4,0,212.98,9.6,210,9044.4,3378,1780.4,21391.4,210.6,0,3.4,0.6736,25562.8,10953.4336,4872.4065,-281.3763,445.4
centered_candidate_000241_93a2104d,centered-gaussian,5,5,0,443.6,92,70.4,1141.4,652.7213,4162.2,1790,1500.8,9013.4,0,221.58,10,202.8,10277.2,3496,2798.6,24032,191.6,0,3.2,0.4874,23284.6,12768.861,4510.2084,-255.9606,443.6
centered_candidate_000248_9b4de966,centered-gaussian,5,5,0,434.6,80,48.4,1130.2,624.7958,4175.2,1522,1119.6,9501.8,0,211.46,9.8,208.2,9849.2,2766,2033.6,23763.8,192.6,0,3,0.6314,22855,12411.7085,4723.7939,-263.9979,434.6
centered_candidate_000159_d10d14ef,centered-gaussian,5,5,0,434.2,87,54,1142.4,671.8998,4198.2,1730,1219.8,9463.2,0,214.6,9.6,210.4,10522.6,3129,2185.8,25673,186,0,3.6,0.5304,25097.6,14141.9298,4889.0828,-281.9499,434.2
search_candidate_000026_fb2189f7,random-phased,5,5,0,432,85,44.8,1170.8,728.2826,4101.8,1622,1064.4,9690.8,0,183.3,9,211.8,8960.2,2688,1680.8,22479.2,183,0,3,0.631,23127.4,13217.48,5487.1429,-319.3413,432
centered_candidate_000124_a25199ae,centered-gaussian,5,5,0,429.8,95,58.8,1121.4,654.6716,4245.6,1670,1321.4,9603.2,0,223.56,9.6,214,10482.8,3582,2547.4,24858.6,191.6,0,3.6,0.6238,25316.4,13362.927,5009.9338,-268.5358,429.8
centered_candidate_000155_3be21b4f,centered-gaussian,5,5,0,428,62,45.8,1176.2,741.5754,3987,1263,1058.8,9600.8,0,182.8,9,204.2,9517.2,2040,1746.4,24716.4,196.8,0,2.6,0.8048,23132.8,15013.786,5485.7423,-324.9877,428
centered_candidate_000050_f38ab8fd,centered-gaussian,5,5,0,427,212,124.6,947.4,502.3827,4242.6,2889,2082.6,7783.4,0,251.96,11,200.6,10160.2,6407,4729,19349.8,203.4,0,4.8,0.4137,29975.8,8972.7412,3420.7591,-126.5914,427
centered_candidate_000208_c517f3e9,centered-gaussian,5,5,0,420,51,44.2,1139.2,680.9887,4013,1210,1052.8,9524.4,0,208.08,9.2,201.4,9041.8,2362,1852.6,22188.2,193.4,0,2.6,0.7978,21442,11950.9452,5097.5826,-296.2943,420
centered_candidate_000135_a0b350d7,centered-gaussian,5,5,0,419.8,86,54.4,1119.4,685.9342,4051.2,1684,1183.2,9319.8,0,189.48,9.2,207,9266.4,3013,1912.4,23011.4,186,0,2.8,0.6438,22742.2,13475.2013,5097.4369,-288.5671,419.8
centered_candidate_000197_db27c9d6,centered-gaussian,5,5,0,419.4,58,55.8,1075,567.1743,3954.2,1317,1243.2,8743.8,0,220,9.8,190,9960.4,2902,2348.4,23349.6,189.8,0,3.4,0.4863,24535.4,11559.9086,4075.5003,-227.7871,419.4
centered_candidate_000144_3f9ca0a4,centered-gaussian,5,5,0,417.2,65,60.6,1093.2,628.8053,4107.6,1419,1293,9296.6,0,215.5,9.4,206.4,9412.2,2920,2334.6,22112.4,187.6,0,3.2,0.5408,23229.6,11362.6132,4726.834,-253.8027,417.2
centered_candidate_000086_9670b426,centered-gaussian,5,5,0,415.6,108,61.4,1084.6,658.0789,4014.8,1963,1307,8865,0,204.52,9.4,200.8,9582.6,3837,2742.8,22295.4,188.6,0,3.2,0.5368,23209.8,12476.2565,4711.2306,-267.6395,415.6
search_candidate_000254_82162a04,random-phased,5,5,0,412.8,89,71.2,1065.4,630.8551,3947.4,1725,1488.6,8523,0,219.12,9.4,194.4,9070.6,3346,2872.2,20593.6,201.6,0,3.4,0.5063,23809.4,10852.5685,4378.004,-244.2276,412.8
centered_candidate_000121_14655847,centered-gaussian,5,5,0,401,85,66,1033.4,600.6154,3817.2,1662,1449.6,8191,0,221.3,9.6,182,9376.2,3343,2836.6,21468.8,189.2,0,3.2,0.4798,23191.6,11238.3639,4120.2896,-234.3077,401
centered_candidate_000233_bb466ef5,centered-gaussian,5,5,0,400.6,89,43,1065.2,637.9375,3756.4,1627,1010,8600.2,0,187.04,9,186.2,8777,2895,1581.4,21835.8,181.6,0,2.4,0.6618,20293.4,12467.4729,4550.4731,-275.9687,400.6
general_top10-average-phased_93919cf0,top10-average-phased,5,5,0,398.6,81,50.6,1067,661.3745,3928.4,1628,1197.8,9003.6,0,197.08,9,199,8658,3498,2131.4,20540.6,180.6,0,3.2,0.6593,23506.8,11631.9955,4997.1397,-280.0873,398.6
search_candidate_000052_70c6c81e,random-phased,5,5,0,395.6,69,60.2,1053.8,649.8042,3888.4,1442,1274.8,8919.8,0,196.86,8.8,197.2,7850.4,2368,2261.4,18785,178,0,3.4,0.4927,24310.2,10687.336,4913.1628,-264.7021,395.6
search_candidate_000096_c2b9bb93,random-phased,5,5,0,394.6,157,71.8,922.6,456.269,4050.6,2404,1555.2,8017.2,0,232.02,10.2,197.4,8500.6,4939,3164,16930.2,201,0,3.4,0.4978,23894.2,7231.5131,3447.2193,-156.3345,394.6
centered_candidate_000250_88a07608,centered-gaussian,5,5,0,394.4,122,59.2,985.6,544.3604,3874,2099,1325.2,8111,0,221.4,9.6,187.8,8891,4185,2628.6,19362.6,192,0,3.8,0.4553,25400,9317.3441,3835.3516,-212.9802,394.4
search_candidate_000134_0a2e82d9,random-phased,5,5,0,387.8,73,56.2,1033.8,637.7214,3824.2,1547,1250.8,8698,0,191.98,8.8,195,8788.4,2780,2218,21351.6,191.2,0,3.6,0.5963,25013.2,12270.6364,4767.2284,-262.6607,387.8
centered_candidate_000244_7e68a27d,centered-gaussian,5,5,0,381.6,62,30.2,1055,662.9454,3501.8,1279,771.8,8496.6,0,167.32,8.2,175.4,8893.4,1810,1029.4,23807,172.8,0,2.4,0.8148,21185,14546.895,4843.5465,-301.2727,381.6
centered_candidate_000143_2f9425fc,centered-gaussian,5,5,0,380.8,126,51.6,965.2,554.7981,3815.6,2100,1147.2,8245.8,0,206.26,9.2,190.2,7726,4151,1948.8,17173.4,193.8,0,3.2,0.6384,23657,8738.3338,4118.6801,-225.7991,380.8
centered_candidate_000179_4c049f3b,centered-gaussian,5,5,0,375.2,236,80,826.6,409.3494,3854.2,3062,1606.6,7096,0,237.16,10.2,182,8525,7279,3192.6,15570.8,195.2,0,3.6,0.5717,25601.8,6251.2049,2940.745,-124.6747,375.2
search_candidate_000079_460ac4b8,random-phased,5,5,0,372.2,37,31.4,999.8,561.6356,3657.4,932,772.2,8778.4,0,191.84,8.8,181.8,8586.6,1353,970,22065,178.4,0,2.8,0.6529,22725,11658.9027,4463.4478,-249.4178,372.2
search_candidate_000257_1d17a881,random-phased,5,5,0,362.8,81,67.2,926,538.6499,3697.8,1493,1295,8134,0,199.5,9,188.4,7468.4,3386,2388,16547.4,226,0,3.8,0.8444,29581.4,8611.6385,4154.7073,-202.125,362.8
centered_candidate_000045_d7b6ddde,centered-gaussian,5,5,0,362.6,114,57.2,924.2,546.9499,3633.6,2005,1299.4,7689.4,0,219.76,8.8,176.8,8199.2,4881,2759.2,17247.4,182.6,0,3.2,0.4217,21670.2,8561.3742,3885.6143,-216.275,362.6
search_candidate_000206_68df434f,random-phased,5,5,0,353.4,38,24,994.8,629.5146,3377,997,626.2,8471.4,0,157.76,8,172,6894.6,1731,721.8,18387.8,177.2,0,2.6,0.7831,21444,11244.2077,4886.9632,-290.7573,353.4
search_candidate_000131_a994b612,random-phased,5,5,0,347,84,67.8,870.6,492.8582,3446.8,1564,1415.6,7142.8,0,208.48,9,163.6,7530.2,2805,2612,16666.6,182.8,0,3.6,0.5447,25280.8,8374.7605,3367.9968,-178.6291,347
search_candidate_000010_0119bf54,random-phased,5,5,0,345.6,65,47.2,920.6,562.9713,3300.8,1449,1066.8,7388.6,0,184.2,8,163.6,7736.4,2340,1568,19316.6,191.2,0,2.8,0.7142,21834,11306.0988,3958.0155,-234.2856,345.6
centered_candidate_000093_764f1935,centered-gaussian,5,5,0,329.6,66,37.4,887.6,548.4446,3151.2,1378,927,7174,0,177.42,7.8,153.4,7085.6,2303,1417.8,17454.4,168,0,2.6,0.7441,20912.6,9917.0581,3863.0787,-236.8223,329.6
search_candidate_000144_a06f1fcc,random-phased,5,5,0,326.8,37,24.4,917,582.2135,3113.4,926,640.2,7765.6,0,155.74,7.4,158.2,7337.2,1170,819.2,19946.8,179.6,0,2,0.8165,19616.6,12350.7906,4527.6489,-266.7068,326.8
search_candidate_000235_d1698b5a,random-phased,5,5,0,315.8,91,53,760.6,378.0611,3331.6,1676,1147.2,6847.8,0,199.96,8.8,161.2,7028.6,2961,1848.4,15139.6,187.2,0,3.6,0.566,25123.6,6607.516,2954.3882,-136.0305,315.8
centered_candidate_000068_062f1cce,centered-gaussian,5,5,0,311,68,46.4,819.8,502.1446,3091.8,1453,1045.6,6806.6,0,175.28,8,151.4,6942.4,2490,1715.6,16671.2,185,0,2.6,0.6987,22245.4,9588.5654,3645.7484,-204.6723,311
centered_candidate_000160_033b1494,centered-gaussian,5,5,0,308.2,89,45.4,776.2,431.7418,3116,1781,1052.4,6459,0,200.44,8.4,146.6,7332.2,3576,1864.2,16410.2,183.8,0,3.2,0.5933,23310.8,8319.762,3007.4773,-170.4709,308.2
centered_candidate_000189_8a6bb5e3,centered-gaussian,5,5,0,300.6,56,37.6,791.8,462.9015,3083.6,1327,917.8,6869.4,0,175.48,8,150.4,6720.4,1934,1439.4,16476.4,169.4,0,2.6,0.6608,21585.2,9125.2796,3460.8313,-193.8508,300.6
centered_candidate_000242_823a84ed,centered-gaussian,5,5,0,292.8,67,51.8,760.6,465.1702,3044,1455,1197.4,6491.8,0,189.96,8,146.2,6827,2602,1952.8,15932,174.6,0,3.4,0.5037,24300.2,8899.9235,3395.4122,-180.7851,292.8
centered_candidate_000157_848b75c7,centered-gaussian,5,5,0,292.6,96,40,749.2,440.7156,3016.8,1859,949.2,6398,0,180.38,8,146.2,6545,3365,1574.6,14890.8,181,0,3.2,0.654,24008.6,7830.3639,3194.1738,-180.3578,292.6
centered_candidate_000125_047b9f80,centered-gaussian,5,5,0,284.2,75,47,731.2,437.2274,2954.8,1603,1088.4,6237.6,0,182.72,7.8,143.2,6316.2,2790,1844.6,14414.2,182,0,3,0.7013,23428.4,7899.7617,3175.0573,-171.6137,284.2
centered_candidate_000009_f8a7bb9e,centered-gaussian,5,5,0,267,80,54.2,664.6,389.4268,2809.2,1555,1161.8,5685.2,0,175.72,7.6,136.6,5989.2,2754,1806.6,13383.4,189.8,0,3.2,0.6407,24256.8,7191.7276,2768.4366,-140.5134,267
search_candidate_000063_e03086a0,random-phased,5,5,0,260.2,71,54.8,655,390.5142,2781.6,1469,1262,5607.4,0,187.56,7.6,132.4,5751.4,2748,2199.8,12393.6,182.2,0,2.8,0.5355,20984.8,6537.9146,2748.0474,-140.4571,260.2
centered_candidate_000110_3f74be38,centered-gaussian,5,5,0,257.2,162,71,512,204.8311,2977,2433,1463.6,4937.4,0,223.62,8.8,134.8,6771.2,5039,3044,11843.8,184.8,0,3.4,0.4507,23401.2,4113.9925,1600.9411,-31.4155,257.2
centered_candidate_000243_31f4e6e1,centered-gaussian,5,5,0,253.4,66,35.6,643.6,359.1788,2739.2,1394,842,5875.8,0,177.6,7.6,131.4,5662,2385,1234.8,12878,182.6,0,3,0.75,23493.8,6252.3085,2812.014,-143.9894,253.4
centered_candidate_000002_8f2dde4b,centered-gaussian,5,5,0,250.4,51,34.4,664.6,405.5094,2684,1131,854.2,6036.8,0,158.6,7.2,131,5458.8,1610,1195.4,13374.6,160.6,0,2.6,0.6524,20974,7453.5923,3196.7194,-168.3547,250.4
search_candidate_000050_efa0e564,random-phased,5,5,0,248.6,65,62,617,364.242,2574.4,1337,1236.8,5128.8,0,177.3,7.4,123,5297,2466,2288,11101.4,215,0,3.2,0.8353,26360,5669.1843,2507.2964,-120.121,248.6
search_candidate_000001_f001959b,random-phased,5,5,0,245.8,64,43.8,620.2,353.8098,2678.2,1380,1061,5481,0,177.76,7.2,128.6,5435,2568,1809.2,11663,167.8,0,2.6,0.6873,20324.2,5582.8023,2555.8931,-133.1049,245.8
centered_candidate_000170_ba0e4c43,centered-gaussian,5,5,0,245.6,69,54,590.6,310.7607,2655,1488,1210.8,5077,0,193.76,7.8,123.4,5657.8,2953,2230,11284.8,204.2,0,3.4,0.7055,25938.6,4763.3657,2119.4514,-101.3804,245.6
search_candidate_000214_bd30f527,random-phased,5,5,0,240,94,57.6,543.2,261.6157,2842.2,1754,1203.4,5354.8,0,205.9,8,136.8,5845.2,3170,1845.4,12004,209.2,0,2.8,0.7106,21899.4,5160.6686,2112.2139,-73.2079,240
centered_candidate_000044_77ec1181,centered-gaussian,5,5,0,239,90,68.4,551.4,293.2917,2872.6,1727,1449.8,5364.8,0,187.1,7.8,140.8,5962.8,3252,2939.2,11462.4,177.4,0,3.2,0.5754,23427,5096.1993,2283.5336,-78.2458,239
search_candidate_000256_e8422773,random-phased,5,5,0,232.2,60,27.8,609.4,363.0919,2471.6,1231,673.4,5517.8,0,149.1,6.8,120.2,4923.6,2315,818.2,11770.8,162.8,0,1.8,0.8912,18181,6367.3125,2811.5773,-153.746,232.2
centered_candidate_000037_7fd1e360,centered-gaussian,5,5,0,230.8,73,47.8,573,337.3724,2617.6,1455,1106.4,5279.4,0,163,7.2,127.6,5019.6,2373,1745.4,10911.2,164.8,0,3,0.7075,22893.4,5737.4121,2582.7124,-120.8862,230.8
centered_candidate_000141_c3ad1e99,centered-gaussian,5,5,0,225.4,56,39.6,575,337.3002,2462.4,1292,874.4,5176.4,0,165.12,7,117.2,5184.8,2185,1201.6,12094.2,172.6,0,2.4,0.8029,21177.6,6504.6122,2550.5699,-129.0501,225.4
centered_candidate_000211_ac0679e0,centered-gaussian,5,5,0,225.4,298,69.8,343.6,126.5395,2788.2,3551,1471.8,3699.8,0,217.2,8.2,127.6,6469.4,8432,3147.4,8753.2,177,0,3.4,0.4738,23170.8,2673.543,1052.4802,6.5303,225.4
search_candidate_000147_4bcd617f,random-phased,5,5,0,223.6,47,40.4,581,350.8148,2463.4,1115,979.4,5276.4,0,174.98,6.6,118,5320.2,1771,1454,12684,166,0,2.6,0.6764,21366.6,7146.6762,2730.0134,-135.0074,223.6
centered_candidate_000200_94adde29,centered-gaussian,5,5,0,220.4,265,68.4,356.4,129.0622,2809.2,3283,1410.2,3961.4,0,204.36,8.2,131.6,5857.4,7156,2646,8413,171.8,0,3.2,0.5766,23241.8,2617.9602,1145.7623,3.8689,220.4
search_candidate_000169_0d75cb4a,random-phased,5,5,0,220.4,243,151.2,273.6,59.6543,2926,3105,2367,3358.6,0,233.28,8.4,138,6345.6,6795,5202.6,7037.2,201.2,0,3.2,0.4277,21733,1082.7108,487.8459,121.3728,220.4
search_candidate_000081_45effbde,random-phased,5,5,0,217.8,82,65.6,498.4,265.0512,2674.4,1621,1386.4,4925.6,0,198,7.4,128.4,5922.6,3320,2515.6,11812.8,182,0,3.6,0.4654,24038.8,5449.1576,2079.0648,-66.9256,217.8
centered_candidate_000196_4c767568,centered-gaussian,5,5,0,213.4,86,65.6,447.8,188.8127,2641.2,1703,1419.8,4473,0,191.72,7.6,124.6,5852.8,3674,2800,10456.8,169.4,0,3.6,0.4911,24488,3708.2219,1467.6581,-28.8064,213.4
centered_candidate_000230_c66f146d,centered-gaussian,5,5,0,210.2,125,73.6,405.4,157.1336,2643.8,2063,1473,4188.6,0,190.44,7.6,125.4,5725,4123,2960.6,9416,169.2,0,3.4,0.5373,23849.2,2961.1779,1244.3969,-4.9668,210.2
search_candidate_000200_0c793063,random-phased,5,5,0,208.8,90,62.6,413.2,166.7038,2603.4,1751,1379.8,4242.6,0,201.4,7.6,121.4,5834.2,3070,2580.8,10494.2,179.6,0,3.2,0.4746,22626.4,3753.4118,1334.3419,-20.7519,208.8
centered_candidate_000154_4d3a53ee,centered-gaussian,5,5,0,207.2,201,71.2,353,124.5655,2639.2,2829,1456.2,3759,0,212.3,7.8,120.6,6106,6891,3109.8,8783,172,0,3.2,0.4818,22276.6,2525.9101,1016.8836,8.9173,207.2
centered_candidate_000011_d0896c95,centered-gaussian,5,5,0,204.6,110,72,413.2,174.7519,2541,1959,1472.4,4089,0,199.28,7.6,115.8,5778.8,4051,3113.8,9719.4,166.4,0,3.2,0.5326,22681.2,3187.345,1279.0992,-15.376,204.6
centered_candidate_000186_056d21bc,centered-gaussian,5,5,0,203.4,95,71.4,388,150.6766,2582.8,1799,1501,4049.2,0,194.24,7.6,120.4,5582.4,3791,2913.8,9137.4,168,0,3,0.4982,21672.8,2888.7972,1189.6262,-3.9383,203.4
centered_candidate_000084_cefe26c1,centered-gaussian,5,5,0,202.4,148,62.4,376,141.4646,2556.6,2340,1353.4,3917.6,0,198.48,7.6,117.8,5422,5060,2336,8742.8,169.8,0,3.4,0.4434,23025,2844.3812,1138.3782,-8.3323,202.4
centered_candidate_000111_adae2926,centered-gaussian,5,5,0,200.2,83,80,378.6,145.5931,2606,1781,1615.6,4015.6,0,192,7.8,121.8,5682.2,3801,3237.6,9057.2,169.4,0,3.6,0.5253,24666.2,2761.5067,1146.5585,7.2034,200.2
centered_candidate_000131_b394ad50,centered-gaussian,5,5,0,200.2,51,46.8,436.2,187.8035,2354.4,1157,1106.8,4262,0,178.26,7.4,107.8,4996.6,2328,1834,9606.8,187.4,0,3,0.8085,24411.2,3676.8128,1517.7342,-47.1018,200.2
search_candidate_000221_b686d96c,random-phased,5,5,0,197.6,100,67.8,380.8,146.6869,2566,1825,1415.8,4089.2,0,187.8,7.6,120.6,5181,3821,2739.2,8503.8,166,0,3.2,0.5417,23082.8,2656.3943,1238.4085,-5.5434,197.6
centered_candidate_000225_91c68262,centered-gaussian,5,5,0,189.4,206,66.8,307,106.4229,2494,2799,1390.2,3450.8,0,207.4,7.6,113.2,5879.4,6294,2868.4,8724.4,174.4,0,3.8,0.4714,25527.2,2608.9924,922.2592,13.5885,189.4
centered_candidate_000173_184dd3b5,centered-gaussian,5,5,0,188,179,51.6,333.6,124.7894,2373.6,2599,1172.8,3510.6,0,195.12,7.4,107,5254.2,6201,2101.4,7979.2,176.2,0,3.2,0.6123,23367.8,2643.8051,1041.2763,-10.7947,188
centered_candidate_000252_ec5970c9,centered-gaussian,5,5,0,185.4,120,56.4,353.6,135.1556,2390.4,1933,1281.8,3774.8,0,200.76,7.4,107,5443.2,4443,2261.6,9373,168.4,0,3.2,0.4633,22723.8,3207.8844,1123.6383,-11.1778,185.4
search_candidate_000246_26abc299,random-phased,5,5,0,185,91,45.8,401.4,182.0736,2473.6,1715,1097.6,4461.6,0,205.04,7,117.6,5220.2,2955,1921.4,10239.8,183.4,0,2.6,0.6504,20039.2,4136.2177,1652.5496,-45.2368,185
centered_candidate_000236_c7dd2405,centered-gaussian,5,5,0,184.2,204,80.4,276.8,87.6958,2499,2766,1618.2,3232,0,215.42,7.6,112.4,5816.4,7290,3192.4,7661.6,169.4,0,3.6,0.5103,24256.4,2107.7067,726.29,36.5521,184.2
search_candidate_000003_142a0d59,random-phased,5,5,0,184.2,63,44.6,441.8,246.0044,2305.8,1332,1079.6,4452.6,0,181.46,6.4,110.8,4977.4,2410,1742.4,10688.6,172.6,0,2.2,0.6475,18239.8,5370.1598,1990.5365,-78.4022,184.2
centered_candidate_000219_ed3d08e8,centered-gaussian,5,5,0,184,80,59.2,364,144.4659,2452,1600,1346.8,3977.4,0,194.26,7.2,114.4,5463.2,3109,2641.4,9433.6,164.4,0,3.4,0.5298,23399,3223.1921,1237.7969,-13.033,184
centered_candidate_000127_e3a0ad7a,centered-gaussian,5,5,0,179.6,175,83.8,275,84.7623,2507.4,2525,1707,3281.4,0,210.1,7.8,113.6,5716.2,5117,3362.4,8377.2,173.8,0,3,0.5559,21815.2,2233.1557,697.3362,41.4189,179.6
centered_candidate_000015_fee5c581,centered-gaussian,5,5,0,179,95,64,361,152.0329,2383,1787,1374,3857.2,0,190.1,7,111.6,5072,3751,2501.2,8597.2,166.4,0,3.4,0.52,23471.6,2843.1233,1212.1239,-12.0164,179
centered_candidate_000135_007c5173,centered-gaussian,5,5,0,176.6,92,67,340.8,131.7659,2334,1752,1383.8,3623,0,183.1,7,110,4989.4,3592,2711.6,8001.6,176.6,0,2.8,0.6973,21705.8,2434.7796,1041.3637,1.1171,176.6
centered_candidate_000160_64f74a7b,centered-gaussian,5,5,0,176.4,200,123.8,219.4,43.8297,2522,2613,2026.8,2999.6,0,213.46,7.4,116.6,5486.8,6189,4124.2,6488,164.8,0,3.4,0.5658,23573.4,1098.7885,433.5403,101.8852,176.4
centered_candidate_000122_703fb89e,centered-gaussian,5,5,0,173.8,88,76.4,322.6,117.7224,2374.4,1647,1587,3558.4,0,186.64,7.2,111.2,5138.6,3723,3177,7882,171.8,0,2.8,0.5529,21086.8,2187.6044,943.0948,17.5388,173.8
centered_candidate_000039_391e13f9,centered-gaussian,5,5,0,172.8,156,73.6,292.6,104.8645,2373.4,2432,1502,3254,0,204.8,7.4,106.2,5307,5059,2864,7960.8,165.8,0,3.2,0.4883,22262.4,2284.4296,822.2544,21.1678,172.8
centered_candidate_000189_2bfacfa9,centered-gaussian,5,5,0,172.8,77,59.4,372.2,182.9015,2268.6,1615,1329.8,3793.2,0,179.5,6.8,106.4,4778,3285,2272.2,8659.6,170.4,0,3.4,0.5568,24139.8,3444.9073,1366.3749,-32.0508,172.8
centered_candidate_000195_17adf84f,centered-gaussian,5,5,0,171.6,109,62,331.2,131.658,2345.2,1948,1362.2,3624.8,0,188.5,7.2,107.8,5041.8,3816,2486.8,8324.6,162.4,0,2.8,0.5543,20422.6,2649.2768,1051.5302,-3.829,171.6
search_candidate_000253_de39331f,random-phased,5,5,0,170.6,52,39.8,362.6,154.9356,2036.4,1217,964.2,3539.4,0,180.52,6.8,92.2,4248.4,1660,1380.4,8563.4,221,0,3.2,0.9762,26460.2,3425.5974,1206.686,-37.6678,170.6
centered_candidate_000065_abecdf0e,centered-gaussian,5,5,0,170.2,156,73.6,287.6,101.7062,2371.6,2326,1443.8,3415.4,0,204.6,7,109.2,5277.2,4988,2822.6,8203.8,165.4,0,3.2,0.5007,22056.2,2561.9511,914.9932,22.7469,170.2
search_candidate_000119_7d1ae665,random-phased,5,5,0,167.2,89,58.8,355.6,182.1026,2246.8,1743,1356.6,3665,0,169.62,6.6,107.6,4648.4,3503,2626.8,7863.8,162.6,0,3.2,0.4785,22741.4,3079.8643,1353.5501,-32.2513,167.2
centered_candidate_000257_bcf68a74,centered-gaussian,5,5,0,166.8,161,74.8,262.2,82.5843,2360.4,2345,1495.6,3243.8,0,203.48,7.2,107.6,5196.2,5580,3085.8,7188.6,166.8,0,3,0.5208,21447.4,1818.6341,771.824,33.5079,166.8
centered_candidate_000104_58445af6,centered-gaussian,5,5,0,162.2,93,66.6,322.8,146.7071,2220.6,1803,1407.6,3441.2,0,182.08,6.8,102.4,4551,3340,2733.6,7462.2,161.4,0,2.6,0.5221,19681,2623.034,1098.0435,-6.7535,162.2
search_candidate_000087_e44c93d8,random-phased,5,5,0,161.4,75,51.6,358.6,188.3832,2101.4,1482,1193.2,3599.8,0,161.82,6.4,100.6,3921.2,2464,1900,7273.2,179.8,0,2.6,0.5586,19876,3020.2878,1352.4967,-42.5916,161.4
centered_candidate_000138_5e8c50e3,centered-gaussian,5,5,0,159,97,73.4,280.6,96.7884,2304.6,1858,1485.6,3373.4,0,187.1,7,108,4876.6,3508,3043.2,7518.2,165.8,0,3.4,0.531,23787,2098.8116,860.3296,25.0058,159
centered_candidate_000236_81e21a8c,centered-gaussian,5,5,0,157.6,85,59.4,302.2,114.7582,2239.2,1706,1302.8,3480.2,0,183.46,6.6,105.4,4687.2,3749,2479.6,7422.8,158.2,0,2.8,0.5612,20297.6,2223.5605,1000.3662,2.0209,157.6
search_candidate_000155_61edf6df,random-phased,5,5,0,157.2,84,64.2,308.2,129.1981,2147,1549,1317,3419.6,0,177.56,6.6,99,4359.6,3063,2142.4,7590.8,160.8,0,3.4,0.517,23998.8,2687.752,1068.329,-0.3991,157.2
centered_candidate_000165_7798b9ad,centered-gaussian,5,5,0,155.2,90,69.2,288.8,109.075,2229.6,1731,1498.6,3299.6,0,187.44,6.6,104.4,4781.4,3275,2900.4,7550.8,160,0,3,0.4786,21042,2195.9351,863.1423,14.6625,155.2
search_candidate_000202_4b1f9ffe,random-phased,5,5,0,149.2,159,49.4,248.8,88.7342,2172.2,2428,1056.6,3157.2,0,174.3,6.6,103,4363.6,4296,1667.2,6973.8,164.4,0,3.8,0.5163,25166.6,2343.9326,936.8025,5.0329,149.2
centered_candidate_000165_4e67a9e7,centered-gaussian,5,5,0,141.2,74,38.8,279.2,110.9277,1992.2,1552,868,3311.2,0,170.52,6.4,90.8,4286.8,2380,1281.6,8178.4,161.8,0,2.8,0.7072,21628.6,3203.6523,1098.5424,-16.6639,141.2
centered_candidate_000066_71846c34,centered-gaussian,5,5,0,140,85,61.8,266.4,110.9901,2121.4,1647,1442,3175.2,0,169.18,6.4,101.2,4227.8,3177,2509.4,6870.6,154.8,0,3.2,0.5296,22779.6,2300.9104,893.0215,6.305,140
centered_candidate_000095_87ed019b,centered-gaussian,5,5,0,139.8,99,57.6,247.8,86.818,2064.6,1881,1206.4,3013,0,183.96,6.6,94.2,4519.6,3783,1983.4,7477.6,170.4,0,2.4,0.8012,20564.2,2440.2899,797.7204,14.191,139.8
centered_candidate_000029_cf309c4d,centered-gaussian,5,5,0,139.2,87,81.6,224.8,68.438,2131.8,1735,1667.2,2806.6,0,187.66,6.6,100.4,4609,3423,3228,6756.4,182,0,3.2,0.586,24290.2,1705.4239,540.2664,47.381,139.2
centered_candidate_000079_adeb38e0,centered-gaussian,5,5,0,138.8,108,46.2,256,95.9029,2033,1944,1056.2,3095.8,0,182,6.2,93.8,4414.8,3813,1806.4,7436.4,160.2,0,2.6,0.596,19761.2,2502.0345,900.3455,-1.7514,138.8
centered_candidate_000134_c415149b,centered-gaussian,5,5,0,137,79,64.8,261.8,114.2401,2082.8,1619,1426,3125.6,0,161.88,6.4,99.8,4113.2,2832,2512.8,6840.8,156.6,0,3.2,0.5547,23132.6,2458.3081,914.0261,7.68,137
centered_candidate_000235_def8ae93,centered-gaussian,5,5,0,135.8,72,63.2,248.6,89.5107,2051.8,1520,1368.2,3026,0,185.18,6.4,94,4465.8,3314,2616.8,6972.4,162,0,3,0.4816,20902,2006.2521,778.0644,18.4447,135.8
centered_candidate_000234_47e8f9e6,centered-gaussian,5,5,0,134.8,70,62,269.2,127.0392,2015.8,1494,1377.4,3135.6,0,169.64,6,95.6,4240,2982,2615.6,7089.2,152.4,0,2.8,0.5806,20893.4,2687.9312,1023.3995,-1.5196,134.8
search_candidate_000171_fc19c54c,random-phased,5,5,0,133.8,105,70.6,218.2,70.3886,2071.2,1916,1443,2834.4,0,167.8,6.4,98.6,4075.4,3394,2640,5996,160.4,0,3.2,0.4615,22918.6,1595.7473,656.8048,35.4057,133.8
centered_candidate_000183_c7a17dfd,centered-gaussian,5,5,0,133,111,80.6,206,63.1538,2107.8,2007,1615.2,2699.6,0,189.08,6.4,98.6,4457,3765,2894.8,6450.2,164.4,0,3,0.5194,22038.6,1635.2951,508.4283,49.0231,133
search_candidate_000251_c54175e3,random-phased,5,5,0,133,151,88.6,165.4,36.0888,2145.6,2303,1705.4,2472.4,0,209.18,6.6,99.6,4595.4,5060,3366,5486,190.4,0,3.4,0.4321,22713.8,996.8341,373.3731,70.5556,133
centered_candidate_000171_bfc17102,centered-gaussian,5,5,0,132.6,65,62.4,261,114.8923,1970.2,1360,1319,3104.6,0,171.64,5.8,93.2,4114,2802,2504.2,6872.8,152.8,0,3,0.5216,21673.2,2460.3093,963.4503,4.9539,132.6
centered_candidate_000239_8626ee9a,centered-gaussian,5,5,0,132.2,94,68.4,234.8,95.1092,2065.2,1738,1422.4,3004.8,0,164.88,6.2,100,3850,3274,2545.6,5739.8,158.2,0,2.6,0.575,20542.6,1721.2278,825.5884,20.8454,132.2
centered_candidate_000094_fe0ecf62,centered-gaussian,5,5,0,131.4,109,61.4,215.2,68.9829,2032,1900,1298.8,2841.2,0,180.38,6.2,94.4,4486.4,3559,2777.2,6762.2,155,0,3.2,0.4804,22312.4,1822.9952,687.6406,26.9086,131.4
centered_candidate_000071_e43ce733,centered-gaussian,5,5,0,130.2,81,74.4,228.8,87.4835,2037.6,1639,1572.8,2852,0,168.3,6.2,97.2,4152.6,3287,2966.8,6126,156.2,0,2.8,0.6152,20736,1760.0118,723.9748,30.6583,130.2
centered_candidate_000096_e4a73a46,centered-gaussian,5,5,0,130.2,95,54.8,246.8,108.6157,1969.2,1730,1208,3036,0,166.1,6,92.8,3985.2,3310,2182.2,6630.6,151.6,0,3.2,0.5046,22950.4,2468.7541,949.6969,0.4922,130.2
search_candidate_000212_15e10f8f,random-phased,5,5,0,128.6,54,40.4,290.2,153.6627,1977,1296,944.4,3706,0,146.58,5.6,99.8,3721.2,2471,1513.4,7213,152.2,0,2.8,0.5688,21004.8,3134.3354,1599.6977,-36.4314,128.6
centered_candidate_000163_12043a72,centered-gaussian,5,5,0,127.6,84,49,247.8,110.2172,1931.2,1571,1066,3091.6,0,154.42,6,92.4,3781.4,2794,1591.4,6840.8,156.6,0,2.6,0.6973,20708.4,2729.8056,1035.3213,-6.1086,127.6
search_candidate_000032_796abefb,random-phased,5,5,0,127.4,78,66,238.8,107.5241,1894,1599,1374.4,2720.2,0,164.5,6,90.8,3847,3020,2342.8,6180.8,188,0,3,0.6407,23517.2,2168.1646,760.6413,12.2379,127.4
centered_candidate_000115_bb5da60d,centered-gaussian,5,5,0,126.8,53,27,300.2,162.156,1790.4,1228,713.6,3454.4,0,139.84,5.6,85.8,3444.4,2141,915.4,7282.8,154.2,0,2.6,0.7187,20813,3369.0351,1492.8622,-54.078,126.8
search_candidate_000009_061a6656,random-phased,5,5,0,126.8,60,48,272,142.8263,1810.2,1313,1092,3014.6,0,162.32,5.4,87.8,3713.6,2602,1766.6,6866.6,181,0,1.8,0.8403,18168.8,3002.3256,1157.0672,-23.4132,126.8
search_candidate_000138_26f1c266,random-phased,5,5,0,126.8,92,57.6,224.4,86.5388,1987.4,1780,1190.2,2935.6,0,163.26,5.8,96.4,3838.4,3966,2025.6,5675.8,149.4,0,2.8,0.6024,20625.8,1758.3341,845.7377,14.3306,126.8
search_candidate_000140_7c3eae3f,random-phased,5,5,0,126,61,33.2,282,143.5312,1771.2,1275,794.4,3244,0,139.9,5.4,86,3150.8,1830,1088.2,6412.2,157.2,0,2.6,0.6959,20547.2,2887.057,1310.053,-38.5656,126
centered_candidate_000062_d0472e9e,centered-gaussian,5,5,0,125.2,67,49.2,254.8,120.5743,1797.8,1410,1124.4,2826.2,0,156.44,5.8,83.8,3585.4,2780,1892.2,6164.6,167.8,0,2.2,0.7154,19944.2,2393.6938,947.7131,-11.0871,125.2
centered_candidate_000088_e0d1409e,centered-gaussian,5,5,0,125,84,66.4,204.2,64.1779,2019.4,1585,1451.6,2797.8,0,181.64,6.2,94.2,4408.8,3401,3074.8,6250.4,157.4,0,3,0.5122,21583.6,1481.1557,634.4177,34.3111,125
search_candidate_000237_d8f69680,random-phased,5,5,0,125,68,60,241.6,106.5157,1866.4,1414,1236,2896.8,0,150.08,6,89.6,3483.2,2444,2085.4,5843.4,172,0,2.8,0.7542,21917.8,2176.8877,917.522,6.7421,125
centered_candidate_000043_f81c0446,centered-gaussian,5,5,0,124.4,91,62.4,210.2,70.4233,1970.4,1700,1339,2760,0,182.9,6,91.6,4239.2,3210,2684.6,6380.2,159.4,0,2.8,0.5295,20639.4,1720.8949,652.0493,27.1884,124.4
centered_candidate_000196_0f2f79d6,centered-gaussian,5,5,0,124.2,75,60,237.6,107.3711,1879.2,1515,1274.2,2858.8,0,161.06,5.8,88.4,3811.6,2961,2196.6,6374.6,152.4,0,3,0.6082,21677.6,2444.3229,921.0601,6.3144,124.2
search_candidate_000244_b24b28f3,random-phased,5,5,0,123.8,97,70.4,191.2,54.8795,2037.4,1874,1430.4,2714.4,0,186.44,6.2,95.6,4217.2,3480,2868,5962,163,0,3.2,0.5028,22468.6,1409.2919,570.9044,42.9602,123.8
centered_candidate_000101_c72da094,centered-gaussian,5,5,0,123.6,65,57,245.4,114.2236,1837.8,1361,1278.4,2817.4,0,162.88,5.6,87.2,3956.6,2717,2466.8,6619.2,163.4,0,3,0.6012,22130.8,2507.9839,888.6217,-0.1118,123.6
centered_candidate_000005_4106b8fc,centered-gaussian,5,5,0,123.2,81,59,221.6,81.9009,1955.6,1664,1303.4,2862.8,0,181.34,6,90.2,4343.8,3511,2535.6,6934,153.4,0,2.8,0.5127,20210.4,2199.479,750.2076,18.0495,123.2
centered_candidate_000147_62c9e873,centered-gaussian,5,5,0,121.8,58,51.4,243,103.4706,1832.6,1298,1197,2882.6,0,167.16,5.8,84,3856.2,2561,2376,6300.8,154.6,0,2.6,0.5211,19644.6,2034.5606,872.4849,-0.3353,121.8
centered_candidate_000028_083da82e,centered-gaussian,5,5,0,119,86,43.8,228.6,98.1937,1849.4,1580,999.8,2972.8,0,158.2,5.8,87.4,3909.4,3066,1581.2,7118.4,155.8,0,2.6,0.5344,20307.8,2922.9124,997.1539,-5.2968,119
search_candidate_000182_698f676d,random-phased,5,5,0,117,83,56.2,193.6,63.2866,1918.4,1669,1220,2732.2,0,158.26,5.8,93.6,3699,3209,2092,5512.4,158.2,0,3,0.5097,21690.6,1524.887,682.6576,24.5567,117
centered_candidate_000229_04704cee,centered-gaussian,5,5,0,116,75,62,212,93.2373,1874.8,1559,1369,2712.8,0,160.06,5.8,89.2,3818,2912,2781.6,5707.2,152.4,0,2.6,0.5977,20004.6,1776.7485,804.2461,15.3813,116
centered_candidate_000235_bd9083c5,centered-gaussian,5,5,0,116,101,71,173.6,49.0673,1931.6,1939,1433,2477.8,0,172.08,5.8,92.2,4001,3718,2876.6,5405.6,155,0,2.8,0.5341,20419.4,1246.8602,501.6579,46.4663,116
centered_candidate_000100_f0dd6d77,centered-gaussian,5,5,0,114.2,83,53.8,210,89.1233,1861.4,1667,1215.8,2762.2,0,164.16,5.6,90.2,3871.8,3071,2150.6,6394.2,164.2,0,3.2,0.6494,23278,2228.6931,814.1385,9.2384,114.2
centered_candidate_000252_e2c0c474,centered-gaussian,5,5,0,113,91,75.2,173.4,57.6784,1895.6,1760,1526.2,2417.4,0,169.4,5.8,90.8,4046.4,3586,2636.4,5985.8,162.6,0,3,0.6993,22299.2,1828.0038,487.874,46.3608,113
search_candidate_000224_fe61a52f,random-phased,5,5,0,111.6,74,57.6,201.2,82.2231,1847.4,1520,1283.6,2707,0,168.5,5.6,87.8,3748.8,2910,2347.2,5890.2,155.6,0,2.8,0.4988,20503.4,1931.8264,759.9381,16.4884,111.6
centered_candidate_000023_77937223,centered-gaussian,5,5,0,111.4,90,72,169.2,51.4338,1904.2,1704,1468.2,2503.6,0,175.42,5.8,89.8,4123.8,3556,2954,5735,153.6,0,2.8,0.5305,20168.2,1365.7218,510.2134,46.2831,111.4
search_candidate_000046_e4e9699d,random-phased,5,5,0,111.2,83,63.4,185.6,69.7923,1844.6,1691,1341.8,2500.8,0,165.66,5.6,88.2,3557.2,3040,2224.8,5510.8,156.4,0,2.8,0.6482,20668.2,1829.9502,623.6379,28.5039,111.2
centered_candidate_000027_46ae2894,centered-gaussian,5,5,0,110.6,111,43.4,187,67.3902,1863.4,1940,1032.6,2740.4,0,160.22,5.6,90.6,3648.6,3510,1622,5983,155.2,0,3,0.6234,21878.6,2002.5949,780.3006,9.7049,110.6
centered_candidate_000119_2c3c671d,centered-gaussian,5,5,0,109.8,90,59.6,183.2,66.9101,1881,1739,1312.2,2616.2,0,170.48,5.6,90.6,3938.4,3553,2859,5490.8,156.4,0,3.4,0.5231,23522,1394.2585,637.7147,26.145,109.8
centered_candidate_000003_b4214bf0,centered-gaussian,5,5,0,109.6,87,70.6,172.8,58.8612,1978.2,1771,1560.4,2623.6,0,169.7,5.8,97.2,3773.2,3330,3064,4882.4,154,0,2.6,0.5673,19682.2,997.6056,597.76,41.1694,109.6
centered_candidate_000199_eeab7bd2,centered-gaussian,5,5,0,108.6,94,66,163.4,48.4091,1885,1794,1389,2440,0,175.04,5.6,89.8,3992.2,3615,2654,5594.2,151.4,0,2.6,0.621,19743.6,1404.0746,481.4113,41.7955,108.6
centered_candidate_000156_65f7f4b8,centered-gaussian,5,5,0,108,111,37.4,181.6,64.05,1835.2,1890,961.2,2703.8,0,161.7,5.4,89.4,3484.2,3385,1508,5741.8,151.8,0,2.6,0.6069,19819,1944.2174,769.8112,5.375,108
centered_candidate_000191_6eafb5b6,centered-gaussian,5,5,0,107,85,57,179.8,65.1552,1853.6,1683,1357.2,2534.6,0,161.12,5.6,89.8,3518.2,3339,2526.6,4755.6,152.4,0,2.6,0.5333,19858.4,1076.2088,604.8694,24.4224,107
centered_candidate_000110_3b77e902,centered-gaussian,5,5,0,106.6,53,36.8,231.4,120.5,1567.4,1132,870.2,2708,0,148.44,5,71.8,3172.4,1969,1425,6111.2,146.6,0,2.8,0.5929,20771.4,2765.3651,1061.5708,-23.45,106.6
centered_candidate_000076_e6a2a0e2,centered-gaussian,5,5,0,106,86,73.4,159.2,49.5298,1873,1674,1579.4,2365.8,0,175.18,5.6,89.4,4086.8,3492,3091.6,5660.2,154.6,0,2.4,0.5908,18887.2,1404.1848,459.0185,48.6351,106
centered_candidate_000105_d3fbf284,centered-gaussian,5,5,0,106,82,52.2,183,70.0657,1797.6,1615,1142.4,2615.8,0,163.24,5.6,84.8,3681.2,3189,1784.8,6157.6,151.4,0,2.4,0.5623,18605.8,2295.7923,715.0624,17.1672,106
centered_candidate_000208_7bb29555,centered-gaussian,5,5,0,105.6,75,52.4,187.6,75.8541,1814.2,1548,1176.2,2677,0,159.16,5.6,87,3517.4,2977,2004.8,5585.6,152.2,0,2.6,0.7498,20532.8,1897.8097,782.5516,14.473,105.6
search_candidate_000234_72de0560,random-phased,5,5,0,104.8,79,63.8,166.8,51.3981,1788.6,1631,1331.8,2387.6,0,178.74,5.4,83.2,3747.6,3472,2806.4,4901.8,153,0,3.4,0.5264,22983,949.7736,495.0825,38.101,104.8
search_candidate_000127_6a1b79b2,random-phased,5,5,0,104.4,87,57,173.6,64.2981,1799.6,1706,1265.6,2499.8,0,162.64,5.4,87.2,3347,3074,2040,5096.4,156.2,0,2.8,0.5461,20777,1583.8833,639.6964,24.851,104.4
centered_candidate_000186_e090dcef,centered-gaussian,5,5,0,103,90,71.2,141.2,31.6481,1786.2,1665,1446.8,2171,0,166.1,5.4,85,3582.2,3344,2864.2,4427.4,149.6,0,3,0.5584,21307.6,696.8068,326.5158,55.376,103
centered_candidate_000173_d42959f1,centered-gaussian,5,5,0,101.8,109,57.6,143.2,39.6454,1808,2010,1288.6,2187.2,0,166.86,5.4,87,3594.6,3690,2443.6,4606.8,151.6,0,3.2,0.5184,22371.6,1039.6995,435.3146,37.7773,101.8
centered_candidate_000073_4bcbc022,centered-gaussian,5,5,0,101.6,62,50.4,190,82.8242,1736,1402,1104.2,2698.4,0,148.04,5.4,83.6,3156,2393,1781.2,5192.8,145.6,0,2.6,0.6426,20358.8,1821.9053,876.8368,8.9879,101.6
search_candidate_000198_2cdae3de,random-phased,5,5,0,101.4,41,32,229.8,122.1419,1519.8,918,785.8,2803.6,0,134.9,4.8,72.2,2870.2,1335,999.6,6197.8,147,0,2.4,0.7084,19587.6,3101.3911,1179.2546,-29.0709,101.4
search_candidate_000125_51fb9c18,random-phased,5,5,0,99,106,50.4,147.8,44.6632,1742.6,1927,1116.6,2306.4,0,163.3,5.4,83,3365.8,3388,2147.8,4627.8,156.2,0,3.2,0.579,22288.2,1113.6878,545.1938,28.0684,99
centered_candidate_000014_d9605064,centered-gaussian,5,5,0,98.8,83,70.4,136.6,30.3341,1826.6,1644,1519.4,2236.6,0,164.08,5.6,88.6,3537,3349,2708.2,4402.2,157.4,0,2.8,0.6258,21019,759.9484,328.5109,55.2329,98.8
search_candidate_000156_0ee5ac95,random-phased,5,5,0,98.6,60,54.2,177.2,70.6756,1728.2,1289,1189.8,2647.6,0,148.64,5.2,84.8,3159.2,2287,1831,5233.2,147.2,0,3,0.5922,21580.6,1761.6437,804.6821,18.8622,98.6
search_candidate_000053_857c1eb7,random-phased,5,5,0,98.4,95,71,128.8,28.0685,1810,1811,1427.4,2194.4,0,153,5.4,90.8,3421.4,3410,2422,4466.2,160.2,0,2.6,0.5381,19692.6,1017.1037,371.371,56.9658,98.4
centered_candidate_000006_6948795f,centered-gaussian,5,5,0,96.6,81,37.2,177.6,74.516,1651.4,1590,919.4,2496.2,0,153.88,5.2,78,3244,2832,1406.4,5545.2,149.4,0,2.6,0.6199,20321.8,2031.2289,757.7389,-0.058,96.6
centered_candidate_000018_02ecfe14,centered-gaussian,5,5,0,96,113,65.8,116.2,23.9165,1783.2,1994,1415.2,2021.6,0,147.32,5.4,88.2,3350.8,3597,2542.6,3995.6,144,0,2.6,0.5522,20425,655.2433,291.4532,53.8417,96
search_candidate_000120_704e672f,random-phased,5,5,0,95.8,82,33.4,178,73.3059,1629,1701,784.2,2528.6,0,151.64,5,78,3267.6,3262,1079.4,5809.6,149.4,0,2.6,0.6648,20195.6,2304.9681,807.8842,-3.253,95.8
centered_candidate_000246_e18f4ca7,centered-gaussian,5,5,0,95.2,104,38,148,48.9955,1666.4,1824,905.2,2360,0,153.54,5.2,79.2,3095,2712,1335,5102.2,146.6,0,3,0.5544,21632.8,1668.4459,648.0051,13.5022,95.2
centered_candidate_000138_ff2f011b,centered-gaussian,5,5,0,94.6,81,68.2,135.2,38.3385,1736.4,1604,1425.2,2175.6,0,163.3,5.4,82.6,3484.2,2988,2625,4779.6,152,0,3,0.5079,21450.2,1163.8401,398.9093,49.0308,94.6
centered_candidate_000190_eec6ca0a,centered-gaussian,5,5,0,94.4,64,48.2,165.6,59.5134,1632.4,1326,1124.4,2375.4,0,156.5,5.2,76.2,3364.4,2383,1897.6,5674.4,148.6,0,2.2,0.6432,18567.6,1976.6902,606.1777,18.4433,94.4
search_candidate_000065_459cf4c1,random-phased,5,5,0,93.6,44,31.8,203,102.2949,1522.2,1129,815.8,2645.6,0,131.06,4.8,73.6,2449.2,1482,1079.2,4764,143,0,2.2,0.7789,18735.6,2117.8743,1032.4692,-19.3474,93.6
search_candidate_000012_44e4b6a8,random-phased,5,5,0,92,87,69.2,115.6,21.4009,1675.6,1682,1397.6,1923.4,0,138.22,5.2,83,2999.4,3204,2186,3650.6,147.4,0,3,0.5984,21891.2,693.5225,243.3981,58.4995,92
centered_candidate_000193_3ea9c503,centered-gaussian,5,5,0,91.2,66,63.4,141.8,46.3094,1689,1419,1329.8,2296.4,0,162.52,5,81.6,3542.4,2970,2633.2,5076.4,147.6,0,2.4,0.5637,18623.4,1471.7817,543.6959,40.2453,91.2
search_candidate_000097_3f81d28d,random-phased,5,5,0,90.4,80,64.6,126,30.7024,1661.6,1616,1403,1979.8,0,153.68,5.2,79.8,3329.8,3142,2935.6,3900.2,151,0,2.8,0.5426,20803,509.9766,289.07,49.2488,90.4
centered_candidate_000084_afa8bd58,centered-gaussian,5,5,0,89.6,64,48,147.4,46.0808,1615,1350,1150,2242.4,0,177.98,5,73.6,3623.8,2900,2299.2,5460.4,153,0,2.8,0.4707,20299,1477.8972,501.5998,24.9596,89.6
centered_candidate_000253_efd41532,centered-gaussian,5,5,0,89,47,33.8,184.2,87.7884,1481,1112,809.8,2510,0,129.08,4.8,71.8,2535,1783,1050,4750.6,150.2,0,2.2,0.8801,19481,1939.4099,913.9514,-10.0942,89
centered_candidate_000023_1260df58,centered-gaussian,5,5,0,88.6,75,59.4,132.6,40.1079,1661,1540,1276.2,2180,0,159.98,5.2,78.8,3412.2,2732,2643.8,4794,149.8,0,3.2,0.5087,22475.2,1253.7683,451.6034,39.3461,88.6
search_candidate_000183_6a9eba80,random-phased,5,5,0,88.6,86,72.6,105.8,15.6282,1654,1590,1464.8,1880,0,145.1,5,83,3179.2,3279,2434.4,3865.2,158.4,0,2.4,0.6385,18797.8,690.5642,197.5945,64.7859,88.6
centered_candidate_000113_90c432a0,centered-gaussian,5,5,0,87.2,81,50.6,131.4,39.5697,1618.6,1572,1140.4,2147.6,0,163.62,4.8,77.2,3347.4,3066,2062.8,4959,144.8,0,2.6,0.5704,19157.8,1420.2591,474.9693,30.8152,87.2
centered_candidate_000218_6e195f01,centered-gaussian,5,5,0,87,77,47.6,134.2,40.015,1606.8,1513,1053.6,2208,0,133.64,5,80.4,2751.8,2494,1657.4,3925.4,150.8,0,2.6,0.7153,20285.2,1053.1559,528.6305,27.5925,87
centered_candidate_000214_e9bda819,centered-gaussian,5,5,0,86.2,71,45.6,142.8,49.4425,1598.8,1402,1070.2,2304,0,140.86,5,78,2936.2,2179,1899,4464,144,0,2.8,0.559,20647.2,1226.3897,598.9442,20.8788,86.2
search_candidate_000199_3bdacf2e,random-phased,5,5,0,82.8,57,35,154,60.7467,1477,1293,838.2,2289.2,0,154.14,4.6,69.4,2875,2160,1369.6,4954.8,149.4,0,2.4,0.7038,19661.4,1760.6917,691.5718,4.6267,82.8
search_candidate_000064_c5964044,random-phased,5,5,0,82.4,81,60,107.4,22.3571,1568.4,1599,1300,1839.8,0,129.96,5,78,2682.8,2683,2096.4,3314,146.8,0,3,0.5819,21722.4,576.2921,257.8555,48.8214,82.4
search_candidate_000045_57ecb99f,random-phased,5,5,0,81.6,83,68.2,93.4,12.8623,1584.2,1608,1386.2,1757.2,0,132,5,79,2969.6,2915,2537.8,3434.8,146,0,3,0.5225,21579.2,433.7246,187.2681,61.7688,81.6
search_candidate_000104_6129086a,random-phased,5,5,0,81.2,31,16.4,196,109.7878,1295.2,911,537.2,2444.8,0,132.16,4.2,60.6,2298.8,1300,671.8,4978.6,145.8,0,2.4,0.8099,20196.8,2565.4903,1070.1505,-38.4939,81.2
search_candidate_000135_9228edc4,random-phased,5,5,0,80.8,78,45.8,120,33.594,1578.4,1594,1033,2135.2,0,145.28,5,78.6,3043.2,3415,1874.6,3991.2,167.8,0,3,0.6708,22449.2,959.5027,493.7289,29.003,80.8
centered_candidate_000206_1e06796a,centered-gaussian,5,5,0,80.6,66,43,132,44.4954,1482.2,1477,932.2,2038.2,0,149.1,4.6,73.4,2896.4,2500,1441.6,4621.8,174.2,0,2.2,0.8604,20161.4,1438.6923,487.1055,20.7523,80.6
centered_candidate_000012_c525565e,centered-gaussian,5,5,0,79.2,71,61.4,105,22.1124,1580,1497,1351.4,1890,0,140.06,4.8,78.6,2761.4,2687,2426.4,3146.4,141.6,0,2.2,0.6188,18203.6,332.8186,260.9107,50.3438,79.2
centered_candidate_000199_2318998c,centered-gaussian,5,5,0,79.2,72,61.2,101.2,18.2362,1630,1565,1355,1932.2,0,151.4,5,79.8,3044.6,2830,2159.2,4063.2,145,0,2.2,0.645,18225.6,845.0803,259.7137,52.0819,79.2
search_candidate_000173_efbf2f69,random-phased,5,5,0,78.8,82,56.8,99.4,18.7553,1550.2,1595,1247.4,1837.8,0,141.7,4.8,76.8,2939.6,2957,2262.4,3565.4,151,0,2.8,0.5063,20628.4,600.6062,260.8198,47.4224,78.8
search_candidate_000051_b61e3945,random-phased,5,5,0,78.6,80,61.8,95.4,14.9479,1512.4,1505,1303.6,1753,0,136.24,4.8,74.2,2639.2,2815,2090.6,3145.4,147,0,2.4,0.6269,19401.4,484.7351,209.5496,54.326,78.6
search_candidate_000020_0251d802,random-phased,5,5,0,77.4,73,59.6,98.8,18.0289,1552.4,1503,1280.8,1892.2,0,142.6,4.8,76.8,2873.2,2650,2236.4,3698.8,148.8,0,2.8,0.5583,20521.2,705.4685,297.4368,50.5856,77.4
search_candidate_000084_fc695dcc,random-phased,5,5,0,77,74,64.4,93.4,14.1563,1568.6,1543,1348.8,1828.6,0,150.08,4.8,77.2,3152.6,3251,2767.8,3508.4,151.4,0,3.2,0.496,22467.2,335.3843,223.4696,57.3219,77
centered_candidate_000048_d2330de9,centered-gaussian,5,5,0,76.8,82,55.8,95.6,17.6794,1563,1654,1207.8,1871.4,0,137.12,4.8,78.2,2584.4,2760,1941.4,3152.4,144.2,0,2.2,0.6363,18659.2,544.3898,294.9393,46.9603,76.8
centered_candidate_000161_e922ff56,centered-gaussian,5,5,0,76.6,65,41.4,127.6,47.0004,1471.8,1278,995.2,2137.4,0,149.16,4.6,70,2783.2,2251,1860,4154.6,143.4,0,3,0.5049,21326.6,1214.8887,573.9987,17.8998,76.6
centered_candidate_000172_2b61a373,centered-gaussian,5,5,0,76.6,77,66,86,9.4784,1525,1586,1335.8,1671,0,151.38,4.8,72.8,2903.8,2996,2413.6,3316.8,145,0,2.2,0.5702,17866.2,410.8831,158.6934,61.2608,76.6
search_candidate_000055_de657b21,random-phased,5,5,0,75.6,78,44.8,108.6,29.5066,1448.6,1470,1009.8,1904.8,0,135.46,4.6,70.4,2762.8,2922,1672.6,3814,143,0,2.4,0.6261,18998.8,948.9526,401.0923,30.0467,75.6
search_candidate_000083_09bbe925,random-phased,5,5,0,75.2,64,54.8,101.6,21.414,1501.4,1331,1234,1869.4,0,134.14,4.6,75.8,2589.4,2282,2233.8,3124,150.2,0,2.8,0.5508,20511.4,423.3578,293.7186,44.093,75.2
search_candidate_000136_f850e46b,random-phased,5,5,0,74.8,76,54,95.6,18.4434,1505.8,1548,1251,1753,0,132.98,4.8,75.4,2599.6,2580,2127,3105.8,154.4,0,2.8,0.5267,20617.4,432.9372,224.1833,44.7783,74.8
centered_candidate_000258_51abf9c6,centered-gaussian,5,5,0,74.6,61,49.4,114.6,36.7728,1461,1280,1211.8,1881,0,154.42,4.6,69,3047.8,2753,2339,4010,149,0,2.6,0.6055,19895.4,874.4602,396.6757,31.0136,74.6
centered_candidate_000203_c4667488,centered-gaussian,5,5,0,74.4,73,49.2,100.2,23.7874,1402,1471,1053.6,1705.8,0,134.02,4.6,68.8,2609.2,2912,1763,3253.4,162,0,1.8,0.8743,18557.4,717.6178,304.8685,37.3063,74.4
centered_candidate_000226_ace1fc56,centered-gaussian,5,5,0,73.8,78,61.6,84.2,10.1666,1487.8,1524,1357.6,1598.8,0,146.82,4.6,71.8,3032.2,3016,2661.6,3454.2,141,0,2.8,0.5169,20702.8,368.9533,109.0438,56.5167,73.8
centered_candidate_000009_6c3afac8,centered-gaussian,5,5,0,73.2,59,54.4,100.8,21.8852,1517,1307,1263.8,1886.2,0,144.84,4.6,75,2992.2,2536,2442.4,3804.2,144.8,0,2.2,0.6061,18189.8,644.9764,293.7448,43.4574,73.2
centered_candidate_000227_0ebd3a8e,centered-gaussian,5,5,0,73.2,64,54.4,101.6,25.9723,1495.8,1384,1242.4,1858.6,0,139.06,4.6,74,2759.6,2692,2130,3535.2,142.4,0,2.2,0.605,18195.4,690.8133,310.5913,41.4139,73.2
centered_candidate_000223_f98c53c8,centered-gaussian,5,5,0,72.8,74,54.8,90,15.5743,1491.2,1538,1194.4,1762.2,0,138.42,4.6,73.8,2716.8,2532,2065.4,3453,142.8,0,2.6,0.5643,19294.4,616.401,250.1515,47.0128,72.8
search_candidate_000047_b76d2cca,random-phased,5,5,0,72.8,76,40.2,103.8,28.8472,1407.6,1591,877,1805.4,0,124.34,4.6,69.4,2522.2,3068,1253.2,3406.2,145.2,0,2.6,0.6588,20310.8,1024.936,434.7991,25.7764,72.8
centered_candidate_000212_a093d240,centered-gaussian,5,5,0,72.6,64,48.8,101.8,24.418,1408.6,1363,1088,1747.6,0,132.46,4.4,69,2481.8,2473,1682.4,3297.2,139.4,0,2.4,0.6457,19323,715.9163,295.5291,36.591,72.6
centered_candidate_000081_98da60f5,centered-gaussian,5,5,0,72.4,65,55.8,98,24.1462,1426.2,1303,1258.4,1707.6,0,135.76,4.4,70,2629,2468,2187.8,3264.8,140,0,2.4,0.6914,18873,584.5029,255.456,43.7269,72.4
search_candidate_000205_68dbc782,random-phased,5,5,0,72.4,66,49.6,102,25.1523,1473.8,1330,1212,1865.2,0,145.26,4.6,71.2,2889.8,2640,2076.8,4008.6,142.4,0,2.4,0.6095,18925.2,993.7266,334.6834,37.0238,72.4
centered_candidate_000168_25009407,centered-gaussian,5,5,0,72.2,62,57.8,91.8,15.7658,1486.2,1326,1304.8,1748.2,0,147.44,4.4,73.4,3120.2,2796,2409.8,3986.4,143.2,0,3,0.5216,20852.8,710.8483,213.5007,49.9171,72.2
search_candidate_000168_460c760c,random-phased,5,5,0,71.8,77,55.8,85.4,13.2876,1461.2,1586,1190.4,1663.8,0,133.24,4.6,72.8,2467.2,2580,1989.6,2931.2,148,0,2.4,0.6402,19079.8,428.3879,218.0893,49.1562,71.8
search_candidate_000080_62473832,random-phased,5,5,0,71.6,74,65.4,77,5.3141,1479.6,1570,1325.2,1587.8,0,141.08,4.6,72.8,2807.6,2786,2495,3145.4,145.6,0,2.8,0.5693,20599.2,289.3687,124.6156,62.7429,71.6
centered_candidate_000247_cf58be7a,centered-gaussian,5,5,0,71.4,62,44.2,103,26.2191,1479.2,1377,1023.6,1960.8,0,134.02,4.6,73.4,2561.4,2501,1571.2,3519,140,0,2.4,0.6872,19468,866.346,418.3728,31.0905,71.4
centered_candidate_000225_3a42d93f,centered-gaussian,5,5,0,70.8,57,44.4,109.4,32.9205,1424.2,1291,1024.4,1938.8,0,132.42,4.6,69.4,2494.2,2374,1676,3542.8,142.2,0,2.2,0.7751,18667.8,934.5781,432.9939,27.9397,70.8
search_candidate_000216_5402c0bc,random-phased,5,5,0,70.6,77,32.4,107.8,33.6012,1357.2,1602,754.8,1863,0,114.96,4.4,68.4,2336,2762,933,3568.6,144.2,0,2.8,0.6216,21095.6,1181.0566,504.5304,15.5994,70.6
centered_candidate_000055_96ee162b,centered-gaussian,5,5,0,70,62,46,98.2,23.3152,1428.6,1295,1103.4,1826.4,0,129.32,4.6,70.4,2402.6,2530,1664.8,3078.4,142.2,0,1.8,0.7374,16789.4,626.5057,324.6479,34.3424,70
search_candidate_000011_138a2161,random-phased,5,5,0,70,68,42.4,99,24.8757,1396.4,1463,970.2,1797.4,0,120.82,4.6,69.2,2220.8,2293,1410.6,3003.8,142.8,0,2.6,0.5899,20249,702.4985,364.7583,29.9622,70
search_candidate_000255_077d7b58,random-phased,5,5,0,69.8,60,57,89.8,16.216,1442.8,1301,1249.2,1738.8,0,131.64,4.6,71.4,2652,2573,2149.6,3248,144.2,0,2.6,0.5661,19734.8,501.6297,239.7127,48.892,69.8
centered_candidate_000112_1343b79f,centered-gaussian,5,5,0,69.6,62,55.8,87.8,14.6096,1447.2,1340,1319.2,1633.8,0,142.48,4.4,71.6,2925.8,2858,2610.2,3276.6,146.2,0,2.6,0.5649,19344.2,297.2941,149.1676,48.4952,69.6
search_candidate_000132_8029080f,random-phased,5,5,0,69.6,63,49,97,26.1044,1377.6,1322,1086.6,1744.8,0,132.6,4.2,71,2342.2,2070,1800,3056.8,167.4,0,2.6,0.655,20898,578.0853,335.5965,35.9478,69.6
centered_candidate_000077_292d3487,centered-gaussian,5,5,0,69.4,72,36,106.2,33.2662,1370.2,1508,867.4,1837.2,0,126.38,4.4,67.6,2254.6,2647,1166,3203.8,143.2,0,2.2,0.6853,18511.8,923.8997,437.2905,19.3669,69.4
search_candidate_000074_2b5638b7,random-phased,5,5,0,69.4,71,60.8,76.2,7.3919,1442.6,1497,1330,1505.8,0,131.96,4.8,70.4,2596.6,2530,2283.6,2943.2,148.6,0,3.2,0.5365,22751,292.8437,103.2329,57.1041,69.4
search_candidate_000217_c26b02e6,random-phased,5,5,0,69.4,61,55.2,89.8,16.6205,1446,1309,1202.6,1793.4,0,130.48,4.6,72,2460.6,2235,1973.2,3117.2,145.2,0,2.6,0.5739,19624.8,560.7369,283.7929,46.8898,69.4
search_candidate_000094_dc4f2457,random-phased,5,5,0,69.2,64,51.8,89.2,16.7499,1400,1316,1182,1646.2,0,126.92,4.4,70,2363.6,2030,1951.6,2943.2,143,0,2.4,0.6571,18543.8,469.0917,210.2694,43.425,69.2
centered_candidate_000101_03a54d1c,centered-gaussian,5,5,0,69,66,49.6,89.8,18.363,1431.8,1387,1096.2,1772.8,0,134.14,4.4,71,2608.6,2829,1983.6,3105,138.2,0,2.2,0.6571,18035.2,510.0253,302.3438,40.4185,69
search_candidate_000159_0a3a4a26,random-phased,5,5,0,68.6,82,42.6,87.4,20.8288,1317,1480,914.8,1617.6,0,117.28,4.4,68.6,2223.4,2753,1093.6,3131.4,181.6,0,2.4,0.9399,21939,937.108,321.9689,32.1856,68.6
search_candidate_000161_99a3a7a9,random-phased,5,5,0,68.2,77,30.4,103.2,32.4247,1322.2,1436,765.8,1833.8,0,121.4,4.4,64.8,2113.6,2374,1017.8,3113.8,145.2,0,2.4,0.6561,19834.2,931.9789,473.0562,14.1877,68.2
search_candidate_000209_edcca36c,random-phased,5,5,0,68,65,57.2,81.4,11.1355,1421.6,1393,1240.4,1631.2,0,133.82,4.4,70.4,2735.8,2581,2352,3290.8,138.8,0,2.6,0.6106,19527,513.9554,186.3444,51.6322,68
search_candidate_000201_98f9c1e5,random-phased,5,5,0,67.8,68,58.2,77.8,8.704,1469.2,1504,1301,1630.8,0,136.3,4.6,72.8,2678.4,2805,2216,3110.8,141.6,0,2.8,0.5341,20109.4,409.004,148.1181,53.848,67.8
search_candidate_000186_17efcfd4,random-phased,5,5,0,67.4,73,50.4,82.4,14.4305,1390.8,1474,1091.8,1643,0,119.28,4.6,69.6,2284.2,2471,1591.6,2889.8,145.6,0,2.2,0.665,18173.4,577.0939,247.0663,43.1847,67.4
search_candidate_000226_42826a5e,random-phased,5,5,0,67,58,44.8,99.8,29.7993,1373,1236,1086.2,1804.6,0,129.42,4.4,68,2059,1626,1582.4,2833.2,147,0,2.6,0.7129,20091.8,623.3869,389.7933,29.9003,67
centered_candidate_000254_ac76847d,centered-gaussian,5,5,0,66.8,68,52.8,80.8,12.5443,1391.8,1488,1165.4,1580.4,0,132.86,4.6,67.6,2353.4,2601,1782.4,2834,147.2,0,2.6,0.6375,20681.2,483.4173,189.6749,46.5278,66.8
search_candidate_000185_3214f7f9,random-phased,5,5,0,66.4,71,49,81.4,14.472,1333.4,1431,1078.2,1529.4,0,122.72,4.6,64.2,2333,2714,1648.2,2825,144,0,2.8,0.6111,20903.2,550.6908,205.2419,41.764,66.4
search_candidate_000124_abb1747c,random-phased,5,5,0,66.2,55,52.4,86.4,16.0424,1388.6,1254,1192.4,1653.6,0,128,4.4,69.4,2366.8,2230,2008.4,2774.4,144.6,0,2.8,0.6479,20318.8,347.0714,213.1925,44.3788,66.2
search_candidate_000154_ace6acfa,random-phased,5,5,0,65.8,66,51,80.6,12.9831,1395,1370,1176.4,1626.8,0,133.42,4.4,69,2507,2420,2064.4,2985.4,143.6,0,2.6,0.5859,19761,406.987,201.0154,44.5085,65.8
centered_candidate_000078_35451331,centered-gaussian,5,5,0,65.2,66,45.4,84.4,19.9539,1364.4,1403,1000.4,1693,0,127.42,4.4,67.2,2359,2622,1597.4,2890.4,140.6,0,2.4,0.678,19247.4,678.8682,342.9038,35.423,65.2
centered_candidate_000158_2c0ef340,centered-gaussian,5,5,0,65.2,59,52.6,83.2,16.1419,1390.4,1324,1192.8,1653.8,0,135.18,4.4,68.8,2471.2,2379,2077.6,2953,147.8,0,3,0.5415,21294.8,465.8748,244.7616,44.5291,65.2
centered_candidate_000142_c55d5ff6,centered-gaussian,5,5,0,65,60,40.4,94,25.7216,1361.2,1373,948.4,1766.2,0,131.06,4.4,66,2495.8,2702,1590.4,3227.4,137.2,0,2.2,0.6831,18237.8,818.764,375.5989,27.5392,65
search_candidate_000017_8fcae9cf,random-phased,5,5,0,64.8,63,49.6,81.6,15.9925,1310.8,1303,1098.8,1512.6,0,128.86,4,65.4,2372.2,2358,2064.2,2699.4,141,0,3,0.6222,21212.2,327.1962,199.3333,41.6038,64.8
search_candidate_000239_52fd46c6,random-phased,5,5,0,64.4,59,52.4,79,11.9766,1340.4,1259,1189.6,1543,0,128.46,4.4,65.4,2480,2356,2019.2,3054.8,143.2,0,2.6,0.601,19536,474.0696,162.3177,46.4117,64.4
search_candidate_000092_8c464829,random-phased,5,5,0,64,69,48.2,77.2,12.9923,1368.6,1460,1144.4,1534,0,129.82,4.6,67.2,2392.2,2560,1888.8,2801,153.4,0,2.8,0.6157,20689.6,409.5126,179.2781,41.7038,64
centered_candidate_000103_f7cebcb2,centered-gaussian,5,5,0,63.8,64,38.6,91.4,23.995,1331.8,1381,933,1739.8,0,135.82,4.2,64.6,2545.2,2493,1596.2,3595.8,140,0,3,0.5215,21512.4,947.3176,366.3214,26.6025,63.8
search_candidate_000197_d9651105,random-phased,5,5,0,63.6,54,40.4,92.2,24.1214,1353.2,1303,924.6,1810.2,0,133.34,4.4,66.6,2359,2364,1434.2,3272.2,151.6,0,2.6,0.5655,19936.2,859.6848,413.3794,28.3393,63.6
search_candidate_000247_d4ddf889,random-phased,5,5,0,63.4,42,33,107.6,35.8753,1226.6,910,736.2,1905,0,110.5,4,61.8,1844.8,1230,892,3160.4,142.4,0,2.4,0.7224,19530.4,1062.0641,546.8538,15.0623,63.4
search_candidate_000112_dfe6e4f1,random-phased,5,5,0,63.2,61,53.2,76,11.2321,1326.8,1251,1192.4,1541,0,123.48,4.2,66.6,2079,1930,1835.6,2483.6,142.4,0,2.2,0.6004,17951.8,383.3202,198.7133,47.584,63.2
centered_candidate_000064_12efdfd6,centered-gaussian,5,5,0,63,64,39,90.8,25.227,1327.8,1353,934.2,1762.4,0,121.64,4,67.8,2168.8,2179,1382.2,3014.4,136.4,0,2.2,0.7647,18614,733.3928,388.0832,26.3865,63
centered_candidate_000230_44af8a62,centered-gaussian,5,5,0,63,59,39.6,88.8,21.744,1319.2,1309,952.6,1692.6,0,118.2,4,67.4,1916.2,1763,1337,2562.8,133.8,0,2.2,0.5733,18439.8,546.434,327.7501,28.728,63
search_candidate_000028_6c96cfb8,random-phased,5,5,0,63,63,50.4,76.8,11.9164,1391,1397,1187.6,1621.6,0,136.34,4.4,68.4,2611.2,2322,2184.2,3282.4,142.6,0,3,0.5732,21198.2,591.8836,204.5874,44.4418,63
search_candidate_000188_d79ad435,random-phased,5,5,0,63,44,34.8,104.2,32.9484,1221.6,978,804.8,1780.2,0,105.14,4.2,61.6,1761.2,1156,1041,2809.8,149.4,0,2.2,0.8233,19100.6,839.8803,448.4955,18.3258,63
centered_candidate_000054_17cb8e84,centered-gaussian,5,5,0,62.8,69,43.6,78,15.5872,1320,1464,1028.6,1512,0,123.52,4.4,64.6,2101.8,2015,1581.6,2618.8,142.2,0,2.2,0.6827,18797,479.4073,235.6362,35.8064,62.8
centered_candidate_000202_fa64fdb6,centered-gaussian,5,5,0,62.6,63,34.4,92,25.4684,1319.4,1392,874,1740,0,130.02,4.2,64.6,2405.4,2713,1428.6,3230.8,139,0,2.4,0.6558,19001.4,827.5715,384.6066,21.6658,62.6
search_candidate_000033_312b96c0,random-phased,5,5,0,62.6,60,51.6,76,11.9264,1339.8,1255,1220.8,1533.2,0,129.56,4.2,67.2,2413.6,2160,2086.2,2915.8,147.2,0,2.4,0.6278,19713.4,403.8834,169.6401,45.6368,62.6
search_candidate_000203_9f2ead31,random-phased,5,5,0,62.6,62,51.8,74.4,11.2534,1308.4,1279,1187.4,1446.2,0,125.54,4.2,65,2304.8,2227,2071.6,2600.2,144.8,0,2.8,0.6682,20808.2,245.367,121.1736,46.1733,62.6
centered_candidate_000086_8a2fb526,centered-gaussian,5,5,0,61.8,60,55.4,70,7.6263,1313.6,1295,1199.6,1456.2,0,130.48,4.2,64.6,2282.6,2023,1888.8,2872.6,143.6,0,2.4,0.5784,18555.2,483.4719,128.5855,51.5869,61.8
search_candidate_000233_70905cfd,random-phased,5,5,0,61.8,75,36.6,80.2,20.2326,1294.2,1528,839.8,1619.8,0,123.92,4.2,64,2192.4,2720,1197.2,2944.4,142.8,0,2.8,0.6279,21420.2,813.647,362.672,26.4837,61.8
centered_candidate_000223_1603f070,centered-gaussian,5,5,0,61.6,41,40.4,94,25.8349,1271.4,961,921,1800.6,0,122.4,4,63.6,1987.8,1379,1362.6,2925.8,140.8,0,2,0.7308,17470.2,759.2223,419.3584,27.4826,61.6
search_candidate_000098_a8c60ad3,random-phased,5,5,0,61.6,56,45,81.4,16.3902,1334.4,1238,1027.2,1691.2,0,126.84,4.2,66.6,2471.6,1993,1822.2,3359.8,139.6,0,2.6,0.6237,19950.2,715.521,296.3171,36.8049,61.6
centered_candidate_000237_1959eb7e,centered-gaussian,5,5,0,61,59,39.6,84.2,21.5685,1304.6,1254,971.8,1668.8,0,130.64,4.2,63.6,2320.4,2217,1547.8,3131.4,140.4,0,2.8,0.5635,20735.8,748.1309,343.6257,28.8158,61
search_candidate_000056_2ae5b6a8,random-phased,5,5,0,60.6,51,44.6,85.6,23.1569,1286.2,1134,1017.2,1695.2,0,127.48,4.2,63.4,2263,1844,1730.2,3161.8,147.8,0,2.2,0.6736,17657.6,795.5715,366.3694,33.0216,60.6
search_candidate_000187_3dabdca6,random-phased,5,5,0,60.4,53,35.2,89,24.0549,1267,1137,841.8,1758,0,119.26,4.2,63.6,1922.8,1670,1143.4,2888.4,151.8,0,2.4,0.7076,19719.4,805.843,412.7028,23.1725,60.4
search_candidate_000041_cc2a9420,random-phased,5,5,0,60.2,58,52.6,68.8,7.1944,1309.6,1283,1188.6,1446,0,125.6,4.4,63.8,2195.4,2249,1836,2560.6,142.8,0,2.6,0.6426,19391.6,328.3977,113.8466,49.0028,60.2
centered_candidate_000113_0a7d4d99,centered-gaussian,5,5,0,60,59,41.8,80.2,18.0444,1297.4,1343,1014.4,1571.2,0,130.3,4,64,2324.4,2447,1574.8,3057.8,134.2,0,2.4,0.6312,18916,677.6068,263.7155,32.7778,60
search_candidate_000110_bb313974,random-phased,5,5,0,60,60,57.2,62.8,2.6077,1264.6,1295,1210.2,1302.6,0,122.58,4,63.2,2220.8,2270,1941.6,2476.6,140.6,0,2.4,0.6183,18836.2,238.5216,43.4401,55.8962,60
search_candidate_000082_c55222f4,random-phased,5,5,0,59.6,61,47.2,71.2,11.1463,1269.4,1322,1049.4,1460,0,128.84,4,62.4,2224,2325,1780.2,2618.6,138.8,0,2.8,0.5659,20365.8,373.0641,193.2052,41.6269,59.6
search_candidate_000213_a85a874d,random-phased,5,5,0,59.6,64,41.4,76.8,15.9072,1246.8,1323,933.2,1521.8,0,118.22,4,62.2,1976.6,1810,1422.2,2623.6,138,0,2.4,0.6951,19637.2,549.7714,261.483,33.4464,59.6
search_candidate_000236_39fafb11,random-phased,5,5,0,59.6,52,42.2,82,18.2932,1320.8,1228,1093.8,1625,0,130.04,4.2,66.2,2243.6,2053,1905.4,2719.6,150.4,0,2.4,0.7561,19785.2,391.4842,255.2845,33.0534,59.6
search_candidate_000260_b014d00b,random-phased,5,5,0,59.6,55,45,76.2,13.937,1260.6,1300,978.6,1511,0,114.98,4.2,63,1820,1769,1476.6,2187.6,143,0,2.4,0.717,19618,313.0438,235.8818,38.0315,59.6
search_candidate_000103_525eb3ba,random-phased,5,5,0,59.4,34,28.2,114.6,52.0792,1185.4,866,761,1921,0,113.28,3.8,60,1855,1165,991.4,3339.4,144.2,0,1.8,0.7616,16666.6,1347.2685,689.2189,2.1604,59.4
centered_candidate_000024_1f63a776,centered-gaussian,5,5,0,58.8,60,30.6,85.6,24.3261,1218.4,1237,773.4,1644.2,0,118.1,4,60.6,2001.6,2210,1069.4,2840,144.4,0,2.2,0.8052,19207.4,784.5617,383.806,18.4369,58.8
centered_candidate_000234_5d326dcf,centered-gaussian,5,5,0,58.8,65,33,83.2,22.6221,1195.4,1363,751.8,1553,0,114.8,4,59.2,1885.8,2204,997.2,2643.2,144.2,0,2.2,0.736,19016.8,743.0118,366.686,21.6889,58.8
search_candidate_000007_f6f0f545,random-phased,5,5,0,58.6,53,44.4,77.8,16.4268,1245.4,1136,1025.8,1550.6,0,124.54,4,61.4,2157,1782,1758.8,2849,140.4,0,2.2,0.6553,17610.4,588.4407,262.0814,36.1866,58.6
centered_candidate_000187_b601e6b4,centered-gaussian,5,5,0,57.8,41,39.8,90.6,29.8958,1187.4,1019,925.8,1618.6,0,124.92,3.8,57.6,2021,1710,1521.6,2838.2,136.2,0,2.2,0.6396,18078.6,791.5094,393.286,24.8521,57.8
centered_candidate_000134_a97ba637,centered-gaussian,5,5,0,57,57,43.6,70.6,12.6649,1237.6,1251,1019,1452.6,0,123.64,4,61,2020.8,1961,1557.2,2531,139,0,2.4,0.5772,19238.8,448.8373,213.558,37.2675,57
search_candidate_000015_8878fbe4,random-phased,5,5,0,56.8,62,38.2,73,15.5358,1201.6,1173,884.6,1534.8,0,131.3,4,59.6,2239.8,2432,1645.8,2756.6,167.6,0,2,0.9312,19835,498.333,286.4874,30.4321,56.8
search_candidate_000008_c39c87f3,random-phased,5,5,0,56.6,58,42.4,70.6,12.5156,1212,1283,920,1467.8,0,114.58,4,60.2,2002.4,2205,1402.6,2472.4,137,0,2.2,0.717,18014.6,498.5558,246.3729,36.1422,56.6
search_candidate_000071_aa887776,random-phased,5,5,0,56.2,52,38.2,78.4,18.5515,1189.6,1147,897.8,1522,0,120.42,3.8,59.2,2018,2106,1406.8,2639.6,141,0,2.4,0.7159,18728.2,556.4847,277.9961,28.9242,56.2
search_candidate_000121_bc2085f6,random-phased,5,5,0,56.2,58,51.8,59.2,3.8158,1228.8,1248,1172,1270.6,0,126.54,4,59.8,2287.6,2223,2153.6,2454.2,138.4,0,2.2,0.6372,16988.4,137.0877,49.2398,49.8921,56.2
search_candidate_000060_02dd1d8f,random-phased,5,5,0,56,54,36,77.8,18.4499,1165.4,1285,834.2,1454,0,123.28,4,57,1943.2,1923,1374.2,2519.8,157.6,0,2.2,0.754,19482.4,514.8034,281.0314,26.775,56
search_candidate_000142_4f32a8f6,random-phased,5,5,0,56,57,40.6,72.6,14.8324,1141,1133,918.8,1396.2,0,105.02,4,57.6,1683,1781,1287.8,2044,153.2,0,2.4,0.6048,20108.2,341.3051,229.6563,33.1838,56
search_candidate_000164_2247ba0c,random-phased,5,5,0,56,44,39,80.8,19.7079,1177.8,1027,870,1567.2,0,117.12,4,57.6,1794.4,1441,1162,2664.8,142.8,0,2,0.6927,17340.4,697.2089,315.3832,29.1461,56
search_candidate_000062_91cb47b2,random-phased,5,5,0,55.2,34,32.4,93.2,30.9929,1140.2,865,807.4,1686.6,0,111.22,3.8,56.8,1693.4,1408,973.6,2692.8,141.4,0,2.4,0.7092,19703.6,865.0826,455.6909,16.9035,55.2
search_candidate_000102_1e188536,random-phased,5,5,0,55.2,36,26.4,103.2,45.762,1088.2,881,658,1728.4,0,104.12,3.6,54.6,1712.2,1149,866.4,3081.4,136.8,0,1.8,0.7662,16780,1255.2318,594.2839,3.519,55.2
search_candidate_000133_5d53b872,random-phased,5,5,0,55.2,53,45.8,66.8,10.3421,1223.6,1132,1078.4,1444.2,0,123.14,4.2,59.8,1989.8,1838,1694,2418.6,150,0,2.4,0.6583,19077.6,369.7039,186.8096,40.6289,55.2
centered_candidate_000176_8ca6034d,centered-gaussian,5,5,0,54.2,42,38.8,78.2,19.4155,1128.6,929,888,1499.6,0,116.34,3.6,55.8,1815.6,1292,1269.2,2705.2,134,0,2,0.6468,17160.8,709.7956,295.3192,29.0923,54.2
search_candidate_000038_0b052c9a,random-phased,5,5,0,54,39,31.8,92,36.1884,1187.8,954,821.2,1789.8,0,109.82,3.6,62.4,1803.6,1291,990,3151.4,139.6,0,2.4,0.6748,19523,1289.0959,566.016,13.7058,54
centered_candidate_000166_081ba67f,centered-gaussian,5,5,0,53.8,48,33.2,78.8,21.1698,1176.6,1188,792,1558.4,0,116.76,3.8,58.4,1887.2,1775,1179.2,2654.8,134.4,0,1.6,0.8345,15958.4,682.1494,341.1613,22.6151,53.8
search_candidate_000099_b9a52e44,random-phased,5,5,0,53.4,56,43.6,61,8.4758,1136.6,1176,959.8,1275.4,0,118.72,3.8,57,1956.4,1890,1554.6,2385.8,156.6,0,2.6,0.6289,20342.2,381.0998,152.6075,39.3621,53.4
search_candidate_000116_20009ee9,random-phased,5,5,0,53.4,54,39.6,67.2,12.126,1132.4,1169,896.4,1354.2,0,114.22,3.8,55.4,1828.8,1777,1472.2,2215.4,136.8,0,2.2,0.6581,18150,327.7306,202.0828,33.537,53.4
search_candidate_000158_87d423b7,random-phased,5,5,0,53.4,42,33.4,85.2,28.8278,1096.6,940,800,1526.6,0,109.22,3.8,54,1675.4,1351,964.8,2668,144,0,2.2,0.8914,19430.4,833.6747,360.5793,18.9861,53.4
search_candidate_000210_6e271b23,random-phased,5,5,0,52.8,42,39.2,75,18.904,1104.2,920,887.2,1465.4,0,123.04,3.6,54.6,1971.8,1563,1296,2975,151.8,0,1.8,0.818,16976.6,862.5417,304.7703,29.748,52.8
search_candidate_000076_60bdc604,random-phased,5,5,0,52.6,42,38.8,77.4,24.2454,1100.4,888,872.8,1523.4,0,113.6,3.6,57.6,1753.2,1453,1187.6,2629.6,169,0,1.6,1.048,17948.4,804.8377,395.2319,26.6773,52.6
search_candidate_000232_8e0fcdb2,random-phased,5,5,0,52.4,56,38.4,64.4,11.5516,1133.6,1208,887.6,1340.8,0,122.46,3.6,56,2039.6,2222,1441.4,2517,140.2,0,2.8,0.669,20519,487.3662,202.244,32.6242,52.4
search_candidate_000066_1756ebca,random-phased,5,5,0,51.4,39,36,76.2,20.3627,1159.2,952,904.6,1562.8,0,120.48,3.6,58.6,1738.4,1450,1230.8,2498,140,0,2.4,0.6237,19015.2,642.4907,327.9813,25.8186,51.4
search_candidate_000089_051a278a,random-phased,5,5,0,50.6,57,34,63.2,13.544,1074.8,1165,799,1292,0,104.16,3.8,52.6,1515.2,1570,964.8,2024.6,136,0,1.8,0.7266,17111.8,473.3444,228.2493,27.228,50.6
search_candidate_000157_f2442c1c,random-phased,5,5,0,50.6,36,35.4,73.2,18.3041,1065.6,832,802.4,1449.6,0,101.48,3.8,52.6,1555.6,1288,1008.6,2256.4,139.4,0,1.8,0.8563,17136.2,567.1524,310.3067,26.248,50.6
search_candidate_000022_53263c96,random-phased,5,5,0,49.8,50,36,63,11.9398,1159.6,1207,880.6,1414.8,0,118.36,3.6,59,1785.2,1760,1198.4,2357.6,138,0,2.2,0.7212,17623,517.7762,238.3221,30.0301,49.8
search_candidate_000044_62c09cd2,random-phased,5,5,0,49.8,32,21,92.2,35.9522,1065.4,775,546.6,1796.8,0,121.28,3.6,52,1707.2,992,698,3258.8,151.8,0,2.2,0.806,19042.6,1307.8811,615.9846,3.0239,49.8
search_candidate_000115_699704a7,random-phased,5,5,0,48.8,54,36.6,57.4,10.008,1048.2,1134,828.6,1210.2,0,102.06,3.8,51.2,1535.4,1660,990,1983.8,138.4,0,2.2,0.6665,18538,447.3172,180.2858,31.596,48.8
search_candidate_000108_c0591293,random-phased,5,5,0,48.6,45,33.6,67.6,16.2678,1133.2,1158,832.8,1470.2,0,117.24,3.8,56,1798.4,1670,1182.6,2592.8,141,0,2,0.7041,17376.8,686.5265,305.793,25.4661,48.6
search_candidate_000248_f2c38413,random-phased,5,5,0,48.6,39,34.8,69.2,16.6325,1012.2,932,797.2,1287.4,0,99.04,3.6,49.6,1345.6,1341,948,1794.6,133.4,0,2,0.7517,17882.6,403.9478,229.2443,26.4838,48.6
centered_candidate_000053_4c1b253a,centered-gaussian,5,5,0,48.4,42,35.2,65.2,13.5735,1073,959,831,1382.8,0,110.2,3.6,53,1671,1473,1192.4,2223.8,135,0,1.8,0.8176,16803.4,466.3445,249.9064,28.4132,48.4
search_candidate_000088_33038e25,random-phased,5,5,0,48.2,42,36.2,65.6,15.5615,1004.2,910,787.8,1295.8,0,101.42,3.6,51.4,1484.6,1360,1117.8,1950,161.4,0,2.4,0.8024,20986.2,410.1105,257.4998,28.4193,48.2
search_candidate_000148_3c822ac5,random-phased,5,5,0,48.2,40,34,70.6,20.721,1083,967,872.2,1414.2,0,111.56,3.6,53.4,1681.4,1375,1240.8,2407,132.6,0,1.8,0.7863,16555.2,660.5593,304.8488,23.6395,48.2
search_candidate_000174_d51703e4,random-phased,5,5,0,47.6,33,30.6,71.8,19.5918,1046.6,764,703.6,1529.6,0,95.52,3.8,52.2,1332.4,906,769.6,2144,137.8,0,2,0.8299,18286.2,644.6896,392.1222,20.8041,47.6
search_candidate_000215_0cea934d,random-phased,5,5,0,47.6,36,33,70.2,18.0842,1072.4,857,849.2,1437,0,108.32,3.6,54.4,1485.4,1295,1046.8,2076.8,145.6,0,2,0.8176,17650.2,483.0021,290.573,23.9579,47.6
search_candidate_000170_97724795,random-phased,5,5,0,47.4,39,35,65.8,15.1605,1101.4,1022,882,1388.6,0,122.02,3.6,53.8,1630.2,1423,1217.6,2195.2,138,0,2.2,0.7125,18337.8,457.1059,238.4941,27.4198,47.4
search_candidate_000101_79f476f1,random-phased,5,5,0,47.2,49,43.2,50,3.1875,1074.2,1088,994,1137,0,115.56,3.8,51.6,1717.8,1659,1492.4,1954.6,141.6,0,2.8,0.6245,20892.6,209.0927,71.0729,41.6063,47.2
centered_candidate_000095_d5fa56d5,centered-gaussian,5,5,0,46.8,42,32.4,64,14.1619,1037.8,1016,733.8,1351,0,110.16,3.4,51.8,1641.2,1824,980.4,2259.8,136,0,2,0.7667,17590.4,580.4824,274.0112,25.319,46.8
centered_candidate_000079_a59a2fa4,centered-gaussian,5,5,0,46.4,36,32.4,65.8,15.6793,1060.2,851,802.8,1419.8,0,113.12,3.6,52.2,1692.4,1263,1173.4,2439.4,140.2,0,2.2,0.734,18798,600.493,291.8215,24.5604,46.4
search_candidate_000023_6c03ab72,random-phased,5,5,0,46.2,52,33,55.2,10.7406,1018.6,1153,737,1224.2,0,119,3.6,48.8,1681.6,1870,1096,2163.4,150,0,2.2,0.8054,19290.6,495.5194,224.8356,27.6297,46.2
search_candidate_000100_da7a19b5,random-phased,5,5,0,46.2,49,39.4,51.6,5.5642,1045.6,1083,911.6,1154,0,108.04,3.6,51.6,1700.6,1735,1393.8,1992.6,137.6,0,2.4,0.597,19205.6,275.5573,109.0332,36.6179,46.2
search_candidate_000086_6202db3a,random-phased,5,5,0,46,38,35,63.2,14.128,1036,872,857.2,1323.6,0,109.88,3.6,51.4,1533.4,1193,1183.8,2088.4,146.4,0,2.4,0.7538,19863.2,438.8278,230.4127,27.936,46
search_candidate_000165_a95860bb,random-phased,5,5,0,44.2,41,18.2,74.2,25.2618,912,862,413.2,1472.2,0,90.66,3.2,46.2,1380,1047,479.2,2475,135,0,1.6,0.8671,15973.4,894.9487,472.2436,5.5691,44.2
search_candidate_000191_2408e9ef,random-phased,5,5,0,44,45,33.8,53.8,8.8091,990.4,1003,808,1173.8,0,100.08,3.6,48.6,1334.8,1496,950,1633.6,137.6,0,1.8,0.7435,17018.6,310.6834,161.5334,29.3955,44
search_candidate_000057_5a82ff2b,random-phased,5,5,0,43.4,38,28.2,63.4,16.6445,1021,945,768.4,1336.4,0,103.78,3.6,51.6,1334,1160,1010,1780,147.2,0,2.2,0.7357,18645.6,366.3659,265.8646,19.8777,43.4
search_candidate_000184_b04a0aca,random-phased,5,5,0,43,38,31.2,57.4,11.7813,1022,947,752.8,1345,0,108.5,3.4,51.2,1527.2,1383,956.6,2245.4,135.8,0,2,0.7726,17850.6,602.933,264.946,25.3093,43
search_candidate_000190_5d480f6a,random-phased,5,5,0,43,38,26.4,61.8,15.7734,946,833,670.4,1280.4,0,98.12,3.4,46.4,1253,990,742.8,1898,133.8,0,1.8,0.7987,16780.8,524.6576,273.7904,18.5133,43
search_candidate_000243_e67f539c,random-phased,5,5,0,43,38,34.8,55.8,11.3137,1025.6,964,932.6,1160.2,0,128.32,3.2,50.4,1839.6,1762,1582.2,2195.6,143.4,0,2.2,0.6957,18591.6,326.8006,110.0247,29.1431,43
search_candidate_000118_aee16fbf,random-phased,5,5,0,42.6,38,25.2,62.8,16.7523,956.8,932,656.2,1277.2,0,115.28,3.4,48,1740.8,1618,965.6,2585.4,168.8,0,2,0.9522,20169,723.5616,273.7367,16.8238,42.6
search_candidate_000153_80c0ef1b,random-phased,5,5,0,42.6,34,32.4,58.8,13.0782,963.4,800,787.2,1241.8,0,105.56,3.4,47.6,1322.8,1072,927.2,1909.6,143,0,1.6,0.8898,16730.2,486.6466,220.4238,25.8609,42.6
search_candidate_000178_28e3376c,random-phased,5,5,0,42,39,34.4,51.8,8.4143,977,965,765.2,1201,0,101.2,3.4,49.2,1288.4,1320,840,1735.2,139.6,0,2.2,0.732,18805,399.9728,193.3525,30.1929,42
search_candidate_000016_65fa0d09,random-phased,5,5,0,41.2,41,28.2,55.2,12.0565,1012.4,945,766,1286.2,0,108.9,3.4,51.2,1436.6,1454,916,1921,142,0,2,0.6909,17512.6,445.8949,231.1516,22.1717,41.2
search_candidate_000048_f1b8da52,random-phased,5,5,0,41,29,27.2,60.6,15.9625,980.2,837,753.2,1278.8,0,102.66,3.4,49,1362,1132,868,1956.6,136.2,0,2.2,0.8094,18746.2,494.7068,243.3445,19.2188,41
search_candidate_000250_5eb0094e,random-phased,5,5,0,41,37,30.8,54.4,10.9909,997.2,944,836.8,1193,0,109.64,3.4,49.4,1454,1319,1090.4,1925.8,137.4,0,2.2,0.777,18506.6,394.5783,160.3564,25.3045,41
search_candidate_000070_3267242d,random-phased,5,5,0,40.8,40,27,57.2,14.8782,976.8,964,711.2,1294.4,0,98.36,3.4,49.8,1320.8,1295,826.2,1910.8,139.8,0,1.8,0.8575,16907,525.71,282.0854,19.5609,40.8
search_candidate_000073_c2ecb6c8,random-phased,5,5,0,40.8,39,32,51.8,9.8468,935.4,936,777.6,1099,0,96.9,3.2,48.2,1213.4,1190,903.2,1556.4,141.6,0,2.2,0.7019,18533.6,334.3732,159.8644,27.0766,40.8
search_candidate_000072_3782d6cf,random-phased,5,5,0,40.6,38,36,47.6,5.9867,998.2,1008,868,1139.4,0,102.66,3.2,51.8,1316.4,1340,1058.8,1556,134.2,0,1.8,0.7315,16454.8,218.8055,127.0282,33.0067,40.6
centered_candidate_000116_bc974a4b,centered-gaussian,5,5,0,40.4,36,32,53,11.6034,958,894,790,1190.2,0,103.28,3.2,48.4,1379.2,1300,1057.6,1778,134.8,0,1.6,0.9035,16213.6,342.1265,221.1181,26.1983,40.4
search_candidate_000061_808217ad,random-phased,5,5,0,40,37,25.6,58.2,16.5892,958.4,967,669.4,1247.2,0,115.02,3.2,46,1445.2,1442,868,2007.6,129.6,0,2,0.7408,17644.2,504.0168,262.1096,17.3054,40
centered_candidate_000109_0d8b780c,centered-gaussian,5,5,0,39.6,39,32,48,7.3919,935.6,861,814,1114.6,0,104.06,3.2,46.2,1347,1147,1106.6,1752.2,131.8,0,2,0.7779,17229.4,348.6706,153.8488,28.3041,39.6
search_candidate_000105_13d71fc7,random-phased,5,5,0,39.4,39,29.6,49.8,9.4784,941.6,941,770.2,1138.8,0,95.12,3.2,49,1225,1190,922,1600.6,139.8,0,2,0.7567,17770.4,346.0832,181.3114,24.8608,39.4
search_candidate_000245_282cd627,random-phased,5,5,0,39.4,39,27.4,51.2,11.3243,932.4,938,698.8,1160.2,0,108.36,3.2,46.6,1510.8,1510,1051.6,1979.6,145.6,0,1.6,0.9308,16952.2,443.074,213.4616,21.7378,39.4
search_candidate_000093_5d0f7e87,random-phased,5,5,0,39.2,39,22.8,57.6,16.4609,916,933,592.8,1253,0,98.6,3.2,45.8,1294,1146,720,1924.8,134.6,0,1.4,0.9535,15306.2,535.0843,315.4983,14.5696,39.2
search_candidate_000069_1d0c1061,random-phased,5,5,0,38.4,39,30.4,46.6,7.6053,930.8,904,814.2,1076.8,0,106.1,3.2,46.6,1281,1340,1042,1510,141.6,0,1.8,0.8313,16604.6,212.5653,124.1312,26.5974,38.4
search_candidate_000024_e997f3ef,random-phased,5,5,0,37.8,38,34.6,40.8,2.9257,881,905,810,940.6,0,103.74,3,44,1310.4,1271,1166.8,1459.8,138.6,0,1.8,0.7665,16989.4,135.302,58.6208,33.1371,37.8
search_candidate_000150_e81866cd,random-phased,5,5,0,37.8,37,30.2,47,8.2801,942.8,939,797.6,1108.6,0,113.06,3.2,45.8,1345.4,1260,1012,1736.4,134.6,0,2.2,0.7281,18486.2,330.9439,147.5621,26.06,37.8
search_candidate_000196_c1904705,random-phased,5,5,0,37.6,35,25.4,51.8,13.47,857.2,841,625.2,1102.8,0,88.44,3,44.2,1087,970,735.6,1517.8,135,0,1.8,0.8867,17337.4,360.3654,233.4244,18.665,37.6
search_candidate_000176_3efff4f6,random-phased,5,5,0,36.8,35,33.4,41,3.4871,964.2,937,869.6,1076.2,0,114.28,3,48.4,1333.4,1360,1112.6,1550.6,129.6,0,1.8,0.839,16638.4,195.5675,93.2511,31.6564,36.8
search_candidate_000242_03a61e34,random-phased,5,5,0,36.8,30,25.4,53.6,14.4139,785.6,686,602.6,1051.4,0,82.96,3.2,38.6,949.2,746,646,1428,142.6,0,1.6,0.8664,16727.8,418.6198,229.1485,18.1931,36.8
search_candidate_000152_25ddc2a1,random-phased,5,5,0,36,35,23.6,48,11.7813,950.2,923,698.2,1208.6,0,111.26,3,48,1406.6,1270,934,1940.8,131.2,0,1.8,0.7986,16633,465.2593,239.1547,17.7093,36
search_candidate_000085_27933775,random-phased,5,5,0,34.8,31,25.6,46.4,9.988,797,806,614.6,967.8,0,90.04,3,39.4,1072.6,1020,767.6,1407.6,135.8,0,1.6,0.8615,16034.6,311.3722,181.8054,20.606,34.8
search_candidate_000172_3764441d,random-phased,5,5,0,34.2,29,23,50.8,14.4969,880.2,756,695.8,1175.4,0,90.68,3.2,45.4,1081.2,860,786,1581.6,141.2,0,1.4,0.9547,15900.8,453.4995,265.1742,15.7516,34.2
search_candidate_000109_db144ee5,random-phased,5,5,0,33.8,35,26,41.2,6.7646,820.8,847,686.4,940,0,98.12,3,39.8,1122.6,1190,837,1374.6,132,0,1.6,0.8632,16135.4,238.1769,114.0866,22.6177,33.8
search_candidate_000220_389e26ad,random-phased,5,5,0,33.6,36,26.4,38.6,6.1514,773,796,619.4,894.6,0,85.88,2.8,39.4,951.8,950,716,1191.4,133.2,0,2,0.8216,17690.8,230.1064,143.6008,23.3243,33.6
search_candidate_000039_df3433e8,random-phased,5,5,0,33.2,33,25.8,41.2,6.8819,810.8,838,627.4,992,0,96.16,3.2,38.8,1027.4,1140,698.2,1304,140.4,0,1.4,0.8846,15505.8,275.12,162.517,22.3591,33.2
search_candidate_000075_e2c01dff,random-phased,5,5,0,32.8,34,29.4,35.2,3.0594,821.6,834,749.4,892.6,0,91.14,3,41.6,1087.2,1050,957.2,1251.8,136.8,0,1.8,0.844,17486.6,138.199,66.4428,27.8703,32.8
search_candidate_000258_c5d83c5b,random-phased,5,5,0,32.8,31,29,38,4.2143,855.2,842,825.4,897.4,0,93.96,3,44.6,1127.2,1037,1029.8,1281.4,143.2,0,2,0.7702,18268.8,122.2823,36.0799,26.8929,32.8
search_candidate_000005_6d88de82,random-phased,5,5,0,32.6,32,26.4,39.4,5.748,814.6,814,662,968.6,0,88.6,3,40.8,1031.4,1056,758,1291,130,0,1.8,0.8743,16840.6,235.953,134.4851,23.526,32.6
search_candidate_000068_2e98dd25,random-phased,5,5,0,32.6,31,28.2,38,4.4989,882.4,882,843.2,927,0,106.58,3,43.6,1222.4,1148,1127,1354.4,131.8,0,1.8,0.8224,16766,106.9029,38.9903,25.9506,32.6
search_candidate_000043_1686d7d1,random-phased,5,5,0,32.4,29,29,37.6,4.1761,749.4,740,676.8,830.8,0,87.32,3,36.4,1014.6,961,860.4,1194.2,138.2,0,1.8,0.8666,17108.2,149.4665,68.3274,26.9119,32.4
search_candidate_000249_d878672b,random-phased,5,5,0,32.4,29,18,49,14.7187,771.4,741,509.4,1027.2,0,87.68,3,38.6,997.4,887,611.2,1418.8,142,0,2,0.8133,18302.6,372.2938,245.7841,10.6407,32.4
search_candidate_000151_c2ef6788,random-phased,5,5,0,32.2,34,27,35.6,4.7074,823.4,874,659.8,949.8,0,97.84,3,41,1157.2,1319,790,1422,139.4,0,1.8,0.7931,17312,297.8452,135.8214,24.6463,32.2
search_candidate_000230_790cc28b,random-phased,5,5,0,32.2,31,27.2,38.2,5.1147,835.2,824,748.2,918.6,0,94.2,3,41.8,1119.4,1090,996.4,1273.4,131.8,0,2,0.7044,17831,136.2345,79.2601,24.6427,32.2
search_candidate_000025_2d26b089,random-phased,5,5,0,32,33,20,43.8,10.5071,910,966,733.8,1050.2,0,117.34,3,44.4,1353.2,1453,1061.2,1602,134,0,1.8,0.6732,15541.4,245.7099,142.9322,14.7464,32
search_candidate_000222_24712e30,random-phased,5,5,0,32,33,26,37.8,5.5857,778.2,794,668.4,869.4,0,85.92,3,39.6,967.2,950,787.2,1145.2,143.4,0,1.6,0.8158,16547.6,172.4116,99.3306,23.2072,32
search_candidate_000091_9ba641b6,random-phased,5,5,0,31.8,34,22.6,39.2,7.6,838,868,674.6,987.4,0,92.32,2.8,44.4,1080.4,1027,844.4,1356.6,137.6,0,1.6,0.8998,16185.6,228.2127,139.1402,18.8,31.8
search_candidate_000211_6d7f6118,random-phased,5,5,0,31.6,28,20,47.2,13.9226,819.6,696,562,1167.4,0,84.16,3,42.6,987,790,652.2,1488.6,135.4,0,2,0.8034,18255.2,431.4056,293.7527,13.0387,31.6
search_candidate_000014_fe27db6f,random-phased,5,5,0,31.4,30,26.4,37.8,5.3889,878.6,857,790.2,991.2,0,95.3,3,46.4,1130.2,1090,965.2,1342,142.4,0,2.2,0.709,18921.8,179.2344,101.6594,23.7056,31.4
search_candidate_000107_c1a91af0,random-phased,5,5,0,31.4,33,23.4,39.2,7.1162,838.6,875,725.8,911.8,0,91.24,3,43.8,1046.6,1110,814.4,1217.4,143.2,0,1.8,0.8492,17262.6,196.7939,103.6814,19.8419,31.4
search_candidate_000228_171eaa7e,random-phased,5,5,0,31.4,33,25.4,36.2,4.9639,853.2,921,694.8,958.6,0,93.64,3,43.8,1061.8,1150,802.4,1237.6,134.8,0,1.8,0.7911,17015.4,225.4705,132.477,22.9181,31.4
search_candidate_000035_403d4599,random-phased,5,5,0,31.2,34,23.2,38,6.6753,844.8,858,747.8,937.2,0,96.64,2.8,44.2,1086.4,1135,933.6,1204.6,136,0,1.8,0.7823,16689.2,124.8336,83.698,19.8623,31.2
search_candidate_000175_466214d6,random-phased,5,5,0,31.2,29,28.4,35,3.1241,794.6,775,709,883.6,0,90.46,3,39.6,963,952,790,1143.8,135.8,0,2,0.7632,17835.6,155.3628,78.6247,26.838,31.2
search_candidate_000223_f11a5942,random-phased,5,5,0,31,32,24.4,36.4,6,840,936,679.8,941.2,0,91.32,2.8,44.8,1078,1130,890.8,1231,137.4,0,2,0.7252,18379,152.8306,126.7233,21.4,31
search_candidate_000030_f9b7d6f4,random-phased,5,5,0,30.8,31,24.4,36.8,5.5642,802,833,672.6,910,0,88.88,2.8,41.8,1023.8,1010,858,1203.6,134.6,0,2,0.8425,18086,169.8993,110.6273,21.6179,30.8
search_candidate_000137_a305f05a,random-phased,5,5,0,30.8,34,19.4,39.4,9.7242,786.2,936,512.8,948.4,0,92.44,2.8,40,1115.6,1314,593,1515.8,135.6,0,2,0.7375,17726.4,423.2236,225.4794,14.5379,30.8
search_candidate_000160_94353d0f,random-phased,5,5,0,30,32,22,36.4,6.8118,807,811,725.4,876.6,0,90.44,2.8,42.8,1062.2,1092,972.8,1132.6,142,0,1.8,0.9406,17944.6,72.8461,73.2011,18.5941,30
search_candidate_000078_48d223b4,random-phased,5,5,0,29.8,31,26.2,32.8,3.0594,820.6,832,789.8,840,0,86.5,3,42.6,987.2,997,899.6,1071.2,136.2,0,1.8,0.7771,17319.6,80.6707,28.2461,24.6703,29.8
search_candidate_000177_5cb185a9,random-phased,5,5,0,29.8,32,21.4,37,7.0257,820,850,591,1029.6,0,111.72,2.6,41.2,1136,1194,738.4,1491.4,136.2,0,2.4,0.6638,19644.2,332.8273,193.4187,17.8872,29.8
search_candidate_000111_76f48d98,random-phased,5,5,0,29,30,24.2,33.2,4,736.2,753,661.8,789.6,0,79.18,3,37,840.2,882,708,931.4,137.4,0,1.8,0.8224,17644.6,115.2083,65.7918,22.2,29
search_candidate_000117_4b0bd7c7,random-phased,5,5,0,28.6,24,19.8,41,10.2098,738.4,755,529.6,957.4,0,98,2.8,35.2,965.6,910,685.8,1307.2,134,0,1.6,0.8493,16661.4,294.9567,196.0883,14.6951,28.6
search_candidate_000229_90eedab9,random-phased,5,5,0,28.6,27,25.2,33.2,4.0299,744.4,749,692.2,790.4,0,81.2,3,37.4,899.4,905,802.2,993.2,137.4,0,1.8,0.7579,17901.4,92.983,49.4757,23.1851,28.6
search_candidate_000218_2e6e8fa9,random-phased,5,5,0,28.4,29,25.8,30.8,2.3324,691.6,687,610.4,772.2,0,73.4,3,34,752.6,741,624,880.8,133.6,0,1.8,0.775,17527.2,119.2738,74.231,24.6338,28.4
search_candidate_000238_8b1dc595,random-phased,5,5,0,28.4,34,17.6,36.2,8.6394,711.2,805,503,868.2,0,83.92,2.6,37,918.8,1009,668,1125.2,136.8,0,1.8,0.791,17356,206.1508,167.5976,13.2803,28.4
search_candidate_000059_98a957ff,random-phased,5,5,0,27.4,28,20,34,6.2482,732.8,761,552.2,897.8,0,90.08,2.8,37,931,994,708.6,1138.2,141.6,0,1.8,0.782,17480,194.487,153.5661,16.8759,27.4
search_candidate_000106_9da01484,random-phased,5,5,0,27.4,26,23,32.8,4.8826,673,701,516.4,803.4,0,75.68,2.8,33.2,777.2,774,586.8,981,129.8,0,1.6,0.8322,15626.4,176.3694,130.0323,20.5587,27.4
search_candidate_000021_b3160638,random-phased,5,5,0,27.2,28,20.4,33.4,5.8447,736.2,828,575.2,835.8,0,97.88,2.8,35.4,995.8,1070,741.6,1215.2,135.8,0,1.6,0.8841,16522.2,213.7498,129.257,17.4777,27.2
search_candidate_000067_9dc0e373,random-phased,5,5,0,27.2,25,19.2,37.2,9.1957,756.6,715,540.4,997.2,0,86.14,3,37.6,929.8,894,646.6,1254.4,135.6,0,1.4,0.9487,15647.8,295.9874,218.7086,14.6022,27.2
search_candidate_000189_553753ae,random-phased,5,5,0,26.8,27,20.4,33.2,5.6356,770,837,593.8,911,0,98.64,2.6,39.6,1011.2,1040,760,1253.6,136.4,0,1.6,0.8204,15983.8,225.6142,143.1335,17.5822,26.8
search_candidate_000207_085b7ecb,random-phased,5,5,0,26.8,20,15.6,43,13.3477,818.2,669,570.6,1176,0,101.2,2.6,43.2,1112.6,991,720,1645.6,136.4,0,1.8,0.854,17777.2,486.6471,303.399,8.9262,26.8
search_candidate_000141_f8510323,random-phased,5,5,0,26.6,27,20.8,32.2,5.4626,739.4,736,622.6,857.2,0,84.48,2.8,38.4,898.6,878,764,1052,140.2,0,2,0.7845,18037,132.287,107.7954,18.0687,26.6
search_candidate_000252_963b8356,random-phased,5,5,0,26.6,26,20.4,34.4,7.1442,749.6,736,662.8,836,0,93.16,2.6,39.2,935,910,808,1078,140,0,1.4,0.955,15870.2,119.499,78.9547,16.8279,26.6
search_candidate_000006_e5ba583c,random-phased,5,5,0,26.2,22,18.6,37.2,9.453,732.2,679,531.2,995.8,0,89.98,2.6,37.2,954.6,930,648,1321.2,128.4,0,1.4,0.9162,15503.6,324.5746,227.7678,13.8735,26.2
search_candidate_000231_aaf10a1f,random-phased,5,5,0,26,25,22.2,30.8,4.3359,757.6,740,658.2,868.6,0,95.22,2.8,37.2,994,860,845.2,1239,130,0,1.4,0.8897,15022.4,200.043,98.4593,20.0321,26
search_candidate_000049_564eab19,random-phased,5,5,0,25.8,25,18.8,33.4,6.4312,695.6,792,510.4,826.2,0,88.74,2.6,34.6,876.8,980,608,1073.8,130.6,0,1.8,0.8391,16976.8,216.8957,147.5298,15.5844,25.8
search_candidate_000259_adcb801e,random-phased,5,5,0,25.6,23,16.4,35.8,9.0244,748.8,764,540,921.6,0,116.08,2.8,33.4,1128.8,1269,698,1449.2,134,0,1.8,0.7433,16477.2,366.6799,187.2703,11.8878,25.6
search_candidate_000122_4e288700,random-phased,5,5,0,25.4,28,15.4,33,8.8227,735.2,762,584.6,852.6,0,83.76,2.8,37.6,869.4,884,683.6,1045.4,133,0,1.4,0.858,15405.8,183.6797,138.2843,10.9887,25.4
search_candidate_000130_6688cfed,random-phased,5,5,0,25.4,28,14,35.8,9.7283,650.8,719,437,843.4,0,80.86,2.6,32.6,806.8,865,546.8,1052.4,134.4,0,1.8,0.9575,17330.6,227.0942,183.9874,9.1358,25.4
search_candidate_000013_efb978ac,random-phased,5,5,0,25,21,16.8,36.2,9.1433,675.2,603,514.4,886,0,79.78,2.4,36,853,750,633.2,1159.6,131.4,0,2,0.8083,17935,266.8198,174.0499,12.2283,25
search_candidate_000129_f9bdc6d8,random-phased,5,5,0,25,18,14,40.2,12.2147,709.2,594,464.4,1023.8,0,105.24,2.6,33.6,971,890,584,1382,135.4,0,1.6,0.8527,16018.2,355.8146,261.8758,7.8926,25
search_candidate_000036_d93b9ae2,random-phased,5,5,0,24.6,27,16,30.8,7.6577,739.2,818,543,871.6,0,97.9,2.8,36.8,993.4,1100,718,1176.2,144.2,0,1.8,0.8822,17590,241.0109,163.677,12.1712,24.6
search_candidate_000146_969b8e34,random-phased,5,5,0,24.6,20,19,34.4,8.8227,739.6,656,604.8,941.6,0,104.7,2.4,38.8,968,800,764,1318,147.2,0,1.8,0.815,17578.4,307.8571,168.6518,14.5887,24.6
search_candidate_000192_4d0dd2dc,random-phased,5,5,0,24.6,26,17.8,29.8,6.1514,709.8,736,542.6,853.6,0,86.14,2.8,35.4,840.2,870,626.8,1023.6,135.2,0,1.4,1.0288,16095.6,208.9042,151.5406,14.7243,24.6
search_candidate_000114_92905f3f,random-phased,5,5,0,24.2,25,18.8,29,4.5343,725.6,754,617.6,818.6,0,82.74,2.6,38.6,870,840,768,988,133.6,0,1.4,0.9664,16013.4,98.7927,89.3008,16.5328,24.2
search_candidate_000019_27ca32d9,random-phased,5,5,0,23.8,24,19.8,27.8,3.544,742.4,766,682,782.2,0,83.82,2.6,39.8,941,967,876.2,988.6,132.8,0,1.6,0.876,16708.6,53.6544,53.0984,18.028,23.8
search_candidate_000058_27acacbe,random-phased,5,5,0,23.8,25,16.8,29.8,5.9127,714,745,492,912.8,0,82.26,2.6,37.8,901.6,970,636,1124.8,134,0,1.8,0.8367,17225.6,232.7923,192.1135,13.8437,23.8
search_candidate_000179_0123fbf1,random-phased,5,5,0,23.8,24,19,28.8,4.3543,679.4,689,593.2,756.2,0,76.58,2.6,35.4,823.2,781,753.6,916,129.6,0,1.6,0.7963,16359.6,74.6174,72.4337,16.8228,23.8
search_candidate_000139_6e48e1a1,random-phased,5,5,0,23.4,23,18.8,28,4.0792,742.8,781,615.4,848.6,0,88,2.6,39.6,945.8,1006,814,1049.8,137,0,1.8,0.9083,17710.2,108.3668,104.6373,16.7604,23.4
search_candidate_000037_2868415d,random-phased,5,5,0,23,22,19.4,28,4.6476,638.6,679,498.6,761.2,0,76.52,2.2,34.8,782.6,810,614.6,941.2,127.6,0,1.6,0.8418,16253.8,147.4661,119.5067,17.0762,23
search_candidate_000054_598baf19,random-phased,5,5,0,22.8,25,18.8,25.6,3.1875,678.4,676,579.4,764.8,0,80.64,2.6,35,798.4,810,692,893.2,131.6,0,1.4,0.999,15772,90.9738,88.9912,17.2063,22.8
search_candidate_000002_87326a17,random-phased,5,5,0,22,21,16.6,28,5.1381,630.4,643,514.6,746,0,88.94,2.4,31,795.2,792,634.4,944,130.4,0,1.4,0.9108,15118,140.8863,108.1344,14.031,22
search_candidate_000095_94f964ba,random-phased,5,5,0,22,20,16.4,29.2,5.8992,635,537,493,828.6,0,93.18,2.4,30.8,806.2,669,576,1107.2,131.6,0,1.4,0.9323,15586.8,242.888,155.2302,13.4504,22
search_candidate_000241_1681c238,random-phased,5,5,0,21.6,21,19.2,24.6,2.9394,664.6,683,544.2,784.4,0,78.6,2.2,36.8,813.2,830,689.2,925.8,127.8,0,1.4,0.9538,15504.8,104.467,108.9928,17.7303,21.6
search_candidate_000126_3acd9f4d,random-phased,5,5,0,21.4,19,12.4,31.4,8.9129,618,618,439.2,792.2,0,85.24,2.4,31.4,803.8,820,521.4,1087.6,137.8,0,1.4,1.0565,16275.2,272.2311,160.1487,7.9435,21.4
search_candidate_000167_32075a08,random-phased,5,5,0,20,21,10,30,9.6954,660.2,742,408.4,866,0,97.84,2,34.8,926.2,1055,574,1204.4,127.4,0,2,0.7842,17610.6,286.2372,212.5864,5.1523,20
search_candidate_000031_649fa912,random-phased,5,5,0,19.6,21,12.6,24.6,6.4992,642.2,612,436.6,838.8,0,106.3,2.2,31.4,894.6,860,650,1128.6,136.4,0,1.6,0.905,16778,221.8464,186.2358,9.3504,19.6
search_candidate_000143_641de0f1,random-phased,5,5,0,19.6,21,11.2,26.2,7.3648,640,688,461,785.2,0,86.84,2.2,33.6,829.6,774,607.6,1072,127.8,0,1.6,0.8347,15936.6,213.078,155.5545,7.5176,19.6
search_candidate_000128_d755e08d,random-phased,5,5,0,18.8,18,10.4,28.4,8.1339,594.8,664,385.8,769,0,86.58,2.4,30.4,730.6,840,435.2,968,146,0,1.6,0.9152,17180.4,240.0946,172.429,6.3331,18.8
search_candidate_000219_1fd05e45,random-phased,5,5,0,18.6,22,10.8,24.8,6.375,615.8,616,432.2,794.6,0,79.92,2.4,31.4,736.4,750,506.8,950.6,127.4,0,1.8,0.8415,17056.8,199.8185,159.4132,7.6125,18.6
search_candidate_000040_2999a3bd,random-phased,5,5,0,14.2,13,10.2,19.4,4.7074,557,548,446.6,672.8,0,83.24,2.2,28.6,673.6,670,532,809.2,133.8,0,1.4,0.9166,15956.4,124.0155,103.0184,7.8463,14.2
search_candidate_000194_5b32965e,random-phased,5,5,0,10.8,10,4.4,18.4,6.4931,473.2,470,301.4,640.6,0,77.78,1.6,26.2,635.6,586,430,863.2,123.8,0,1.4,0.9462,15405,191.6889,149.7697,1.1535,10.8
