candidateId,strategyVariantId,runs,scenarioCount,bossKillRate,avgExp,medianExp,p10Exp,p90Exp,expStdDev,avgScore,medianScore,p10Score,p90Score,completionRate,avgSurvivalTimeSeconds,avgLevel,avgKills,avgDamageDealt,medianDamageDealt,p10DamageDealt,p90DamageDealt,avgDamageTaken,damageWindowPassRate,avgDamageWindowViolationCount,avgMaxDamageWindowRatio,damageSafetyPenalty,damageDealtStdDev,scoreStdDev,consistencyScore,generalFitnessScore
centered_candidate_000398_e83fa138,centered-gaussian,5,5,0.8,6987.8,8119,3300,9373.6,3495.0628,44791.4,52693,22031,58854.4,0.8,750.74,50,2372,398678.8,379898,139943,673444.6,254.8,0,4.2,0.4768,27457.8,265441.9445,21708.8156,1552.4686,6987.8
general_top1-phased_ba6e550f,top1-phased,5,5,0.8,6987.8,8119,3300,9373.6,3495.0628,44791.4,52693,22031,58854.4,0.8,750.74,50,2372,398678.8,379898,139943,673444.6,254.8,0,4.2,0.4768,27457.8,265441.9445,21708.8156,1552.4686,6987.8
centered_candidate_000195_208c96f0,centered-gaussian,5,5,0.8,6688.8,7936,3275,8876,3279.5955,43481.2,51596,22318,56485.6,0.8,763.78,49.8,2300,323845,364310,141100.2,453210.6,260.6,0,4.4,0.5414,28888,165254.891,20506.8054,1635.2022,6688.8
general_top1-phased_415370da,top1-phased,5,5,0.8,6688.8,7936,3275,8876,3279.5955,43481.2,51596,22318,56485.6,0.8,763.78,49.8,2300,323845,364310,141100.2,453210.6,260.6,0,4.4,0.5414,28888,165254.891,20506.8054,1635.2022,6688.8
centered_candidate_000323_8b902085,centered-gaussian,5,5,0.8,6386.4,7852,3177.2,8132.8,3125.9088,41760.4,50732,21627,52713.4,0.8,750.7,48.4,2211,301846.8,359556,144864,400425.2,305.6,0,5,0.4035,32616.6,150725.901,19778.7107,1614.2456,6386.4
centered_candidate_000077_38ffa4ca,centered-gaussian,5,5,0.8,6253.8,7750,3095.6,7913.2,3109.3594,40891.4,50516,20662.2,51407,0.8,739.72,47.2,2165.6,379122.8,421625,132769.6,574582.2,306.6,0,4.8,0.5336,31925.6,210428.799,20019.0761,1540.9203,6253.8
centered_candidate_000275_883ed995,centered-gaussian,5,5,0.8,5799.4,7873,1869.2,8282.2,3188.8213,37947,51402,13025.8,53376.2,0.8,667.32,45,2001.4,351523.2,466842,64760.6,582292.2,274,0,5.4,0.4163,34629.2,236143.8958,20301.2471,274.7894,5799.4
general_top1-phased_83151cfa,top1-phased,5,5,0.8,5799.4,7873,1869.2,8282.2,3188.8213,37947,51402,13025.8,53376.2,0.8,667.32,45,2001.4,351523.2,466842,64760.6,582292.2,274,0,5.4,0.4163,34629.2,236143.8958,20301.2471,274.7894,5799.4
centered_candidate_000170_7a238095,centered-gaussian,5,5,0.8,5566.2,7852,1538.2,8081.2,3210.5473,36660.6,51363,11218.4,52201.2,0.8,659.52,43.8,1933,332885.8,417056,39586.2,601757.4,272.4,0,4.4,0.4706,30755.4,255541.8351,20372.0208,-67.0736,5566.2
centered_candidate_000450_56008d6b,centered-gaussian,5,5,0.6,5507.8,7847,251.2,9582.8,4320.2882,35454.6,51141,3064.4,59850.6,0.6,621.1,41.2,1871.2,407095,596356,6085,729537.4,255,0,4.2,0.4544,27986.6,333925.3683,26505.0022,-1908.9441,5507.8
centered_candidate_000033_bbd5544a,centered-gaussian,5,5,0.6,5232.4,8219,104.6,8974.6,4200.5361,33846,52973,1769.8,56869.8,0.6,601.54,39.2,1786.6,295825.4,389514,3420.6,560909.6,230.8,0,3.8,0.5122,26240.2,252740.0376,26188.7536,-1995.6681,5232.4
general_top1-phased_db78e0cd,top1-phased,5,5,0.6,5232.4,8219,104.6,8974.6,4200.5361,33846,52973,1769.8,56869.8,0.6,601.54,39.2,1786.6,295825.4,389514,3420.6,560909.6,230.8,0,3.8,0.5122,26240.2,252740.0376,26188.7536,-1995.6681,5232.4
centered_candidate_000119_210a6f85,centered-gaussian,5,5,0.6,5152.4,7911,75.4,8961,4172.791,33418,51252,1524.2,56929,0.6,593,38.4,1772.4,309298,412996,2659.6,573849.6,274.6,0,5.2,0.4256,33098.2,258213.5529,26150.9786,-2010.9955,5152.4
centered_candidate_000248_b48df9e0,centered-gaussian,5,5,0.6,5145.8,7827,129.4,8956,4122.8614,33469,51078,1847.8,56781.8,0.6,604.18,39,1771.4,366388.2,275383,3277.2,844333.8,274.6,0,4.4,0.4973,30354.4,411922.749,25791.4607,-1932.0307,5145.8
centered_candidate_000120_0eec1cc2,centered-gaussian,5,5,0.6,5139,8079,118.6,8797.2,4115.5057,33420.6,52185,1987.6,55995.4,0.6,597.94,38.6,1769.4,335235.2,377577,3655.2,655125,247.8,0,4.2,0.5079,28058.6,289357.4069,25712.5231,-1939.1528,5139
centered_candidate_000480_912305f2,centered-gaussian,5,5,0.6,5134.2,7964,102.4,8866.4,4129.7251,33450.8,51861,1766.2,56491,0.6,599.18,38.6,1773.2,258628.6,351161,3160.6,489639.4,256.8,0,4,0.624,28888.2,223821.3559,25913.6642,-1962.4626,5134.2
centered_candidate_000398_b5532c35,centered-gaussian,5,5,0.6,5057.8,7747,122.8,8755.6,4047.1826,33023.8,50670,1870.2,55817.8,0.6,602.58,38.6,1744.8,276849,316445,3213.2,533739,239.4,0,4.8,0.4779,30360.2,236613.6891,25426.2252,-1900.7913,5057.8
centered_candidate_000118_23d7dec0,centered-gaussian,5,5,0.6,4955,7849,169.4,8323.6,3896.552,32621.2,50908,2300.2,53866.6,0.6,613.76,38.6,1718.2,256712.2,357513,4564.2,471498.2,198.6,0,3.6,0.3994,22953,213074.2096,24644.8389,-1778.876,4955
centered_candidate_000030_d371dd1d,centered-gaussian,5,5,0.6,4954.4,7956,99.8,8364.8,3969.0692,32479.8,51551,1816.2,53835.4,0.6,596.72,38,1715.2,260823.2,376021,3172.2,469341.4,214.6,0,3.4,0.5102,23878.8,214285.5499,25040.3232,-1884.7346,4954.4
centered_candidate_000256_01f5fc6f,centered-gaussian,5,5,0.6,4923,7944,176.4,8136.6,3858.0509,32386.6,51497,2541.2,52533,0.6,609.42,38.6,1708.8,298385.6,323872,4532.8,597826.6,252.8,0,4.4,0.5039,29993,263819.665,24217.4253,-1752.6254,4923
centered_candidate_000016_389353ab,centered-gaussian,5,5,0.6,4861,7749,61.8,8260.6,3921.0911,31956,50809,1336.2,53303.4,0.6,595.54,37.2,1690.6,233110,343101,2419.2,419232.6,230,0,3.8,0.5378,26483.4,192670.2359,24955.4149,-1898.7455,4861
centered_candidate_000121_b3488e4b,centered-gaussian,5,5,0.6,4859.6,7864,56.8,8174.2,3922.6587,31805,50865,1241.2,52880,0.6,589.56,37,1681.6,297765.8,418968,2183.4,555332,239.8,0,4.6,0.5431,31029.6,255094.4901,24964.5266,-1904.5294,4859.6
centered_candidate_000379_644cb89a,centered-gaussian,5,5,0.6,4858,7927,56,8137,3918.1354,31766,51748,1171.2,52372,0.6,588.74,37.2,1680.8,277357.6,337097,2043.2,542172,274.8,0,5,0.5347,33961.4,242646.7761,24922.9675,-1903.0677,4858
centered_candidate_000007_92bccbdb,centered-gaussian,5,5,0.6,4820,7815,42,8116.6,3902.1633,31573,51073,983.6,52480.8,0.6,582.92,36.8,1672.2,258945.4,346329,1460.2,485370.8,264.2,0,4.4,0.553,29844.2,218915.5328,24967.3539,-1909.0817,4820
centered_candidate_000148_e2fad2f0,centered-gaussian,5,5,0.6,4755.8,7847,83.6,7875.2,3808.8789,31507.4,50914,1594.4,51620.6,0.6,599.6,36.8,1668.8,251338.2,315898,3226.6,470793.8,232.6,0,4.2,0.4753,28017.2,210092.887,24337.4256,-1820.8395,4755.8
centered_candidate_000412_d247461b,centered-gaussian,5,5,0.6,4731.8,7776,56.4,7890.8,3816.4168,31156.4,50601,1231.8,51348.4,0.6,589.78,36.6,1646,374294.8,507906,1958.4,694993.2,236.4,0,3.4,0.5912,23345.6,314074.4216,24419.6421,-1851.8084,4731.8
centered_candidate_000261_8017e435,centered-gaussian,5,5,0.6,4683.8,7688,48.8,7832.4,3781.4748,31027.6,50514,1111.8,51191.4,0.6,586.24,36.6,1642,244646,299876,1766.6,469172.4,238,0,4.2,0.5577,28269.4,208740.3344,24358.0034,-1841.9374,4683.8
centered_candidate_000412_3e75e809,centered-gaussian,5,5,0.6,4353.4,4526,70,8730.8,3833.4156,28638.8,30591,1384.6,55767.4,0.6,516.54,34.8,1511.4,205965.6,162313,2299.2,441928.8,266.2,0,4.4,0.5602,29791.8,195920.0739,24058.8253,-1846.7078,4353.4
centered_candidate_000150_9002ccac,centered-gaussian,5,5,0.6,4071.8,3984,176.4,8039.2,3493.1905,27320.6,27487,2470.8,52255,0.6,539.12,35,1433.8,160608.4,117182,5120,341752.8,288.4,0,5.2,0.4633,34187.2,150757.7341,22116,-1570.1953,4071.8
centered_candidate_000269_8946b6a9,centered-gaussian,5,5,0.6,3885,2032,120.6,8703.8,3903.8338,25940.8,16398,1733.8,55527,0.6,506.94,32.6,1361.2,255263.4,45363,3064.6,624919.6,255,0,3.4,0.5726,25468,294520.9591,24224.4963,-1831.3169,3885
centered_candidate_000446_84467d56,centered-gaussian,5,5,0.6,3852,3165,84.2,7956.4,3530.9166,25921.4,23204,1491.8,51591,0.6,510.96,33,1363.6,217145.6,68650,2935.6,506061.6,288.8,0,5.8,0.5537,37963,236546.9193,22379.7487,-1681.2583,3852
centered_candidate_000515_5b238824,centered-gaussian,5,5,0.6,3829.8,3385,54.6,7829.2,3481.1005,25780.6,24102,1256.4,51119.8,0.6,505.9,32.6,1357.2,239327,88001,2000.8,553188.8,278,0,5,0.5038,33115,257423.1324,22293.4247,-1685.9502,3829.8
centered_candidate_000050_423ea042,centered-gaussian,5,5,0.6,3826.6,2825,214.6,7918.4,3460.7864,26021.8,21018,2671.8,51654.4,0.6,529.58,33.8,1364.6,179076.4,62923,5714.4,426829.4,271.2,0,4,0.6308,29394.8,197033.1243,21891.6527,-1515.7932,3826.6
centered_candidate_000399_3ebe9f7b,centered-gaussian,5,5,0.6,3826,2757,148,8041,3555.6824,25905.8,20791,2243.8,52054.4,0.6,526.7,33.2,1355.8,240347.4,64142,4766.2,564226.6,231.8,0,3.8,0.5263,26682.6,264868.0451,22345.4637,-1629.8412,3826
centered_candidate_000096_8dcb5a4d,centered-gaussian,5,5,0.6,3804,3202,59.2,7870,3493.2885,25606.6,23482,1193,51142,0.6,500.1,32.4,1347.6,190968.6,78763,1883,451508.2,271.2,0,4.6,0.5574,31085.4,207888.058,22270.0773,-1687.4442,3804
centered_candidate_000369_8ba91f7b,centered-gaussian,5,5,0.6,3761,2795,111,7923.4,3514.0489,25468.8,20861,1910.6,51454.4,0.6,507.3,32.6,1335.6,174615.6,67328,3447.8,405289.6,238,0,3.4,0.6108,25269.2,185948.5204,22220.5437,-1646.0244,3761
centered_candidate_000496_a9e361e4,centered-gaussian,5,5,0.6,3759.8,2898,47,7922.6,3536.679,25336.2,21625,1029.8,51510.6,0.6,496.1,32,1333,229482,62804,1575.8,554232.2,259.8,0,4.4,0.5624,30207.2,258599.4004,22572.8605,-1721.3395,3759.8
centered_candidate_000145_a376352e,centered-gaussian,5,5,0.6,3718.2,2980,47.2,7758.6,3467.0552,25035.6,21820,1075.2,50604.6,0.6,499.76,31.6,1317.2,208499.2,70089,1771.8,498914.8,278.2,0,4.4,0.5607,30588.8,231240.3807,22184.5655,-1686.3276,3718.2
centered_candidate_000298_57f5326d,centered-gaussian,5,5,0.6,3632.4,2223,68.8,7899.4,3570.3662,24712.2,17487,1396.4,51613.2,0.6,496.8,31,1301.2,134760,50376,2378.2,319033.2,233,0,4.6,0.4975,30192.4,146842.1986,22728.5976,-1716.3831,3632.4
centered_candidate_000473_d13503f9,centered-gaussian,5,5,0.6,3509.2,1837,72.8,7795,3544.6735,23944.6,15033,1557.4,50747.6,0.6,499.5,30.4,1257,338548.2,37490,2792.6,840107.6,238.6,0,3.6,0.6176,25717.6,400087.3842,22407.2215,-1699.5368,3509.2
centered_candidate_000194_87e2f897,centered-gaussian,5,5,0.6,3029.2,2530,763,5871.8,2615.3802,21318.6,19336,6107,39252.8,0.6,460.8,31.2,1106.4,106508.4,61586,16843,243286.2,313,0,5,0.6073,35875.2,127701.9858,16501.5151,-544.6901,3029.2
centered_candidate_000520_1d7d8bf8,centered-gaussian,5,5,0.6,2926.2,2163,68.2,6781.6,3374.5097,20220.2,17246,1381.6,44084.8,0.6,411.58,27.6,1058.2,128568.6,47097,2576.4,337319.2,280.4,0,3.8,0.6763,28944.4,191009.4961,20867.1147,-1619.0549,2926.2
centered_candidate_000272_25a2ad02,centered-gaussian,5,5,0.6,2863.4,2759,98.6,6132.8,2891.1593,20006,20741,1532.8,40669.4,0.6,426.58,28.2,1040.8,111288,61874,2761,275838.2,273.8,0,4.4,0.6292,30999.6,149366.9045,18389.1881,-1346.9796,2863.4
centered_candidate_000157_1267fe13,centered-gaussian,5,5,0.6,2433.2,1682,71.4,5702.8,2862.5796,17385.6,13995,1398.4,38181.4,0.6,397.76,25,901.4,129851.6,36331,2201.2,352336.4,251.2,0,4.8,0.5542,32306.6,208907.208,18116.376,-1359.8898,2433.2
centered_candidate_000070_cdbd6431,centered-gaussian,5,5,0.4,4551.6,3529,84.4,9541.6,4254.7164,29486.2,24834,1565,59728.2,0.4,508.98,35.6,1562.4,261423,85346,2602.4,626193.8,278.2,0,5.2,0.4563,34470.8,290388.9471,26108.6494,-2042.9582,4551.6
centered_candidate_000310_100a4663,centered-gaussian,5,5,0.4,4154.6,4800,93.6,7907.2,3499.0461,27738.4,31794,1694.6,51802.4,0.4,517.34,34.6,1468.6,224299.4,117790,2929,509894.2,243.4,0,3.4,0.6373,25624,230696.5477,22436.9012,-1655.9231,4154.6
centered_candidate_000330_b895e9ca,centered-gaussian,5,5,0.4,4141.6,2678,938,7935,3181.2358,28215.4,20004,8036,51502.8,0.4,580.92,37.6,1487.4,171650.8,71399,19784.2,388985.8,336.2,0,5.2,0.528,35865,173623.37,19661.9534,-652.6179,4141.6
centered_candidate_000082_4cfec957,centered-gaussian,5,5,0.4,4086.8,4449,119.2,7889.8,3461.3579,27329.6,29897,1921,51431,0.4,524.4,34.6,1441.8,247047.4,193031,3919.8,519772.8,243.2,0,4.2,0.7112,28545.8,231023.7024,22057.5187,-1611.479,4086.8
centered_candidate_000058_b7c8f158,centered-gaussian,5,5,0.4,4048.2,4150,291,7732.4,3303.1727,26973.6,27094,3204.2,50457,0.4,544.4,35.4,1415.2,262139.4,147673,7156,591009,316,0,5,0.6591,35104.8,265154.0193,20974.3249,-1360.5864,4048.2
centered_candidate_000495_7cb32d76,centered-gaussian,5,5,0.4,4039.6,4360,75.2,7850.4,3475.1233,27030.6,29600,1464.8,51324.4,0.4,511.86,33.6,1436.2,222253.8,120937,2372,529041.4,285.8,0,5,0.5491,34934.6,252630.0352,22298.56,-1662.3616,4039.6
centered_candidate_000377_9029fd67,centered-gaussian,5,5,0.4,4013,4067,127.8,7859,3445.6772,26991.8,28151,1891.6,51368.6,0.4,526.02,34.2,1428.4,208131.2,116912,3272.8,490203.6,273,0,4.2,0.6074,29292,231626.4795,22029.7158,-1595.0386,4013
centered_candidate_000324_f63175e7,centered-gaussian,5,5,0.4,3994.2,3633,62,8134.2,3600.9625,26524,25225,1296.2,52548.2,0.4,506.44,33.4,1399.6,208028.8,87866,1934.2,483431.6,262,0,4.4,0.5202,30379.8,221471.5581,22828.2245,-1738.4813,3994.2
centered_candidate_000471_05df6123,centered-gaussian,5,5,0.4,3923.8,3210,50,8167.6,3640.0898,26187.4,23275,1100.6,52749.4,0.4,499.66,32.6,1383.8,183297.8,80589,1869.4,416651,228.4,0,3.4,0.6534,24304.4,192174.7036,23095.8177,-1770.0449,3923.8
centered_candidate_000151_376cf5c6,centered-gaussian,5,5,0.4,3862,3670,43.6,7784.8,3458.867,25800.6,25412,1036.6,50773.8,0.4,507.22,32.4,1366.6,160236.2,77443,1723,362219.4,300.2,0,5.4,0.5383,35510.8,165634.6268,22215.1306,-1685.8335,3862
centered_candidate_000025_8f753e7e,centered-gaussian,5,5,0.4,3841.4,1653,85.8,8839.6,4022.8594,25402.6,12885,1539.6,56214.4,0.4,496.4,31.6,1338.4,201127.4,35842,2779.8,484997.4,249.4,0,4.6,0.4935,30733.6,229726.5809,24959.408,-1925.6297,3841.4
centered_candidate_000442_bb0b3374,centered-gaussian,5,5,0.4,3838.4,2843,191.8,7970.6,3489.1632,25861.8,20842,2276.8,51749.6,0.4,528.92,33.4,1358.8,211364.2,63189,4985,496303.6,248.6,0,4.4,0.4932,29136,229923.7086,22099.3553,-1552.7816,3838.4
centered_candidate_000165_ad612033,centered-gaussian,5,5,0.4,3826.6,2775,49.2,8145.8,3647.3698,25690,20652,1005.6,52880.6,0.4,494.66,32.2,1358.6,177087.6,74625,1534,415360.6,233,0,3.4,0.8016,26575,190536.4526,23265.9669,-1774.4849,3826.6
centered_candidate_000436_234cfbaa,centered-gaussian,5,5,0.4,3809.8,88,39.8,9470.4,4598.4529,24448.4,1634,916.8,59516.6,0.4,436.58,28,1295.4,247714.6,2963,1590.2,634549.2,220.2,0,3.6,0.585,24719.6,306401.7053,28524.453,-2259.4265,3809.8
centered_candidate_000004_2c6f1fbd,centered-gaussian,5,5,0.4,3791.4,106,50,9396,4556.4712,24418,1980,1092,59002.2,0.4,435.48,28.2,1295,243164.2,3344,1691.4,622961.4,231,0,4,0.5073,27532,300730.3419,28145.7626,-2228.2356,3791.4
centered_candidate_000427_ffcfdbde,centered-gaussian,5,5,0.4,3767.2,2816,48.4,7961.4,3569.2941,25171,20122,1083.8,51786.2,0.4,496.2,31.8,1326.2,236679.6,72099,1669,589891,241.4,0,3.8,0.5539,26655.6,284067.888,22786.5202,-1736.2471,3767.2
centered_candidate_000333_c36e7104,centered-gaussian,5,5,0.4,3765.2,95,50.2,9315,4531.0139,24275.6,1561,1116.2,58806.6,0.4,432.2,28.2,1281.2,322105,2694,1749,816758.2,173.2,0,2.4,0.5698,18738.6,394641.3243,28170.9088,-2215.307,3765.2
centered_candidate_000441_7b495c5d,centered-gaussian,5,5,0.4,3743,301,89,9154.4,4390.8608,24466.2,3427,1615,58036,0.4,461.56,29.2,1293.6,196849.2,7675,2687.4,517890.4,230.6,0,4.2,0.5445,28337.8,256963.6996,27258.316,-2106.4304,3743
centered_candidate_000499_280a1e85,centered-gaussian,5,5,0.4,3732.8,115,55.6,9223.2,4476.3355,24265.2,1927,1210.6,58449.4,0.4,438.08,28,1287,249783.2,3146,2113.8,624950,194.8,0,3.6,0.5119,25656,303126.1048,27900.3366,-2182.5678,3732.8
centered_candidate_000019_91e30e93,centered-gaussian,5,5,0.4,3707,2787,44.6,7841,3510.7285,24987,20780,1017.8,51152.8,0.4,498.4,31.4,1324,201031.8,59783,1720.8,476016.8,272.6,0,3.8,0.6311,28883.2,221951.5123,22458.8741,-1710.7642,3707
centered_candidate_000006_d2142b83,centered-gaussian,5,5,0.4,3696,2586,70.6,7901.2,3529.3288,24983.4,19418,1337.6,51480.4,0.4,502.18,31.8,1319.4,180052.2,59516,2367.6,423691.8,250.6,0,4.8,0.5006,31443.6,196125.2103,22485.2272,-1694.0644,3696
centered_candidate_000215_c657a786,centered-gaussian,5,5,0.4,3676.2,2306,44,8015.6,3619.9899,24805.4,17758,1042.6,52139.4,0.4,500.7,31,1310.6,193683.6,50334,1969,460361.2,227,0,4.2,0.498,28426.8,215970.4579,23076.593,-1765.9949,3676.2
centered_candidate_000085_98ce82ff,centered-gaussian,5,5,0.4,3633.2,1452,141.8,8283.6,3760.742,24612.4,11941,1935.2,53841.8,0.4,496.98,31.4,1297.4,158060.6,30668,3608.2,379098.8,224.4,0,4,0.5948,28376.6,178193.9315,23784.5406,-1738.571,3633.2
centered_candidate_000401_5c3ef5a5,centered-gaussian,5,5,0.4,3628,401,141.6,8865.4,4187.3218,24048.6,4054,2384,56423.2,0.4,481.12,29.8,1266.8,161362.4,9195,4616.4,399108.8,241.6,0,4.8,0.4985,31778.6,190729.3886,25955.4138,-1952.0609,3628
centered_candidate_000080_8682c0a6,centered-gaussian,5,5,0.4,3617.2,450,105.2,8851.8,4182.1392,23883,4644,1826.4,56255,0.4,474.04,29.6,1256,252385.4,10396,3607.8,640459,232.6,0,3.4,0.535,24510.8,307396.2983,25938.9759,-1985.8696,3617.2
centered_candidate_000114_9707f259,centered-gaussian,5,5,0.4,3590,91,67,8931,4307.8422,23539.4,1775,1384,56884.2,0.4,445.34,27.6,1248.2,197612,3374,2502.6,506355.6,217.2,0,4.4,0.5634,29601,244239.477,26950.0899,-2086.9211,3590
centered_candidate_000054_dba31eb3,centered-gaussian,5,5,0.4,3585.8,304,128.4,8804.4,4179.7399,23682.4,3343,2143,56021.8,0.4,474.28,29.2,1244.4,232424.2,7440,3933.8,574771.2,216,0,4.2,0.5236,28564,278393.2325,25956.4888,-1961.47,3585.8
centered_candidate_000031_c3d36adf,centered-gaussian,5,5,0.4,3578.4,118,47.2,8973.8,4316.1893,23330,2047,1065.2,56886.6,0.4,439.44,27.2,1233,168950.8,3813,1708.8,433975.2,187.2,0,3.4,0.5382,23876.4,209563.9451,26934.4794,-2110.8946,3578.4
centered_candidate_000352_e01cfc13,centered-gaussian,5,5,0.4,3577.2,258,102.8,8854.2,4215.3234,23611.2,3296,1841.4,56237,0.4,464.4,28.8,1247,237777,6839,3530.6,611568,246.4,0,4.6,0.556,31172.6,295520.9164,26150.8071,-2004.8617,3577.2
centered_candidate_000133_a84bf559,centered-gaussian,5,5,0.4,3570.6,161,74.4,8873.2,4254.5966,23426,2402,1432.8,56391.6,0.4,447.86,28.2,1235.6,232264.6,4939,2701.4,607747,208.4,0,3.8,0.5828,26460.6,298286.5105,26526.8452,-2052.8983,3570.6
centered_candidate_000364_f77538c2,centered-gaussian,5,5,0.4,3565.6,319,66.6,8830.2,4207.2962,23450.6,3823,1332.8,56119.4,0.4,458.44,28.6,1236.2,228346.2,7906,2380.6,587151,233.4,0,4.4,0.4914,29381,283668.0516,26184.7345,-2037.0481,3565.6
centered_candidate_000100_1bd082d8,centered-gaussian,5,5,0.4,3564,183,83.6,8864.6,4237.7053,23423.4,2687,1564.2,56316,0.4,452.66,28.4,1236,250257.2,4829,3079,659853.6,228.2,0,4.4,0.551,29740.2,327170.7844,26346.9473,-2035.2527,3564
centered_candidate_000174_cb5ad2fc,centered-gaussian,5,5,0.4,3561.6,229,68,8863.2,4236.02,23416.6,3036,1355.6,56364,0.4,455.72,28.2,1234,247360.4,6034,2592.6,626080.2,201.8,0,3.8,0.4666,25023.6,301291.4186,26406.1791,-2050.01,3561.6
centered_candidate_000348_14212535,centered-gaussian,5,5,0.4,3561.4,114,67,8937.2,4288.8014,23278.4,1968,1381.4,56557.4,0.4,442,27.8,1230,235549.2,3612,2292.8,615494.6,225.6,0,4,0.5486,27889.4,301265.7461,26657.6135,-2077.4007,3561.4
centered_candidate_000334_ab2fd8f4,centered-gaussian,5,5,0.4,3558.8,310,188.6,8656.6,4081.7941,23731.6,3588,2636.2,55331.4,0.4,485.6,29.8,1249,170062.2,7881,5370.8,418182.4,249.2,0,4.2,0.5157,28840.8,200609.8133,25402.0477,-1852.2971,3558.8
centered_candidate_000198_08a3986f,centered-gaussian,5,5,0.4,3558.6,165,95.6,8857,4233.2128,23457.6,2411,1712.4,56425.8,0.4,449.46,28.2,1240.2,144217.2,4600,3077.2,355106.2,215.6,0,4.2,0.4893,28430.6,172154.8032,26414.3908,-2021.0064,3558.6
centered_candidate_000187_fe64b96d,centered-gaussian,5,5,0.4,3558.2,162,69.6,8892.8,4260.3857,23371,2508,1477.8,56432.4,0.4,462.82,27.8,1234.2,247850,6020,2793.6,622411,221.2,0,3.8,0.5552,26406.8,300020.8848,26483.1032,-2060.5929,3558.2
centered_candidate_000282_a48fcccf,centered-gaussian,5,5,0.4,3557.6,99,44.6,8881.4,4287.556,23283.6,1814,1110.4,56611.6,0.4,440.88,27.2,1230.4,210427.4,3309,1930.8,565008.8,176,0,2.4,0.4704,17642,288117.0322,26892.078,-2099.178,3557.6
centered_candidate_000252_e28ff817,centered-gaussian,5,5,0.4,3557.4,92,35.4,8946,4309.3127,23211.4,1790,814.2,56939.4,0.4,427.3,26.8,1229.6,273259.8,3329,1164.6,735250.2,177.2,0,3,0.607,22304.8,375119.7864,27061.9534,-2119.2563,3557.4
centered_candidate_000257_3db532ae,centered-gaussian,5,5,0.4,3551.8,282,79,8814.6,4199.1496,23384,3322,1592.2,56024.4,0.4,463.7,28.4,1236.2,228037.8,7252,3022.6,569775.6,266.2,0,5,0.444,33089,274585.1197,26113.9728,-2020.5748,3551.8
centered_candidate_000505_e90c5891,centered-gaussian,5,5,0.4,3547.2,94,60,8889.8,4274.2498,23247.8,1759,1211,56674,0.4,434.74,27.2,1233.2,185968.4,2929,2055,483661,211.2,0,3.8,0.5074,26553.4,235671.1265,26809.5432,-2077.1249,3547.2
centered_candidate_000110_18ee2471,centered-gaussian,5,5,0.4,3545,138,79.4,8848.4,4241.3756,23260.4,2252,1533.8,56196.2,0.4,442.82,28,1231,249539.4,4087,2574,674552.6,245.8,0,4.2,0.5838,28822.4,348905.909,26404.7084,-2041.2878,3545
centered_candidate_000328_71f2bb84,centered-gaussian,5,5,0.4,3543.2,338,132.2,8712.8,4122.6802,23549,3843,2081.6,55628.2,0.4,482.82,29.2,1242.8,160310.6,8580,4274.2,397252.4,272.6,0,4.4,0.5579,30619.8,189930.46,25679.5062,-1929.1401,3543.2
centered_candidate_000235_665fc3b5,centered-gaussian,5,5,0.4,3539.6,297,97.6,8730,4149.6935,23562,3543,1691.4,55998.8,0.4,469.34,28.6,1244.4,190724.8,7405,3122.6,481264.4,208.2,0,3.2,0.566,23173.2,230738.1232,26036.5396,-1977.2468,3539.6
centered_candidate_000204_7e6f5a1a,centered-gaussian,5,5,0.4,3539.4,106,39.6,8813.8,4261.2993,23131.4,1841,907.4,56284.8,0.4,426.94,27.4,1223.2,190112.6,3454,1172.6,472350.6,199,0,3.2,0.6107,23740.8,230401.372,26819.9358,-2091.0496,3539.4
centered_candidate_000120_80699065,centered-gaussian,5,5,0.4,3528,62,49,8853,4269.7404,23086.6,1307,1159.4,56476.2,0.4,433.86,27,1222.8,185200.8,2060,1868.4,469218.8,201.6,0,3.6,0.5434,25645,226299.0133,26846.2431,-2085.8702,3528
centered_candidate_000330_7fa73750,centered-gaussian,5,5,0.4,3526.6,222,85.8,8811,4200.1205,23283.6,2811,1655.8,56036.2,0.4,470.24,28.4,1231.2,214488.8,7306,3122.4,566235,279.2,0,4,0.5698,29522.2,282403.7894,26127.8538,-2014.2603,3526.6
centered_candidate_000011_2f54a53b,centered-gaussian,5,5,0.4,3523.6,82,45.4,8872,4271.1498,22910.4,1597,1034.2,56176.4,0.4,435.24,27.2,1211.6,318092.2,3062,1525.4,810222.6,247,0,4.2,0.612,29373.2,391254.9239,26663.7911,-2090.1749,3523.6
centered_candidate_000143_918f1ed2,centered-gaussian,5,5,0.4,3518.8,188,65.4,8815.2,4217.0513,23154,2647,1410,56052.8,0.4,455.92,27.8,1221.4,315940,5229,2511.6,802165.4,213,0,4.2,0.4638,27390.4,386714.4695,26278.1655,-2043.1256,3518.8
centered_candidate_000371_d6f82473,centered-gaussian,5,5,0.4,3516.8,61,46.2,8847.4,4264.4174,22924.8,1314,1055,56276.6,0.4,433.4,26.8,1211.6,248892.8,2248,1801.2,623602.4,195.4,0,3.8,0.5574,25834.6,302708.8695,26750.3794,-2086.0087,3516.8
centered_candidate_000463_0b2bdef0,centered-gaussian,5,5,0.4,3516.2,157,67.2,8769.8,4204.7949,23114.2,2292,1362.8,55869.6,0.4,452.02,27.6,1220.2,260212.8,4925,2280.8,675620.4,210.4,0,3.4,0.6781,24439.2,328665.5959,26302.7173,-2035.1974,3516.2
centered_candidate_000199_fbd6d7ad,centered-gaussian,5,5,0.4,3514.6,109,76.8,8782,4214.7915,23092.2,1777,1488,56019.2,0.4,439.5,27.8,1222,190148.6,3122,2640.2,486462.2,238.2,0,5,0.5465,33000.2,234489.4765,26400.0836,-2030.5957,3514.6
centered_candidate_000394_d8b32237,centered-gaussian,5,5,0.4,3511.2,329,49,8730.6,4159.5244,23179.6,3734,1083.8,55804.2,0.4,455.6,28,1226.4,263572.6,7118,1872.8,707783.8,245.8,0,4.6,0.5713,31270.2,361787.8425,26103.2607,-2030.7622,3511.2
centered_candidate_000451_d4f137e4,centered-gaussian,5,5,0.4,3505.2,102,62,8782.8,4219.7186,23068.6,1942,1287,56041.4,0.4,441.96,27.6,1220.6,189005.2,3653,2263.8,493675.8,221.8,0,4,0.554,27951.2,241735.6355,26456.2541,-2047.8593,3505.2
centered_candidate_000357_f32ae721,centered-gaussian,5,5,0.4,3502.4,125,80,8743.2,4190.8721,23039.4,2054,1560,55617.6,0.4,443.22,27.6,1218.4,266572,3736,2715,702770,222.8,0,4,0.5484,27713.4,347785.3991,26140.9486,-2015.4361,3502.4
centered_candidate_000167_bdc16b81,centered-gaussian,5,5,0.4,3501,137,82.2,8712.6,4176.1771,23086.6,2220,1556.4,55585.8,0.4,445.76,27.8,1223.6,180924.4,4124,2837.2,452158.8,252.2,0,4,0.5232,28283.8,217996.9396,26102.8655,-2005.8885,3501
centered_candidate_000026_64bd2cd5,centered-gaussian,5,5,0.4,3491.4,112,65.2,8744.4,4197.3067,23063,1854,1353.4,56068.6,0.4,445.84,27.4,1221.6,176754.8,3624,2495.2,437677.6,211.8,0,4.6,0.4845,29158.6,212847.0699,26445.2717,-2033.4534,3491.4
centered_candidate_000376_c7560c1d,centered-gaussian,5,5,0.4,3488.6,95,69.4,8722.6,4192.2126,22962.6,1682,1435.8,55732.4,0.4,443.78,27.2,1213.4,294206.4,3274,2458.8,772844.6,192.2,0,3.4,0.4804,23471.4,380284.4089,26315.0525,-2026.7063,3488.6
centered_candidate_000108_fe00e1fc,centered-gaussian,5,5,0.4,3483.4,76,27.6,8800,4241.5467,22601,1495,691.2,55895.2,0.4,421.18,26.6,1198.2,331353.8,2440,917.4,878049.6,255,0,4,0.6787,29367.6,436036.8109,26631.062,-2093.1733,3483.4
centered_candidate_000302_4ef186bf,centered-gaussian,5,5,0.4,3477.4,159,71.6,8685.2,4159.1422,22945.6,2354,1398.8,55513.4,0.4,446.02,27.4,1215.2,201404.8,4374,2280.8,501717,228.4,0,4.4,0.5204,29164.8,243110.0862,26084.3727,-2007.9711,3477.4
centered_candidate_000122_f7b6bac4,centered-gaussian,5,5,0.4,3473,109,40.8,8716.4,4195.6395,22769.8,1864,959,55732.8,0.4,433.24,26.8,1206.4,150937.6,3465,1390.8,391030,217.6,0,3.6,0.6633,25736.4,189904.2748,26436.5387,-2057.0198,3473
centered_candidate_000210_7ab1eb90,centered-gaussian,5,5,0.4,3473,89,36.4,8767.4,4219.9735,22660.2,1631,866.4,55825,0.4,427.4,26.6,1200.8,190184,2788,1157.2,492182.2,229,0,4,0.6443,28332.8,238755.2668,26517.5558,-2073.5868,3473
centered_candidate_000311_47a919bc,centered-gaussian,5,5,0.4,3472.8,1684,68.8,7771.4,3555.6779,23430.4,12757,1420,50767.2,0.4,494.98,30.2,1230.2,234280,34977,2457.6,573727.2,248.6,0,4.2,0.4993,29275.6,272042.0595,22658.494,-1709.039,3472.8
centered_candidate_000276_d208aa13,centered-gaussian,5,5,0.4,3468.6,86,71.8,8730.4,4189.9099,22873.4,1649,1450.8,55767.8,0.4,439.36,27.2,1211.4,204051,2995,2533.2,531869,214,0,3.6,0.5595,25054.8,259743.0682,26282.0227,-2023.1549,3468.6
centered_candidate_000254_680f3b86,centered-gaussian,5,5,0.4,3467,59,39.8,8729.8,4210.1308,22585,1343,887.6,55608.6,0.4,431.68,26.4,1194.2,259458.8,2707,1436.2,647286.6,211.2,0,3.2,0.595,23077.4,315491.6487,26477.5872,-2065.2654,3467
centered_candidate_000073_7296b3d6,centered-gaussian,5,5,0.4,3462.6,417,69.4,8457.4,4022.3149,22977.4,4282,1371.4,54332.6,0.4,459.68,28.4,1208,143086.4,9416,2343.6,358046.8,204.8,0,3.6,0.5825,25531.2,171085.9938,25316.0752,-1941.7574,3462.6
centered_candidate_000502_a3f0f8ba,centered-gaussian,5,5,0.4,3442,642,251.6,8030,3723.9042,23282.4,5888,3053.6,52141.6,0.4,489.28,30.4,1217.4,189116.6,12177,6102.2,468465.6,210,0,3.2,0.5468,23131.4,222816.8726,23444.4712,-1610.3521,3442
centered_candidate_000091_1f6c65a5,centered-gaussian,5,5,0.4,3434.8,87,49.8,8625.6,4149.0915,22636.6,1643,1078.2,55337.4,0.4,433.58,26.8,1195.4,162168.4,3008,1676.2,416359.4,171.2,0,2.8,0.5994,20986.6,201021.7813,26205.4036,-2024.7457,3434.8
centered_candidate_000393_876be8b0,centered-gaussian,5,5,0.4,3415.4,290,101,8302,3981.6542,22790.4,3175,1834,53634,0.4,466.96,28.2,1196.6,150345.4,6954,3233.2,373907.4,185.8,0,3.4,0.4569,23430.2,179268.443,25108.75,-1889.8271,3415.4
centered_candidate_000500_5df76dea,centered-gaussian,5,5,0.4,3372.6,160,66.6,8321.8,4006.1054,22387.6,2395,1257.8,53650.6,0.4,437.8,27.2,1183.4,131595,4425,1854.8,332383.4,216.2,0,3.8,0.6617,27193.8,159520.3854,25320.5674,-1936.4527,3372.6
centered_candidate_000472_d19646fa,centered-gaussian,5,5,0.4,3360.6,124,62.2,8311,4013.5506,22392.6,2109,1261,53860.6,0.4,442.26,27,1185.8,162256,3935,2034.4,404129,214.2,0,4.2,0.5134,28270.6,195540.2567,25515.1287,-1944.5753,3360.6
centered_candidate_000227_4e518f5f,centered-gaussian,5,5,0.4,3358.2,69,36,8327.8,4053.7914,22191.4,1456,883.4,53841.4,0.4,425.76,26.4,1171.2,142160.6,2520,1315.4,357191.4,163.2,0,2.8,0.7009,20484.2,172498.1979,25830.2462,-1990.8957,3358.2
centered_candidate_000033_d5b7f864,centered-gaussian,5,5,0.4,3350.4,309,71.8,8181.2,3916.3227,22477.6,3893,1500,52868.2,0.4,456.86,28,1185.8,176393.6,7368,2716.2,436481,226.4,0,4.2,0.5467,28276.4,210806.5535,24672.8056,-1886.3614,3350.4
centered_candidate_000348_fe2d7831,centered-gaussian,5,5,0.4,3334.8,135,49,8224.8,3988.097,22188.8,2241,1108.6,53304.6,0.4,438.24,27,1168.2,186880,4618,1750.8,478576.2,169.4,0,3,0.5639,21316,230779.4878,25344.7486,-1945.0485,3334.8
centered_candidate_000104_27c7dd00,centered-gaussian,5,5,0.4,3331.4,105,94.2,8189.8,3959.3864,22326.8,1895,1739.6,53230.2,0.4,447.2,27.2,1179.8,142104.4,3770,3283.6,350630.2,195.4,0,3.4,0.5534,23579.8,169822.3318,25149.6641,-1885.4932,3331.4
centered_candidate_000191_4cd1fca2,centered-gaussian,5,5,0.4,3331.4,251,51.6,8219.8,3940.267,22197,3063,1126.6,53201,0.4,453.04,27.2,1169.6,254360.4,6192,1746.2,636575.8,211.2,0,3.8,0.571,26170.6,308003.5553,25020.2364,-1918.5335,3331.4
centered_candidate_000186_d1295690,centered-gaussian,5,5,0.4,3330.6,322,87.2,8115.2,3878.9658,22285.2,3800,1571,52410.6,0.4,465.7,27.8,1170.4,169192.8,8408,2824.4,429504.4,208.2,0,4,0.4763,26778.4,205990.4409,24471.0446,-1852.2829,3330.6
centered_candidate_000047_11ab026b,centered-gaussian,5,5,0.4,3323.4,336,70.6,8089.2,3871.2293,22291.4,3623,1360.6,52617.6,0.4,460.18,27.8,1174.4,182084.8,7512,2394,473582.8,225.2,0,4,0.5296,28339.4,231444.2132,24637.4964,-1865.0147,3323.4
centered_candidate_000468_f3a97c45,centered-gaussian,5,5,0.4,3317.2,405,87.4,8023.4,3824.065,22190.4,4125,1615.8,51835.8,0.4,466.8,27.8,1163.4,198238.8,9635,2968.4,488332,202.2,0,3,0.4945,21599,236336.5751,24135.6984,-1824.6325,3317.2
centered_candidate_000074_891fc725,centered-gaussian,5,5,0.4,3317,107,52.8,8199.6,3975.4123,22015.4,1956,1169.6,52951.8,0.4,436.38,26.6,1160.2,148348.6,3381,1802.8,375748.8,180,0,3.4,0.5103,23554,180776.3081,25197.2016,-1934.9061,3317
centered_candidate_000087_d734ffa9,centered-gaussian,5,5,0.4,3313.8,249,200.8,7980,3793.0314,22505.2,3077,2803,52047.6,0.4,491.54,28.4,1183.4,146429.8,6674,5777.6,357859.8,219.6,0,4.2,0.4844,27587.4,171873.8604,24016.1099,-1695.7157,3313.8
centered_candidate_000473_975aa319,centered-gaussian,5,5,0.4,3304.2,120,67.2,8160.6,3942.227,22001.6,1975,1375.6,52739,0.4,441.22,26.8,1158.8,196894.6,3505,2482.6,522292.6,184,0,3.2,0.4943,22779.4,261290.3341,24999.0642,-1903.9135,3304.2
centered_candidate_000295_32e3c472,centered-gaussian,5,5,0.4,3298.4,71,47.8,8168.6,3969.9842,21887.6,1553,1097.2,52843,0.4,436.86,26.2,1157.8,154145.8,2719,1749.8,386538.4,212,0,3.6,0.6076,26012.8,186651.4524,25241.4787,-1937.1921,3298.4
centered_candidate_000490_90e6d841,centered-gaussian,5,5,0.4,3292.2,62,46,8175.8,3969.1073,21789.2,1273,1032.6,52849.4,0.4,427.04,26,1151.2,135053.8,2171,1464.6,351795.6,189.6,0,2.4,0.771,20074.4,171667.7251,25308.9839,-1938.5537,3292.2
centered_candidate_000094_eacd1b88,centered-gaussian,5,5,0.4,3291.4,75,56.2,8144.8,3952.5548,21959,1593,1253.2,52851.4,0.4,439.46,26.6,1159.6,165299.4,3189,2084.6,412674.6,194.4,0,3.2,0.5172,22392.8,199611.3882,25176.958,-1920.0774,3291.4
centered_candidate_000214_e2529aa9,centered-gaussian,5,5,0.4,3291.2,348,60.4,8011,3840.856,22153.4,4068,1309.6,52110.6,0.4,466.14,27.2,1168.4,171176.4,8626,2499.8,429768.2,207,0,3.6,0.4656,24251.8,205903.1329,24421.305,-1860.028,3291.2
centered_candidate_000055_37d12a4e,centered-gaussian,5,5,0.4,3271.8,359,132.6,7879.2,3740.4084,22182,3881,2125.8,51306.8,0.4,479.06,28.2,1166.4,241820.8,8392,4304.6,607704.8,231.2,0,4.4,0.4801,29375.4,291381.9857,23708.8688,-1737.6042,3271.8
centered_candidate_000488_cc378558,centered-gaussian,5,5,0.4,3270.6,145,131.2,7987.2,3838.2091,22069.6,2356,2133,51881.8,0.4,461.24,27.4,1162.2,177203.2,4347,4177.6,458817.2,195.2,0,3.4,0.5056,22896.2,223133.0588,24310.781,-1787.9046,3270.6
centered_candidate_000075_4c2dd6ab,centered-gaussian,5,5,0.4,3268.8,88,49,8094,3925.8913,21733.4,1683,1145.4,52446.4,0.4,434.58,26,1148.4,190064.4,2900,1801.2,474926,191.6,0,3.6,0.4978,25036,230245.2844,24965.8697,-1913.9456,3268.8
centered_candidate_000163_feb92353,centered-gaussian,5,5,0.4,3266.2,456,49,7900.4,3774.0525,21920.4,4444,1075,51482.8,0.4,455.78,27.6,1150.6,178624.8,10048,1537.2,453455.8,203,0,3.6,0.6021,25283.2,217607.0452,24116.909,-1838.0263,3266.2
centered_candidate_000290_c106d157,centered-gaussian,5,5,0.4,3264.6,118,43.8,8082.4,3912.7773,21679.2,2032,1007.8,52241.2,0.4,430.9,26.4,1143.2,170391,3429,1453,450574,201.4,0,3,0.648,23242,224084.5037,24851.1846,-1912.5886,3264.6
centered_candidate_000503_572677ac,centered-gaussian,5,5,0.4,3263.6,122,53.4,8042.2,3901.2253,21732.2,2041,1167.6,52119.2,0.4,439.22,26.4,1147.8,187116.8,3856,2069.2,495133.8,215.8,0,3.6,0.5589,25771.2,246717.9226,24791.5508,-1897.2126,3263.6
centered_candidate_000071_3617245d,centered-gaussian,5,5,0.4,3263,94,55,8075.8,3909.1103,21769.6,1750,1111.4,52451.8,0.4,432.78,26.4,1150,128144.2,3186,1656.6,326313.4,195.2,0,3,0.5966,21966.6,156974.7542,24968.0299,-1899.5552,3263
centered_candidate_000386_d847f57a,centered-gaussian,5,5,0.4,3256.4,293,112.2,7915.8,3774.5773,21991.8,3437,1799.2,51578.6,0.4,467.3,27.8,1153.4,275522.2,7706,3515.8,705202,193,0,3.8,0.4853,25023.8,339829.4535,24017.0312,-1775.0886,3256.4
centered_candidate_000449_7b8166e4,centered-gaussian,5,5,0.4,3256,106,64.6,8059.8,3892.9281,21841,1913,1409.6,52377.6,0.4,441.26,26.6,1153.6,188117.8,3367,2660.6,479986.4,191.6,0,3,0.5388,21156.4,231141.7146,24803.7121,-1881.8641,3256
centered_candidate_000149_410c2e30,centered-gaussian,5,5,0.4,3255.2,119,93.6,7995.2,3860.0498,21752.6,2045,1748.6,51610,0.4,444.44,27,1147,149832,3821,3307.2,381928.6,231.6,0,4,0.5914,28116.4,183595.2972,24357.7175,-1836.4249,3255.2
centered_candidate_000213_eea0a08a,centered-gaussian,5,5,0.4,3254.6,86,60.6,8059.2,3899.8437,21824.4,1682,1383.4,52443,0.4,442.42,26.4,1152,194721,3124,2495.6,483754,175.2,0,3,0.5334,21101.4,235112.7313,24884.438,-1889.3219,3254.6
centered_candidate_000112_9600e17b,centered-gaussian,5,5,0.4,3254,301,42,7962.4,3828.2935,21773,3512,988.4,51819.4,0.4,449.34,26.8,1145.2,221153.2,7291,1414.6,562747.8,189.4,0,3.2,0.6432,23432.8,270869.6016,24419.7562,-1872.1467,3254
centered_candidate_000405_82a411f8,centered-gaussian,5,5,0.4,3252.6,157,65.8,8021.8,3863.0521,21825.8,2355,1336.2,52152.4,0.4,445.22,26.8,1154,152610,4711,2327.6,377232.2,224.6,0,3.6,0.5084,24960,182971.4226,24616.7065,-1865.7261,3252.6
centered_candidate_000051_418e4071,centered-gaussian,5,5,0.4,3247.8,248,46.6,7966.8,3838.0877,21747.2,3196,1059.6,51787.4,0.4,450.5,26.6,1143.8,217362.2,6406,1730.8,557842.6,176.8,0,3.6,0.4527,23939.6,269246.3835,24457.3757,-1872.4438,3247.8
centered_candidate_000464_721caadf,centered-gaussian,5,5,0.4,3246.6,65,55.4,8029.4,3904.4076,21544.2,1339,1155,52036.2,0.4,430.4,26,1136,203082.6,2388,1681.4,519517.4,190.6,0,2.8,0.653,21928.8,250713.8702,24891.6513,-1896.8038,3246.6
centered_candidate_000001_3b33d767,centered-gaussian,5,5,0.4,3244,85,63.4,8011.6,3886.2079,21687.8,1690,1365.2,52117.2,0.4,446.5,26.4,1145.8,177914.4,3053,2644.6,473774.8,220.8,0,4,0.5092,26944.6,238762.5443,24753.2516,-1879.704,3244
centered_candidate_000225_355dabcf,centered-gaussian,5,5,0.4,3244,59,26.4,8073.8,3927.1013,21362.4,1295,658.4,52119.4,0.4,418.18,25.4,1127.6,217588.4,2243,810.6,561674.4,191.6,0,2.2,0.7162,19457.2,272091.0943,25081.8177,-1937.1507,3244
centered_candidate_000486_211e3046,centered-gaussian,5,5,0.4,3243.8,126,70.4,7993.4,3858.6196,21683.2,2058,1292.8,51989,0.4,441.04,26.4,1144.2,180366.2,3968,2090.8,454919.4,199.2,0,3.4,0.5731,23905,218987.4011,24596.7566,-1858.9098,3243.8
centered_candidate_000184_8a87f7ae,centered-gaussian,5,5,0.4,3241.6,411,42.4,7858,3768.82,21768.2,4430,995.2,51284.2,0.4,449.08,27,1149,242378,8501,1514.2,600440.2,229.6,0,3.4,0.7116,25427.4,292092.5739,24046.5187,-1842.01,3241.6
centered_candidate_000416_b3301eb5,centered-gaussian,5,5,0.4,3239,165,63.2,7959.4,3844.0722,21632,2477,1224.6,51604.2,0.4,445.16,26.4,1142,179722.2,4955,2212.4,455843.4,220.8,0,4.6,0.4234,30338,219140.9261,24437.1735,-1858.8361,3239
centered_candidate_000294_1c87bd42,centered-gaussian,5,5,0.4,3237.4,178,27.4,7987.8,3870.012,21399,2600,701.4,51521.2,0.4,433.02,26.4,1126,181642,4688,823.6,457135,232.6,0,3.6,0.6683,25728.6,220748.6387,24580.7447,-1907.606,3237.4
centered_candidate_000366_6e8615d9,centered-gaussian,5,5,0.4,3236.4,152,79.6,7938.2,3835.286,21847.8,2359,1598,51829,0.4,445.1,27,1155.2,135136.4,4350,2637.8,344293.6,212.2,0,3,0.5327,22738.4,165459.7185,24472.188,-1838.043,3236.4
centered_candidate_000519_f6e8718b,centered-gaussian,5,5,0.4,3236.2,111,65.2,7981,3863.3657,21676.6,1963,1369.4,51898.2,0.4,439.64,26.4,1143.4,180370,3116,2284.4,452630.4,184.8,0,2.8,0.4763,19849.6,218457.7177,24606.448,-1866.4828,3236.2
centered_candidate_000458_951fc570,centered-gaussian,5,5,0.4,3234.6,101,70.2,7969.6,3861.1997,21682.2,1882,1477.2,51747.6,0.4,443.08,26.6,1146.2,216512.8,3614,2507.6,559123.6,226,0,4.2,0.4923,28901.2,270872.0435,24545.2975,-1860.3999,3234.6
centered_candidate_000396_7bb84b4b,centered-gaussian,5,5,0.4,3231.4,124,78.2,7946.8,3841.0901,21586.6,1921,1563.2,51533.4,0.4,437.48,26.6,1139.8,231580.6,3385,2463.6,591592.2,228.2,0,3.4,0.6014,25179.6,285208.8157,24357.7421,-1842.345,3231.4
centered_candidate_000041_8f0f0484,centered-gaussian,5,5,0.4,3229.6,51,30.2,8023,3907.7585,21339,1152,767.2,51986,0.4,423.74,25.6,1124,148364.4,1981,1149.2,370957.6,180.8,0,2.8,0.6262,20574.6,180006.9178,24990.2392,-1923.6793,3229.6
centered_candidate_000467_948ff99a,centered-gaussian,5,5,0.4,3229,85,75.4,7954.8,3857.5431,21717.4,1688,1519.6,51946.8,0.4,445.5,26.6,1146.4,193145.2,3355,2713.6,481901.4,195.4,0,2.6,0.5173,20029.2,233218.7429,24665.3825,-1853.3716,3229
centered_candidate_000269_450ee0e1,centered-gaussian,5,5,0.4,3227.4,56,41.2,8019,3896.5121,21399.6,1180,1017.4,51943.2,0.4,429.18,25.6,1130,203594,1847,1647.6,532207,196.2,0,3.4,0.616,24696.4,260360.2176,24894.7536,-1907.0561,3227.4
centered_candidate_000060_da64de8a,centered-gaussian,5,5,0.4,3225,87,61,7987.2,3865.593,21609.2,1655,1276.6,52087,0.4,439.96,26,1144.6,171700.2,2870,2322,442607,211,0,4,0.5555,27104.6,214172.0246,24752.8107,-1871.7965,3225
centered_candidate_000169_dc700ecd,centered-gaussian,5,5,0.4,3222,76,41.2,7974.2,3880.0147,21447.4,1513,1000.8,51845,0.4,436.24,26,1129.4,154192.8,2781,1624.6,395320,184,0,3,0.5901,21672.4,190752.538,24804.5586,-1898.8073,3222
centered_candidate_000378_53557c9c,centered-gaussian,5,5,0.4,3219.4,415,66.8,7789.4,3714.446,21715.4,4508,1311.2,50700.4,0.4,453.88,27.2,1146.4,234943,9307,2058.8,628526.2,241.8,0,4.6,0.6376,30717.4,320542.1487,23615.8493,-1790.423,3219.4
centered_candidate_000057_21105848,centered-gaussian,5,5,0.4,3219.2,95,73.8,7928.6,3841.0977,21709.2,1813,1524.8,51827,0.4,444.24,26.2,1152.4,121209.8,3435,2919,301885,219.8,0,4.2,0.6097,29037.8,145045.5089,24571.2838,-1846.7488,3219.2
centered_candidate_000048_c78bb0b1,centered-gaussian,5,5,0.4,3218.4,85,58.8,7941,3855.6101,21357.2,1703,1149,51332.8,0.4,438.3,26.2,1125.2,164277.8,3483,1968.8,411069,230.8,0,4.4,0.6146,30106,198484.9549,24468.2263,-1869.005,3218.4
centered_candidate_000497_d5061b75,centered-gaussian,5,5,0.4,3217.2,500,55.2,7736.6,3691.0879,21676.2,4879,1152.8,50531.2,0.4,462.12,27.6,1139.8,188490.8,10366,2046,487809.2,247.6,0,4.6,0.5119,30568.8,237268.1171,23594.2294,-1790.344,3217.2
centered_candidate_000037_59d7b7a4,centered-gaussian,5,5,0.4,3214.4,151,52.4,7931,3829.4359,21508.2,2273,1124.4,51506,0.4,438.44,26.4,1133.8,164807.4,4020,1725.6,410870.6,200,0,2.8,0.6666,21008.2,198825.6819,24432.4849,-1862.3179,3214.4
centered_candidate_000408_27a1b90d,centered-gaussian,5,5,0.4,3213.2,88,40.2,7997.8,3869.5371,21458.6,1718,958.8,52054.2,0.4,441.2,25.8,1134,172637.6,3664,1719.8,456581.2,203.8,0,4,0.5944,27031.2,227231.1653,24804.7392,-1894.5685,3213.2
centered_candidate_000440_33bae020,centered-gaussian,5,5,0.4,3213.2,116,72.2,7932.6,3828.9118,21485.2,1995,1401,51402.8,0.4,441.06,26.4,1133.2,228969,3604,2420,592229.6,216,0,3.6,0.5402,25450.2,287218.6077,24327.7903,-1842.2559,3213.2
centered_candidate_000455_4cc04c7c,centered-gaussian,5,5,0.4,3211.4,126,55.2,7911.6,3834.8632,21537.2,2046,1271.8,51502.8,0.4,442.58,26.4,1136.6,174094.4,3822,2183.2,443372,206.8,0,3.8,0.5221,26505.4,213394.9601,24468.0371,-1862.2316,3211.4
centered_candidate_000040_c64c9013,centered-gaussian,5,5,0.4,3211.2,119,60.4,7930,3835.6116,21497.6,2047,1262.4,51547.4,0.4,437.64,26.2,1137.8,157524.8,3874,2047.2,394039.2,229.2,0,3.6,0.5635,26646.4,190104.7452,24463.9171,-1857.4058,3211.2
centered_candidate_000177_af826dc7,centered-gaussian,5,5,0.4,3209.6,60,45.6,7970,3869.1376,21277.2,1309,1053.2,51551.4,0.4,434.7,25.6,1123.4,180250.8,2198,1635.6,471610.8,219.6,0,3.8,0.5972,26149.2,231062.5924,24645.3515,-1888.9688,3209.6
centered_candidate_000226_91be1f23,centered-gaussian,5,5,0.4,3209,452,56.6,7742,3701.1377,21701.4,4614,1221.6,50739.6,0.4,462.64,27.4,1146,163867.4,10385,2284.4,417365.4,265.2,0,4.2,0.5709,28418.2,200438.4799,23712.0524,-1793.9689,3209
centered_candidate_000201_538983c7,centered-gaussian,5,5,0.4,3208.2,2238,509.2,6879.8,3226.7407,22062.4,17235,4522,44604.6,0.4,450.9,31.2,1157,139553.2,54794,10064.8,354740.2,323,0,5.6,0.6514,38278.8,200432.1923,19782.2275,-1104.1704,3208.2
centered_candidate_000198_fb468e3c,centered-gaussian,5,5,0.4,3208,84,32.8,7952.6,3867.0684,21378.6,1589,833.4,51817.4,0.4,430.46,25.6,1132,199726.4,2721,1284.6,506190,212.2,0,3.6,0.5334,25191.2,244311.4548,24843.3831,-1900.7342,3208
centered_candidate_000259_f26144c4,centered-gaussian,5,5,0.4,3208,107,94.8,7899.6,3808.0314,21595.8,1983,1786.6,51323.6,0.4,447.38,26.8,1139.8,183163.8,3733,3527,465566.4,222,0,4.2,0.4627,27901,223760.2315,24167.8121,-1809.2157,3208
centered_candidate_000434_2763f8b6,centered-gaussian,5,5,0.4,3207,87,34,7940.8,3862.5033,21457,1623,851.4,51925.2,0.4,431.32,26,1133.6,160137.2,2926,1393,403059.6,191,0,2.8,0.6109,20645,194505.1605,24875.4107,-1897.2516,3207
centered_candidate_000391_35b57424,centered-gaussian,5,5,0.4,3205.8,117,85.6,7882.6,3805.0572,21736,2134,1627.8,51629.6,0.4,451.2,26.6,1148.2,199088,4159,3125.6,499145.4,178.6,0,3.8,0.4505,24540.8,240425.2226,24362.139,-1816.9286,3205.8
centered_candidate_000476_b222cb2d,centered-gaussian,5,5,0.4,3204.2,69,36,7950.8,3865.3652,21325.8,1456,883.4,51711.6,0.4,425.76,25.8,1127.6,134570.2,2520,1308.8,337290.2,213.4,0,3.8,0.7009,26654.2,163010.6123,24770.6102,-1896.6826,3204.2
centered_candidate_000513_29d4984a,centered-gaussian,5,5,0.4,3203.2,116,42.2,7918.2,3839.7176,21386.4,2011,961.2,51540.6,0.4,430.12,26,1127.6,199463.4,3319,1407.6,496613.2,183.2,0,3.4,0.561,23601.2,241763.4258,24559.0144,-1877.6588,3203.2
centered_candidate_000166_f0978048,centered-gaussian,5,5,0.4,3202.4,71,57.8,7938,3846.6288,21438.2,1578,1260.2,51634.8,0.4,435.04,26,1132.8,179101.8,2629,2125.4,448749.4,199,0,3,0.5876,22134.6,216995.9522,24571.2352,-1865.5144,3202.4
centered_candidate_000264_239978c2,centered-gaussian,5,5,0.4,3202.2,61,50.4,7948,3855.3324,21265.6,1217,1087.6,51550,0.4,430.76,25.8,1121,177092.4,2314,1557.6,441344.6,203.6,0,3.4,0.5649,23732.6,214653.6793,24648.3563,-1877.2662,3202.2
centered_candidate_000126_a5c88b2e,centered-gaussian,5,5,0.4,3199.8,69,47.2,7929.4,3850.6173,21248.6,1487,1049,51342,0.4,426.44,25.8,1124.2,140211,2269,1549.8,362644,239.4,0,3.2,0.6429,24981,175879.9497,24528.4329,-1878.1086,3199.8
centered_candidate_000385_73163703,centered-gaussian,5,5,0.4,3199,97,61.8,7900.8,3826.4545,21526.8,1802,1313.8,51651.4,0.4,441.66,26.4,1139.8,163236.8,3518,2282.6,412635.4,230.4,0,3.6,0.583,26355,198472.514,24531.139,-1851.4272,3199
centered_candidate_000407_f19ab404,centered-gaussian,5,5,0.4,3198.6,82,55,7921.2,3836.274,21399.6,1698,1191.6,51501.4,0.4,439.38,26,1131.6,160469.2,3195,1990.4,417247.4,221.6,0,4.2,0.6141,27784.2,203366.1606,24498.565,-1863.137,3198.6
centered_candidate_000291_8209a183,centered-gaussian,5,5,0.4,3190.8,112,62.8,7861.4,3808.0118,21399.4,1958,1337.8,51130.2,0.4,440.6,26.2,1129,223020.2,3446,2254.6,571307.2,202.6,0,4,0.4962,26214.8,275646.3578,24274.3785,-1841.2059,3190.8
centered_candidate_000506_b288c979,centered-gaussian,5,5,0.4,3190.8,114,61.4,7872.2,3811.0652,21379.2,1914,1261,51332.8,0.4,438.66,26.2,1127.2,221558.2,3165,2132.8,576709,198,0,4,0.483,26422.2,281133.4006,24372.9185,-1844.1326,3190.8
centered_candidate_000503_cfbe05ee,centered-gaussian,5,5,0.4,3187.8,110,60.6,7870.4,3806.5217,21281.2,1919,1228.6,51080.8,0.4,440.28,26.2,1123.6,197489.6,3581,2047,495540,242.6,0,3.2,0.6358,24148,239338.4784,24224.7981,-1842.6608,3187.8
centered_candidate_000366_05f9a314,centered-gaussian,5,5,0.4,3186,123,62.6,7865,3798.2673,21333,2032,1252,51112.2,0.4,435.48,26.4,1126.4,171850.6,3380,1796.2,428967.6,231.4,0,3.8,0.6054,27109.4,207738.0364,24230.1156,-1836.5336,3186
centered_candidate_000003_cabe5902,centered-gaussian,5,5,0.4,3183.4,140,83,7808.6,3770.4068,21475.8,2311,1588.6,50881.4,0.4,451.6,26.6,1135,161703.6,4608,2880.8,405839.8,236.2,0,4.6,0.5492,31121.4,194954.2662,24006.5677,-1802.2034,3183.4
centered_candidate_000024_30d494a1,centered-gaussian,5,5,0.4,3179.6,102,71.6,7850.6,3793.0909,21447.4,1980,1451.8,51268.8,0.4,444.58,26.4,1135.6,197667.8,3598,2538.8,499538.4,235.2,0,4,0.5675,28262.6,240478.5329,24250.5256,-1824.9455,3179.6
centered_candidate_000089_a9466583,centered-gaussian,5,5,0.4,3177.6,139,52.8,7854.2,3791.4538,21377,2225,1184.2,51279.8,0.4,443.58,26.2,1128.8,229636.4,4208,2097.6,571688.6,207.8,0,3.6,0.5196,24788.8,277777.959,24271.2928,-1842.9269,3177.6
centered_candidate_000181_944bb9d7,centered-gaussian,5,5,0.4,3176.4,230,95.6,7742.6,3712.048,21599.2,3143,1676.4,50762.4,0.4,460.92,27,1142.6,184282.8,6009,3104.4,475195,244.6,0,4,0.5423,28136.4,230153.3987,23732.107,-1760.424,3176.4
centered_candidate_000432_073ff856,centered-gaussian,5,5,0.4,3176.2,91,89.8,7831.4,3780.3214,21344.6,1715,1592.2,51023.6,0.4,448.94,26.4,1127.6,172049,3599,2991,435003.4,244.2,0,4.4,0.5461,30346,209051.9757,24142.7619,-1800.3607,3176.2
centered_candidate_000451_774ff767,centered-gaussian,5,5,0.4,3173.2,89,56.4,7841,3803.2282,21365.6,1692,1221,51395.2,0.4,441.02,25.8,1131,194539.2,3383,2047,485323,201.2,0,3.6,0.5846,25245.6,235359.7824,24467.3196,-1845.2141,3173.2
centered_candidate_000487_5155f0bb,centered-gaussian,5,5,0.4,3170.8,81,75.4,7816.8,3788.3525,21418,1543,1521.8,51288,0.4,446.24,26.2,1134.4,167250.2,3072,2916.8,413708.2,225.6,0,3.8,0.6483,27001.6,201201.3756,24357.624,-1818.7762,3170.8
centered_candidate_000318_2225bbe9,centered-gaussian,5,5,0.4,3164.4,68,41.6,7852.2,3813.9288,21140.2,1495,948.4,51254.6,0.4,431.98,25.8,1116.8,170289,2882,1344.8,434265.6,221,0,3.2,0.5809,23933,209373.3439,24499.7632,-1865.3644,3164.4
centered_candidate_000336_7b0aa617,centered-gaussian,5,5,0.4,3164.4,91,50.4,7813.8,3795.5987,21200,1709,1112.6,51031.6,0.4,443.58,25.6,1120.2,179064.6,3275,2177,462829.8,210.2,0,3.6,0.5851,25781.4,224378.9269,24332.8957,-1847.3993,3164.4
centered_candidate_000315_fda94536,centered-gaussian,5,5,0.4,3163.6,149,59.4,7778.6,3760.9785,21272.2,2284,1207.6,50815.4,0.4,440.24,26.2,1123.4,231584,4045,2061.4,580133.6,217.8,0,4.2,0.5997,28973.6,280690.6658,24066.7,-1821.0892,3163.6
centered_candidate_000342_2c954553,centered-gaussian,5,5,0.4,3154,75,44.6,7808.8,3795.1534,21146.4,1529,1024,51103,0.4,435.22,25.6,1118.6,240989.4,2504,1691.6,605143.6,212,0,3.4,0.5315,24369.6,293284.7387,24427.0324,-1852.9767,3154
centered_candidate_000055_4dfd5dde,centered-gaussian,5,5,0.4,3153,71,49.4,7814,3791.0493,21062.4,1422,1071.4,50869.2,0.4,431.44,25.6,1113,247404.2,2362,1693,647051.6,218.4,0,3.6,0.6391,25185.2,316654.9822,24308.4653,-1846.1247,3153
centered_candidate_000218_6d23106b,centered-gaussian,5,5,0.4,3136,68,54.2,7761,3767.4827,20956.8,1423,1232,50466,0.4,438.32,25.8,1106.4,178591.6,2617,1995.6,457414.4,244.4,0,4,0.5618,28456,220668.1844,24062.8092,-1829.5413,3136
centered_candidate_000118_c7be9315,centered-gaussian,5,5,0.4,2963.8,2982,55.8,6282.6,2920.5009,20436.8,21498,1172.6,41622.6,0.4,420.88,28.4,1071.8,123614.2,71624,2044.8,303903.2,272,0,4.4,0.5068,31264.8,161164.3148,18736.2673,-1404.4504,2963.8
centered_candidate_000480_5ff927d5,centered-gaussian,5,5,0.4,2907.2,86,46.4,7609.8,3745.331,19234.4,1663,1071,48730,0.4,368.62,24.4,1011,162487.8,3437,1957.6,445187.4,224.8,0,3.8,0.5118,26093.2,237959.5272,23439.9407,-1826.2655,2907.2
centered_candidate_000054_91fb2882,centered-gaussian,5,5,0.4,2865.8,1820,57.2,6515.8,2972.5955,19704.4,13944,1227.6,42954.8,0.4,414.74,27.4,1033.4,130934,38809,2073.4,340207.8,294.8,0,4.2,0.5836,30304.8,180154.4307,19029.2701,-1429.0977,2865.8
centered_candidate_000104_ebb8a2df,centered-gaussian,5,5,0.4,2775.6,2461,81.8,6088.4,2887.6766,19496.4,18988,1569,40427.6,0.4,416.16,27.6,1023,94264.2,57710,2760.8,228800,267.8,0,4.6,0.5762,31733.2,120961.522,18409.5839,-1362.0383,2775.6
centered_candidate_000204_6fa888ca,centered-gaussian,5,5,0.4,2760.6,2736,67,5942.6,2847.5027,19410.8,20420,1385.6,39808.8,0.4,418.62,27.4,1017.6,116978.4,62809,2673.2,294951.2,256.2,0,4.6,0.5572,31610.8,164966.48,18344.4173,-1356.7513,2760.6
centered_candidate_000413_8a838fa4,centered-gaussian,5,5,0.4,2730,2440,62.6,6061.4,2958.5913,19101.8,18722,1291.6,40160.8,0.4,413.9,26.8,999.8,124732.4,50909,2499.6,325238.2,247.2,0,4,0.604,28702.8,185570.9213,18788.5606,-1416.6956,2730
centered_candidate_000507_caf474cf,centered-gaussian,5,5,0.4,2657.6,78,46.8,7141.8,3682.4159,17875.4,1561,1089.6,46138.6,0.4,350.18,23,943,121662.6,2779,1704.4,343319.4,235.4,0,4.4,0.5805,30138.8,198383.2963,22931.8743,-1794.4079,2657.6
centered_candidate_000076_3cfe64ee,centered-gaussian,5,5,0.4,2630.8,395,81,6918.2,3587.0198,17954.6,4141,1553.8,44814.6,0.4,378.52,24.4,939.6,145701.4,8892,2741,413907.2,248,0,4.2,0.5935,29845.6,249467.9053,22199.3871,-1712.5099,2630.8
centered_candidate_000518_5eb0cb7a,centered-gaussian,5,5,0.4,2626.2,148,47.2,7034,3633.0995,17764.6,2358,1120,45523.4,0.4,357.28,23.4,934,180202,4539,1804,520147,238.4,0,4,0.5507,28781.8,318803.9237,22632.7693,-1769.3498,2626.2
centered_candidate_000324_21e8c66e,centered-gaussian,5,5,0.4,2624,1820,67.2,6068.4,2939.0915,18457.4,14415,1361.8,40415.6,0.4,408.98,26.2,965.8,104591.2,36500,2458.2,275244.2,261,0,4.4,0.5777,30922,156560.0435,18708.9448,-1402.3457,2624
centered_candidate_000333_d328ab49,centered-gaussian,5,5,0.4,2597.8,439,61.4,6855.2,3591.1659,17754,4463,1273.4,44567.4,0.4,370.28,24,928.2,106251.4,9693,2099,295561.4,218.2,0,3.8,0.4911,26610.8,170780.7147,22303.212,-1734.183,2597.8
centered_candidate_000200_4add01ae,centered-gaussian,5,5,0.4,2590.4,1976,67,5963,2967.924,18431.8,15559,1297.8,40102.4,0.4,396.3,26,969.6,127785.6,43282,1935,341970.4,243.4,0,4.2,0.7154,30890.8,201095.7566,18896.9107,-1416.962,2590.4
centered_candidate_000494_d41c5b5c,centered-gaussian,5,5,0.4,2579.2,1565,138.8,5961.8,2835.111,18270.4,12739,2093.4,39749.4,0.4,427.32,26.8,948.6,139325.4,32486,4401,377207.8,261.8,0,3.8,0.6216,27941.6,220573.584,17970.6543,-1278.7555,2579.2
centered_candidate_000371_46dcae0a,centered-gaussian,5,5,0.4,2570.6,125,56.2,6650.2,3239.8423,17503.2,2017,1130.6,43637.4,0.4,359.96,23.4,918,142806.6,3547,1915.4,395466.6,231.4,0,3.4,0.6244,25872.6,217813.1425,20724.1928,-1563.7211,2570.6
centered_candidate_000085_6fb2ecd0,centered-gaussian,5,5,0.4,2570,1731,85.4,5945.6,2869.3847,18111.2,13856,1543.8,39527.6,0.4,408.38,26.2,945.2,135083,36136,2754.4,365148.2,274.8,0,4.8,0.5336,33525.2,213490.1126,18148.3734,-1349.2923,2570
centered_candidate_000004_136cd6e8,centered-gaussian,5,5,0.4,2568.2,315,63.6,6559.8,3178.5776,17662.8,3846,1339.4,43089.4,0.4,382.22,24.4,921,115478.4,8512,2380.8,313255.2,233.4,0,4.4,0.5948,29864.4,168176.5212,20232.1037,-1525.6888,2568.2
centered_candidate_000234_f254415c,centered-gaussian,5,5,0.4,2538.8,1763,178.2,5770.2,2797.2537,18262.2,14026,2475,39024.6,0.4,427.72,27,952.2,124654.6,33774,4750.4,333890,269,0,4.4,0.5691,30781.4,194687.5666,17869.4651,-1220.4268,2538.8
centered_candidate_000507_5d23830c,centered-gaussian,5,5,0.4,2516.6,145,63.4,6516.2,3184.0403,17289,2206,1314.8,42960.2,0.4,362.24,23.6,905.4,104343,4013,2285.2,285908.6,234.4,0,4,0.5338,28309.4,155201.2715,20389.9379,-1528.6202,2516.6
centered_candidate_000383_4dc47ccb,centered-gaussian,5,5,0.4,2512.2,455,284.8,6147.4,2918.043,17698,4530,3233.2,41082.4,0.4,429.12,26.2,914.6,134472.8,10126,7401.2,364537.2,275.6,0,5.2,0.4343,33891.6,201352.5161,18718.1927,-1174.2215,2512.2
centered_candidate_000300_3993d3d2,centered-gaussian,5,5,0.4,2494.8,82,51,6794.8,3624.6358,16983.4,1691,1156,44105.4,0.4,347.9,22.4,894,182465.6,3413,1992.4,529046,239,0,4,0.5466,28334.4,327843.9102,22453.1487,-1761.3179,2494.8
centered_candidate_000260_cef04822,centered-gaussian,5,5,0.4,2484.4,300,45.2,6406.8,3139.3177,17059.6,3352,987.6,42363.2,0.4,373.44,23.4,889.8,123057,7887,1510.4,336414,233.8,0,3.8,0.6405,27725.8,181990.8382,20199.9793,-1524.4588,2484.4
centered_candidate_000368_78e53a7b,centered-gaussian,5,5,0.4,2474.4,1625,70.8,5825.8,2906.4483,17581,13088,1327.8,39118.4,0.4,397,25.4,918.2,86783.4,30026,2268.4,226734.6,251.6,0,4.6,0.5662,31618.2,126587.1851,18529.0954,-1382.4241,2474.4
centered_candidate_000294_a95583ed,centered-gaussian,5,5,0.4,2463.6,325,43.4,6368.2,3141.0822,17000.2,3729,1002,42056.2,0.4,367.74,23.6,886.6,126058,8532,1354.4,353057.4,230.2,0,4,0.6069,28134.2,203682.0777,20064.8883,-1527.1411,2463.6
centered_candidate_000471_80a82cab,centered-gaussian,5,5,0.4,2453.8,151,96.4,6592.8,3495.2158,16948.6,2257,1730.8,43193.8,0.4,357.98,23,889.6,125497.6,4375,3105.8,356811,232,0,4.4,0.5369,30365.6,213941.5113,21837.0834,-1651.2079,2453.8
centered_candidate_000493_63b9983c,centered-gaussian,5,5,0.4,2449,1746,70.8,5735.8,2916.8894,17364.2,13943,1327.8,38353.4,0.4,395.82,25.2,902.4,111707.6,34076,2268.4,301011.2,226.4,0,4,0.6045,28129.8,178335.3682,18476.1779,-1387.6447,2449
centered_candidate_000071_b2457e1b,centered-gaussian,5,5,0.4,2436.8,86,34.8,6408.6,3176.4614,16680.8,1637,811.2,42492.4,0.4,346.32,22.2,875.8,101494.4,3127,1129.8,276652,219.8,0,3.8,0.6494,26946.6,146577.2477,20588.7329,-1553.4307,2436.8
centered_candidate_000309_6ded398d,centered-gaussian,5,5,0.4,2430.2,58,31.4,6385.6,3153.1017,16508.4,1225,742.2,42132.4,0.4,340.16,22,867.2,126767.4,2230,888.4,354000.2,244.8,0,3.8,0.7221,28202.4,197210.8403,20360.3647,-1545.1508,2430.2
centered_candidate_000447_e6de01a8,centered-gaussian,5,5,0.4,2429.8,204,121.8,6397.6,3296.0552,16937.8,2770,2065.8,42062.6,0.4,397.12,23.6,879.8,112618.4,6540,4433.8,312843.6,220.6,0,4.2,0.3946,27826.6,180816.1297,20638.9328,-1526.2276,2429.8
centered_candidate_000227_5b110a61,centered-gaussian,5,5,0.4,2428.2,42,39.8,6648.4,3554.2096,16478.8,1009,957.2,43458.8,0.4,341.74,21.2,865.8,111407.2,2064,1435.4,317784.6,198.8,0,3.4,0.6087,24815.4,188418.7639,22345.989,-1737.3048,2428.2
centered_candidate_000516_3d3c77f1,centered-gaussian,5,5,0.4,2424,135,57.4,6294.8,3085.2094,16801,2345,1316.2,41689,0.4,367.72,23.2,880.8,131460.4,4724,2253.6,364939.4,259.8,0,4.4,0.5553,30761.2,203688.4448,19794.7366,-1485.2047,2424
centered_candidate_000014_e95eb59c,centered-gaussian,5,5,0.4,2418,117,61.6,6289,3088.3965,16638.2,1982,1244.4,41504,0.4,367.3,22.8,871.4,138483.6,3777,2365.2,387059,265.4,0,4.6,0.5329,32195,219217.4651,19781.0118,-1482.5982,2418
centered_candidate_000159_6499a343,centered-gaussian,5,5,0.4,2418,429,74.6,6180.4,3045.0889,16881,4290,1443.2,41124.4,0.4,378.96,24,880.2,107861,9423,2552.4,297992.4,255.4,0,4.6,0.6185,32242.6,169505.9807,19516.9301,-1447.9444,2418
centered_candidate_000296_c3d4d149,centered-gaussian,5,5,0.4,2405.2,128,49.6,6308.2,3133.7082,16630,2036,1071,41904.8,0.4,356.4,22.4,873.8,88836.6,3763,1713.6,240640.2,233.6,0,4.2,0.5232,29158,127036.4371,20190.178,-1517.2541,2405.2
centered_candidate_000404_d0a2acf1,centered-gaussian,5,5,0.4,2404.8,413,64.2,6149,3018.9286,16769.6,4113,1362.4,40910.4,0.4,379.76,23.6,872.8,137328.8,8859,2389.2,386565,230.6,0,4.2,0.6044,28177.2,227204.2205,19359.8031,-1445.2643,2404.8
centered_candidate_000123_ec0954fe,centered-gaussian,5,5,0.4,2399.2,126,69.4,6306.8,3157.3165,16630,2056,1403,41765,0.4,360.4,22.6,871.8,107528,3850,2498.4,298189.8,226.6,0,3,0.6668,23804.6,166961.4011,20189.5932,-1509.2583,2399.2
centered_candidate_000461_18da9b39,centered-gaussian,5,5,0.4,2384.6,124,63.2,6214.8,3064.6639,16513.4,2104,1241.6,41254,0.4,361.7,22.6,865,118554.4,3982,2251,326706.2,239.8,0,4.2,0.5975,29570.6,179115.2905,19728.0489,-1469.1319,2384.6
centered_candidate_000141_4b85d20c,centered-gaussian,5,5,0.4,2381.4,403,65.2,6161,3090.9818,16782.4,4425,1325.6,41224.2,0.4,376.04,23.4,879.2,93979.4,9082,2426.2,256871.4,234.2,0,3.8,0.6426,28086.2,142689.6825,19819.7853,-1480.2909,2381.4
centered_candidate_000353_74b8dfc6,centered-gaussian,5,5,0.4,2366.4,115,86,6275,3204.3435,16460.4,1917,1617.4,41534.2,0.4,358.32,22.6,862,89335.4,3456,2728.4,246898.2,225.6,0,3.8,0.5428,26450,138070.3044,20349.3703,-1516.1718,2366.4
centered_candidate_000332_72a2b11a,centered-gaussian,5,5,0.4,2361.2,474,34,6161.6,3156.8537,16359.8,4715,828.8,40848.2,0.4,361.34,22.8,850.6,103265.6,10440,1261.4,288286,208.2,0,3.4,0.5927,25461.2,167640.1648,20109.6365,-1544.4269,2361.2
centered_candidate_000111_25eb103d,centered-gaussian,5,5,0.4,2359.2,393,64,6166.8,3161.2005,16488.6,4368,1346.4,40828,0.4,370.56,23.2,860.4,107796.4,8857,2243,300796,240,0,2.8,0.9239,24890.2,174590.1713,20003.919,-1516.6002,2359.2
centered_candidate_000247_3872e270,centered-gaussian,5,5,0.4,2330.8,271,98,6345.4,3575.8141,16097.8,2988,1741,41361,0.4,365.92,22.4,838.4,122209.4,6473,3048.2,350860.2,245.6,0,3.6,0.5252,26887.8,218140.89,21970.408,-1689.907,2330.8
centered_candidate_000255_27cd1a59,centered-gaussian,5,5,0.4,2330.2,52,38.4,6176.6,3094.5205,15997.2,1229,881,41023.4,0.4,342.7,21.4,840,90683.8,2135,1234,250283.6,235.4,0,3.8,0.6558,27103.6,136454.7503,20035.1912,-1508.8602,2330.2
centered_candidate_000382_bee6ee84,centered-gaussian,5,5,0.4,2329.2,114,58.4,6481.6,3693.984,15774.6,1896,1205,41710.6,0.4,337.02,21.2,824.8,193809,3343,1896.2,569836,244,0,4.2,0.6536,30597.8,366210.7212,22534.2397,-1788.592,2329.2
centered_candidate_000341_93136731,centered-gaussian,5,5,0.4,2324.8,116,64.6,6178.4,3155.0074,16189.8,1950,1378.4,40976,0.4,354.68,22.2,848.2,100941,3633,2169.2,281676.2,226.8,0,4,0.5293,28169.2,160015.3439,20089.0156,-1512.9037,2324.8
centered_candidate_000396_78f5afbd,centered-gaussian,5,5,0.4,2321,110,65.8,6238,3264.3728,16262.8,1857,1360.6,41628.2,0.4,355.16,22.2,853.6,73143.4,3381,2518,200389.4,216.2,0,3.8,0.5975,27448.6,110381.7027,20840.1418,-1566.3864,2321
centered_candidate_000020_de3dc21e,centered-gaussian,5,5,0.4,2320.2,228,88.2,6342.8,3582.7295,16074.2,2895,1581.4,41414.6,0.4,360.84,22,839.6,143521,6073,2970.8,415040,227.6,0,3.6,0.5718,26329,261239.1115,22071.2924,-1703.1648,2320.2
centered_candidate_000107_1df9f3fe,centered-gaussian,5,5,0.4,2316.4,147,40.8,6169.2,3157.8656,16155.4,2346,977.4,41118.2,0.4,348.48,22,848.2,98748,4342,1567.2,276690,220.8,0,3.4,0.6697,25642.6,158859.2924,20252.8727,-1538.1328,2316.4
centered_candidate_000313_3bad3df3,centered-gaussian,5,5,0.4,2312.6,101,51,6127.4,3092.5422,16132.8,1942,1155.8,40895.4,0.4,354.98,22.2,843.2,126285.4,3797,1903.8,357090.2,209.8,0,3.4,0.5308,25190.6,208296.8635,19931.2043,-1495.2711,2312.6
centered_candidate_000415_d580dc1b,centered-gaussian,5,5,0.4,2305.6,462,107.2,5912.8,2985.2001,16269.8,4401,1830,39563.2,0.4,381.66,23.6,846,102466,9950,3395,283267.8,258.2,0,5,0.5272,33683.8,163456.4855,19096.9804,-1385.4001,2305.6
centered_candidate_000359_739cdc6a,centered-gaussian,5,5,0.4,2304.4,139,80.2,6064.2,3059.4024,16145.6,2204,1506.4,40477.2,0.4,357.64,22.4,845,97026.8,4145,2564,269593.8,225.2,0,4,0.4807,27897.6,152617.9382,19662.1159,-1449.5012,2304.4
centered_candidate_000156_eae2a256,centered-gaussian,5,5,0.4,2290.6,346,139.8,5850.6,2920.665,16239.4,3766,2036.6,39229,0.4,394.06,23.8,842.6,130069,8636,3948.2,363868.6,265.8,0,4.8,0.544,32827.2,213666.2037,18704.1481,-1320.5325,2290.6
centered_candidate_000237_a7cce720,centered-gaussian,5,5,0.4,2284.6,966,62.8,5768,3049.5897,16270.4,8438,1342.6,38662.4,0.4,380.1,23.8,843.4,90803.2,20511,2282.2,248416,217,0,3.4,0.5938,25364.4,147606.7509,19273.1982,-1461.9949,2284.6
centered_candidate_000058_9537a394,centered-gaussian,5,5,0.4,2284.2,399,87.2,5915.6,3006.9657,16171.2,4253,1537,39686.8,0.4,374.02,23.2,842.6,97258.2,9150,2728.6,268025.6,238.6,0,4.2,0.5178,29630.6,152410.9047,19270.2255,-1416.2828,2284.2
centered_candidate_000119_ca161d78,centered-gaussian,5,5,0.4,2280.2,352,81.2,5935.4,3023.7686,16167.6,4127,1505.2,39776,0.4,370.56,23,843,99133.6,8112,2628.4,275742.6,220.8,0,3.8,0.4742,25630.4,159697.5502,19354.4962,-1430.6843,2280.2
centered_candidate_000512_7780d0b5,centered-gaussian,5,5,0.4,2277.8,282,39.4,5990,3042.3009,15884.4,3343,882.6,40028.8,0.4,364.74,22,828,119216.4,7477,1363,335486.8,223,0,3.8,0.6795,27587.8,195603.24,19629.2096,-1481.7504,2277.8
centered_candidate_000386_bf4ed3b7,centered-gaussian,5,5,0.4,2270.6,193,69,5983.4,3045.6333,15944.4,2659,1306.6,39993.2,0.4,363.9,22.2,836.4,92807.6,5428,2253.2,257946.4,260.8,0,4.4,0.5081,30466,147258.5794,19550.2975,-1453.8167,2270.6
centered_candidate_000054_4a9f1b2b,centered-gaussian,5,5,0.4,2268,124,94,6059.4,3162.1315,15876.6,2010,1742.8,40177,0.4,357.48,22,827.6,116201.2,4192,3249.6,329783.8,201.4,0,3,0.5641,23225.2,197415.0932,20013.7613,-1487.0657,2268
centered_candidate_000190_fac4ae73,centered-gaussian,5,5,0.4,2267.6,117,45.4,6311.4,3582.7635,15576.2,1945,1077.6,41289.6,0.4,338.74,20.8,815.2,118317.2,3671,1795.8,342976,210.8,0,3.6,0.6045,26193.4,214411.3823,22305.4263,-1745.9817,2267.6
centered_candidate_000350_d034fa0d,centered-gaussian,5,5,0.4,2262,84,69.8,6001.4,3047.5635,15869.2,1784,1393.4,40106.4,0.4,359.64,21.8,832.8,98787.6,4045,2564,275548.2,241.8,0,3.8,0.6071,27511.2,157456.1025,19587.0324,-1453.9817,2262
centered_candidate_000419_fac293ac,centered-gaussian,5,5,0.4,2260.8,146,56.8,6017.6,3090.8087,15778.2,2250,1210.4,40022,0.4,353.74,22,826.4,73452.6,4025,2221.8,199377.4,256.4,0,4.2,0.6649,30075.8,107143.2146,19713.386,-1488.6044,2260.8
centered_candidate_000143_63f6a494,centered-gaussian,5,5,0.4,2252,453,92.6,5861.4,3057.4852,15913.2,4609,1688.6,38976.6,0.4,375.56,23,824,120061.8,10553,3070.2,339046.2,215.8,0,3.8,0.5233,26628.2,205243.7053,19225.0418,-1436.1426,2252
centered_candidate_000330_8306156f,centered-gaussian,5,5,0.4,2229.6,94,45.6,6008,3136.5294,15593.2,1727,1000.2,40210.4,0.4,339.08,21,820.2,99821.2,2773,1439.8,281891.8,214,0,3.6,0.5992,26302.6,163725.7308,20148.5672,-1522.6647,2229.6
centered_candidate_000002_d91df90f,centered-gaussian,5,5,0.4,2224.8,110,67.4,5944.8,3079.2367,15629.8,1902,1350.4,39731.8,0.4,357.9,21.8,818.8,86050.4,3685,2348.6,239360.6,251.6,0,4,0.5423,28820.6,136203.5636,19706.4995,-1472.2184,2224.8
centered_candidate_000128_39b64b56,centered-gaussian,5,5,0.4,2217,131,66,5922,3069.4994,15571.4,2068,1358.8,39549.8,0.4,352.28,22,813.8,87886.4,3717,2295.2,244293.6,245.2,0,4.2,0.5716,29872.8,138403.5868,19619.8708,-1468.7497,2217
centered_candidate_000311_38df7ff9,centered-gaussian,5,5,0.4,2210.8,93,56.8,5895.6,3021.7316,15458.8,1635,1226.8,39355.4,0.4,351.72,21.4,809,128545.6,3030,2208.2,367121,239.8,0,3.8,0.6141,27265.8,220027.7449,19380.3508,-1454.0658,2210.8
centered_candidate_000501_c440b0c9,centered-gaussian,5,5,0.4,2209,72,62,5895.4,3019.6325,15600.2,1483,1300,39825.8,0.4,351.88,21.6,817.4,73914.6,2981,2251.4,202580.6,218.2,0,3.4,0.5506,25309,110917.7166,19675.6216,-1447.8162,2209
centered_candidate_000039_5c8d017a,centered-gaussian,5,5,0.4,2197.8,90,56.2,5870.2,3017.4504,15379.2,1717,1184,39200.2,0.4,351.58,21.2,806.4,92619.2,3045,2065.4,257104.6,249.8,0,4.4,0.5663,31119.4,144064.55,19362.8592,-1452.5252,2197.8
centered_candidate_000429_81312cdc,centered-gaussian,5,5,0.4,2183.8,103,66.8,5852.4,3044.6368,15263.8,1750,1411.8,38878.4,0.4,352.74,21.4,797.2,163583.8,3241,2490.4,472006.6,252.6,0,3.6,0.7408,27724,289775.4524,19350.5314,-1455.5184,2183.8
centered_candidate_000326_55cc619e,centered-gaussian,5,5,0.4,2179,153,111.4,5748.6,2954.6831,15568.8,2371,1963.2,38727,0.4,361,22.2,813.2,121107.4,4630,3717.4,343672.2,223,0,3.6,0.527,25571,206397.1204,18972.5432,-1365.9416,2179
centered_candidate_000322_92cac500,centered-gaussian,5,5,0.4,2171.4,111,69.2,5808.6,3017.1922,15406.8,2024,1423.2,39066.4,0.4,361.3,21.4,808.4,87894.4,3752,3016.2,244830.2,244,0,4.4,0.5197,29770.8,140497.6398,19360.6956,-1439.3961,2171.4
centered_candidate_000413_418df8c9,centered-gaussian,5,5,0.4,2167.6,235,59.4,5723.8,2937.5944,15434,3075,1258.2,38689.8,0.4,366.06,21.8,808.4,101001,6019,2060.8,282886.6,252.8,0,4,0.6367,29062.2,163943.8573,18998.8479,-1409.3972,2167.6
centered_candidate_000160_6c6a7002,centered-gaussian,5,5,0.4,2167,94,65.4,5780,2970.026,15265.2,1751,1326,38832,0.4,349.74,21.2,797.8,154224,3325,2229.6,444501.6,217,0,4,0.5154,27282,271999.4249,19187.8507,-1419.613,2167
centered_candidate_000465_e3e7ccc4,centered-gaussian,5,5,0.4,2163.8,233,65.2,5705,2924.8941,15400.2,3026,1418.6,38440.4,0.4,361.1,21.8,806.4,94130.2,6074,2524.2,262675.8,248,0,4,0.5256,29197,152055.3024,18845.5556,-1397.247,2163.8
centered_candidate_000305_d148d54e,centered-gaussian,5,5,0.4,2147.8,135,70,5710,2942.8321,15312,2155,1490.2,38518.6,0.4,353.62,21.8,803.8,105134.4,3854,2447.6,296771.2,263,0,4.2,0.577,30439.4,174528.5774,18945.4094,-1401.4161,2147.8
centered_candidate_000510_73790ef6,centered-gaussian,5,5,0.4,2109.2,1002,67.8,5276.4,2817.9131,15189.8,8489,1351.6,35772.6,0.4,375.78,22.6,786,122538.2,18248,2207,346305.8,232.2,0,3.4,0.6108,24821.6,215180.6569,17987.3286,-1341.1565,2109.2
centered_candidate_000262_1f0de539,centered-gaussian,5,5,0.4,2106.2,286,63.2,5637.8,3034.4405,14967.6,3219,1265.8,37969.2,0.4,366.94,21.4,775.8,100951.6,7439,2144.8,286601.2,211.6,0,4,0.4642,27004.4,173998.8334,19399.2232,-1454.0203,2106.2
centered_candidate_000410_516f2dda,centered-gaussian,5,5,0.4,2096.4,42,40.2,5664.4,2947.5897,14716.6,916,903,38316.2,0.4,334.56,20,774.4,126013,1464,1303,364613.4,241.4,0,4,0.5939,28967.2,223497.6699,19218.783,-1433.5949,2096.4
centered_candidate_000197_0b0f3bf4,centered-gaussian,5,5,0.4,2095.2,220,71,5638,3040.7155,15034.8,3082,1482.8,38002.4,0.4,366.12,21.4,784,94968.4,5938,2676.4,268526.8,222.6,0,3.4,0.534,24329.8,161230.8659,19337.5428,-1449.3578,2095.2
centered_candidate_000157_d1314589,centered-gaussian,5,5,0.4,2088.6,344,127,5557.4,3082.302,14940.8,3873,2056.8,37116.4,0.4,374.32,21.8,771.6,101307.8,8347,4163.8,286629.6,210.6,0,4,0.4919,27241,176801.8937,19334.8888,-1414.151,2088.6
centered_candidate_000178_b1dd8f06,centered-gaussian,5,5,0.4,2085.2,155,74.4,5622.4,3019.8019,14863.4,2299,1412.6,37942.2,0.4,354.48,20.8,775.6,106930.2,4600,2831.6,304687.2,207,0,3.8,0.5391,26122.8,185134.0262,19398.0819,-1435.501,2085.2
centered_candidate_000251_e9ce54a0,centered-gaussian,5,5,0.4,2056.6,448,44.4,5454,2947.7578,14594.6,4482,1010.4,36719.2,0.4,359.82,21.2,754.8,115899.4,9318,1855.2,331310.8,224.4,0,4.2,0.6296,29135.4,204470.9191,18851.4314,-1429.4789,2056.6
centered_candidate_000169_f8bdb5df,centered-gaussian,5,5,0.4,2053.6,82,55.8,5644.6,3102.5235,14559,1562,1282.2,37999.6,0.4,341.52,20.2,759.2,95131.4,2829,2075.6,272746.4,193,0,3.8,0.5709,26168.8,166418.2216,19876.5457,-1495.4617,2053.6
centered_candidate_000088_ba236c4b,centered-gaussian,5,5,0.4,2050.6,163,56.4,5584.2,3053.5756,14669.2,2560,1282.4,37639.4,0.4,353.38,20.8,764,108843,5058,2358,311384.2,208,0,3.8,0.619,26833,190460.0228,19454.1026,-1470.3878,2050.6
centered_candidate_000053_342be962,centered-gaussian,5,5,0.4,2035.2,268,79.4,5515.4,3081.5073,14560,3293,1582.8,36973.8,0.4,356.4,21,754,88296.6,6675,2369.2,250664.2,199,0,3.4,0.5892,24796.2,153065.9785,19413.6082,-1461.3536,2035.2
centered_candidate_000176_ab5247d5,centered-gaussian,5,5,0.4,2033.8,248,64.8,5457.2,2938.9879,14648,3259,1386.2,36950.8,0.4,363.46,21,764,97136.4,6722,2850.4,274849.8,235.6,0,3.4,0.5786,25113.8,166235.5604,18809.4987,-1404.6939,2033.8
centered_candidate_000301_479302f7,centered-gaussian,5,5,0.4,2013.6,2830,66.8,3672.6,1655.2828,14892.6,21336,1412.4,25773,0.4,340.78,24,776,50762.2,72439,2794.2,90491.4,301.2,0,4.6,0.5669,33684.4,40400.3394,11257.2307,-760.8414,2013.6
centered_candidate_000110_9c4754ca,centered-gaussian,5,5,0.4,1986.6,115,55,5471.4,3054.177,14111.2,1974,1178.8,36763.4,0.4,339.4,20,734,105220.2,3795,1999.4,303524.2,213,0,3.6,0.5381,25482.8,188550.5604,19428.6891,-1472.0885,1986.6
centered_candidate_000329_6d9b5457,centered-gaussian,5,5,0.4,1974.6,121,57,5462.6,3094.7857,14044.6,1985,1158,36810,0.4,336.34,19.6,731.4,100021,3441,1871.6,288558.2,194.2,0,3.6,0.6298,25682.6,179231.0247,19761.1288,-1490.3929,1974.6
centered_candidate_000426_e91d00b8,centered-gaussian,5,5,0.4,1922,84,79,5288.8,2957.6693,13846.2,1684,1555.4,35922.2,0.4,349.58,19.8,719.6,114660,3491,3103.2,331475.6,211.8,0,3.8,0.5054,26583,208088.7086,19036.2126,-1399.8346,1922
centered_candidate_000030_42d42095,centered-gaussian,5,5,0.4,1641.8,1958,78,3247.2,1484.4639,12542.8,15216,1459.2,23361.2,0.4,320.26,21.8,643.8,42557.6,41625,2582.6,90686,282.6,0,5,0.7276,34494.6,43667.3456,10049.7144,-664.2319,1641.8
general_top1-phased_038ee1b9,top1-phased,5,5,0.4,1618.6,1741,50.8,3150.8,1376.8004,12335.4,14477,1082,22624.6,0.4,307.66,21.4,633.6,38119.6,33378,1555.2,78249,275.2,0,4.6,0.6066,32712,33999.5611,9608.4358,-637.6002,1618.6
search_candidate_000238_965b282c,random-phased,5,5,0.4,1618.6,1741,50.8,3150.8,1376.8004,12335.4,14477,1082,22624.6,0.4,307.66,21.4,633.6,38119.6,33378,1555.2,78249,275.2,0,4.6,0.6066,32712,33999.5611,9608.4358,-637.6002,1618.6
centered_candidate_000180_0c7229db,centered-gaussian,5,5,0.4,1547.6,165,64,4067,2089.5336,11419,2367,1296,27969.6,0.4,273.14,18.4,591.2,41920.4,4612,2248.2,111392.4,256,0,3.8,0.7095,28548,59430.8751,13455.985,-980.7668,1547.6
centered_candidate_000071_54a19fad,centered-gaussian,5,5,0.4,1501.2,1215,59.2,3262.4,1473.6691,11519,10013,1260,23457.4,0.4,299.34,20.4,587.6,36866.4,24099,2026.4,83878.2,263.8,0,3.6,0.8942,28888,39329.8853,10004.4557,-677.6345,1501.2
centered_candidate_000287_5848fdee,centered-gaussian,5,5,0.4,1476.8,946,44,3218.8,1431.3091,11250.2,7565,1007,23579.8,0.4,294.74,19.8,573.8,33416.2,18218,1574.2,73972,269.4,0,4.4,0.6373,31443.6,32935.789,10170.6858,-671.6546,1476.8
centered_candidate_000072_6194a5c8,centered-gaussian,5,5,0.4,1360.4,204,83.8,3289.4,1530.165,10528.2,2817,1383.2,23900.2,0.4,272.76,18.2,541.2,35368.4,5941,2359.4,85848.4,249.6,0,4.6,0.6479,32583.8,39938.3471,10642.667,-681.2825,1360.4
centered_candidate_000314_5b5b20e7,centered-gaussian,5,5,0.4,1330.8,307,33.2,3321.4,1587.8194,10156.4,3625,794.4,23847.4,0.4,271.9,17.6,518.2,35884.6,7902,1033.2,92003.6,248,0,3.8,0.7496,28278.4,46110.7931,10894.5783,-760.7097,1330.8
centered_candidate_000022_c661afcc,centered-gaussian,5,5,0.4,1283.2,585,93,2835,1266.6173,10325.4,5372,1762.6,21420.8,0.4,299.92,19,524.8,30302.4,12088,3405.6,66223.4,260,0,4.4,0.4802,30324,29469.8612,9079.0317,-540.3086,1283.2
centered_candidate_000343_38903448,centered-gaussian,5,5,0.4,1265.8,1565,244.4,2159.2,857.2329,10380.8,13167,2743,16754,0.4,321.06,20.6,518.4,26718.6,29233,5548.2,47359.4,276.4,0,4.8,0.5993,33631.6,18496.0881,6326.4028,-184.2164,1265.8
centered_candidate_000205_6ffe794f,centered-gaussian,5,5,0.4,1256.8,344,61,2903.2,1347.6548,10019,3751,1275.4,21865.2,0.4,272.42,18,513.2,30226.4,7370,2027.6,70059.4,249.4,0,3.8,0.7462,28640,32236.5493,9655.3872,-612.8274,1256.8
centered_candidate_000129_69a5d424,centered-gaussian,5,5,0.4,1249.8,276,68,2918.4,1362.1607,9941,3356,1411.4,21719.2,0.4,279.7,17.8,507.8,31344.6,6743,2426.6,72650.4,249.8,0,4.2,0.5984,29245.4,33632.3643,9637.5909,-613.0803,1249.8
centered_candidate_000383_781acfe8,centered-gaussian,5,5,0.4,1211.2,93,64.6,3120.6,1535.0187,9561,1788,1431,22727,0.4,265.48,16.6,490.2,33004.2,3616,2567.8,85064.2,233.6,0,4.2,0.552,29363,42934.2576,10472.6093,-702.9094,1211.2
centered_candidate_000471_4c766292,centered-gaussian,5,5,0.4,1040.2,248,96.2,2462,1125.6865,8586.4,3046,1664.2,18726,0.4,281.6,16.4,429.8,24786.8,7375,3136.4,57953.2,240.8,0,4.4,0.5562,31076.6,26471.4582,8040.9444,-466.6433,1040.2
centered_candidate_000246_7a902299,centered-gaussian,5,5,0.4,1006.8,185,55,2478.2,1166.4089,8351.8,2771,1216,18879.6,0.4,261.34,15.6,423.2,23139,5415,2518,55270.2,237.8,0,4.4,0.5625,30486.8,25557.302,8344.0314,-528.2045,1006.8
centered_candidate_000153_e94f4f90,centered-gaussian,5,5,0.4,1005.6,59,48.2,2567,1239.2155,8241,1296,1133.4,19611.6,0.4,253.44,15,418.6,23187.4,2180,1960,58188.4,227,0,4.2,0.612,29745.2,27896.9532,8993.8849,-571.4077,1005.6
centered_candidate_000095_012a62a3,centered-gaussian,5,5,0.4,967.4,159,43.4,2372,1111.685,8139,2348,1032,18590.6,0.4,247.32,15.2,414.6,21386.6,4531,1528.6,51898.6,228.4,0,3.6,0.5952,27912.2,24178.5902,8295.3922,-512.4425,967.4
centered_candidate_000381_931f43ee,centered-gaussian,5,5,0.4,898.2,62,51.8,2227,1052.0832,7544.6,1371,1218.2,17353.8,0.4,251.88,14.2,378.8,20506.6,2747,2213.6,49809.4,215.8,0,3.6,0.6296,26732.4,23189.4786,7783.772,-474.2416,898.2
centered_candidate_000275_5d08d11b,centered-gaussian,5,5,0.4,889.2,115,63.4,2104.4,987.426,7692.2,1953,1359.8,16911.8,0.4,253.14,14.8,388.4,22360.4,3890,2689,52025.6,222.4,0,2.6,0.7603,22250.2,23681.7974,7474.8719,-430.313,889.2
centered_candidate_000195_7a2ea297,centered-gaussian,5,5,0.4,848.4,98,35.8,2040,969.6302,7205.2,1829,807,16303,0.4,232.42,14,362,20448,3118,1123.4,49349.8,222,0,3.2,0.8052,26094,23025.5002,7414.4969,-449.0151,848.4
centered_candidate_000145_b79e8aad,centered-gaussian,5,5,0.4,836.8,118,74.6,1958.4,911.4501,7305,1984,1454.8,15793.4,0.4,247.04,14.6,365,18500.2,3420,2624.4,41848,221.2,0,3.2,0.7198,25866.6,19034.4002,6898.2618,-381.1251,836.8
centered_candidate_000317_a8b754b8,centered-gaussian,5,5,0.4,737.6,39,37.4,1788.6,856.8467,6387.2,924,893,14633.2,0.4,224.8,12.6,317.6,14769.4,1468,1291.4,34934.8,209,0,2.8,0.696,22894.8,16429.1471,6715.4738,-391.0233,737.6
centered_candidate_000466_ff10e9d8,centered-gaussian,5,5,0.2,2819.4,86,63.2,7427.8,3701.529,18731.4,1636,1444.8,47493.2,0.2,362.48,24.4,991.8,156576.2,3003,2382,433506,248.6,0,4.2,0.4831,27984.2,238087.213,23051.1519,-1787.5645,2819.4
centered_candidate_000083_c593bc6e,centered-gaussian,5,5,0.2,2723.6,2272,83,6101.8,2969.5604,19125.6,17587,1384.2,40644.6,0.2,413.46,27.2,1009.4,85636.2,43144,2480.6,214000.4,259.6,0,4.2,0.6319,29960.4,115614.4546,18977.6529,-1401.7802,2723.6
centered_candidate_000387_7f2f8b4e,centered-gaussian,5,5,0.2,2713.6,538,248.8,6522.6,3019.5379,18570.2,4813,2964.4,42770.2,0.2,412.7,27.2,967.4,130386,10640,5831.8,348122.8,288.8,0,4.4,0.6353,31960.2,184509.7357,19219.2119,-1260.9689,2713.6
centered_candidate_000440_81680735,centered-gaussian,5,5,0.2,2703.4,91,53.6,7166.8,3608.9889,18132.4,1749,1168.6,46241.8,0.2,355.26,23.6,963.4,129202.8,3172,1918.6,362617.8,250,0,4.4,0.5692,30971.6,206902.9055,22602.1934,-1750.8944,2703.4
centered_candidate_000249_d3d2fd38,centered-gaussian,5,5,0.2,2690.2,315,57.4,6868.8,3321.2618,18236.6,3525,1267.6,44682.8,0.2,384.86,24.8,963,107781.2,7487,2119.2,283852,277.2,0,4.4,0.5695,31813.6,142501.974,20996.1408,-1603.2309,2690.2
centered_candidate_000017_466ce828,centered-gaussian,5,5,0.2,2676.8,127,72.2,7149.6,3685.0792,17876,2131,1414.4,45680.4,0.2,362.36,23.6,945.4,191087.2,4005,2672.2,544188.2,262.4,0,4.8,0.5527,33169.8,322014.0558,22741.9686,-1770.3396,2676.8
centered_candidate_000108_ecb4d63b,centered-gaussian,5,5,0.2,2638.6,53,48.6,6766,3263.2714,17700.8,1249,1160.8,44043,0.2,359.22,23.6,936.4,206184.2,2363,1727.8,577828.8,265.2,0,3.8,0.7374,28645.6,324324.8472,20826.4602,-1583.0357,2638.6
centered_candidate_000208_fe1da79d,centered-gaussian,5,5,0.2,2621,163,68.6,6988.2,3602.5227,17712.6,2322,1364.4,45155,0.2,366,23.6,933.8,113841.6,4874,2560.6,319299.6,218.6,0,3.6,0.5229,25545.4,184720.2694,22398.0999,-1732.6614,2621
centered_candidate_000465_c497a42f,centered-gaussian,5,5,0.2,2618.6,85,38.4,6783,3297.6842,17604.6,1700,934.6,44230.2,0.2,361.82,23.2,932,100050.4,2893,1632,264865,252.6,0,3.2,0.6959,25432.8,132617.946,21083.5133,-1610.4421,2618.6
centered_candidate_000332_5f4d6382,centered-gaussian,5,5,0.2,2617,358,93.8,6603.8,3165.5482,17801,4030,1765.2,42934.2,0.2,391.22,24.8,936,117935.8,8752,3355.8,312814,289.2,0,4.4,0.6007,31179,160286.5773,19996.9179,-1488.9741,2617
centered_candidate_000308_59f77002,centered-gaussian,5,5,0.2,2609,88,48,7030.8,3654.2586,17553.4,1611,1088.4,45463.6,0.2,351.42,22.8,932.2,129235.6,3096,1755.6,368791,239.4,0,4.2,0.539,29043.4,219727.0898,22801.222,-1779.1293,2609
centered_candidate_000270_af532751,centered-gaussian,5,5,0.2,2597.2,104,50.8,6775.4,3328.8575,17592,1868,1124.6,44267.2,0.2,359.6,23.4,930.4,100297.2,3206,1842.6,268112,230.4,0,3.2,0.7013,24558.2,136923.7931,21219.1896,-1613.6288,2597.2
centered_candidate_000452_6e3d02a7,centered-gaussian,5,5,0.2,2577.4,110,52.2,6652.6,3228.3399,17533.2,1875,1226.6,43632.6,0.2,370.2,23.6,928,123878.4,3442,2447.4,336917.4,263,0,4.4,0.6134,30217.8,178532.3342,20666.5498,-1561.97,2577.4
centered_candidate_000481_2a051423,centered-gaussian,5,5,0.2,2565.8,239,37.8,6910.4,3655.4153,17208.2,3037,856,44406.8,0.2,349.08,22.8,911.4,163417.2,6327,1198.4,470451.4,261.4,0,4.6,0.5784,32022.2,287346.4409,22556.9128,-1789.9077,2565.8
centered_candidate_000062_a298f30d,centered-gaussian,5,5,0.2,2564.8,94,54.2,6884.8,3561.115,17357.6,1734,1107.8,44746.2,0.2,350.16,22.8,918,170144,3201,1695.2,488121.4,203.6,0,2.8,0.6405,21960.4,293458.2061,22355.936,-1726.3575,2564.8
centered_candidate_000436_d84bfe56,centered-gaussian,5,5,0.2,2529.2,154,46.2,6872.2,3677.5927,16859,2355,1072,43864,0.2,367.2,22.6,883,144704.4,5274,1810.8,414897,238.8,0,3,0.6013,22884.4,251669.2106,22661.9382,-1792.5963,2529.2
centered_candidate_000029_f51295bf,centered-gaussian,5,5,0.2,2492.6,83,44.6,6640.4,3369.0176,16859.2,1642,1050.4,43216.8,0.2,357,22.4,887.8,124059.2,2766,2120.4,346009.8,209.4,0,3.4,0.6572,25165.2,194223.7964,21275.27,-1639.9088,2492.6
centered_candidate_000463_c0bd21d7,centered-gaussian,5,5,0.2,2479.6,344,64.6,6408.4,3178.1586,17048.8,3617,1482.2,42030,0.2,380.3,24,892.4,93944.2,7988,2546.8,249765.4,233.2,0,3.4,0.7098,25717.6,129044.0568,20132.847,-1524.4793,2479.6
centered_candidate_000012_f2c13c1b,centered-gaussian,5,5,0.2,2437.8,117,74,6436.2,3247.8178,16825,2000,1488.2,42386.8,0.2,358.44,23,886.2,91551.4,3878,2396.4,253375.8,198.2,0,3.8,0.5378,25967.8,141928.3843,20631.5359,-1549.9089,2437.8
centered_candidate_000164_c1e7bb60,centered-gaussian,5,5,0.2,2419,93,34.6,6405.4,3212.265,16462,1776,781.2,42073.6,0.2,344.54,22,869.6,134020.6,3185,1203.2,383431,217.4,0,3.4,0.6956,25685.8,228977.7793,20513.8719,-1571.5325,2419
centered_candidate_000421_9097b976,centered-gaussian,5,5,0.2,2417.4,117,67,6315.6,3124.2053,16640.4,2020,1403.6,41588.2,0.2,359.8,23,879,137240.2,3728,2403.4,384808.4,256.6,0,4.6,0.5125,32352.4,219666.7953,19929.3658,-1495.1026,2417.4
centered_candidate_000140_86def422,centered-gaussian,5,5,0.2,2402.6,117,77,6274.4,3108.871,16751.4,2051,1562.6,41714.4,0.2,372.66,23,886.4,103432.2,4178,3018,284392.8,241.4,0,4.4,0.5728,30537.6,156944.0371,19971.807,-1477.4355,2402.6
centered_candidate_000413_e9f76968,centered-gaussian,5,5,0.2,2400.8,287,86,6184.8,3048.5372,16741.4,3501,1700.8,40839.2,0.2,374.6,23.8,881.4,123296.6,7095,2833.8,346025,257.2,0,4.6,0.5711,32058,202004.4343,19319.6921,-1438.2686,2400.8
centered_candidate_000209_f3d0b734,centered-gaussian,5,5,0.2,2383.4,165,75.4,6231.2,3112.8186,16380.4,2416,1430,40884,0.2,362.32,23,859,107411.4,4544,2406.4,296527.6,235.2,0,4.2,0.5878,29178.8,164659.5428,19771.299,-1481.0093,2383.4
general_top5-average-phased_3fb0016d,top5-average-phased,5,5,0.2,2375.8,72,48.2,6592.2,3675.5488,15850.4,1399,1106.6,42189.6,0.2,338.32,21.4,829.6,128102.8,2513,1802.4,371418.8,219.8,0,3.4,0.593,25559.6,230845.23,22654.2637,-1789.5744,2375.8
centered_candidate_000303_a7d0f73a,centered-gaussian,5,5,0.2,2372.2,113,66.4,6243.4,3126.0276,16383.8,1948,1371.2,41243,0.2,361.88,22.6,863,96367.2,3415,2506,266388.2,229.8,0,4.4,0.6023,29935.8,148199.3167,19976.0863,-1496.6138,2372.2
centered_candidate_000363_7076dcc3,centered-gaussian,5,5,0.2,2362,234,68.4,6463.8,3618.732,16102.6,2959,1401.6,41714,0.2,357.22,22.2,844.2,113416.6,5907,2230.8,325746.4,226.6,0,4.2,0.6156,29659.8,201665.9157,22197.7973,-1740.966,2362
centered_candidate_000511_2e60eab5,centered-gaussian,5,5,0.2,2353.6,671,66.6,6014.6,3069.1146,16379.8,5706,1363,39962,0.2,377.82,23.6,856.4,101576.8,12743,2650,281537.8,240.8,0,4.4,0.6058,30551.2,164737.5509,19591.1109,-1467.9573,2353.6
centered_candidate_000238_8a92f479,centered-gaussian,5,5,0.2,2343.2,122,50,6485.8,3635.0641,15930,2013,1153.2,41977.4,0.2,341.64,21.4,841,128981,3874,1847,372931,232.4,0,4.2,0.5116,29387,231258.7641,22455.8751,-1767.532,2343.2
centered_candidate_000044_cc3bca09,centered-gaussian,5,5,0.2,2336,340,77,6088,3089.1039,16326.6,3825,1571,40250.6,0.2,376.66,23.2,855,124219.4,8461,2765,349650.4,218.8,0,3.6,0.5466,25106.2,206637.7485,19508.5544,-1467.5519,2336
centered_candidate_000315_dc621c97,centered-gaussian,5,5,0.2,2330.8,83,50.4,6157,3085.8726,16128.2,1582,1019,41067.2,0.2,346.92,22,853.2,77625.2,2648,1533.8,211585,225.4,0,3.6,0.6447,26580.8,113121.6592,20021.5286,-1492.5363,2330.8
centered_candidate_000441_93622a3b,centered-gaussian,5,5,0.2,2325.8,253,49.8,6186.4,3219.6985,16123.4,3276,1020.2,40868,0.2,353.56,22.4,847.2,90374,6147,1488,249900,202.4,0,2.6,0.7121,21373.2,140174.7951,20407.0705,-1560.0492,2325.8
centered_candidate_000455_e74ce166,centered-gaussian,5,5,0.2,2319.4,342,115,6267.6,3566.2717,15873,3758,1719.6,40551.8,0.2,377.66,22.6,824.4,98796.4,8660,3185.6,279721,229.6,0,4.6,0.5102,30898.6,172293.3046,22048.832,-1668.1359,2319.4
centered_candidate_000074_88c0c444,centered-gaussian,5,5,0.2,2304,140,39.6,6119.2,3111.5159,15911,2216,937.8,40545.4,0.2,344.94,22,835.8,102751,3884,1332.4,287363,195.6,0,3,0.7285,22971,163209.9479,19966.6884,-1516.158,2304
centered_candidate_000283_9de81171,centered-gaussian,5,5,0.2,2294.4,331,68.8,6253.6,3542.5373,15794.2,3786,1414.8,40615.6,0.2,360.72,22,827.2,150166.6,7244,2572,435778.8,220.8,0,4.4,0.5492,29296.2,276480.6775,21858.6965,-1702.4687,2294.4
centered_candidate_000211_d197f220,centered-gaussian,5,5,0.2,2291.8,205,80.6,6345.6,3668.1783,15709.4,2770,1618.8,40999,0.2,348.56,21.4,828,120714.2,5232,3028.8,348574.2,233.8,0,4.8,0.4893,32358.6,219211.9083,22490.8307,-1753.4891,2291.8
centered_candidate_000052_1bd6f487,centered-gaussian,5,5,0.2,2287.8,127,99.4,6071.2,3128.9253,15897.8,2058,1759.4,40044.6,0.2,359.7,22.2,834.6,98268.2,3897,3073.4,274858.8,213,0,4,0.5707,27674.6,158934.6006,19787.5509,-1465.0626,2287.8
centered_candidate_000245_6bfba358,centered-gaussian,5,5,0.2,2277.8,317,43.2,6221.2,3499.3671,15624.8,3542,959.6,40628.4,0.2,354.9,21.6,820.8,113078.6,7768,1370.8,325497.6,239.4,0,4.2,0.604,29203.8,203029.4578,21815.8009,-1706.4835,2277.8
centered_candidate_000076_f48c8c54,centered-gaussian,5,5,0.2,2272.2,157,91,6067.6,3181.0926,15956.4,2485,1719.6,40206.4,0.2,359.26,22.4,838.8,96383.6,4727,2924.4,270947.8,200.2,0,3.8,0.5523,26307.4,159491.8023,20065.0548,-1499.5463,2272.2
centered_candidate_000444_178a8011,centered-gaussian,5,5,0.2,2264.6,371,53,5959.2,3092.7269,15859.6,4204,1116.6,39586,0.2,369.92,22.6,830.4,100523.6,8737,2019.2,282273.8,219.2,0,4,0.5595,27835.8,167123.8735,19621.5492,-1493.3634,2264.6
centered_candidate_000437_fd70d112,centered-gaussian,5,5,0.2,2257.8,245,74.4,5949.4,3058.7594,15576.4,2950,1391.6,39151.6,0.2,367.54,22.4,808.6,116177.4,6163,2292.2,327994.4,210.6,0,3.6,0.4881,25294.6,193852.5406,19475.2505,-1454.9797,2257.8
centered_candidate_000193_a0664c55,centered-gaussian,5,5,0.2,2253.6,102,36.4,6058.4,3138.9016,15572,1874,870.6,40160.8,0.2,342.56,21.2,821.6,83403.2,3479,1132.4,232043,212.4,0,3.2,0.6943,24670.8,130200.4149,20062.2918,-1533.0508,2253.6
centered_candidate_000240_db7c0eaf,centered-gaussian,5,5,0.2,2251.4,93,67.2,6045.8,3150.3293,15609.2,1693,1370.8,39961.6,0.2,353.84,21.6,822.4,64756.8,2881,2498,177155.4,233.4,0,4.6,0.5477,31279.6,97423.7492,19985.6234,-1507.9646,2251.4
centered_candidate_000203_1c55d68a,centered-gaussian,5,5,0.2,2244.4,465,155.8,5786,3047.9777,15841.2,4482,2094.8,38643.4,0.2,392.64,23.4,822,93563.4,9654,4200.8,259300,220,0,4,0.491,27513.4,153780.0246,19383.2929,-1368.1889,2244.4
centered_candidate_000168_e0abe019,centered-gaussian,5,5,0.2,2241,110,48.4,5995.8,3092.6945,15573,1914,1039.2,39888,0.2,346.94,21.6,819.4,101325.2,3454,1537.4,284403.2,209.2,0,3.2,0.6419,24983.8,163159.9381,19842.424,-1497.9472,2241
centered_candidate_000199_52e0b527,centered-gaussian,5,5,0.2,2240.6,156,76.4,5958,3078.1469,15618.8,2358,1605.6,39284.2,0.2,360.58,22.2,820.6,145800.4,4257,3161.8,418487.4,248.2,0,3.2,0.5772,24664,256043.8068,19398.1282,-1462.6735,2240.6
centered_candidate_000070_6e45680d,centered-gaussian,5,5,0.2,2235.8,80,74.4,6011.4,3142.5162,15586,1576,1476,39903.2,0.2,352.38,21.6,821.2,111549.6,2968,2825.4,316017.2,219,0,4.2,0.5347,27960,186818.1103,20005.5629,-1496.8581,2235.8
centered_candidate_000041_0f5f9e0d,centered-gaussian,5,5,0.2,2233.4,162,93.4,5911,3043.7051,15591,2352,1737.2,39199.6,0.2,361.76,22.4,815.2,104886,4385,3158.2,292502.6,224.2,0,3.8,0.6133,27121.2,167719.75,19468.9623,-1428.4526,2233.4
centered_candidate_000426_b1845891,centered-gaussian,5,5,0.2,2232.2,111,78.2,6242.6,3643.1549,15230.6,2025,1488.6,40249,0.2,336.98,20.8,802.4,127237.4,3540,2576.4,370570.8,240.4,0,4.2,0.575,29271.4,235816.1382,22322.0268,-1743.3774,2232.2
centered_candidate_000276_1c6ff87e,centered-gaussian,5,5,0.2,2231.8,418,229.4,5962.8,3552.358,15384.2,4244,2917.4,38343.6,0.2,376.92,22.6,795.6,143859.8,10371,6283.2,413910.8,238.2,0,4.6,0.4731,30450.6,267263.9153,21672.4517,-1546.779,2231.8
centered_candidate_000200_325c128e,centered-gaussian,5,5,0.2,2228.8,164,72.4,5926.2,3071.6166,15596,2494,1356,39330.8,0.2,354.74,22,820.2,83334.2,4905,2337.4,231339.2,224.2,0,4,0.5806,28326,132215.6488,19490.1217,-1463.4083,2228.8
centered_candidate_000192_3a0182f1,centered-gaussian,5,5,0.2,2205.8,316,50.2,5829.6,3028.3812,15318,3723,1096.8,38573.4,0.2,368.1,22,798.4,76057.6,7946,1779.6,207954.4,231,0,4.6,0.5825,30559.6,115798.4558,19346.4411,-1463.9906,2205.8
centered_candidate_000158_e6f674c5,centered-gaussian,5,5,0.2,2193.2,489,198.4,5559.6,2893.379,15715.6,4981,2535.8,37404.2,0.2,392.42,23.6,817,146273.4,10449,5327.8,415148.6,224,0,3.6,0.5602,25013.2,256463.3858,18512.507,-1248.2895,2193.2
centered_candidate_000475_c9c771b8,centered-gaussian,5,5,0.2,2189.2,78,50.8,5905.2,3087.1283,15191.4,1580,1148.4,39190.4,0.2,346.54,21.2,799.6,102385.8,2857,1873.4,289602,235.6,0,3.8,0.5777,26907.8,169463.9462,19732.8763,-1492.7642,2189.2
centered_candidate_000392_714923fc,centered-gaussian,5,5,0.2,2180.6,59,36,5889.4,3063.7904,15074,1188,819,39345.6,0.2,333.22,20.6,795.2,90563.4,1910,1004.2,256431,214.2,0,3.4,0.6858,25567,148925.5804,19852.9938,-1495.8952,2180.6
centered_candidate_000250_caa634d1,centered-gaussian,5,5,0.2,2178,101,48.2,5844.4,3030.9677,15276.6,1806,1037.4,39224.4,0.2,341.96,21.2,809.4,123925,3058,1641.8,354254.2,240.8,0,3.2,0.7738,25477.2,212140.4569,19573.9941,-1467.2839,2178
centered_candidate_000340_4b28dfb3,centered-gaussian,5,5,0.2,2171.6,60,57.8,5819.8,2998.2038,15240,1299,1288.4,39128.8,0.2,347.42,21,803.4,135854.4,2323,2018.8,390461.4,198.6,0,3.2,0.551,23199.6,236650.247,19490.6721,-1441.3019,2171.6
centered_candidate_000193_cbf0ef67,centered-gaussian,5,5,0.2,2149.6,278,97,5753.6,3128.1575,15207.2,3446,1793.2,38141.8,0.2,369,22,796,103327,7352,3495.2,292095.4,231.2,0,4.2,0.5709,29034.8,177121.4565,19588.0162,-1467.0787,2149.6
centered_candidate_000485_b3a5ab83,centered-gaussian,5,5,0.2,2129.2,399,93,5664.8,3108.8743,15077,4251,1693,37683.2,0.2,372.4,22.2,784.6,99633.6,9506,3436,281893,219.8,0,3.8,0.5247,26134.8,173581.8159,19557.347,-1461.4371,2129.2
centered_candidate_000276_728a6d45,centered-gaussian,5,5,0.2,2115.2,88,33.6,5751.2,3052.5247,14738.6,1650,823,38504.8,0.2,342.54,20.4,775.2,104827,2881,1224.4,300454.8,213.2,0,4,0.6385,28431,181216.3231,19738.2062,-1492.6623,2115.2
centered_candidate_000250_41ad5ba0,centered-gaussian,5,5,0.2,2106.4,350,61,5603,3005.1059,14991.8,3968,1253.8,37664.8,0.2,362.9,21.6,784.8,108994.8,7558,2272.6,310763,205.8,0,4.2,0.4687,27932.8,190448.4222,19198.161,-1441.5529,2106.4
centered_candidate_000020_5868f97d,centered-gaussian,5,5,0.2,2105,93,60.4,5693.8,3022.4973,14870.2,1766,1184.6,38370,0.2,344.1,20.6,785.8,70898.2,3373,2120.6,194442.4,213.4,0,3.2,0.5904,24156.4,107031.0275,19547.4391,-1450.8487,2105
centered_candidate_000187_42d0c0c4,centered-gaussian,5,5,0.2,2093.2,513,53.4,5572.2,3096.8342,14805.6,5064,1200.8,37256.6,0.2,358.56,21.4,771.6,87856.4,11239,1806.8,247944.6,191.4,0,3.6,0.5219,25005,151984.9586,19696.5693,-1495.0171,2093.2
centered_candidate_000237_d4664718,centered-gaussian,5,5,0.2,2091.4,164,55,5754.2,3223.9257,14791.6,2590,1236.2,38447.4,0.2,343.18,20.4,780.2,88937,4824,1952,253995,190.4,0,3.8,0.6362,26430.2,155184.8542,20442.9161,-1556.9629,2091.4
centered_candidate_000209_c468eb08,centered-gaussian,5,5,0.2,2087.2,520,56.2,5520.6,3030.6374,14760.6,4594,1189.6,37131.4,0.2,362.88,21.6,767.8,98830.2,10451,1892.8,280100.8,204.6,0,3.4,0.6136,25120,171927.7087,19407.7993,-1459.1187,2087.2
centered_candidate_000298_f83c6beb,centered-gaussian,5,5,0.2,2077.6,165,67.2,5583.2,2969.2742,14711.8,2302,1312.4,37583.4,0.2,350.34,21,774.8,123442.4,4622,2209,353031.6,239.8,0,4.2,0.5901,29899.4,214049.9142,19138.1933,-1417.4371,2077.6
centered_candidate_000280_96c69316,centered-gaussian,5,5,0.2,2076.8,92,39.2,5637.2,2991.5543,14626.8,1695,923.6,37990,0.2,338.6,20.4,772.8,92059.8,2862,1492.4,262354,227.8,0,3,0.7201,24545.6,156723.8488,19363.679,-1456.5772,2076.8
centered_candidate_000036_a73a8072,centered-gaussian,5,5,0.2,2068.6,420,117.8,5461,2993.0926,14879.2,4360,1998.8,36775.6,0.2,370.6,22.2,778.2,69304,8606,3582,190928.8,242,0,4.8,0.5216,32511.4,112679.8261,19006.7639,-1378.7463,2068.6
centered_candidate_000052_6dc7621d,centered-gaussian,5,5,0.2,2065.8,157,73.8,5594.6,3032.7167,14675.4,2421,1448.6,37536.6,0.2,349.64,20.8,774,86156.8,4339,2646,243111.4,232.2,0,4.4,0.5146,29367.8,144636.008,19342.1156,-1442.5583,2065.8
centered_candidate_000355_1b115dec,centered-gaussian,5,5,0.2,2057.2,109,79.6,5596.6,3043.9302,14680.2,1916,1544.6,37764.2,0.2,344.6,20.8,773,81425.6,3073,2580.2,230067,198.8,0,3,0.6549,22106.4,136697.0338,19538.4324,-1442.3651,2057.2
centered_candidate_000389_54ab6aae,centered-gaussian,5,5,0.2,2043.8,264,114.6,5767.8,3684.3891,13958.4,3241,1917.4,36875.6,0.2,337.76,19.2,728.6,93770,6839,3727,271163.6,215.2,0,4.8,0.4362,31393.2,176793.7423,22633.5617,-1727.5945,2043.8
centered_candidate_000316_28dff9fa,centered-gaussian,5,5,0.2,2043,120,68,5594.2,3089.4049,14353.2,1955,1388.8,37224.8,0.2,341.48,20.4,751.6,122375.8,3652,2247.6,354579,206.4,0,3.6,0.541,25027,222047.4269,19590.2326,-1476.7024,2043
centered_candidate_000092_fc37d05e,centered-gaussian,5,5,0.2,2039.6,173,133,5789.2,3703.7345,14026.4,2570,2162.2,37176.2,0.2,334.2,19,733.6,109395.8,5183,4099.4,318275,183,0,3.4,0.5078,23521.4,207666.2884,22821.5865,-1718.8672,2039.6
centered_candidate_000202_8d91a9b9,centered-gaussian,5,5,0.2,2037.8,111,49.6,5167.4,2474.9042,13932.8,1870,1194.4,33691.6,0.2,284.92,21.2,731.2,75797.8,3416,1998.2,194213.2,308.4,0,4.2,0.7447,32555,93677.578,15642.8374,-1187.8521,2037.8
centered_candidate_000104_d90ced4f,centered-gaussian,5,5,0.2,2034,331,205.6,5321.4,2941.7916,14473.8,3623,2631.6,35438.8,0.2,385.52,22.2,747,77322.4,8174,5759,213138.8,249.2,0,4.4,0.4877,30085,128439.8505,18523.3144,-1265.2958,2034
centered_candidate_000214_9b340d2a,centered-gaussian,5,5,0.2,2029.8,228,47,5817.4,3712.518,13685.4,3040,1029.8,37070.2,0.2,311.38,18.6,716.4,150914.2,6135,1575.8,445302.2,216.6,0,4.2,0.5421,28552.2,292938.5096,22709.6274,-1809.259,2029.8
centered_candidate_000518_2e1b6739,centered-gaussian,5,5,0.2,2029.6,65,50.6,5603.8,3100.703,14149.2,1372,1169.8,37227.6,0.2,334.76,19.8,741.6,91531.4,2455,1731.2,262904.8,205.6,0,3.4,0.6328,25157.8,160559.7141,19713.389,-1499.7515,2029.6
centered_candidate_000208_dfd508e6,centered-gaussian,5,5,0.2,2027.2,116,54,5581.2,3109.1614,14284.8,2029,1161.8,37288.8,0.2,338.54,20,751.4,81818.4,3705,1903.2,233110,208.2,0,3.6,0.5684,25624.8,141318.9744,19801.497,-1500.5807,2027.2
centered_candidate_000325_8af21bc3,centered-gaussian,5,5,0.2,2017.8,87,64.8,5820.8,3676.9362,13715.6,1615,1366,37535.4,0.2,312.7,18.4,719.6,109916,2707,2555,322837.6,196.2,0,4.2,0.524,28126.2,210434.0154,22825.9289,-1773.6681,2017.8
centered_candidate_000478_fb01b3bc,centered-gaussian,5,5,0.2,2015.6,93,51.2,5852.4,3744.2231,13502.2,1727,1153.2,37317,0.2,311.3,17.8,707.4,161522.6,3326,2048.6,478355.6,204.8,0,3.4,0.5632,25210.2,314982.1968,23103.6427,-1820.9116,2015.6
centered_candidate_000233_4bca3fed,centered-gaussian,5,5,0.2,2014.6,124,58,5493.4,2991.0806,14318.2,2089,1300,36968,0.2,348.06,20.2,754,149133.8,3847,2418.2,433991.2,220.4,0,4.2,0.4756,27817.6,274001.2947,19196.7492,-1437.5403,2014.6
centered_candidate_000492_6722dcad,centered-gaussian,5,5,0.2,2013,395,138.4,5427.2,3229.554,14118.2,4258,1874,35712.2,0.2,353.48,21,727.4,65645.4,8809,3739,182823.2,185.2,0,3.4,0.5147,23685.2,113724.3091,20262.9436,-1476.377,2013
centered_candidate_000069_3c950888,centered-gaussian,5,5,0.2,2012,86,47.4,5557.6,3091.1865,14166.6,1634,1078.2,37276.4,0.2,335.66,19.6,745.4,107442.4,2690,1693.2,311225.2,194.6,0,3,0.7503,23707.4,193836.0725,19808.3101,-1498.1933,2012
centered_candidate_000021_39926085,centered-gaussian,5,5,0.2,2009.8,115,83.2,5779.8,3689.1848,13674.6,2084,1591.2,36979.6,0.2,317.34,18.4,718.6,162482.4,4106,2774.6,479787.2,218.2,0,4.8,0.5365,31326.6,315742.8803,22655.5914,-1761.3924,2009.8
centered_candidate_000380_b2ad2144,centered-gaussian,5,5,0.2,2008.6,539,160,5362.2,3257.9792,14205.8,5172,2393,35227.2,0.2,354.76,21.2,733.8,80626.8,10975,4687.6,226596,186.8,0,3,0.51,21318.4,144268.0783,20303.6343,-1468.9896,2008.6
centered_candidate_000324_99cadbfd,centered-gaussian,5,5,0.2,2008,117,77,5792.8,3712.2515,13682.2,1910,1574.6,37228.8,0.2,313,18.2,720.8,111194.2,3686,3008.4,326028.8,210.4,0,3.4,0.6872,25056.2,213334.994,22923.0799,-1779.1258,2008
centered_candidate_000496_621c08ba,centered-gaussian,5,5,0.2,2006.8,99,66.6,5508.8,3049.5012,14226.4,1824,1360,37025.2,0.2,343.18,20.4,745.4,76039,3011,2475,215898.6,207.4,0,3.4,0.6122,25131.8,130245.0261,19572.1794,-1458.1506,2006.8
centered_candidate_000341_5e4e24b1,centered-gaussian,5,5,0.2,2005.8,109,54,5824.8,3751.2086,13520,2025,1269.2,37112,0.2,316.72,17.6,709.4,91641.4,3908,2481.2,267977.6,192.6,0,3.2,0.518,22866.4,175000.8807,23049.8327,-1821.6043,2005.8
centered_candidate_000404_54f6cbe4,centered-gaussian,5,5,0.2,2002.4,158,56,5774.8,3700.2071,13577.6,2313,1248.6,37026,0.2,313.8,18.2,711.4,107140.8,4637,2125.2,314310.4,197.8,0,3.4,0.6008,24356,205556.3863,22798.0454,-1794.1035,2002.4
centered_candidate_000064_3282716b,centered-gaussian,5,5,0.2,2000.8,161,72.6,5751.8,3687.1936,13607,2304,1462.4,36957.6,0.2,321.56,18.2,711.8,138234.6,4689,2822.6,406837.4,188.2,0,4.2,0.4691,27504,267203.2287,22856.9276,-1770.9968,2000.8
centered_candidate_000078_09dcdf1b,centered-gaussian,5,5,0.2,1997.8,120,48,5796.6,3723.0259,13491.2,2055,1122.4,37121,0.2,309.12,17.8,708.8,158509.4,4084,1983.6,469079.6,202,0,3.4,0.6017,24256,308982.1121,22923.6975,-1813.5129,1997.8
centered_candidate_000252_0b37a291,centered-gaussian,5,5,0.2,1997.8,130,61.8,5765,3693.019,13552.8,2094,1251.8,37056.2,0.2,307.54,18.2,711,90179.6,3675,2059.4,264029.6,198,0,3.4,0.5393,24474.6,172277.2304,22909.3766,-1784.7095,1997.8
centered_candidate_000457_6ed77d42,centered-gaussian,5,5,0.2,1996.6,122,49.2,5791.4,3722.5075,13474.4,2007,1073,37132.6,0.2,301.48,17.6,711.4,120753,3937,1752.8,356179.8,213.8,0,3.6,0.5441,25907.2,234010.7742,22977.8051,-1812.0538,1996.6
centered_candidate_000354_84b112b9,centered-gaussian,5,5,0.2,1995.2,856,89.6,5111,2895.6897,14301,7722,1516.6,34316.6,0.2,369.12,21.6,742.8,117876.6,16318,2712.2,335030.2,233,0,4.6,0.5727,31181.8,211738.3052,18471.704,-1358.2449,1995.2
centered_candidate_000042_52504a3b,centered-gaussian,5,5,0.2,1994,83,23.6,5833.4,3755.2089,13236.4,1572,581,37253,0.2,287.98,17.2,692.6,81310,2864,864.2,239500.6,169.8,0,2.8,0.6897,21277.4,156414.6882,23232.4016,-1854.0045,1994
centered_candidate_000343_211f34ab,centered-gaussian,5,5,0.2,1992.6,95,50.4,5793.8,3726.5301,13414.2,1768,1135.8,37054.6,0.2,309.2,17.4,703.6,136369.6,3002,1988,403259.8,179.4,0,3.4,0.536,24194,265251.5528,22985.1253,-1812.8651,1992.6
centered_candidate_000492_8038ebaf,centered-gaussian,5,5,0.2,1992.4,89,48.4,5793.8,3723.758,13425.2,1649,1037.6,37216.4,0.2,300.92,17.6,704.4,92941.6,2923,1603.4,273278.6,178.4,0,3,0.6137,22054.4,178577.0823,23119.0684,-1813.479,1992.4
centered_candidate_000077_7fd3a1bf,centered-gaussian,5,5,0.2,1991.8,146,98.4,5722,3700.3564,13536.4,2330,1778.8,36449,0.2,310.76,18.2,708.6,121663.8,4666,3286.6,357000.8,186.2,0,3.4,0.5906,24673.4,234686.1649,22623.4655,-1751.7782,1991.8
centered_candidate_000200_6a2cb9a4,centered-gaussian,5,5,0.2,1990.2,58,39.2,5830.8,3769.0749,13227.6,1202,902,37149.2,0.2,289.9,16.8,697.8,131298.2,1804,1368,389648.4,199,0,3.2,0.563,23540,256600.0285,23180.3929,-1845.3375,1990.2
centered_candidate_000089_6cfb659f,centered-gaussian,5,5,0.2,1988.6,105,62,5449.8,3008.0524,14081,1899,1260.2,36578.4,0.2,338.82,20.2,738.4,106103.6,3529,1873.2,305855.6,214.4,0,3.8,0.6627,27035.8,189318.2665,19279.1611,-1442.0262,1988.6
centered_candidate_000353_48cb3a15,centered-gaussian,5,5,0.2,1988.4,109,59.4,5758.4,3696.1309,13446.6,1877,1318.6,36823.8,0.2,311.5,18,705.4,164033.8,3415,2385.6,485546.2,211.4,0,4,0.5222,27821.4,320026.6775,22731.5992,-1788.6655,1988.4
centered_candidate_000024_207ff80d,centered-gaussian,5,5,0.2,1988,80,66.6,5805.8,3796.6047,13322.4,1584,1390.6,36874.2,0.2,292.32,17.2,701.8,117542.4,2890,2205.2,347327,190,0,3.2,0.5733,23331.2,229292.425,23335.2501,-1831.7023,1988
centered_candidate_000410_e8c84f6b,centered-gaussian,5,5,0.2,1987,261,53,5381.2,2965.0977,14186.6,3283,1210,36274.2,0.2,351.08,20.6,743.8,81415.2,6254,1920.4,231192.4,227.4,0,5,0.5567,32050,140842.5826,19001.1273,-1429.5489,1987
centered_candidate_000337_9a57a667,centered-gaussian,5,5,0.2,1985.8,89,71,5455.6,3026.1306,13988.8,1588,1412.2,36446.8,0.2,347.66,19.8,731.4,87907.8,3133,2651,251115.6,204,0,3.4,0.5057,24510,153389.8395,19276.1715,-1442.0653,1985.8
centered_candidate_000506_905a2592,centered-gaussian,5,5,0.2,1985.6,115,51.2,5769.2,3722.1438,13353.2,2063,1142.8,36783.4,0.2,306.1,17.6,699.4,104717.6,3536,1825.6,308439.4,188.4,0,3.4,0.6062,23913.4,202370.2718,22890.4906,-1809.8719,1985.6
centered_candidate_000123_20bc9b7c,centered-gaussian,5,5,0.2,1984.6,332,76.8,5325.6,2946.4219,14077.2,3665,1569.6,35597.4,0.2,369.28,21,729.4,111740.6,8438,3110.8,318638,230.2,0,4,0.6328,28896.4,197164.8204,18840.6619,-1396.411,1984.6
centered_candidate_000011_4f03fb96,centered-gaussian,5,5,0.2,1984.2,109,62.2,5469.4,3069.3874,13978.8,1871,1282.8,36466.4,0.2,339.96,20,731.4,101974.4,3300,2086,294498.2,212,0,3.6,0.6746,26740.4,183588.2218,19470.1411,-1472.4937,1984.2
centered_candidate_000130_12c87197,centered-gaussian,5,5,0.2,1983.2,137,49.4,5724.2,3645.2405,13496.2,2432,1054.4,36864,0.2,310.62,17.8,708,93044.8,4396,1651.6,272523,174,0,3.2,0.4673,22535,177488.029,22591.5664,-1773.2203,1983.2
centered_candidate_000315_758aedb3,centered-gaussian,5,5,0.2,1981.6,90,33.2,5799.4,3763.4375,13216.2,1634,810,36991.6,0.2,294.2,16.8,696.4,158732.2,2824,1331.2,471461,191.4,0,3.8,0.5379,26504.2,311482.4934,23235.1694,-1848.5188,1981.6
centered_candidate_000027_089933f8,centered-gaussian,5,5,0.2,1980.2,197,57,5689.8,3654.483,13499.6,2663,1189.6,36681.8,0.2,323.12,18,706.6,87992,4889,2150,256602.4,188.4,0,4,0.5021,26451.8,167087.2743,22642.8773,-1770.2415,1980.2
centered_candidate_000448_513444cb,centered-gaussian,5,5,0.2,1980.2,96,66.6,5778.2,3784.4558,13300.4,1895,1437.4,36648.6,0.2,287.76,17,700.4,110481.2,3344,2400.6,325855.8,162.4,0,2.4,0.5465,19001.4,215155.3595,23248.2583,-1825.6279,1980.2
centered_candidate_000316_e0c71a2d,centered-gaussian,5,5,0.2,1979.8,110,73.6,5742.6,3725.9329,13416.6,1924,1494.4,36716,0.2,306.56,17.8,706.6,90228.8,3419,2583.6,264398,215.2,0,4,0.5512,27870.8,173354.0864,22951.7777,-1789.3665,1979.8
centered_candidate_000179_136ee11a,centered-gaussian,5,5,0.2,1975.6,152,40.8,5724,3685.3571,13369.2,2377,977.4,36710.8,0.2,301.98,17.6,702.6,177333.4,4449,1567.2,525754.6,188,0,3,0.6305,22388.8,346958.7705,22728.3023,-1801.8785,1975.6
centered_candidate_000094_75a2bd38,centered-gaussian,5,5,0.2,1972.6,61,37.8,5479.2,3064.6851,13784.6,1258,873,36690,0.2,325.52,19.4,721.6,103386.2,2221,1314.8,300513.8,194.8,0,3.4,0.6589,25146,188180.3673,19679.6733,-1494.5425,1972.6
centered_candidate_000178_470567e9,centered-gaussian,5,5,0.2,1972.6,112,45.6,5727.4,3675.752,13367.2,1931,1043.8,36869.8,0.2,306.94,17.6,703.2,167306.2,3385,1678,495965.2,200.2,0,2.8,0.6268,21864.2,326659.8644,22752.2244,-1792.276,1972.6
centered_candidate_000106_fe113339,centered-gaussian,5,5,0.2,1972.4,90,51.8,5722.6,3662.1847,13284.2,1696,1096,36673,0.2,307.86,17.8,690.8,118513,3285,1830,349470,160.6,0,3.4,0.5344,22951.2,229170.4517,22670.4822,-1779.2923,1972.4
centered_candidate_000134_18350f08,centered-gaussian,5,5,0.2,1970.4,127,52.2,5719.4,3697.0266,13387.8,2083,1187.6,36812.2,0.2,312,17.6,706,78324.4,3820,2097.2,228656,216.8,0,3.6,0.5642,26079.2,149030.8253,22929.3189,-1796.3133,1970.4
general_top10-average-phased_e6a293f3,top10-average-phased,5,5,0.2,1970.4,232,52.2,5358,2968.11,14109.8,3112,1178,36183.8,0.2,357.52,20.4,740,89525.8,6372,1971.8,255413.6,229.2,0,4.6,0.4959,31420.8,157001.0316,19032.5018,-1431.855,1970.4
centered_candidate_000231_7921db14,centered-gaussian,5,5,0.2,1968.2,81,56.4,5723.8,3682.6591,13317.4,1554,1241,36753.4,0.2,305.68,17.6,698.8,117240.8,3142,2160.8,345631.2,190,0,3.6,0.5827,24804.4,226865.5929,22753.2535,-1784.9296,1968.2
centered_candidate_000410_3fcd053c,centered-gaussian,5,5,0.2,1967.2,124,77.4,5702.2,3725.9907,13317,1991,1534,36426.8,0.2,300.06,17.2,703.6,129629,3984,2997.2,381937.4,199.2,0,4.2,0.5757,28340.6,252097.6206,23032.3409,-1785.5953,1967.2
centered_candidate_000239_fea9b6eb,centered-gaussian,5,5,0.2,1966.8,46,40.4,5474,3067.548,13621.4,1131,906.8,36319.6,0.2,322.96,19.4,713.2,84567.6,1712,1126.2,243998,235.2,0,3.6,0.6695,27013.2,149541.6517,19512.7384,-1493.374,1966.8
centered_candidate_000258_3858b4a0,centered-gaussian,5,5,0.2,1966.4,122,72.2,5707.2,3730.902,13234.8,1918,1398.4,36366,0.2,298.9,17.2,696.6,194824.6,3758,2655,578043.6,195,0,3.6,0.5557,25418,382918.3084,23001.1917,-1793.251,1966.4
centered_candidate_000078_72a63938,centered-gaussian,5,5,0.2,1966.2,95,44.2,5758,3769.0646,13118,1716,989.8,36627.6,0.2,282.9,16.6,693.4,174497.6,3174,1374.8,519024.6,190.6,0,3.8,0.5348,26283.6,343907.2992,23222.9241,-1840.3323,1966.2
centered_candidate_000137_db46efb1,centered-gaussian,5,5,0.2,1966,92,46.6,5718.8,3673.5191,13202,1742,1027.4,36547.4,0.2,302.82,17.4,691.2,137973.2,3434,1643.2,408157,188.6,0,3.4,0.5567,24500.4,268416.5455,22634.8073,-1790.1596,1966
centered_candidate_000135_3e279cf6,centered-gaussian,5,5,0.2,1965.6,97,59.8,5460,3115.6992,13692.6,1867,1187.6,36061.4,0.2,328.88,19.6,712.8,122785,3225,1755.6,357042.8,194.4,0,3,0.6666,22925.8,224707.5335,19658.6577,-1498.0496,1965.6
centered_candidate_000137_07b6d6a2,centered-gaussian,5,5,0.2,1965.2,99,71.4,5707.2,3706.7053,13329.2,1839,1452.6,36538,0.2,296.5,17.4,702.6,163151.4,3174,2474.6,483344.4,185,0,3.4,0.5179,24527,319351.3859,22867.5032,-1781.9526,1965.2
centered_candidate_000076_34259ef9,centered-gaussian,5,5,0.2,1963,89,65.2,5426.4,3055.0962,13982,1693,1370.8,36573.6,0.2,334.06,19.8,735.2,68404.6,2770,2114,194876.6,196.6,0,3.2,0.6775,23444,118641.7163,19586.9461,-1462.3481,1963
centered_candidate_000318_3e63df1b,centered-gaussian,5,5,0.2,1962.6,88,39.8,5762.2,3781.3155,13021.6,1754,901.6,36496.8,0.2,279.04,16.4,688.8,122782.8,3054,1244.2,364179.8,200,0,2.8,0.6763,23072.6,240835.1466,23240.3661,-1850.8577,1962.6
centered_candidate_000475_7c0a133e,centered-gaussian,5,5,0.2,1960.4,87,52.8,5737,3753.4411,13050,1714,1160.2,36264.6,0.2,280.42,16.8,689,118248.8,2900,1651.2,350159.4,206.2,0,3.8,0.5995,27156,231277.9949,22932.3573,-1823.9206,1960.4
centered_candidate_000459_7ff2f91a,centered-gaussian,5,5,0.2,1956.8,113,65.6,5685,3708.2845,13157.4,1962,1312.2,36154.6,0.2,294.5,17.2,690.4,136813,3582,2265.4,404494.2,178,0,3.4,0.5694,24071,267207.5423,22797.1237,-1788.5422,1956.8
centered_candidate_000292_1618ad49,centered-gaussian,5,5,0.2,1956,76,44.4,5738.8,3757.167,13041.8,1576,1038.2,36447.2,0.2,286.76,16.6,688.4,168304.2,2450,1849.2,500377.8,197.8,0,3.6,0.5883,25730.2,331498.3208,23102.4339,-1834.1835,1956
centered_candidate_000063_9ad1956f,centered-gaussian,5,5,0.2,1955,94,64.8,5663.8,3633.3686,13373.2,1795,1417.2,36563.8,0.2,310.84,17.6,701.6,73054.2,3900,2623.8,212147.4,163.8,0,3.2,0.5415,22218.2,137832.0019,22538.8929,-1751.8843,1955
centered_candidate_000159_afae99a3,centered-gaussian,5,5,0.2,1954.8,78,36.2,5725.4,3718.7555,13116.2,1558,878.4,36690.2,0.2,289.38,17,690.8,79406.4,2406,1107.4,234082.6,191.2,0,3.4,0.6378,24561.4,153274.0461,23023.6794,-1823.1778,1954.8
centered_candidate_000225_0e1488fe,centered-gaussian,5,5,0.2,1953.6,123,58.2,5662.6,3661.328,13289.4,2038,1264.4,36393.8,0.2,311.78,17.2,699.6,126614.4,3888,2390.4,373032.6,184.8,0,3.6,0.5723,24661.4,245296.9645,22632.2639,-1772.464,1953.6
centered_candidate_000365_ca90a1e6,centered-gaussian,5,5,0.2,1953.2,92,48.4,5722.4,3757.4697,13097.6,1728,1065,36558.6,0.2,283.76,16.4,694,139919.4,3075,1718.6,415091.6,184.8,0,3.6,0.4719,25221.4,274873.1196,23311.0639,-1830.3349,1953.2
centered_candidate_000285_85be9f27,centered-gaussian,5,5,0.2,1953,92,68.4,5688.8,3716.6081,13231,1737,1402.2,36440.8,0.2,292.58,17,699,125768.2,3218,2327.2,371575,180.8,0,3.4,0.5222,24081.2,245323.6467,22986.2485,-1789.9041,1953
centered_candidate_000287_86742c0a,centered-gaussian,5,5,0.2,1952.2,89,61.4,5704.8,3736.9685,13079.8,1641,1287.8,36290,0.2,289.38,16.6,691.6,174758.4,3052,2400,518750,197.8,0,3.8,0.571,26423.6,343621.2233,23014.8634,-1807.0842,1952.2
centered_candidate_000439_093fa6ea,centered-gaussian,5,5,0.2,1949.4,103,80.6,5628.8,3618.1991,13388.4,1767,1594.8,36443,0.2,312.2,17.8,702.4,163230.8,3678,2907.8,482532.6,168.4,0,2.8,0.5546,20979,318108.9777,22471.6145,-1728.4996,1949.4
centered_candidate_000196_74689772,centered-gaussian,5,5,0.2,1948.4,49,33,5757.4,3795.3479,12736.4,1105,762,36291.8,0.2,270.26,15.8,672.4,185094.4,1539,1153.2,552293.4,198.8,0,3,0.774,23474.2,366680.9803,23356.1485,-1864.6739,1948.4
centered_candidate_000309_3084e331,centered-gaussian,5,5,0.2,1948.4,80,57,5708.6,3752.3251,13066.6,1593,1236.8,36396,0.2,293.64,16.4,688.4,113046.4,3055,2315.4,333818.4,165.4,0,2.4,0.5512,19160.2,220515.2152,23209.5872,-1819.1625,1948.4
centered_candidate_000402_4c6a54eb,centered-gaussian,5,5,0.2,1948,75,56.6,5704.8,3742.0643,13063,1519,1226.6,36350,0.2,282.2,16.8,690.6,130316,2488,1848.6,386427.8,198.8,0,3.8,0.6132,27058,255601.4798,23066.7053,-1814.4321,1948
centered_candidate_000447_7b79cb5f,centered-gaussian,5,5,0.2,1947.8,90,53,5703.8,3748.6447,13035.2,1712,1125.6,36318.2,0.2,285.46,16.4,688.2,219094.8,3053,1864.2,652478,175,0,3.2,0.56,22618.6,433139.9976,23155.7713,-1821.3224,1947.8
centered_candidate_000518_3c24000f,centered-gaussian,5,5,0.2,1947,50,36.8,5718.4,3715.2325,13004.4,1144,853.2,36668.2,0.2,291.74,16.8,684.2,160741.6,1963,1163.6,478356.2,198.2,0,3.4,0.6962,24495.8,316278.6614,23092.1815,-1820.8163,1947
centered_candidate_000101_74f1d6a5,centered-gaussian,5,5,0.2,1946.4,79,56.4,5675.6,3677.4315,13222.6,1629,1250.4,36544.8,0.2,294.36,17.2,696.6,141981.6,2478,1802.8,421036.6,172.4,0,2.4,0.7071,19789.6,277833.324,22782.2447,-1782.3158,1946.4
centered_candidate_000064_8d34dff7,centered-gaussian,5,5,0.2,1946.2,78,43.8,5711.8,3746.5094,13000,1644,953.8,36394.8,0.2,284.08,16.4,688.4,147450,2974,1425.8,437840.4,201.8,0,3.4,0.6819,25148.6,289720.0674,23146.0529,-1829.4547,1946.2
centered_candidate_000468_51b404cc,centered-gaussian,5,5,0.2,1945.4,76,37.6,5726.4,3768.3614,12827,1542,874.2,36158.6,0.2,280.14,16,674.2,117368.2,2730,1450.4,348054.4,168.2,0,3,0.5302,21736,230337.8299,23156.4024,-1846.5807,1945.4
centered_candidate_000024_ba529161,centered-gaussian,5,5,0.2,1945,163,44.6,5648,3679.8767,13136,2416,1027,36190.2,0.2,295.44,17,694.2,110339.8,4481,1706.4,325221,206.4,0,3.4,0.661,25286.4,214185.8747,22780.0751,-1795.3383,1945
centered_candidate_000173_bf353efe,centered-gaussian,5,5,0.2,1942.6,79,44.4,5707.8,3756.2407,12980.8,1503,1038.4,36419.6,0.2,282.06,16.2,686.4,126056.4,2770,1771.4,373676,175.8,0,3.2,0.5897,23325.6,247299.4448,23297.0735,-1833.7204,1942.6
centered_candidate_000411_c9de6520,centered-gaussian,5,5,0.2,1941.6,75,63.6,5683.4,3735.7147,13025,1602,1328.6,36152.4,0.2,288.94,16.6,689.2,185751.4,2757,2211.8,552197.6,205.6,0,4,0.5634,28024.4,366109.6215,23050.0189,-1804.2574,1941.6
centered_candidate_000495_f3c81930,centered-gaussian,5,5,0.2,1941.6,62,46,5709.6,3751.268,12890.8,1262,1068.6,36253.8,0.2,281.04,16.2,680.4,165701.8,2098,1693.6,493105,187.8,0,3,0.6365,22971.8,326899.282,23172.5855,-1829.634,1941.6
centered_candidate_000424_8cc916dc,centered-gaussian,5,5,0.2,1940.2,103,50.4,5673.2,3717.0071,13060.4,1947,1211.2,36165,0.2,294.96,16.8,687.4,115120.8,3793,2341.6,339485.4,180.4,0,3.6,0.5072,24928.2,224079.025,22952.7358,-1808.1035,1940.2
centered_candidate_000205_fab46ac7,centered-gaussian,5,5,0.2,1939.4,56,47,5714.6,3772.8052,12885.4,1267,1046.2,36344.6,0.2,275.46,15.8,683.2,163321.6,1908,1481.8,486563.2,180.2,0,3,0.658,22145.8,323046.3378,23397.1615,-1839.4026,1939.4
centered_candidate_000186_620e0dc3,centered-gaussian,5,5,0.2,1939,81,63.8,5671.6,3723.5238,12962,1591,1335.6,35958.8,0.2,291.78,16.6,681,121833.8,3210,2622.4,359753,177.6,0,3.8,0.512,25922.2,237775.7682,22871.7651,-1797.9619,1939
centered_candidate_000245_fa34abe8,centered-gaussian,5,5,0.2,1939,89,68.4,5659.8,3716.0201,13058.6,1673,1404.2,36106.8,0.2,296.66,16.6,690.2,153742.6,3040,2809.6,455332.4,196.8,0,3,0.6296,22503.4,301465.7663,22984.1984,-1789.61,1939
centered_candidate_000134_e26e1a15,centered-gaussian,5,5,0.2,1936.2,53,39.6,5707.4,3752.4817,12858,1247,880.4,36394,0.2,270.34,16,678.8,121028,1857,1205,359912.2,160.6,0,2.4,0.723,19059.8,238409.4083,23297.4644,-1836.6409,1936.2
centered_candidate_000456_b24c006d,centered-gaussian,5,5,0.2,1935.6,62,55.4,5686.2,3744.7099,12978.8,1401,1247.2,36259.4,0.2,286.8,16.2,685.2,123429.2,2456,2055.2,365666,164.8,0,2.6,0.6204,20201.2,241934.7734,23190.4971,-1816.955,1935.6
centered_candidate_000338_6ae59fd1,centered-gaussian,5,5,0.2,1934.4,81,39.6,5688.4,3742.8581,12870.8,1531,919.2,36241.2,0.2,282.98,16,680.4,198480.4,2480,1651.8,591298,184.6,0,2.8,0.6569,21438.8,392387.3106,23190.8556,-1831.829,1934.4
centered_candidate_000484_439a944a,centered-gaussian,5,5,0.2,1932.2,122,51.6,5316.4,2962.4294,13734.8,1964,1104,35920,0.2,340.22,19.4,720,100529.2,3507,1916.2,289416.8,194,0,3.4,0.6186,24364.4,178606.4514,19096.5635,-1429.6147,1932.2
centered_candidate_000222_b9ccb03c,centered-gaussian,5,5,0.2,1931.4,275,42.8,5298.6,3026.5367,13703.8,3248,1033.2,35659.2,0.2,357.74,19.8,711.2,67516.2,7149,1908.4,189896.8,188.4,0,3.2,0.4844,22820,114921.8253,19489.8319,-1470.4683,1931.4
centered_candidate_000467_16956b1d,centered-gaussian,5,5,0.2,1929.8,69,37,5686.4,3746.1425,12806.4,1475,812.6,36235,0.2,271.78,16,678.8,133443.2,2599,1105,396811.8,198,0,3.2,0.6442,24494,262983.9386,23281.3426,-1836.0713,1929.8
centered_candidate_000210_45eaef2a,centered-gaussian,5,5,0.2,1929.2,77,48.2,5664,3724.4391,12862,1502,1108.8,36033,0.2,275.8,16.4,680.2,115265.2,2222,1536.4,341983.8,199.6,0,3.6,0.644,26197,226339.571,23063.3708,-1814.0195,1929.2
centered_candidate_000357_8d2d6d78,centered-gaussian,5,5,0.2,1929.2,41,39,5694.4,3744.4964,12811.4,953,894.8,36392.6,0.2,276.1,15.8,676.8,114207.6,1644,1344.8,339197.8,166,0,2.6,0.7547,20796,224264.7194,23277.1992,-1833.2482,1929.2
centered_candidate_000397_28750e31,centered-gaussian,5,5,0.2,1929.2,118,45,5637.8,3694.0437,12956.6,1935,1010.4,36073.4,0.2,285.22,16.6,681.6,85004,3522,1532.8,250303.4,165,0,2.6,0.6066,20251.8,164908.8656,22922.1018,-1802.0218,1929.2
centered_candidate_000081_dbd0152a,centered-gaussian,5,5,0.2,1929,101,58.6,5627.4,3686.0871,12965.2,1764,1226.8,35905.4,0.2,283.38,16.8,684.6,97028,2937,1994.8,286138,198.6,0,3.6,0.7225,26622.2,188899.9471,22826.2712,-1784.4436,1929
centered_candidate_000438_b72935fe,centered-gaussian,5,5,0.2,1927.8,112,57.4,5612.4,3664.2699,13082,1857,1272.8,36048.8,0.2,289.7,16.8,690.8,129741,3344,2255.6,383493.6,172.2,0,3.2,0.5279,22723.2,253340.8105,22753.1502,-1774.735,1927.8
centered_candidate_000227_c7ba22f8,centered-gaussian,5,5,0.2,1924.2,73,36.8,5665.2,3727.9616,12882.2,1589,836.6,36332.6,0.2,275.66,16,680.8,82101.4,2850,1235.4,242403,154.2,0,2.6,0.6507,20177.2,159948.6697,23281.0746,-1827.1808,1924.2
centered_candidate_000172_99207c4b,centered-gaussian,5,5,0.2,1923.4,107,52.4,5615.2,3675.4177,12918,1933,1180.8,35724.4,0.2,298.28,16.6,678.8,154735.2,3882,2149.6,458381.8,183.6,0,3.4,0.5616,24098.6,303224.0749,22615.1098,-1785.3089,1923.4
centered_candidate_000090_2e44bb90,centered-gaussian,5,5,0.2,1923,121,65.8,5575.2,3631.7422,13026.8,1981,1269.4,35754.2,0.2,292.74,17,685.2,128336.8,3868,2178.8,378803.2,175.8,0,3.4,0.4859,24000.4,249885.5463,22499.253,-1750.0711,1923
centered_candidate_000165_af91b5a0,centered-gaussian,5,5,0.2,1922.8,59,48.4,5659.4,3732.1094,12811.6,1275,1079.6,36065.2,0.2,280.24,16,678.8,119125.4,2297,1686.6,353380.4,199,0,3.4,0.5625,24643.4,234082.6091,23182.5958,-1817.6547,1922.8
centered_candidate_000482_05940cfb,centered-gaussian,5,5,0.2,1922.8,41,33.8,5684,3744.6627,12715.2,943,878.4,36200.8,0.2,271.02,15.6,674,98657.6,1428,1182.8,293099,187.6,0,2.8,0.7694,22431.6,193946.7776,23270.1014,-1838.5314,1922.8
centered_candidate_000121_c7135b01,centered-gaussian,5,5,0.2,1922.4,41,34.6,5692.4,3768.8012,12600,931,806.6,36063.4,0.2,261.88,15.2,665.4,120173,1541,1141.4,357848,153.2,0,1.8,0.6815,15830.8,237590.6102,23433.6162,-1849.8006,1922.4
centered_candidate_000009_759bea7c,centered-gaussian,5,5,0.2,1921.2,50,41.6,5667,3735.9239,12811.8,1209,970.2,36213.8,0.2,272.28,16,680,110120.6,2147,1368.8,326881.2,195.2,0,3.2,0.647,24413.6,216557.1172,23261.5455,-1826.362,1921.2
centered_candidate_000281_2c76a3a5,centered-gaussian,5,5,0.2,1918,52,30.4,5664.8,3728.0881,12675.4,1136,754,36061.4,0.2,265.02,16,666.8,135790.2,1688,970.4,404520.2,161,0,2.6,0.6651,20628,268183.4886,23123.7927,-1833.6441,1918
centered_candidate_000151_893d841e,centered-gaussian,5,5,0.2,1914.6,87,48.6,5609.8,3679.2844,12887.6,1651,1147.2,35878.8,0.2,290.46,16.4,678.8,126757.4,3173,2086.8,375117.6,170.6,0,3,0.5289,21352.2,247993.0685,22792.4247,-1791.0422,1914.6
centered_candidate_000288_7f345853,centered-gaussian,5,5,0.2,1914.6,83,46.4,5610.6,3682.2964,12921.2,1617,1071,36031.2,0.2,282.98,16.4,682,148151.6,2938,1661.4,439800.8,162.4,0,2.8,0.6768,20772,291228.3823,22930.591,-1794.7482,1914.6
centered_candidate_000336_717b33cc,centered-gaussian,5,5,0.2,1914,116,43.2,5593.6,3663.1589,12915.6,1876,997.8,35982.2,0.2,281.06,16.4,683.2,101702,3195,1566,300476.4,175,0,3.2,0.5786,23236.8,198257.034,22861.6143,-1788.3794,1914
centered_candidate_000479_0eccff0b,centered-gaussian,5,5,0.2,1912.8,64,51.2,5612.6,3679.2005,12869,1458,1156.8,35911,0.2,287,16.2,679.4,75784.8,2806,2000,222396,170.2,0,3,0.5815,22164.8,146206.1944,22808.3418,-1788.4003,1912.8
centered_candidate_000496_4e67e59b,centered-gaussian,5,5,0.2,1912.4,109,33.6,5606.4,3674.9859,12821.8,1954,824.8,35894.6,0.2,273.48,16.2,680.8,131261.6,3364,1074.2,389758.8,200.4,0,3.6,0.5971,26602.4,258041.2146,22845.2623,-1803.8929,1912.4
centered_candidate_000329_5c429401,centered-gaussian,5,5,0.2,1910.2,79,50.4,5602.2,3683.4354,12760.4,1520,1100.2,35687.6,0.2,278.14,16,673.6,148744.8,2541,1672.8,442056.8,170.4,0,2.8,0.5949,21390.6,293139.0002,22831.8641,-1791.3177,1910.2
centered_candidate_000177_de4e3a1b,centered-gaussian,5,5,0.2,1909.6,61,43,5624.6,3708.7168,12792.8,1308,996.6,36061.8,0.2,280.38,16,675.4,123838.8,2356,1569,367620.2,164.2,0,2.6,0.4863,18981.2,243572.4924,23157.9833,-1811.3584,1909.6
centered_candidate_000335_3b8e1962,centered-gaussian,5,5,0.2,1907.8,76,54.6,5579.4,3645.769,12931.6,1515,1325.8,35769.6,0.2,303.44,16.8,680.6,176890,2696,2398.2,525070,193.6,0,3.6,0.5727,25034,347284.9475,22533.0168,-1768.2845,1907.8
search_candidate_000035_4cb0d919,random-phased,5,5,0.2,1907,71,43.6,5603.6,3685.554,12790.6,1483,1012.2,35850,0.2,281.2,16,678.2,45513.8,2752,1511.2,132263.4,192.4,0,3,0.6425,23257.2,86425.9764,22916.8702,-1799.177,1907
centered_candidate_000223_3c7267cb,centered-gaussian,5,5,0.2,1906.2,107,57.4,5555,3634.5138,12932,1908,1187,35730.6,0.2,287.8,16.6,683,118066.8,3526,2062,348625.8,175,0,2.8,0.5773,20479,230220.7425,22652.0477,-1759.8569,1906.2
centered_candidate_000451_a049e712,centered-gaussian,5,5,0.2,1905.6,83,42.2,5582,3644.468,12832.4,1652,972.4,35828.8,0.2,283.88,16.4,678.4,96400.8,3090,1418.6,284634.8,190.6,0,3,0.6295,22477.4,187538.9707,22668.3972,-1780.034,1905.6
centered_candidate_000364_583a4747,centered-gaussian,5,5,0.2,1905.4,130,52.2,5544.2,3622.9796,12973.6,2135,1172.6,35711,0.2,289.58,17,684.2,78345,3905,1985.6,229310.4,182.4,0,3.4,0.5039,23871.4,150608.5844,22552.5338,-1759.2898,1905.4
centered_candidate_000304_e1c56b47,centered-gaussian,5,5,0.2,1900.2,50,34.2,5610.8,3697.9443,12605.6,1139,842,35776.4,0.2,268.84,16,664.8,136083.2,1953,1175.2,405092.6,183,0,2.6,0.7346,21272,268745.3671,23017.6286,-1814.7721,1900.2
centered_candidate_000336_d1496da7,centered-gaussian,5,5,0.2,1897.6,69,56.4,5564.4,3660.2179,12823.2,1496,1279.4,35649.6,0.2,293.54,16.4,675.4,66599.4,2912,2364,194397,174.2,0,3.2,0.5955,22725.6,127498.7588,22723.1717,-1773.709,1897.6
centered_candidate_000115_66f9512b,centered-gaussian,5,5,0.2,1896.2,105,32.6,5555.2,3631.1762,12756.2,1843,814.8,35689,0.2,279.84,16.4,675.2,137225.6,3238,1186.6,407381,203.2,0,2.8,0.6937,23163.8,269455.2816,22579.3061,-1782.9881,1896.2
centered_candidate_000221_3b4bc5ae,centered-gaussian,5,5,0.2,1894.2,2024,65.2,3675.6,1606.9729,13842.4,16287,1376,25087,0.2,329.7,23.4,719.4,47384.4,45869,2197,95513.4,316.8,0,5.4,0.6622,38087,41330.7151,10642.3022,-738.2864,1894.2
centered_candidate_000484_4fcaa51f,centered-gaussian,5,5,0.2,1893.8,51,36.2,5595.8,3697.6083,12599.8,1177,879.6,35795.8,0.2,269.22,15.6,665.2,110792,1740,1233.4,329462.2,156.4,0,2.2,0.7812,17997.6,218525.6573,23128.0229,-1812.6041,1893.8
centered_candidate_000400_a0add35b,centered-gaussian,5,5,0.2,1887.8,76,32.2,5560.6,3660.6684,12546.4,1549,799.2,35404.2,0.2,271.64,15.8,663.8,173938.4,2865,1111.8,518167.2,197.4,0,3.4,0.6421,24982.6,343866.7098,22675.196,-1798.1342,1887.8
centered_candidate_000425_f332692c,centered-gaussian,5,5,0.2,1885.6,46,41.2,5341.4,3143.2502,13082.6,1103,968.8,35478.8,0.2,317.78,18.4,681.4,71921,2034,1307.6,207863.6,184.8,0,3.2,0.693,23768.2,129095.0824,20086.9257,-1530.4251,1885.6
centered_candidate_000142_e05d65bd,centered-gaussian,5,5,0.2,1881,447,43.6,5115.2,3000.3403,13113.6,4475,1037.2,33701.2,0.2,345.32,19.6,675.2,175246.2,9270,1679,513571,222.6,0,4.2,0.5281,29019.2,332857.1626,18921.8338,-1456.5702,1881
centered_candidate_000040_ff25deb7,centered-gaussian,5,5,0.2,1864,98,50.8,5445.8,3564.6116,12558,1732,1194.2,34813,0.2,289,16.4,657.2,84402.8,3288,2035.8,247987.6,163.4,0,2.8,0.6326,21266,163200.015,22087.4546,-1731.5058,1864
centered_candidate_000202_1ee66378,centered-gaussian,5,5,0.2,1859.4,279,66.2,5135.2,3053.0049,13160.6,3301,1366.6,34181.2,0.2,340.94,19.4,681.2,109177,7176,2387.6,316594.8,194.8,0,3.2,0.5982,23216.8,203472.6796,19449.8401,-1460.3024,1859.4
centered_candidate_000312_217d3cd6,centered-gaussian,5,5,0.2,1858.4,126,78,5368.6,3494.4455,12761,2122,1480.4,34680.6,0.2,294.92,17,670.6,83140.4,3738,2755.4,242925.8,173.8,0,3.2,0.538,22643.4,159586.4787,21764.4367,-1669.2227,1858.4
centered_candidate_000035_035e6e88,centered-gaussian,5,5,0.2,1854.6,108,51.4,5228.6,3106.0401,12937.4,1970,1147.2,34557.6,0.2,327.82,18.6,670.2,106470.4,3551,1835.6,310651,186.2,0,3.6,0.5578,24812.2,198415.2012,19711.5345,-1501.62,1854.6
centered_candidate_000047_8bc6dcba,centered-gaussian,5,5,0.2,1844.2,110,85.4,5171.2,3090.3906,13098.2,1961,1634.2,34425.2,0.2,326.96,19,685.6,86094,3554,2694.6,248518.6,220.4,0,3.6,0.544,26431,157034.7224,19502.5858,-1459.7953,1844.2
centered_candidate_000230_af4f07cf,centered-gaussian,5,5,0.2,1843,102,71.4,5279,3314.9562,12750.2,1861,1460.4,34365.6,0.2,313.16,18,662.4,87106.4,3503,2679.6,253977.6,182.8,0,4,0.4659,26263.2,164837.4709,20678.0869,-1586.0781,1843
centered_candidate_000446_eabe62fc,centered-gaussian,5,5,0.2,1843,90,48.2,5393.2,3533.5984,12494,1640,1108.6,34771,0.2,283.52,16.2,656,82557,3319,1641.6,243014.8,155.2,0,2.6,0.709,20136,160122.2482,22070.9932,-1718.5992,1843
centered_candidate_000405_45836a57,centered-gaussian,5,5,0.2,1826,354,59.2,5116,3230.7627,12764.2,3907,1213.4,33615.2,0.2,329.86,18.2,660.6,109368,8193,2108.2,318857.6,174.2,0,2.8,0.5079,20359.6,208253.9989,20332.236,-1556.1813,1826
centered_candidate_000390_b9af85a4,centered-gaussian,5,5,0.2,1822.2,93,86.4,5259.2,3393.3789,12655.8,1756,1640.4,34324.2,0.2,314.12,17,661.8,96611.2,3292,3175.6,282862,160.4,0,3,0.5248,21385,185456.2632,21273.9696,-1610.2894,1822.2
search_candidate_000155_8c914950,random-phased,5,5,0.2,1820.6,58,34.2,5186.4,3104.3054,12577.6,1326,918,34231.4,0.2,335.16,18,653.4,51354,2666,1748,146432.8,245.4,0,3.2,0.7801,25239.6,90278.6956,19806.926,-1517.9527,1820.6
centered_candidate_000045_2c6bc70c,centered-gaussian,5,5,0.2,1819.6,47,33.6,5187.4,3100.4096,12571,1100,756,34500.8,0.2,305.64,17.8,654.2,106157.4,1753,1056.6,312309.8,194.4,0,2.8,0.6413,22407,201035.5042,19968.1732,-1516.6048,1819.6
centered_candidate_000162_c6f00792,centered-gaussian,5,5,0.2,1811.4,250,103.8,5065.8,3166.4056,12818.2,3119,1893,33371.4,0.2,338.74,18.4,667,71881,6901,3443.8,205366.2,203.4,0,4,0.5022,27164.2,131996.3452,19946.1077,-1479.4028,1811.4
centered_candidate_000476_9a6c8df2,centered-gaussian,5,5,0.2,1809.2,150,69,5194.2,3326.9051,12581.8,2231,1309,34132.6,0.2,303.94,17.4,658.8,85013,3986,2191.8,248649.6,187.2,0,3,0.5672,22240.2,162508.4298,21028.6635,-1594.4525,1809.2
centered_candidate_000347_fc601c12,centered-gaussian,5,5,0.2,1803.2,237,86.6,5090.6,3223.4717,12649.2,3070,1595.6,33419.2,0.2,339.58,18,653.8,112377,7617,3121.4,327055.2,175.4,0,3.6,0.4875,24055,213491.3607,20281.017,-1525.1358,1803.2
centered_candidate_000122_5cc29904,centered-gaussian,5,5,0.2,1800.8,178,101.8,5065,3166.0955,12757.4,2798,1739.6,33440.8,0.2,329.78,18.4,665.4,73465.6,5729,3270.8,210677.6,210,0,3.8,0.5387,26421.8,135400.4504,19994.6437,-1481.2477,1800.8
centered_candidate_000297_1b3771f7,centered-gaussian,5,5,0.2,1799,161,46,5188.8,3333.5823,12522.4,2369,1059.2,34176.6,0.2,310.72,17,655,76120.2,4631,1754.4,221982,168.8,0,3.2,0.5323,22805.6,144544.8829,21122.5508,-1620.7912,1799
centered_candidate_000077_1c8e8d70,centered-gaussian,5,5,0.2,1794.6,62,37.8,5119,3086.8506,12533,1313,882.8,34185.4,0.2,315.08,17.8,652.2,102324.8,2135,1365,300308.2,190.2,0,3.2,0.6708,23534.6,193206.416,19870.8253,-1505.6253,1794.6
centered_candidate_000391_0519f5f3,centered-gaussian,5,5,0.2,1790.8,293,57.4,5057.4,3214.0132,12542,3445,1232,33227,0.2,322.54,17.8,652,84019.6,7433,2079,243208.6,188.4,0,3.2,0.6003,23449.4,157973.4583,20225.5124,-1549.6066,1790.8
centered_candidate_000021_fccd0f13,centered-gaussian,5,5,0.2,1787.6,127,77,5110.6,3229.1451,12651.6,2109,1540.4,33929.4,0.2,322.78,17.6,661.6,69640.8,4257,2957.4,200792.6,175.4,0,3.6,0.4965,24585.6,129160.2646,20497.3449,-1537.5726,1787.6
centered_candidate_000233_167ab876,centered-gaussian,5,5,0.2,1787.4,245,37,5093.8,3229.3183,12562.4,3130,868,33829.4,0.2,313.22,17.6,655.8,79957,6565,1423.6,232293.6,175.8,0,3.4,0.5706,23982.8,150676.9314,20486.5271,-1577.6591,1787.4
centered_candidate_000471_46e4e096,centered-gaussian,5,5,0.2,1785,90,62,5135,3240.3035,12434,1753,1294.2,33763,0.2,308.78,17.4,646.4,90712,3550,2295,265299.6,164,0,3,0.5636,21397.6,172564.7801,20437.333,-1558.1518,1785
centered_candidate_000100_6c541018,centered-gaussian,5,5,0.2,1777.6,189,49,5075.6,3205.9395,12477.6,2535,1091.2,33689.6,0.2,319.98,17.4,650.4,74984.8,4958,1861.2,217926.8,177.2,0,3.6,0.4625,24063.8,141215.1377,20417.1054,-1553.9697,1777.6
centered_candidate_000455_67605bd4,centered-gaussian,5,5,0.2,1777,96,55,5174.2,3375.1676,12247.4,1853,1180.2,33677,0.2,289.78,16.4,641.4,96874.8,3089,1814.6,285638.2,156.8,0,2.4,0.5919,19276.8,188182.3146,21153.7563,-1632.5838,1777
centered_candidate_000130_047affbc,centered-gaussian,5,5,0.2,1776.4,387,50,4955,3108.2184,12540.8,4155,1105.8,32943.8,0.2,323.64,18.2,649.8,80240.8,9381,1627.2,231228.6,179.4,0,3.4,0.516,23434.6,149431.1375,19805.022,-1504.1092,1776.4
centered_candidate_000234_581aa33b,centered-gaussian,5,5,0.2,1776.2,373,144.6,4826.4,3010.3068,12707.8,3880,2069,32214.8,0.2,353.62,19.2,654.6,114461.6,8621,4220.8,330496,209,0,4.4,0.5292,28854.8,215154.5422,19166.3983,-1360.5534,1776.2
centered_candidate_000437_724185d4,centered-gaussian,5,5,0.2,1775.8,145,54.6,5098.2,3252.1793,12315.2,2273,1029.4,33451.4,0.2,309.02,17.2,640,70329.4,4165,1612.8,204432,173.6,0,3.6,0.6127,24816.8,132197.0042,20525.8566,-1571.4896,1775.8
centered_candidate_000121_9ef9bc15,centered-gaussian,5,5,0.2,1775.6,315,197.2,4816.8,3012.9679,12839.8,3461,2666.6,32283.8,0.2,355.42,19.4,663.2,130761,7327,5419.4,379317.2,201.6,0,4.2,0.4327,27179.6,247848.5562,19133.3866,-1309.2839,1775.6
centered_candidate_000042_2d2e7286,centered-gaussian,5,5,0.2,1774,134,69,5086.8,3252.1807,12414.2,2191,1330.8,33455.8,0.2,307.38,17.2,649.2,81672.6,3996,2118,238246.6,178.6,0,3,0.6002,21870.2,155256.6206,20501.2258,-1557.0904,1774
centered_candidate_000502_e492b797,centered-gaussian,5,5,0.2,1771.8,95,50.4,5020,3025.8243,12441.2,1755,1167.2,33300.6,0.2,314.5,17.8,650.2,117908.6,3181,1997.6,345872,217.6,0,3.2,0.676,24948.6,223792.6578,19210.0945,-1462.5122,1771.8
centered_candidate_000087_409bcfed,centered-gaussian,5,5,0.2,1771.6,118,63,5096,3253.64,12307.4,2106,1251.6,33334,0.2,308.88,17.2,641.2,83657.8,4118,2033.8,244298.4,186.8,0,3.2,0.614,23934.6,159182.9503,20452.5026,-1563.82,1771.6
centered_candidate_000188_68208364,centered-gaussian,5,5,0.2,1771.6,359,39.8,4942.8,3060.1389,12458,3962,906.2,32885.4,0.2,324.32,18,645.6,128353.8,8910,1295,375850.8,187.6,0,3.6,0.5259,25109.4,245279.9474,19579.7046,-1490.2695,1771.6
centered_candidate_000358_b8a9e8cd,centered-gaussian,5,5,0.2,1771.4,160,46.8,5061.8,3172.952,12392.8,2394,1012,33500,0.2,303.82,17.4,646.4,97295.4,4377,1519,285268,173,0,3.2,0.5027,23082,185576.6125,20117.7977,-1539.676,1771.4
general_top5-average-phased_0b96fabf,top5-average-phased,5,5,0.2,1770.4,123,69.6,5076.4,3231.4161,12406,1987,1350.2,33505.4,0.2,307.72,17.2,647.4,72744,3663,2295.2,211353.4,163,0,3,0.539,21560,136971.3794,20445.6463,-1546.108,1770.4
centered_candidate_000439_2fa74746,centered-gaussian,5,5,0.2,1770,187,104.2,5016,3207.5435,12563.4,2680,1870.4,33148,0.2,332.88,17.8,654.2,66798.6,6272,3537.2,191048.2,184,0,3.6,0.4853,24418.4,123703.2597,20241.5109,-1499.5718,1770
centered_candidate_000145_bc967fb5,centered-gaussian,5,5,0.2,1769.6,178,60.2,5050.6,3195.9746,12452,2530,1312.6,33432.8,0.2,319.76,17.4,648.4,104573.6,5050,2494.4,305910.2,168,0,3.4,0.557,22936.6,199772.2308,20281.5194,-1537.7873,1769.6
centered_candidate_000298_c1f59df4,centered-gaussian,5,5,0.2,1768.6,152,52.6,5036.8,3139.6832,12373.4,2285,1090.4,33256.4,0.2,305.3,17.6,647,94785.8,4247,1757.8,277225.8,208.4,0,3.4,0.6517,25677.2,180001.241,19809.9349,-1517.2416,1768.6
centered_candidate_000420_544ebeb7,centered-gaussian,5,5,0.2,1766,334,64.6,4926.8,3083.3283,12440.2,3936,1280.8,32471.4,0.2,329.56,18.4,643.6,87821.4,8092,2013.8,254095.4,212.6,0,4.2,0.4456,28340,164740.2324,19479.0876,-1477.0641,1766
centered_candidate_000263_c421e776,centered-gaussian,5,5,0.2,1762.8,100,68,5095.8,3285.7091,12226.8,1943,1397.6,33204,0.2,309.28,16.8,640.6,95387.8,3926,2774.4,279171.4,209.4,0,3.6,0.5159,25516.4,182883.844,20585.2562,-1574.8546,1762.8
general_top10-median-phased_5b70f416,top10-median-phased,5,5,0.2,1762.8,57,45.8,5181.8,3410.1234,11973.8,1318,1073.4,33482.8,0.2,282.06,15.4,629.4,53080.8,2600,1708.4,155011.6,163.4,0,3,0.5825,21799,101699.6238,21380.1327,-1659.2617,1762.8
general_topN-median-phased_78237b49,topN-median-phased,5,5,0.2,1762.8,57,45.8,5181.8,3410.1234,11973.8,1318,1073.4,33482.8,0.2,282.06,15.4,629.4,53080.8,2600,1708.4,155011.6,163.4,0,3,0.5825,21799,101699.6238,21380.1327,-1659.2617,1762.8
centered_candidate_000375_fd82eafe,centered-gaussian,5,5,0.2,1761.4,119,88.4,5022.2,3172.9638,12380.4,2124,1675.4,32955.2,0.2,317.52,17.6,645,69452.4,4285,2992,200285.4,194.2,0,3.4,0.5468,24779.8,129289.4348,19910.8484,-1498.0819,1761.4
centered_candidate_000177_9ff55837,centered-gaussian,5,5,0.2,1756.6,110,71.4,5020.2,3152.7077,12308.4,1909,1438.2,33103.2,0.2,314.36,17.4,639.8,127493.4,3393,2602.8,375219.8,176.4,0,2.8,0.5453,20355.2,245698.3879,19962.1047,-1504.9538,1756.6
centered_candidate_000112_edc9c1fa,centered-gaussian,5,5,0.2,1755.8,1807,89,3409.8,1478.5699,13269,14363,1678.8,24311.2,0.2,325.38,22.6,692.6,40393,36227,2880.4,80245.6,289.8,0,5,0.5622,34096.2,34536.2972,10100.7659,-650.285,1755.8
centered_candidate_000034_02460084,centered-gaussian,5,5,0.2,1754.8,139,56.2,5025,3173.8383,12243.6,2178,1153.4,33111,0.2,306.08,17.2,637,111554,3725,1819,328260.6,172.2,0,3.2,0.5497,22935.4,214782.5824,20095.7169,-1530.7192,1754.8
centered_candidate_000149_26127804,centered-gaussian,5,5,0.2,1753.6,178,72,4927.2,3015.144,12547.4,2674,1406.4,33033.6,0.2,318.64,18.4,657,60710.8,4960,2358,173285.6,223.6,0,4,0.5542,28388,109469.3964,19296.1901,-1435.572,1753.6
centered_candidate_000265_e68a6091,centered-gaussian,5,5,0.2,1751.8,244,90.4,4904.4,3065.8123,12633.2,3128,1655.4,32962.2,0.2,337.42,18,663.4,103925.6,7327,3338,301162.8,216.4,0,3.8,0.5303,26585.8,195622.1103,19519.3746,-1442.5061,1751.8
centered_candidate_000095_89435ac8,centered-gaussian,5,5,0.2,1751.2,257,82,4904.8,3060.5806,12452,3293,1610.4,32418.6,0.2,326.12,18.4,646.6,127263.2,7148,2729.4,372203,208.6,0,3.8,0.5361,26211,243403.4613,19196.6938,-1448.2903,1751.2
centered_candidate_000179_f4980bae,centered-gaussian,5,5,0.2,1748.4,90,44.6,5058.6,3213.8796,12113.8,1614,983.2,33341,0.2,302.7,16.6,630.4,81742.4,2984,1549.8,239688,158.2,0,2.8,0.4833,20896.4,155813.5799,20376.8663,-1562.3398,1748.4
centered_candidate_000096_9dbda3db,centered-gaussian,5,5,0.2,1747.6,102,57,5025,3170.9063,12170.8,1949,1202.4,33028.6,0.2,306.16,17.2,631,136030,3608,1833.4,401787.2,164,0,2.4,0.7155,19181.2,263596.7674,20024.2328,-1528.4531,1747.6
centered_candidate_000189_33ba31ab,centered-gaussian,5,5,0.2,1746.2,359,47.2,4860.8,3011.3041,12277.6,3925,1053.8,32160.2,0.2,329.76,18,636.6,113631.8,8770,1597,331448.6,225.4,0,4,0.5715,27762.6,215799.5099,19047.632,-1458.4521,1746.2
centered_candidate_000198_9b124469,centered-gaussian,5,5,0.2,1745.8,112,83.2,5012.6,3209.4966,12341.2,2056,1592.4,33154.2,0.2,314.76,17,647,66736.8,3721,3217.2,192600.6,180,0,3.4,0.4909,23554.8,124708.3661,20274.1307,-1521.5483,1745.8
centered_candidate_000500_f7d48076,centered-gaussian,5,5,0.2,1745.8,93,51.2,5051.8,3227.3061,12165.4,1673,1181.4,33329.6,0.2,308.16,16.8,635.4,69034.2,3105,2171.2,201000.2,185.2,0,3.8,0.5284,25460.8,130322.4997,20516.2214,-1562.453,1745.8
centered_candidate_000156_5d390666,centered-gaussian,5,5,0.2,1743.6,239,74.2,4947.2,3168.1156,12460,3151,1518.2,33020.4,0.2,323.14,17.4,652,79018.8,6305,2963.2,228389.8,170.6,0,3,0.502,21416.6,148656.9785,20233.507,-1509.8578,1743.6
centered_candidate_000351_3fbb46fd,centered-gaussian,5,5,0.2,1742.6,72,59.6,5044.2,3220.9611,12173.6,1545,1280,33277.8,0.2,304.72,16.8,636.4,56570,2596,2042.2,164037.2,178.8,0,3.4,0.5652,24046.6,105788.1681,20401.4273,-1550.8806,1742.6
centered_candidate_000065_583828cc,centered-gaussian,5,5,0.2,1741.4,81,54.8,5038.4,3217.0564,12136.6,1607,1199,33203.6,0.2,302.2,16.6,634.8,73648.8,2618,1896.8,215431.8,173.8,0,3,0.6309,22280,140113.4854,20382.1179,-1553.7282,1741.4
centered_candidate_000379_7602663e,centered-gaussian,5,5,0.2,1741.2,83,73.4,5035.6,3244.0704,12161,1576,1523,33073.4,0.2,307.42,16.8,634.4,61017.6,2583,2223.6,177342.6,172,0,2.8,0.6477,21034.6,114853.8412,20445.2749,-1548.6352,1741.2
centered_candidate_000230_ca386446,centered-gaussian,5,5,0.2,1739.6,122,87.8,5007.4,3250.7995,12151.6,2034,1629.4,32786.8,0.2,296.46,16.6,636.2,96196,3765,3012.2,281684.2,163.6,0,2.2,0.5803,17831.6,185036.6847,20445.2321,-1537.5998,1739.6
centered_candidate_000516_be6dff02,centered-gaussian,5,5,0.2,1737,148,67.2,4980.8,3200.2527,12041.2,2202,1199.8,32594.6,0.2,301.62,16.8,628.8,83166.8,3740,1924.8,243361.8,201,0,3,0.6391,22709,159127.4755,20129.3915,-1532.9264,1737
centered_candidate_000418_bb36007d,centered-gaussian,5,5,0.2,1736.6,165,52.8,4941.6,3080.4954,12267.6,2389,1163,32968,0.2,318.82,17.4,639,85708,4361,1979.4,249822.2,185,0,3.6,0.5277,24274,161586.7097,19753.8839,-1487.4477,1736.6
centered_candidate_000160_b4ce909d,centered-gaussian,5,5,0.2,1733.8,84,54,4995,3152.9232,12236.4,1688,1194,33270,0.2,307.78,17,642.6,78692.4,2932,1934.8,230001.2,196.6,0,3.4,0.6302,25292.2,149263.5593,20109.8392,-1522.4616,1733.8
centered_candidate_000281_a09869ef,centered-gaussian,5,5,0.2,1733.8,58,45.2,5038.8,3213.3914,12034,1250,1029.2,33317.4,0.2,298.1,16.4,629.4,87927.4,2378,1708.4,258756.4,174.6,0,3,0.629,22396.2,169129.9462,20473.3571,-1561.4957,1733.8
centered_candidate_000414_f4913e21,centered-gaussian,5,5,0.2,1732.6,103,61.2,4989.8,3183.7527,12150,1889,1306.4,32882.8,0.2,311.76,17,634.4,62268.6,3941,2378.8,179828,192,0,3.4,0.5589,23514.8,116142.7701,20081.5401,-1530.6763,1732.6
centered_candidate_000350_c3aef13d,centered-gaussian,5,5,0.2,1731.6,147,62.4,4960.8,3156.7987,12355.2,2250,1398.8,33193.8,0.2,322.96,17.2,645.6,96048.4,4610,2774.2,280272.4,164.8,0,3.2,0.5029,21887.8,182597.3024,20148.3831,-1515.9993,1731.6
centered_candidate_000210_77c09bb2,centered-gaussian,5,5,0.2,1731,191,118,4877.4,3103.6192,12371.6,2652,1881.6,32601.2,0.2,332.44,17.8,642.2,78795,5289,3792.4,227126.8,174.4,0,3.2,0.5537,22547.8,147359.9126,19900.8738,-1433.8096,1731
centered_candidate_000483_7b5e0ab4,centered-gaussian,5,5,0.2,1731,191,69,4951.8,3192.5235,12217,2572,1410,32817.8,0.2,324.54,16.8,636.4,100190.4,5817,2390,292876.6,161.4,0,3.2,0.5411,21949,192000.577,20329.7033,-1527.2618,1731
centered_candidate_000047_b872a560,centered-gaussian,5,5,0.2,1730.6,121,57,5015.8,3265.4054,12028.2,1940,1242.6,32898.8,0.2,288.36,16.2,632,69930.8,3520,2099.6,204250.6,171,0,3,0.5631,22316.2,133904.3583,20655.2143,-1575.7027,1730.6
centered_candidate_000146_09d57fc2,centered-gaussian,5,5,0.2,1730.2,115,58.4,5024,3281.0118,12003.2,2006,1264.6,32848,0.2,289.46,16.2,628.2,90337.2,3702,2232,265333.8,155.4,0,2.8,0.6087,20717.6,174682.1894,20694.1672,-1582.1059,1730.2
centered_candidate_000232_67e414b1,centered-gaussian,5,5,0.2,1729.6,76,55.2,4955.2,3074.9459,12281,1539,1209.4,33254.6,0.2,306.8,17.2,643.8,59664,2841,1922.2,172506.4,178.8,0,2.8,0.6394,21860.2,110082.2303,19723.2769,-1482.2729,1729.6
centered_candidate_000397_d3a3d19e,centered-gaussian,5,5,0.2,1729.2,165,82.8,4950.4,3196.7006,12171.6,2438,1622,32551.6,0.2,320.22,16.8,636.4,74004.2,5398,3362.8,213482.6,189.6,0,3.8,0.522,25416.8,138969.0392,20132.0302,-1515.5503,1729.2
centered_candidate_000425_ab4cfae6,centered-gaussian,5,5,0.2,1728.8,109,47.8,5038,3294.7299,12004.6,1989,1132.6,33009.2,0.2,290.86,15.8,631.8,71417.4,3524,1989.8,208898,162.4,0,2.6,0.5644,19925.2,137149.3232,20809.6628,-1599.565,1728.8
centered_candidate_000059_af9f31ae,centered-gaussian,5,5,0.2,1728.6,119,46.8,5027,3275.4417,12001.8,1932,1089.2,33041.2,0.2,289.94,16,629.8,59555.6,3452,1829.6,173454.6,157.2,0,2.8,0.5462,20807.4,113313.8453,20754.7696,-1590.9209,1728.6
search_candidate_000106_c417c02e,random-phased,5,5,0.2,1727.4,92,72.6,4956.8,3134.8197,12134,1731,1452.8,32759.8,0.2,323.02,17,635.8,47084.4,3647,2944.6,133609.8,231.2,0,4.4,0.4489,28870.8,84710.3821,19900.5937,-1494.8098,1727.4
centered_candidate_000037_d12a61c6,centered-gaussian,5,5,0.2,1727,113,51.8,5013.2,3260.7679,11959.8,1909,1102.4,32843.4,0.2,294.64,16.2,625.4,81419.2,3593,1684,238992.2,168.2,0,3,0.6054,22179,156978.9992,20610.0348,-1578.584,1727
centered_candidate_000517_55ac7680,centered-gaussian,5,5,0.2,1724.4,159,96.2,4876.8,3077.5656,12360.6,2365,1752.6,32616.6,0.2,319.64,17.6,647,114167.8,4898,3165.4,333725.4,187.8,0,3.6,0.5568,25186.8,218069.9856,19651.2665,-1442.5828,1724.4
centered_candidate_000061_2d51970b,centered-gaussian,5,5,0.2,1723.6,120,82.4,4937.8,3154.7007,12168.6,2038,1590,32654.6,0.2,311.24,17,637.8,76767.6,3628,3024.4,222851.8,198,0,4,0.4815,26909,144676.5086,19959.0349,-1494.9503,1723.6
centered_candidate_000213_24bb5863,centered-gaussian,5,5,0.2,1723.4,111,67,4987.4,3245.9621,12133.4,1986,1450,32901.2,0.2,306.14,16.6,636.2,81382.4,3909,3035.6,237099.6,174.6,0,3.4,0.4939,23258.6,155388.1694,20573.1985,-1555.981,1723.4
centered_candidate_000166_b3366835,centered-gaussian,5,5,0.2,1723.2,85,45.6,4985,3166.4569,11978.2,1572,1001,32907.6,0.2,299.36,16.6,623.6,95950,2798,1618.4,282419,166,0,2.8,0.6219,19984.2,184453.7121,20053.6278,-1537.6285,1723.2
centered_candidate_000457_f895a10f,centered-gaussian,5,5,0.2,1721.8,122,49.6,4982,3210.8603,11969.6,1995,1114,32716.6,0.2,304.64,16.2,626.4,73225,3500,1918.4,213959.2,180.4,0,3.8,0.504,25468.6,139580.76,20259.6294,-1555.8302,1721.8
centered_candidate_000104_52a111f2,centered-gaussian,5,5,0.2,1721.6,62,31.4,5070.4,3332.2875,11676.6,1253,762.2,32985.2,0.2,264.74,15.2,615,56243.4,1822,949.6,165819.8,172.8,0,2,0.747,18671.4,108981.0055,21038.4256,-1634.7438,1721.6
centered_candidate_000223_b7a0240a,centered-gaussian,5,5,0.2,1721.6,68,42.8,5025.8,3251.4467,11917,1388,981.8,33116.2,0.2,300.64,16.2,621.2,55121.6,2397,1857,160417.6,165.2,0,3,0.5759,21872,104116.868,20661.8353,-1582.9234,1721.6
centered_candidate_000043_e0e3635c,centered-gaussian,5,5,0.2,1721.2,193,57.2,4930.8,3176.0954,12124.8,2806,1227,32570,0.2,327.34,16.8,630.6,82365.8,6378,2041.4,239300.4,172.4,0,3.2,0.509,21792.2,155936.5992,20128.609,-1530.8477,1721.2
centered_candidate_000083_34354cd2,centered-gaussian,5,5,0.2,1720.6,66,44.8,5050.2,3324.2292,11747.2,1395,1020.8,32824.6,0.2,279.12,15.2,616.4,83734.2,2450,1533.6,247169.2,150.8,0,2.2,0.7015,18083.2,163148.0407,21001.199,-1617.3146,1720.6
centered_candidate_000463_6a8c0ee1,centered-gaussian,5,5,0.2,1720.6,115,66.8,4932.4,3121.0647,12155.8,2103,1370,32677,0.2,316.46,17.2,634.4,116329,4446,2582.8,341357,194,0,3.8,0.4992,26356.6,223220.4107,19734.5753,-1493.7323,1720.6
centered_candidate_000171_a7844427,centered-gaussian,5,5,0.2,1720.2,124,67.4,4892.6,3048.0895,12175.6,2074,1327,32575.8,0.2,321.02,17.4,635.4,129771.8,4282,2515.8,381156.6,209,0,4.2,0.4763,27667.6,248888.3303,19445.6763,-1456.6447,1720.2
centered_candidate_000270_857be46f,centered-gaussian,5,5,0.2,1719.2,164,70.2,4899.8,3107.5938,12217.2,2479,1339.2,32722,0.2,316.92,17.2,638,71139.2,4905,2335.8,205875.8,177.6,0,3.4,0.5656,23501.2,133172.907,19864.2999,-1483.5969,1719.2
centered_candidate_000505_68850a62,centered-gaussian,5,5,0.2,1716.6,92,48,5002,3255.968,11937.8,1770,1110.2,32887.4,0.2,289.52,15.8,628,83591.6,3097,1903.4,245595.6,162.8,0,3.2,0.5291,22920,161241.8483,20615.7675,-1579.984,1716.6
centered_candidate_000096_9299d7f2,centered-gaussian,5,5,0.2,1716.4,66,48.2,5024.2,3283.4587,11819.4,1361,1137.4,32845.6,0.2,280.76,15.8,619,96332.4,2221,1721.8,284767.4,156.4,0,2.4,0.6129,19124.8,187834.0267,20758.4072,-1593.5294,1716.4
centered_candidate_000453_308af442,centered-gaussian,5,5,0.2,1716.4,77,55.2,4959.4,3154.4985,12061.8,1558,1201.8,32906,0.2,309.38,16.8,629.2,88688.6,3269,2244.4,259513.2,175,0,3,0.5421,22020.4,169026.7426,20029.9253,-1522.0492,1716.4
centered_candidate_000404_15bf8a3a,centered-gaussian,5,5,0.2,1715.6,119,65.8,4934.8,3161.1963,12065.8,2006,1362,32587.8,0.2,307.98,16.8,630.2,71163.8,3765,2106.4,206884.6,178,0,2.8,0.5695,20573.8,134115.988,19985.502,-1514.7982,1715.6
centered_candidate_000144_c5c62801,centered-gaussian,5,5,0.2,1715.4,121,113.8,4841.4,3021.0322,12300,2043,1964.8,32374.2,0.2,317.14,17.8,642.8,127792.6,3671,3576.4,374999.2,195,0,3.6,0.4711,24955.2,245502.6774,19309.6226,-1396.7161,1715.4
centered_candidate_000126_b3343341,centered-gaussian,5,5,0.2,1714.4,84,58,4997.4,3272.3635,11905.6,1682,1262.2,32731,0.2,295.14,15.8,624.8,58781.6,3414,2622.2,170284.4,164,0,3,0.4832,21727.2,111282.3483,20684.9417,-1578.1817,1714.4
centered_candidate_000293_21f206dd,centered-gaussian,5,5,0.2,1713,94,32.6,4921.4,3051.472,11835.6,1630,755.4,32514.2,0.2,296.66,16.8,616.4,88203.4,2979,930,259262.6,210.2,0,3.4,0.7006,25882,168015.8917,19437.9076,-1493.136,1713
centered_candidate_000173_1a473868,centered-gaussian,5,5,0.2,1712.8,82,39.4,4985,3207.2744,11830.4,1594,928.2,32714,0.2,297.54,16.2,618.8,62561.4,2741,1323.2,182925.8,197,0,3.4,0.6812,25076.8,118830.093,20279.4951,-1564.2372,1712.8
centered_candidate_000080_ac4f0e36,centered-gaussian,5,5,0.2,1712.4,84,61,4995.6,3277.8181,11833,1560,1223.6,32739.8,0.2,286.98,15.6,621.6,68255.4,2905,1889.8,200016.8,162.2,0,2.8,0.6504,20777.8,131450.531,20790.9071,-1577.909,1712.4
centered_candidate_000304_49320f47,centered-gaussian,5,5,0.2,1712.2,142,40.4,4935.8,3147.238,11971.4,2234,962.8,32642.6,0.2,304.64,16.6,624,145938.6,4090,1570,431774.2,171,0,3,0.6302,22029.6,284094.6693,19965.6173,-1533.219,1712.2
centered_candidate_000399_f015a3cd,centered-gaussian,5,5,0.2,1712.2,117,73.4,4923.4,3160.151,12113.8,1942,1437.6,32744.8,0.2,315.88,16.8,633.4,65007.4,3780,2722.6,187948.4,179.2,0,3.2,0.6112,23473.2,121736.2315,20136.7416,-1506.6755,1712.2
centered_candidate_000511_118166fc,centered-gaussian,5,5,0.2,1712.2,92,76.4,4966.4,3244.9274,11915.4,1775,1527.8,32431.8,0.2,291.02,16.2,627.4,61270.8,3170,2537.4,178106.6,200.6,0,3.2,0.5109,23300.4,116531.9905,20400.5723,-1546.0637,1712.2
centered_candidate_000479_cbd8adf9,centered-gaussian,5,5,0.2,1712,112,63.4,4930,3149.3467,12009,1795,1367.2,32585.6,0.2,315.38,16.8,626.4,143445.2,3544,2796.2,423298.2,195.8,0,4.6,0.5049,29921.4,278473.7743,19965.5794,-1511.2733,1712
centered_candidate_000086_b5a18a02,centered-gaussian,5,5,0.2,1711.6,90,60.2,4984,3257.2771,11904.2,1654,1354.2,32687.6,0.2,286.16,15.8,625,95463.4,2616,2386,281162,148.8,0,2.8,0.6273,20932.4,185285.0986,20613.3771,-1568.4385,1711.6
centered_candidate_000302_c3f4cfcf,centered-gaussian,5,5,0.2,1711.2,120,101.6,4911.4,3195.923,12079.8,2076,1771.8,32390.6,0.2,305.64,16.4,633.2,100982.8,4032,3518.2,295454.2,159,0,3.2,0.4764,21890.2,194372.2552,20238.4495,-1496.3615,1711.2
centered_candidate_000255_33368790,centered-gaussian,5,5,0.2,1710.8,102,44,4990.4,3258.7808,11836.6,1843,1038.6,32705,0.2,285.66,16,620.2,63731.2,3127,1502.8,186679.4,169.8,0,2.6,0.518,20311.8,122449.1252,20634.6018,-1585.3904,1710.8
centered_candidate_000313_4e7831ef,centered-gaussian,5,5,0.2,1710.8,91,68,4975.8,3260.119,11903,1708,1401.8,32605.4,0.2,289.62,15.8,624.8,105710.2,3071,2475.8,311576.2,152.4,0,2.6,0.5123,19072,205728.7393,20611.7579,-1562.0595,1710.8
centered_candidate_000470_a22fd2d4,centered-gaussian,5,5,0.2,1709.6,113,77.2,4921.8,3179.0506,11991.8,1973,1475.6,32393.8,0.2,300.64,16.6,628.8,84971.8,3674,2725.6,248228.4,191.8,0,3.4,0.5145,24433.6,162553.2584,20085.5249,-1512.3253,1709.6
centered_candidate_000504_a2a9bc0f,centered-gaussian,5,5,0.2,1709.6,95,46.8,4922.2,3098.492,12056.8,1708,1067.2,32852,0.2,306.12,16.6,633.8,88991.4,3628,1738.2,260625,197.2,0,3.4,0.5986,25013.2,169352.4474,19763.533,-1502.446,1709.6
centered_candidate_000260_a6e528eb,centered-gaussian,5,5,0.2,1709.2,58,41.4,5028.2,3315.9165,11631.6,1248,932,32719.4,0.2,268.88,15,611.4,72248.4,2002,1210,213538.6,151.4,0,2.8,0.6642,21125.8,141103.0891,21032.5896,-1616.5583,1709.2
centered_candidate_000246_e860639e,centered-gaussian,5,5,0.2,1708.8,250,40.2,4874,3119.1439,12107,3250,939.8,32573.8,0.2,329.72,16.8,630.4,101797.4,7718,1530,297352.8,173.8,0,3.6,0.4664,23759,194333.9676,20005.7385,-1519.372,1708.8
centered_candidate_000411_daa19ec5,centered-gaussian,5,5,0.2,1708.8,195,76.8,4870.4,3129.184,12187.8,2716,1529.6,32484.4,0.2,320.82,17.2,634.4,87116.6,5310,2709.6,253713.2,160,0,2.8,0.5114,20145.6,165954.483,19985.0233,-1487.792,1708.8
centered_candidate_000358_a54f50f4,centered-gaussian,5,5,0.2,1706.6,163,62.8,4871,3091.9227,12113.6,2532,1311.6,32408.4,0.2,322.54,16.8,636.6,56050,5115,2746.2,160059.2,215.4,0,4.6,0.4493,29891.8,102731.5644,19711.3677,-1483.1613,1706.6
centered_candidate_000282_c6da049e,centered-gaussian,5,5,0.2,1706,92,70.6,4949.8,3230.5657,11863.4,1716,1358.4,32482,0.2,293.74,15.8,624.8,78376.6,3399,2361.6,229346.6,186.8,0,3.2,0.5631,23399.4,150687.6055,20471.9251,-1544.6829,1706
centered_candidate_000213_2bceb18d,centered-gaussian,5,5,0.2,1705.6,213,63,4858.6,3118.541,12091.8,2864,1291.4,32296.8,0.2,325.78,17.2,629,46639.6,5644,2288.8,132169.6,190,0,3.8,0.433,25788.6,84673.369,19906.1478,-1496.2705,1705.6
centered_candidate_000079_9644d9bc,centered-gaussian,5,5,0.2,1705,150,73.8,4843.4,3048.5587,12112.8,2259,1350.2,32332.4,0.2,307.62,17.2,636.2,92564.2,4327,2239.2,270253.4,213.6,0,3.6,0.6151,26777.2,175859.685,19444.5317,-1450.4793,1705
centered_candidate_000193_5aa62744,centered-gaussian,5,5,0.2,1704.2,50,32.2,5027.6,3311.9401,11624.8,1190,806.2,32842,0.2,277.06,15,609.2,70612.6,2078,1237.2,208406,142.6,0,2.4,0.6645,18683.2,137431.2449,21021.6983,-1623.77,1704.2
centered_candidate_000331_f9261c19,centered-gaussian,5,5,0.2,1703.4,148,64,4885.6,3129.2314,12070,2474,1314.8,32420.2,0.2,309.52,17,631.4,92207.6,4929,2244,269352.2,188.6,0,3.6,0.572,25025.2,176024.037,19912.1054,-1500.6157,1703.4
centered_candidate_000268_7b12247b,centered-gaussian,5,5,0.2,1702.8,140,68.2,4902,3179.862,11918.4,2177,1327.2,32256.8,0.2,298,16.4,625,84946.8,4261,2489.2,248052.2,188,0,3.6,0.561,25032.4,162580.8559,20116.0469,-1521.731,1702.8
centered_candidate_000158_013ea44d,centered-gaussian,5,5,0.2,1700.8,64,47.6,4988,3279.6274,11682.4,1355,1028,32634.8,0.2,280.82,15.2,613.6,62287.8,2462,1573.4,182777,154.8,0,3,0.6464,21115,120230.0936,20836.0935,-1592.2137,1700.8
centered_candidate_000004_8f1db78e,centered-gaussian,5,5,0.2,1699.8,92,59.4,4913,3146.8327,11953.6,1725,1303,32581,0.2,308.12,16.4,623.4,82806.8,3135,2346.4,242396.8,156,0,3,0.5319,21429,158431.0178,20066.0534,-1514.0163,1699.8
centered_candidate_000392_22dcd2b8,centered-gaussian,5,5,0.2,1698.8,127,56.2,4886.4,3125.8106,11892.6,2019,1105.6,32325.8,0.2,300.12,16.6,620.6,113551.2,3741,1753.4,334711.2,178,0,3,0.6618,22638.6,219834.7756,19840.4098,-1506.7053,1698.8
centered_candidate_000464_8f5fcb7d,centered-gaussian,5,5,0.2,1697.8,94,50.4,4929.6,3190.6191,11831.8,1773,1117.6,32439.6,0.2,298.9,16,618.2,121163.6,3595,1785.2,357865,159.2,0,3,0.5618,20820,235829.9814,20210.76,-1544.9096,1697.8
general_top10-median-phased_ca6bca72,top10-median-phased,5,5,0.2,1697.6,94,90,4889.6,3162.4347,11878.8,1662,1621.6,32144,0.2,307.58,16.4,619.8,96089.2,3343,3080.6,281485.4,178.8,0,2.6,0.5271,20154.8,184777.6718,19946.9597,-1491.2173,1697.6
general_topN-median-phased_c512bd93,topN-median-phased,5,5,0.2,1697.6,94,90,4889.6,3162.4347,11878.8,1662,1621.6,32144,0.2,307.58,16.4,619.8,96089.2,3343,3080.6,281485.4,178.8,0,2.6,0.5271,20154.8,184777.6718,19946.9597,-1491.2173,1697.6
centered_candidate_000369_ec0f4e85,centered-gaussian,5,5,0.2,1697.4,106,98.8,4859,3118.3158,11998.2,1951,1801,32039.6,0.2,311.4,17,626.6,101006.6,3537,3145.4,295787.4,195.8,0,3.8,0.5102,26197.2,193849.0517,19698.161,-1460.3579,1697.4
centered_candidate_000093_bea55067,centered-gaussian,5,5,0.2,1697.2,172,78.6,4813,3033.0711,12036.2,2415,1551.8,31934,0.2,326.84,17.6,624.6,75904.2,5025,2629.2,219739.8,212.6,0,4.2,0.5362,28063.2,142239.3216,19219.8493,-1437.9356,1697.2
centered_candidate_000176_03deb7af,centered-gaussian,5,5,0.2,1697,91,46,4899.4,3104.7529,11823,1749,1045,32324.4,0.2,304.16,16.4,616.4,100083.4,3135,1809.4,294472.2,184.6,0,3.2,0.5724,23298.6,192525.6833,19706.0956,-1506.3765,1697
centered_candidate_000008_744ac2f5,centered-gaussian,5,5,0.2,1696.8,197,105.2,4778.6,3034.9508,12154.6,2758,1840.2,31847,0.2,329.36,17.6,630.6,105711,5623,3272.6,308281,177.2,0,3,0.5271,21579.2,201722.0462,19345.2743,-1412.2754,1696.8
centered_candidate_000229_caea32c6,centered-gaussian,5,5,0.2,1695.8,106,55.6,4934.8,3228.1825,11786.2,1934,1213.8,32328,0.2,293.22,15.8,618.8,80307.4,3504,2462.4,235048.8,177.2,0,3.6,0.5992,25026.6,154406.3745,20379.6865,-1558.4913,1695.8
centered_candidate_000031_6da354bb,centered-gaussian,5,5,0.2,1695.4,81,41.2,4922.8,3149.0316,11881.2,1562,939.8,32797.6,0.2,299.64,16.4,622,64671,2827,1409.2,188785.6,182.8,0,3.6,0.5757,25024.2,122026.2989,20156.3247,-1533.3158,1695.4
centered_candidate_000126_af008a94,centered-gaussian,5,5,0.2,1695.2,82,53,4915.2,3157.4895,11831,1507,1238.4,32392.4,0.2,307.52,16.4,617.6,125033.8,2570,2210.2,369362.2,193.6,0,3.8,0.5264,25788.6,242794.8177,19949.3282,-1525.7447,1695.2
centered_candidate_000170_92c59fe2,centered-gaussian,5,5,0.2,1694.6,89,76.4,4915.8,3212.2246,11806.8,1618,1487,32266.6,0.2,292.4,16,619,97853,3166,2760.8,287570.4,173.2,0,3.2,0.5368,22679.2,189428.9243,20325.8995,-1529.7123,1694.6
centered_candidate_000044_7f12d745,centered-gaussian,5,5,0.2,1694.4,82,35.8,4928,3156.4845,11707.2,1639,835.6,32417.4,0.2,294.8,16.2,609.8,127405.4,3463,1254.2,377133.8,182,0,2.6,0.635,20273.2,248092.2152,19994.8953,-1542.4423,1694.4
centered_candidate_000515_45a91e7a,centered-gaussian,5,5,0.2,1694.4,111,47,4897,3137.5697,11891.4,2017,1065,32447.4,0.2,308.76,16.6,622.4,84400,3956,1627,247297.4,206.2,0,3.6,0.5723,25505,161461.6859,20011.6257,-1521.7849,1694.4
centered_candidate_000053_dc2860ff,centered-gaussian,5,5,0.2,1693.6,124,59,4864.6,3104.1038,11932.8,2043,1150,32313.2,0.2,302.28,16.8,625,137408.8,3775,1726.6,406053.6,200,0,2.8,0.6995,22084.4,267092.0644,19742.3126,-1493.0519,1693.6
centered_candidate_000171_85a9ffef,centered-gaussian,5,5,0.2,1692.8,126,76.4,4871.6,3160.7952,11856,2117,1437.4,31982.8,0.2,304.14,16.4,619,116082.2,4013,2535.8,341547.2,178,0,3.6,0.5272,24613,224879.4618,19899.9604,-1503.9976,1692.8
centered_candidate_000464_14ba2a84,centered-gaussian,5,5,0.2,1692.2,75,48.4,4952.6,3249.4478,11650.2,1505,1097,32364.2,0.2,284.5,15.4,611,79431.4,2740,2004.6,233629.8,165.2,0,3.2,0.5559,22419.8,153990.2696,20595.6659,-1576.3239,1692.2
centered_candidate_000097_1f8f92c0,centered-gaussian,5,5,0.2,1692,113,70,4888,3179.1611,11891.6,2014,1441,32197.4,0.2,291.76,16.4,622.6,95328.2,3623,2350,279968.6,162.8,0,3,0.5623,21773.4,184284.2165,20139.1151,-1519.5805,1692
centered_candidate_000243_7683bb07,centered-gaussian,5,5,0.2,1692,75,66,4931.2,3229.0285,11824.8,1449,1314.2,32651.4,0.2,288.52,15.6,624,76452,2682,2146,224522.4,170.4,0,2.8,0.5867,20960.8,147802.5344,20672.1328,-1548.5143,1692
centered_candidate_000306_61871cd1,centered-gaussian,5,5,0.2,1691.4,83,41.6,4917.2,3161.4697,11799,1650,989.2,32492.6,0.2,297.38,16.2,617.4,88624.6,2752,1573.4,260829,182.2,0,3.4,0.5605,24567.2,170714.8741,20065.1107,-1539.1348,1691.4
centered_candidate_000373_77f79a90,centered-gaussian,5,5,0.2,1691.2,115,69.6,4883.8,3176.0792,11827.2,2008,1320.2,32136.8,0.2,302.82,16.2,619.6,75246,4314,2691.2,218806.2,189.6,0,3.4,0.573,23993.8,143221.2772,20116.0395,-1518.4396,1691.2
centered_candidate_000030_33ce99de,centered-gaussian,5,5,0.2,1690.6,95,79.2,4898,3204.7139,11832.2,1796,1536.6,32192.6,0.2,295,15.8,622.2,98643,3320,2782.4,289823.8,169.2,0,3.4,0.5394,23790.8,190980.2978,20304.7826,-1523.157,1690.6
centered_candidate_000064_603afaaa,centered-gaussian,5,5,0.2,1690.6,79,61.2,4925.4,3220.2655,11839,1596,1300.4,32564.2,0.2,294.3,15.8,621.2,76582.2,3006,2309.6,224273,152.4,0,2.6,0.5395,19392,147215.9719,20543.7471,-1548.9327,1690.6
centered_candidate_000411_6d594b9e,centered-gaussian,5,5,0.2,1690.6,78,41.4,4897,3107.9758,11832,1490,988.2,32592.2,0.2,310.74,16.2,618,74407.2,2494,1684.2,217676,182.2,0,3.8,0.5392,25354.6,140854.2372,19906.3578,-1512.5879,1690.6
centered_candidate_000473_843c7358,centered-gaussian,5,5,0.2,1690.4,157,93.2,4798,3052.7708,12012.4,2432,1712,31768.4,0.2,320.08,17.2,625,96587.2,4987,3215.8,281217.8,188,0,3.6,0.5366,24915.6,183419.8932,19325.4583,-1433.1854,1690.4
centered_candidate_000509_b846f14d,centered-gaussian,5,5,0.2,1689,101,50,4921.8,3220.0983,11670.6,1792,1111.8,32182.6,0.2,287.18,15.6,612,113407.4,2925,2035.2,335242.8,172.6,0,3.6,0.595,25086,221476.0696,20366.8315,-1560.0492,1689
centered_candidate_000435_f808412d,centered-gaussian,5,5,0.2,1688.4,119,45.8,4885.6,3142.727,11839.2,1947,1018.2,32443,0.2,296.48,16.4,618.4,75761.2,3468,1541.2,221929.6,167.8,0,3.2,0.5678,23131.4,144875.0187,20065.6352,-1525.5635,1688.4
centered_candidate_000166_410e582a,centered-gaussian,5,5,0.2,1688.2,112,80,4836.6,3080.71,12047.4,1884,1681.2,32263.6,0.2,313.64,17,628.2,121017.8,3378,2841.8,355894.6,163,0,3,0.5185,21259.4,233265.08,19669.726,-1460.355,1688.2
centered_candidate_000487_762b2424,centered-gaussian,5,5,0.2,1687.8,102,59,4894.8,3186.2994,11754.6,1948,1168,32128.4,0.2,285.92,16,616.4,89541.4,3547,1926.6,263084,171.6,0,2.6,0.6892,20579.8,173127.6161,20160.6943,-1534.1497,1687.8
centered_candidate_000102_0bdaec56,centered-gaussian,5,5,0.2,1687.6,108,61.6,4869.2,3126.0944,11950.4,1991,1332.2,32366.4,0.2,308.44,16.8,626.4,64378.2,3336,2352.6,186798.4,202.4,0,4,0.5152,27180,121096.821,19920.1776,-1501.4472,1687.6
centered_candidate_000151_db62c1f8,centered-gaussian,5,5,0.2,1687.6,84,60.6,4870.2,3107.3135,11831.4,1649,1284.8,32163.4,0.2,309.04,16.6,618,88360.2,3286,2093.8,258876.8,204.4,0,4.2,0.5071,28140.4,168899.7911,19679.978,-1493.0568,1687.6
centered_candidate_000276_62808af3,centered-gaussian,5,5,0.2,1687.6,81,39.6,4948.2,3249.7652,11585,1584,909,32356.4,0.2,281.06,15.2,609.8,71365.6,3075,1360,209959,181.8,0,3,0.6127,22842.8,138204.0311,20594.2655,-1585.2826,1687.6
centered_candidate_000280_cb84dc9d,centered-gaussian,5,5,0.2,1687.4,91,47.2,4920.8,3209.491,11726.6,1775,1021.6,32418.8,0.2,283.16,15.6,619.2,67934,3296,1548.8,199114.6,189.2,0,3.4,0.5764,24554,130644.9178,20409.921,-1557.5455,1687.4
centered_candidate_000356_f938c5fd,centered-gaussian,5,5,0.2,1686.8,118,51,4870.6,3126.1204,11910.8,1913,1146,32468.2,0.2,295.06,16.6,624,80283.6,3237,1651.2,235484.6,173.8,0,2.8,0.641,21065.8,153922.0382,20005.1638,-1512.0602,1686.8
centered_candidate_000047_f5ff9d8d,centered-gaussian,5,5,0.2,1686.6,122,61.8,4880.8,3181.8468,11805.4,1986,1246.4,32237,0.2,293.92,15.8,620.4,67363,3732,2345.4,196032.8,167,0,3.2,0.5556,22627.8,128395.177,20286.4092,-1529.1234,1686.6
centered_candidate_000099_6e2ac974,centered-gaussian,5,5,0.2,1686.6,127,45.6,4895,3188.461,11746.8,2159,1011.4,32195.8,0.2,283.54,16,615.4,77623,3761,1548.2,227724,162.4,0,2.6,0.6277,20247.6,149588.8293,20225.5449,-1548.6305,1686.6
centered_candidate_000203_a31fadbd,centered-gaussian,5,5,0.2,1686,121,47.4,4895,3187.7437,11699.8,1897,1087.6,32107,0.2,284.54,16,612.8,96063.2,3254,1625,283273.8,176.6,0,2.6,0.6707,20710.4,186584.8675,20125.8947,-1546.4718,1686
centered_candidate_000206_4c8502f5,centered-gaussian,5,5,0.2,1685.2,72,52.6,4924,3219.5051,11710,1463,1216.8,32376,0.2,287.14,15.6,617,51893.6,2471,2224.2,150768.8,185,0,3.4,0.5456,24572.4,98492.5317,20437.3716,-1557.1526,1685.2
centered_candidate_000224_ad638950,centered-gaussian,5,5,0.2,1684.6,94,61.8,4876.6,3145.8021,11897.4,1734,1264.8,32501.8,0.2,304.86,16.2,624.6,80182.8,3435,2009.2,234752,176.2,0,3.6,0.4843,24111.2,153379.2779,20112.9925,-1511.101,1684.6
centered_candidate_000005_1b66bd80,centered-gaussian,5,5,0.2,1684.4,126,41.4,4881,3148.0947,11741.2,2155,907.4,32222.8,0.2,300.26,16,616.6,73241.8,3893,1395,214485.4,204.2,0,3.4,0.5923,24546.2,140088.6455,19970.2326,-1532.6473,1684.4
centered_candidate_000150_e9210517,centered-gaussian,5,5,0.2,1684,276,64,4744.4,3011.686,12073.8,3437,1435.6,31666,0.2,326.4,17.6,627.4,135573.4,6770,2784.6,397714.2,191.6,0,3.4,0.5321,23409.4,261288.3583,19205.3311,-1441.843,1684
centered_candidate_000206_0b70713b,centered-gaussian,5,5,0.2,1683.2,112,44,4836,3038.3476,11848.6,2045,974.2,32232.2,0.2,305.26,16.8,619.8,97416.2,4156,1411.2,285996.6,210.2,0,3.8,0.6323,26860.8,186282.2448,19500.5898,-1475.1738,1683.2
centered_candidate_000279_96a74d39,centered-gaussian,5,5,0.2,1683.2,82,35.4,4940,3247.467,11663,1581,866.8,32645.6,0.2,278.34,15.2,614.4,86144.6,2719,1459,254426,152.6,0,2.8,0.547,20190.8,167995.7521,20817.2547,-1588.3335,1683.2
centered_candidate_000374_685aca01,centered-gaussian,5,5,0.2,1682.8,127,54.4,4874.6,3167.3712,11759.6,1973,1211.2,32138,0.2,292.48,16,616.6,96153.8,3540,1999.6,282895.6,174.2,0,3,0.5179,22198,186003.409,20074.1105,-1529.2856,1682.8
centered_candidate_000058_b07b4dfb,centered-gaussian,5,5,0.2,1682.6,65,53.8,4911.4,3200.4194,11661.6,1389,1227.4,32194.4,0.2,291.36,15.6,613,67017.8,2933,2195.6,195817.8,189.2,0,3.6,0.5444,25519.6,128328.3472,20216.5403,-1546.4097,1682.6
centered_candidate_000466_65516500,centered-gaussian,5,5,0.2,1682.6,112,65.4,4871.8,3177.3081,11754.8,1895,1387.8,31963.2,0.2,293.82,16,616.6,100521.6,3915,2408.8,295374.6,179.8,0,3.2,0.5794,23251.8,194560.1497,20084.3647,-1523.254,1682.6
centered_candidate_000426_d20b7d26,centered-gaussian,5,5,0.2,1682.4,94,42.8,4841.8,3041.455,11855.4,1803,964,32297.6,0.2,307.5,16.6,620.4,98079,3872,1525.6,287848,199.2,0,3.6,0.5982,24771.6,187438.5365,19443.5635,-1477.9275,1682.4
centered_candidate_000135_970c2fe3,centered-gaussian,5,5,0.2,1681.4,136,48.4,4846.2,3104.9618,11877.4,2245,1132.2,32232.4,0.2,308.5,16.4,620.6,124022.4,4153,2072.2,365596,169,0,3.6,0.5221,24583.6,240360.2396,19853.7408,-1504.0809,1681.4
centered_candidate_000169_ee9ee7c2,centered-gaussian,5,5,0.2,1681.2,77,40.2,4907.4,3187.3493,11725.4,1566,961.6,32469.2,0.2,289.3,15.8,616,59654.2,3005,1599.2,173991.6,174.8,0,3,0.6573,22258.2,113517.7575,20322.0768,-1553.4746,1681.2
centered_candidate_000344_6fd60b5a,centered-gaussian,5,5,0.2,1681,53,34.4,4955,3266.0244,11545,1225,844.6,32570.8,0.2,269.06,15,608.6,53983.6,2090,1118.8,158875.4,160.8,0,2.4,0.6582,18859.2,104675.6903,20883.8256,-1598.6122,1681
centered_candidate_000485_d48493f2,centered-gaussian,5,5,0.2,1679.4,68,49.4,4871.6,3113.061,11787.2,1445,1148.8,32388.6,0.2,304.04,16.4,615.4,93254.8,2409,2012.2,274363.4,182.6,0,2.8,0.5547,20978.8,179542.7536,19926.4414,-1507.1305,1679.4
centered_candidate_000085_283be732,centered-gaussian,5,5,0.2,1679.2,112,77,4841.8,3136.1151,11864.4,1885,1512.4,32145.6,0.2,313.78,16.6,618.6,121946.2,3853,2863.6,358945.8,179.8,0,3.4,0.4904,24152.2,236248.6759,20030.9277,-1491.0576,1679.2
centered_candidate_000243_7974baae,centered-gaussian,5,5,0.2,1679,97,56.4,4848,3097.9493,11839.8,1714,1216.6,32288.4,0.2,305.12,16.6,617.2,134685.2,3341,2009.8,398252.6,172,0,3.2,0.5328,21826.4,262254.8691,19773.3861,-1492.5746,1679
centered_candidate_000457_8f12c329,centered-gaussian,5,5,0.2,1679,117,30.8,4848.2,3070.9402,11821.6,2035,767.6,32447.4,0.2,301.2,16.4,617.4,89066,3596,1166.2,261833.8,168.6,0,2.6,0.5811,20012.8,170908.2205,19786.6095,-1504.6701,1679
centered_candidate_000340_bc4ab904,centered-gaussian,5,5,0.2,1678.4,73,46.8,4876.8,3131.0684,11807.8,1577,1072.4,32457,0.2,308.28,16.2,617.8,81970,3092,1841.8,240189,180.6,0,3.6,0.5008,24508,156629.0838,20013.5153,-1518.7342,1678.4
centered_candidate_000405_e8bbcafe,centered-gaussian,5,5,0.2,1677.8,116,42.2,4842,3084.041,11680,2011,961.2,31882.6,0.2,300.56,16.4,610.4,136665.2,3319,1407.6,404435,213.8,0,3.4,0.6001,25056.6,265698.4751,19505.7486,-1499.8205,1677.8
centered_candidate_000037_dc4dcc77,centered-gaussian,5,5,0.2,1677.6,86,57.4,4877.6,3177.3817,11801.6,1688,1161,32456,0.2,287.9,15.8,620.6,81179.6,3347,1923.4,238186.2,150.8,0,2.6,0.527,19298.4,156415.7678,20384.1506,-1531.2909,1677.6
centered_candidate_000222_ec8c192d,centered-gaussian,5,5,0.2,1677.4,90,48.2,4895.6,3204.391,11626.8,1649,1109.6,32124.4,0.2,279.9,15.4,611.2,101317.4,2694,1857,299374.6,160.6,0,2.8,0.5795,21072.4,197780.5191,20316.216,-1553.9955,1677.4
centered_candidate_000509_9b83352a,centered-gaussian,5,5,0.2,1677.2,112,60.6,4827.6,3080.8204,11930.8,1959,1199.2,32392.4,0.2,309.34,16.6,624.4,65720,3737,1943.2,190809.8,172.8,0,3.4,0.6022,23704.6,123324.8737,19783.262,-1479.8102,1677.2
centered_candidate_000147_64068930,centered-gaussian,5,5,0.2,1677,114,52.2,4875.4,3185.1259,11804.8,2024,1188.4,32350.4,0.2,291.66,15.8,621.2,72991.6,3356,2021,213734.8,159.6,0,3,0.5235,21479.6,140344.992,20365.2485,-1540.3629,1677
centered_candidate_000069_44fac524,centered-gaussian,5,5,0.2,1676.8,1632,199.6,3282.6,1375.8048,12812.2,13221,2579.2,23375.4,0.2,343.44,23,660,47309.4,34172,5220.2,103931.2,304,0,5,0.5971,36086.4,48683.9865,9205.9883,-488.3024,1676.8
centered_candidate_000286_0c1149cd,centered-gaussian,5,5,0.2,1676.8,118,66.6,4841.2,3146.8119,11811,1966,1313,32091.4,0.2,290.1,16.2,619.8,89772,3639,2157.8,263512,165.8,0,2.6,0.5082,20439,173369.343,20077.595,-1506.806,1676.8
centered_candidate_000148_e86bb3ec,centered-gaussian,5,5,0.2,1675.8,63,41.6,4878.2,3131.0278,11695.6,1288,963.4,32431.2,0.2,292.66,16,612.6,64394.4,2109,1355,188769.6,178.8,0,3,0.7006,22394.8,122808.5409,20087.5742,-1523.9139,1675.8
centered_candidate_000382_230f540b,centered-gaussian,5,5,0.2,1675.6,114,75,4843.4,3157.7586,11797,1938,1512.2,32000.6,0.2,294.54,16.2,618.2,87282.2,3441,2682,255808.8,167.2,0,3,0.6098,21543,168360.2945,20111.9721,-1503.8793,1675.6
centered_candidate_000489_56455cf8,centered-gaussian,5,5,0.2,1675,93,48,4889.4,3205.0703,11612,1803,1033.6,32068.2,0.2,289.08,15.4,609.2,96088.4,3443,1816.6,283158.2,165.2,0,2.8,0.5538,20165.8,186751.0215,20279.1679,-1554.5351,1675
centered_candidate_000175_35d3a8d4,centered-gaussian,5,5,0.2,1674.8,81,53,4851,3106.4737,11810.4,1554,1209.4,32342.8,0.2,306.54,16.2,619,75533.2,2988,2443.6,220359,183.6,0,3.4,0.5616,24144.4,143509.4443,19926.4602,-1500.2368,1674.8
centered_candidate_000218_8a1d5f36,centered-gaussian,5,5,0.2,1674,115,49,4867.8,3175.6793,11683,1899,1185.4,32053.6,0.2,291.04,16,612.2,95599,3661,2107.6,281194.8,180.4,0,3.4,0.6032,24392.6,185184.1623,20158.1012,-1538.8397,1674
centered_candidate_000370_c5766ba9,centered-gaussian,5,5,0.2,1673.8,219,69,4748.4,3028.2104,11994.8,2950,1472.2,31708.6,0.2,318.54,17.2,628.6,92632.4,5229,2499.2,270282.2,215.2,0,3.6,0.5634,25520.6,176786.103,19299.6922,-1445.1052,1673.8
centered_candidate_000435_cf116550,centered-gaussian,5,5,0.2,1673.8,119,62.4,4839,3145.7993,11783.6,1934,1320,32037.6,0.2,290.16,16,619.6,99423.4,3629,2055.2,292630.2,168.8,0,3.2,0.5247,22691,192825.8553,20034.0565,-1510.4997,1673.8
centered_candidate_000370_354f6d25,centered-gaussian,5,5,0.2,1673.6,65,44,4847.4,3070.766,11698.2,1327,1015,32178.8,0.2,296.94,16.2,612.8,114054.2,2145,1706.6,336981.2,197.2,0,3.2,0.6666,23917.4,220806.2346,19533.0846,-1491.383,1673.6
centered_candidate_000187_8d87bcd3,centered-gaussian,5,5,0.2,1673.4,67,46.2,4897.2,3203.4247,11609.8,1457,1029.4,32251.2,0.2,283.66,15.4,610.4,95024,2364,1579.2,280874.4,167.8,0,3,0.5358,21875.8,185287.8954,20384.8575,-1555.5124,1673.4
centered_candidate_000508_58a60927,centered-gaussian,5,5,0.2,1673.4,110,39.8,4871.4,3166.1754,11683.6,2015,977.8,32156.2,0.2,281.68,16,614.4,58316.4,3360,1447.6,170329.6,185.2,0,3.4,0.5389,24735.4,111367.1444,20135.1688,-1543.2877,1673.4
centered_candidate_000158_f21ba9c3,centered-gaussian,5,5,0.2,1672.8,90,84.2,4838.4,3154.6327,11767.4,1726,1627.8,31914.6,0.2,297.26,16,617,109026.2,3504,2952,320611.4,166.8,0,2.4,0.6082,18835.2,211317.7783,20051.2179,-1493.1164,1672.8
centered_candidate_000445_18ffee0e,centered-gaussian,5,5,0.2,1671.6,67,45.2,4827.8,3038.7618,11787.6,1561,1023.4,32287.4,0.2,303.54,16.6,615.2,111672,2895,1739.6,329430.4,183.8,0,3.6,0.4535,24862.8,215825.0692,19573.5706,-1474.1809,1671.6
centered_candidate_000387_da6c82f8,centered-gaussian,5,5,0.2,1671.4,40,30.2,4940.4,3261.3192,11332.6,905,720,32315.8,0.2,258.18,14.6,596,69094.2,1252,888.8,205010.8,153.2,0,2,0.7582,17901.2,135598.6114,20836.2225,-1600.4596,1671.4
centered_candidate_000403_76b65b2b,centered-gaussian,5,5,0.2,1671.4,196,62.4,4758.4,3032.5457,11927.4,2629,1353.6,31822.8,0.2,322.22,17,623.4,73351.4,4943,2383.6,212654.8,208,0,4,0.5045,26904.6,138192.3763,19406.0818,-1453.8729,1671.4
centered_candidate_000042_6bc86740,centered-gaussian,5,5,0.2,1670.8,92,37,4883.4,3186.3462,11595.2,1841,912.6,32129.8,0.2,279.16,15.4,610.4,75925.8,3437,1270.2,223390.4,169.6,0,2.4,0.6717,19589,146884.154,20227.7853,-1556.1731,1670.8
centered_candidate_000367_f1a7bbb3,centered-gaussian,5,5,0.2,1669.6,110,66.4,4837,3156.7736,11767,1844,1346.4,32149.4,0.2,288.26,16,617.6,61368,3251,2276.2,178715.8,154.2,0,2.4,0.6115,18898.4,117086.5245,20254.6379,-1511.9868,1669.6
centered_candidate_000086_14e37be8,centered-gaussian,5,5,0.2,1669.2,97,59.2,4850,3168.4932,11657.4,1829,1218.8,31919.4,0.2,290.32,15.8,610.6,105545.2,3432,2075.4,311106.4,164.2,0,3,0.5867,21181.6,205247.1924,20109.2702,-1525.0466,1669.2
centered_candidate_000179_29189125,centered-gaussian,5,5,0.2,1669,86,54.6,4861.8,3178.0972,11613.8,1627,1184.2,31974.4,0.2,287.58,15.6,608.8,87417.4,3020,2073.4,257082.8,163.8,0,2.6,0.5574,19914.6,169360.6004,20194.8897,-1534.4486,1669
centered_candidate_000327_507d9396,centered-gaussian,5,5,0.2,1668.8,90,61.8,4850.2,3167.1831,11701.6,1713,1339.8,32014.8,0.2,304.4,15.8,613.2,144483.2,3668,2520,427351.4,176.6,0,3.2,0.5598,23098.6,282604.5068,20174.0021,-1521.7916,1668.8
centered_candidate_000383_2865e3b1,centered-gaussian,5,5,0.2,1668.2,121,48.4,4838.2,3143.7022,11606.2,2078,1054.2,31756.4,0.2,286.6,15.8,609,132707.4,3726,1647.2,392878.6,183.2,0,2.8,0.6877,21809,259490.4513,19826.1663,-1523.4511,1668.2
centered_candidate_000508_da7facb9,centered-gaussian,5,5,0.2,1668.2,73,24.2,4887.4,3167.1831,11532,1501,634.2,32333.4,0.2,284.72,15.6,602.4,84698.4,2564,785.2,250331.6,162.2,0,2.2,0.7416,18306.2,164138.6194,20214.9871,-1559.3916,1668.2
centered_candidate_000377_c47d7b36,centered-gaussian,5,5,0.2,1668,137,63.6,4790.2,3077.2132,11863,2233,1236.6,32035.6,0.2,304.3,16.6,622.4,74433.2,4025,2050.4,217115.8,189.4,0,3.2,0.6484,23729.4,141858.3998,19733.806,-1475.0066,1668
centered_candidate_000125_68b1fc42,centered-gaussian,5,5,0.2,1667.8,62,32,4896.4,3197.3791,11480.6,1270,781.4,32215,0.2,278.22,15.2,600.8,92918.2,2324,1029,275087.4,149.4,0,2.6,0.6074,19628.6,181180.6094,20287.6168,-1566.6895,1667.8
centered_candidate_000199_7a825c28,centered-gaussian,5,5,0.2,1667.2,80,46.6,4879.6,3205.4371,11557.8,1587,1090,32060.4,0.2,281.3,15.2,607.4,120626,2463,1802,357578,155.2,0,3,0.603,21474,236725.4056,20403.4031,-1556.1185,1667.2
centered_candidate_000501_85f77a52,centered-gaussian,5,5,0.2,1667,124,82.4,4794.8,3120.6102,11805.6,1996,1503.6,31922.8,0.2,295.78,16.2,620.6,82317.8,3913,2523.8,240569,175.6,0,3.4,0.5784,23654.4,157969.5298,20034.5332,-1477.9051,1667
search_candidate_000405_85e79af6,random-phased,5,5,0.2,1667,46,32.2,4924.2,3254.0071,11274.8,1085,837,31913.6,0.2,275.72,14.8,592,42538.6,2052,1359.8,124265.6,199.2,0,3.2,0.6398,23457.2,81557.4488,20582.0454,-1594.8035,1667
centered_candidate_000268_6930551b,centered-gaussian,5,5,0.2,1666.8,79,45.2,4873.8,3189.2085,11546.6,1492,1042,32091.8,0.2,282.82,15.4,606.2,103332.4,2583,1889.6,305458,169,0,2.8,0.5712,21053.8,201746.5674,20332.7728,-1549.4042,1666.8
centered_candidate_000327_01770236,centered-gaussian,5,5,0.2,1666.8,111,80.2,4807,3123.1983,11802,1943,1537.4,31933.8,0.2,293.02,16.4,619.6,65718.8,3287,2717.4,191074.8,178,0,2.8,0.602,21319,124996.6432,19976.1062,-1481.3991,1666.8
centered_candidate_000352_6d95b0a8,centered-gaussian,5,5,0.2,1666.4,95,56.4,4803,3063.8856,11819.4,1761,1136.8,32158.8,0.2,298.44,16.4,621.4,102478,3475,1874.2,301419.6,189.8,0,3.6,0.5391,25547.4,197496.3731,19623.5807,-1475.5428,1666.4
centered_candidate_000425_3808cc44,centered-gaussian,5,5,0.2,1665.8,60,36.8,4873,3157.2884,11524.2,1334,838.4,32159.4,0.2,288.84,15.8,604.6,65509.4,2210,1130.4,192584.4,208.6,0,3,0.5712,23676.6,125707.5609,20099.8355,-1541.8442,1665.8
centered_candidate_000315_59b93d9b,centered-gaussian,5,5,0.2,1664.8,89,38.2,4871,3187.2489,11523,1624,892.4,32123.8,0.2,277.3,15.2,604.8,79912.4,2736,1370.6,235707.8,148.4,0,2.2,0.5951,17647.4,155255.6684,20352.358,-1555.4244,1664.8
centered_candidate_000520_2d2b314c,centered-gaussian,5,5,0.2,1664.6,92,46.6,4857.2,3176.8117,11644.6,1718,1046.8,32223.6,0.2,287.28,15.4,612.2,66859.4,3336,1840,195555.2,152,0,2.4,0.5256,18250,128343.4165,20387.8053,-1541.8059,1664.6
centered_candidate_000060_564ddf68,centered-gaussian,5,5,0.2,1664.4,126,67,4800,3120.003,11720.8,2068,1256.2,31851,0.2,288.24,16,616.6,60647.2,3434,1986.4,176420.8,176.2,0,3.2,0.6043,23075.8,115337.7186,19957.8227,-1493.0015,1664.4
centered_candidate_000266_d7b8f25b,centered-gaussian,5,5,0.2,1664,113,59.2,4820.6,3146.6685,11692.2,1992,1177.8,31908.2,0.2,285.06,16,614.2,78454.6,3613,1767.6,230035.4,170.2,0,2.8,0.7215,21512.2,151219.9719,20058.7428,-1514.1343,1664
centered_candidate_000041_2f346a9d,centered-gaussian,5,5,0.2,1663.8,39,27,4925.8,3259.6072,11235.4,841,656,32187.4,0.2,252.48,14.2,592.2,84978.2,1177,800.2,252957.4,149,0,2,0.7677,17550.6,167844.5603,20887.2617,-1602.8036,1663.8
centered_candidate_000050_52c53771,centered-gaussian,5,5,0.2,1663.4,119,43.2,4833.6,3143.6122,11617,1961,1016.8,31925,0.2,290.58,15.8,608.4,102002.8,3542,1533.2,300888.6,169.4,0,3.4,0.5544,23844.2,198040.6607,19988.5084,-1528.6061,1663.4
centered_candidate_000102_3c38094d,centered-gaussian,5,5,0.2,1663,78,61,4847.2,3172.5421,11723.4,1618,1317.4,32221.2,0.2,283.84,15.6,618,84795.2,2504,2097.4,249605.6,150.8,0,2.4,0.4835,18111,164380.4146,20336.6744,-1525.271,1663
centered_candidate_000259_623655f9,centered-gaussian,5,5,0.2,1663,60,30.6,4847,3097.152,11531.8,1376,753,32071.2,0.2,287.6,15.8,602.4,122810.4,2312,963.2,364265.6,174.6,0,2.6,0.657,20679,239579.743,19717.3394,-1517.976,1663
centered_candidate_000359_721e03a4,centered-gaussian,5,5,0.2,1663,119,47.4,4834.8,3157.6615,11612.4,1975,1027,31976.6,0.2,283.92,15.6,610.6,70396.6,3410,1604.2,206406.4,169.4,0,3.4,0.5621,23933,135510.834,20162.0591,-1531.4307,1663
centered_candidate_000073_8af27c08,centered-gaussian,5,5,0.2,1662.8,110,76.2,4803.6,3131.6555,11735.4,1980,1417.8,31875.6,0.2,293.36,16,617.8,88280.6,3485,2501.2,258951.2,183,0,3.2,0.5565,22808.6,170488.382,20023.0644,-1489.6277,1662.8
centered_candidate_000181_a6e18760,centered-gaussian,5,5,0.2,1662.4,50,31.2,4885.2,3186.1692,11494.4,1126,739,32362.2,0.2,275.58,15.2,604,80682,1732,1031.6,238697.2,158.6,0,2.6,0.6519,20603,156934.6032,20363.8288,-1561.8846,1662.4
centered_candidate_000136_708f6e3d,centered-gaussian,5,5,0.2,1662,107,88,4790.2,3117.5383,11765.8,1971,1618.8,31737.4,0.2,298.22,16.2,617.2,87017.2,3746,3070.8,254300.2,172.6,0,3,0.5001,21259.4,167154.2275,19852.6158,-1470.7692,1662
centered_candidate_000285_5bafaa82,centered-gaussian,5,5,0.2,1661.6,128,75.2,4783.6,3105.3459,11760,1977,1486.6,31793.2,0.2,302.72,16,620.8,64394.8,4179,3193.4,185861.4,206.2,0,3.4,0.5764,24501.4,121241.2685,19843.7069,-1477.4729,1661.6
centered_candidate_000468_3418952c,centered-gaussian,5,5,0.2,1661.6,83,34.4,4867.4,3183.877,11462.4,1534,796.6,32061.2,0.2,275.36,15.2,601.6,96188.2,2685,1098.8,284709.4,159.8,0,2.6,0.6585,19900.4,187719.183,20280.8994,-1557.5385,1661.6
centered_candidate_000510_ee96d286,centered-gaussian,5,5,0.2,1661.6,84,61.8,4840.4,3174.2216,11577.8,1609,1303,31802.2,0.2,287.86,15.6,610.6,65531.4,3031,2064.6,191536,203,0,3.2,0.7079,23987.8,125702.4962,20116.6622,-1525.3108,1661.6
centered_candidate_000084_823fbe83,centered-gaussian,5,5,0.2,1661.4,94,44.2,4842.4,3157.5111,11601.2,1782,973.4,32023,0.2,283.92,15.6,612.8,75344.4,3029,1387.6,221547,198.6,0,2.8,0.7037,22196.4,145538.4724,20102.027,-1534.5556,1661.4
centered_candidate_000396_8d9dbcf1,centered-gaussian,5,5,0.2,1661.2,76,64.8,4827,3137.1245,11698.6,1479,1362.4,32077,0.2,293.82,15.8,617,65407.4,2662,2316.8,190908.8,190,0,3.2,0.5322,23154,124863.1119,20065.4248,-1503.7623,1661.2
centered_candidate_000131_fcb5879f,centered-gaussian,5,5,0.2,1661,50,34.6,4894.4,3221.5422,11415.6,1185,822.8,32223.8,0.2,272.52,14.8,601.2,71196.4,1956,1130.4,210425.6,160.8,0,2.4,0.612,18829.6,138802.2811,20639.3269,-1576.1711,1661
centered_candidate_000348_a943e069,centered-gaussian,5,5,0.2,1660.8,66,33.2,4882.6,3207.1794,11458.8,1418,836,32138,0.2,274.52,14.8,603.6,96748.6,2527,1134.8,286691.8,152.2,0,2.6,0.6089,19843.8,189527.681,20478.5218,-1570.3897,1660.8
centered_candidate_000230_3dcb2c17,centered-gaussian,5,5,0.2,1660.6,56,43.4,4874.8,3197.7745,11446.6,1134,1001.8,32058.2,0.2,276.8,15.2,600.8,86806.2,1745,1550.2,256819.4,166.2,0,2.2,0.6773,18347.4,169502.7125,20362.8988,-1555.4873,1660.6
centered_candidate_000292_f8f431bc,centered-gaussian,5,5,0.2,1660.4,85,51.8,4849,3181.3377,11479.4,1619,1123.8,31759.2,0.2,282.54,15.4,603.4,95023,2650,1717.6,280764.8,188.2,0,3,0.6292,23151.6,185497.1487,20159.7295,-1538.8688,1660.4
centered_candidate_000365_2da463d9,centered-gaussian,5,5,0.2,1660,69,52.2,4856.2,3185.5363,11535,1472,1171,31981,0.2,279.8,15.4,609,63012,2431,1759.8,184854.8,193.2,0,3.2,0.61,23592.4,121548.8405,20339.7653,-1540.5682,1660
centered_candidate_000060_44e132bd,centered-gaussian,5,5,0.2,1659.6,89,57.2,4782,3037.3148,11828.2,1732,1245.8,32092,0.2,307.16,16.8,620.4,64847.6,3146,2170.8,188221.8,207,0,3.8,0.5497,26592.8,121457.1402,19494.1272,-1461.4574,1659.6
centered_candidate_000175_6b2515d5,centered-gaussian,5,5,0.2,1659.4,64,42.6,4866.8,3192.3709,11456.2,1338,993.8,31992,0.2,281.66,15.2,600,80612.6,2262,1663.8,237759.6,156.8,0,2.4,0.603,19162,156723.8696,20351.8205,-1553.5855,1659.4
centered_candidate_000088_76a6d2a4,centered-gaussian,5,5,0.2,1658.6,72,35.6,4869.8,3197.2786,11397.2,1476,830,31943.4,0.2,271.34,15,597.4,104411.2,2373,1093.6,309823,147.6,0,2.2,0.6958,18176.2,204979.2388,20349.9008,-1563.0393,1658.6
centered_candidate_000259_d498951d,centered-gaussian,5,5,0.2,1658.2,92,46,4840.6,3166.5114,11564,1731,1079.4,31926,0.2,286.5,15.6,605,109871.8,2982,1797,324879.4,151.8,0,2.8,0.645,20457.2,214581.7674,20139.5169,-1537.2557,1658.2
centered_candidate_000263_5a97ee65,centered-gaussian,5,5,0.2,1658.2,109,57,4788.4,3082.6065,11669.4,1808,1204.8,31783.6,0.2,307.08,16.2,608.4,167074.4,3241,1971.8,495435.4,175,0,3.2,0.5471,21891.8,327204.4105,19662.8742,-1484.3033,1658.2
centered_candidate_000245_7ae31d09,centered-gaussian,5,5,0.2,1657.8,66,47.2,4853.6,3180.1757,11496.2,1318,1071.4,32011.6,0.2,290.32,15.2,604,64579.6,2600,2227,188750,176.2,0,2.8,0.4942,20297.4,123823.1417,20334.7307,-1542.8879,1657.8
centered_candidate_000284_c944303a,centered-gaussian,5,5,0.2,1657.4,120,55.8,4799.8,3117.0622,11691.2,2083,1193.8,31885.2,0.2,296.14,15.8,617.2,60843.4,4226,2019,176626.2,197.4,0,3.8,0.5397,25993.4,115234.7965,19918.3332,-1502.7311,1657.4
centered_candidate_000054_518e2139,centered-gaussian,5,5,0.2,1657.2,84,59.6,4820.6,3144.0173,11544.2,1533,1278.8,31725.4,0.2,285.96,16,603.2,100469,2783,2255.8,296272.2,176.6,0,3,0.5492,22673.4,195466.599,19968.689,-1512.4086,1657.2
centered_candidate_000034_1e3b0d26,centered-gaussian,5,5,0.2,1656.6,156,92,4709.8,3004.9558,11884,2370,1659.4,31547.4,0.2,316.56,17,621.2,121997.4,4590,3227.2,357821.6,194.6,0,3.4,0.5476,23759.6,234740.0704,19223.0449,-1410.4779,1656.6
centered_candidate_000136_baa1cc1f,centered-gaussian,5,5,0.2,1656.4,114,47.2,4787.6,3070.9191,11647,1954,1060,31797.4,0.2,308.78,16.2,609.6,90005,3624,1695.2,264276.6,206.2,0,3.2,0.5438,23712.8,172806.9629,19585.2059,-1488.2596,1656.4
centered_candidate_000293_abd6c3c9,centered-gaussian,5,5,0.2,1656.4,67,35,4819,3077.3864,11605.6,1343,875,32165,0.2,300.02,16,606,112324.2,2488,1370.8,332055.4,176,0,2.4,0.632,19318,217729.418,19731.6805,-1503.6932,1656.4
centered_candidate_000299_74bba7d0,centered-gaussian,5,5,0.2,1656.4,95,58,4805.4,3122.5391,11574.6,1720,1156.6,31726,0.2,290.46,15.6,606.8,130239,3221,1779.2,385521.4,165.4,0,3,0.5146,21734.6,254541.6159,19841.078,-1503.2696,1656.4
centered_candidate_000294_5956bebd,centered-gaussian,5,5,0.2,1656,89,74.2,4803.8,3141.5171,11607.6,1705,1524.2,31585.4,0.2,289.5,16,609.6,79958,2997,2600.8,234233.2,192,0,3.4,0.5687,24476.8,154139.2778,19909.0608,-1496.5585,1656
centered_candidate_000068_c1220dd4,centered-gaussian,5,5,0.2,1655,94,51.2,4823.8,3154.0962,11529.2,1798,1157,31706.2,0.2,284.92,15.6,604.6,117103,3241,1854,346450.2,170.4,0,2.4,0.631,19425.2,229050.8741,19986.8074,-1525.8481,1655
centered_candidate_000117_e6e2d19e,centered-gaussian,5,5,0.2,1655,93,57.8,4813,3144.0859,11484,1690,1258,31469.2,0.2,288.28,15.8,601.6,113849.6,3243,2195.4,335999.2,197.6,0,3,0.6766,23100.4,221778.5291,19812.337,-1514.243,1655
centered_candidate_000462_4fada269,centered-gaussian,5,5,0.2,1654.8,81,64.8,4820.8,3161.6106,11591,1708,1322.2,31808.8,0.2,292.7,15.4,608.4,92961.6,3169,2540.4,273231,155.4,0,3.4,0.5027,23428.6,180087.0059,20142.2305,-1516.0053,1654.8
centered_candidate_000469_e6d8c928,centered-gaussian,5,5,0.2,1654.6,64,42.8,4852,3181.7752,11479.4,1429,958.8,31995.6,0.2,280.8,15.2,603.8,77479.6,2709,1426.2,228374.6,168.2,0,3.8,0.4684,25525.2,150466.4872,20267.8026,-1548.0876,1654.6
centered_candidate_000213_9098bef4,centered-gaussian,5,5,0.2,1654.4,145,60.8,4751,3054.9622,11761.8,2255,1294.2,31717,0.2,313.74,16.4,617.4,75990.2,4417,2542.6,220792.2,208.4,0,3.8,0.5402,26611.8,143869.7935,19595.3559,-1466.6811,1654.4
centered_candidate_000494_60e00693,centered-gaussian,5,5,0.2,1654,85,67.8,4807,3141.5413,11581.6,1667,1390.6,31687.8,0.2,292.42,16,606.8,105391.8,3319,2665.6,310255,188.2,0,3.4,0.5207,24565.2,204661.9036,19981.6097,-1502.9706,1654
centered_candidate_000365_0ef4a2c0,centered-gaussian,5,5,0.2,1653.4,66,45,4831.6,3144.6162,11518.6,1423,1098,31857.6,0.2,290.3,15.6,602.4,142923.6,2639,1927.2,424017.4,164.2,0,2.6,0.6194,19872.6,280473.9651,19985.663,-1527.3081,1653.4
centered_candidate_000355_6df16b44,centered-gaussian,5,5,0.2,1652.6,100,91.4,4746,3060.0113,11640,1751,1680.4,31299.4,0.2,295.98,16.4,609.2,172664.4,3098,2938.8,511537,196.2,0,3.4,0.5708,24051.8,338189.4603,19348.7886,-1438.6056,1652.6
centered_candidate_000458_e902836f,centered-gaussian,5,5,0.2,1652,79,68.4,4801.4,3136.55,11652.8,1595,1396.2,31905.2,0.2,291.54,15.8,611.8,80359.6,2721,2599.4,235590.8,161.2,0,2.6,0.5779,19744.4,154920.7266,20116.6643,-1499.875,1652
centered_candidate_000106_a5f7018c,centered-gaussian,5,5,0.2,1651.8,40,31.2,4852.6,3151.2688,11424.2,949,775.2,32172.4,0.2,280.54,15.2,600.8,78893.2,2060,1035.4,233094.4,180.2,0,2.6,0.6721,21227,153066.011,20166.8543,-1544.4344,1651.8
centered_candidate_000291_d7ec2282,centered-gaussian,5,5,0.2,1651.8,35,29.4,4890,3235.1035,11139.4,817,743,31832.2,0.2,252.54,14.2,586.8,48579.2,1037,910.2,143728.8,160,0,2.2,0.7787,19134.6,95006.5921,20626.9974,-1588.1518,1651.8
centered_candidate_000023_0e831366,centered-gaussian,5,5,0.2,1651.6,92,51.8,4797.2,3105.6724,11674,1661,1201.2,32029.6,0.2,294.64,15.8,614.4,80723,3134,2009.6,236773,173.8,0,2.6,0.5621,19184.6,155168.7571,19944.0583,-1501.0362,1651.6
centered_candidate_000125_0e46d367,centered-gaussian,5,5,0.2,1651.6,106,77.6,4772.8,3115.237,11713.6,1920,1517.6,31740,0.2,300.86,15.8,617.8,82072.2,3482,3261,239421.8,185.2,0,3.4,0.5203,23599,157171.589,19950.1981,-1480.0185,1651.6
centered_candidate_000328_43151ead,centered-gaussian,5,5,0.2,1651.6,59,49.4,4838.8,3171.2692,11441.8,1240,1120,31877.2,0.2,279.62,15.4,599.2,69605,1988,1955.4,204647.2,161.8,0,2.6,0.7312,20638.6,134693.2572,20244.6697,-1536.2346,1651.6
centered_candidate_000450_ea515aa7,centered-gaussian,5,5,0.2,1650.8,95,39.8,4825.8,3163.2022,11475,1771,936,31833.8,0.2,278.4,15.4,602.6,67859.8,2965,1471,199273.8,165.2,0,2.2,0.6865,19074,131096.7273,20197.5959,-1541.8011,1650.8
centered_candidate_000507_9b69c064,centered-gaussian,5,5,0.2,1650.4,111,66,4776.2,3112.401,11532.4,1848,1406,31346.6,0.2,294.14,15.8,604,159426.8,3142,2677,472344.4,185.4,0,3,0.616,22641.6,312608.9305,19684.0266,-1490.2005,1650.4
centered_candidate_000378_3c6e0481,centered-gaussian,5,5,0.2,1649.6,52,31,4866.6,3208.727,11217.4,1092,779.2,31770,0.2,261.26,14.6,589.4,75543.8,1517,904,224123,160.8,0,2.4,0.7758,19497,148174.6942,20399.5949,-1573.3635,1649.6
centered_candidate_000351_cc4bfc72,centered-gaussian,5,5,0.2,1649.4,80,64.6,4794.8,3129.3818,11607.2,1608,1317,31837.6,0.2,291.78,15.8,609,87238.6,3068,2347.6,256234.2,168,0,3,0.561,21806.2,168654.0536,20048.1985,-1500.0909,1649.4
centered_candidate_000244_168eefe8,centered-gaussian,5,5,0.2,1649.2,61,34.6,4855.8,3199.926,11344,1194,811.6,32058.8,0.2,273.1,14.6,597,95070,2207,1277.8,281817.6,151,0,2.6,0.5693,19508.6,186458.6804,20581.2035,-1565.363,1649.2
centered_candidate_000293_004548f4,centered-gaussian,5,5,0.2,1649.2,116,48.8,4743.4,3016.793,11650.2,1872,997,31738.4,0.2,298.92,16.4,609,132979.6,3409,1638.6,393212.6,186.6,0,3.4,0.6341,24708.2,258780.138,19395.6604,-1459.5965,1649.2
centered_candidate_000274_3881a71c,centered-gaussian,5,5,0.2,1649,126,97.4,4714.4,3040.6901,11797.2,1952,1786.8,31503.4,0.2,315.5,16.6,619.4,90918.4,3979,3282,265339.4,209,0,4,0.5349,27732,173906.774,19449.0109,-1422.9451,1649
centered_candidate_000084_23361309,centered-gaussian,5,5,0.2,1648.8,61,23,4863.8,3198.2045,11267,1352,617.2,31900.2,0.2,261.3,14.8,590.4,100253.6,2236,689.2,298007,142.8,0,2,0.667,16772,197263.521,20376.5494,-1576.1023,1648.8
centered_candidate_000442_13c1d071,centered-gaussian,5,5,0.2,1648.6,89,44.4,4814.2,3148.3221,11516.2,1686,1050,31810.2,0.2,291.7,15.4,606,92881.8,2915,1839.6,273713.6,184.2,0,3.2,0.5958,23421.2,180205.5009,20038.6606,-1529.7611,1648.6
centered_candidate_000180_89a0a5ee,centered-gaussian,5,5,0.2,1648.4,63,41.6,4838.6,3181.3374,11347.4,1291,950.4,31764,0.2,272.96,15,596.8,88366.4,2343,1421.4,261318.4,173.2,0,3.2,0.6507,23751.6,172710.7582,20282.8406,-1549.0687,1648.4
centered_candidate_000444_9dbc09d3,centered-gaussian,5,5,0.2,1648.4,58,28.4,4858.6,3197.3622,11271.2,1273,740.6,31810.6,0.2,267.46,14.8,594.4,82140.2,2015,975.2,243381.6,189,0,2.8,0.6734,21953.6,160741.6789,20334.6334,-1570.2811,1648.4
centered_candidate_000283_edef1316,centered-gaussian,5,5,0.2,1648.2,82,50.4,4800.8,3128.1055,11523.6,1643,1083.4,31728.4,0.2,286.5,15.6,606.4,86246.2,3022,1640,253855.4,187,0,3.6,0.6106,25225.2,166974.1059,19913.215,-1513.6528,1648.2
centered_candidate_000139_a94723a9,centered-gaussian,5,5,0.2,1648,38,31,4834.8,3125.0532,11411.8,858,754.8,32179.4,0.2,281,15.2,599,100548.6,1326,967.8,298363.4,168.4,0,2.2,0.7661,18455.2,196220.2059,20087.9843,-1531.5266,1648
centered_candidate_000014_8575790e,centered-gaussian,5,5,0.2,1647.6,106,46.4,4796,3132.3498,11526.2,1950,1058.4,31655.8,0.2,287.36,15.6,607,82744.8,3474,1814.4,243025.6,191.6,0,2.8,0.5534,21874.8,159870.1327,19922.3341,-1519.7749,1647.6
centered_candidate_000159_2271f157,centered-gaussian,5,5,0.2,1647.2,111,65.4,4762,3093.5778,11564.2,2060,1331.4,31363.4,0.2,294.08,16,606.8,114122.6,3835,2255.8,336441,197,0,3.6,0.5205,25742,221913.6114,19582.3208,-1481.3889,1647.2
centered_candidate_000194_7c8fa448,centered-gaussian,5,5,0.2,1647.2,94,31,4821.6,3153.6001,11483.4,1711,845.8,31976.4,0.2,281.94,15.2,604.8,84970,3322,1243.8,250618,167.4,0,2.8,0.6619,21658.8,165155.0081,20225.8096,-1545.8,1647.2
centered_candidate_000514_5cc2d7a9,centered-gaussian,5,5,0.2,1647.2,85,63,4794,3141.4258,11594.4,1682,1345,31784,0.2,289.18,15.6,610.8,112370.6,3259,2266.8,331664,175.6,0,3,0.5982,22099.6,219078.2816,20114.5213,-1507.7129,1647.2
centered_candidate_000352_e4dde793,centered-gaussian,5,5,0.2,1647,109,36.6,4805.4,3140.2,11488.8,1866,909.4,31817,0.2,279.82,15.6,605.6,66297,3482,1370,194305.4,195.4,0,3.2,0.6585,24205.8,127585.7897,20118.1609,-1533.5,1647
centered_candidate_000384_aa97a97c,centered-gaussian,5,5,0.2,1647,103,29.8,4819.4,3153.2122,11347,1934,721.2,31603.6,0.2,271.5,15.4,595.8,158773.8,3237,883.4,472590.2,187.4,0,2.6,0.7545,21585,313232.6885,19992.4654,-1546.8061,1647
centered_candidate_000082_263a9767,centered-gaussian,5,5,0.2,1646.6,112,58.2,4773,3113.3288,11640.6,1957,1162.2,31846.8,0.2,286.84,15.6,614,68866.6,3450,1687.4,201523.6,164.2,0,3.2,0.5442,23066.4,132109.5171,20023.1914,-1498.4644,1646.6
centered_candidate_000231_578a5f40,centered-gaussian,5,5,0.2,1646.6,92,48.8,4797,3127.3827,11572,1649,1146,31871,0.2,293.2,15.6,608.4,103298.4,3014,1980.4,304841.2,176,0,2.8,0.6053,20604.2,200938.6774,19999.2012,-1514.8914,1646.6
centered_candidate_000323_41fd29ee,centered-gaussian,5,5,0.2,1646.6,87,49.2,4797.6,3126.8902,11541.4,1684,1032.8,31905.4,0.2,286.66,15.4,607.4,82945.8,3210,1611.8,244075,166.4,0,3,0.544,21550.8,160534.5397,20104.2223,-1514.2451,1646.6
centered_candidate_000441_43ad5dc7,centered-gaussian,5,5,0.2,1646,50,44.4,4836.2,3176.5499,11405.6,1143,1094,31881.4,0.2,282.32,15.2,597.8,70275.4,2069,1625.2,206974.2,161.4,0,2.4,0.6843,19576,136275.9993,20304.9235,-1543.8749,1646
centered_candidate_000174_e7951815,centered-gaussian,5,5,0.2,1645.4,38,36.8,4857,3204.8121,11141.8,849,822.2,31706.8,0.2,257.42,14.4,585.8,108424,1323,1126,322796.8,162,0,2.6,0.8137,20684.4,214253.0687,20488.3458,-1565.6061,1645.4
centered_candidate_000004_20156c94,centered-gaussian,5,5,0.2,1645.2,71,45.8,4819.6,3165.4357,11404.4,1488,1019.4,31736.6,0.2,278.1,15.2,598.4,97305.8,2390,1542,287999.8,160,0,3,0.5607,21730.8,190423.2494,20208.8204,-1536.9179,1645.2
centered_candidate_000367_af699111,centered-gaussian,5,5,0.2,1645.2,80,51,4782.6,3094.4318,11575.4,1559,1152.8,31834.4,0.2,305.84,15.8,605.2,86670.2,2810,2120.8,254465.4,174.8,0,3.4,0.5523,23420,166732.5411,19844.4525,-1496.2159,1645.2
centered_candidate_000026_210b7675,centered-gaussian,5,5,0.2,1645,94,34.6,4811.2,3145.6873,11423.8,1738,850.4,31787,0.2,277.14,15.2,599.2,91877,3296,1184.4,271492.4,150.4,0,2.4,0.6009,18684.6,179084.4797,20085.5415,-1538.2437,1645
centered_candidate_000445_a32aeb19,centered-gaussian,5,5,0.2,1644,75,45.8,4807,3145.6018,11523.8,1599,1062.6,31893,0.2,292.22,15.4,607.6,128569.2,3267,1851.4,380670.4,188.8,0,3.4,0.6298,24390.4,251570.8623,20127.1096,-1527.0009,1644
centered_candidate_000127_3be52f26,centered-gaussian,5,5,0.2,1643.6,87,47.2,4797.4,3135.8204,11516.4,1619,1091.6,31871.2,0.2,284.86,15.6,605,93460.8,2626,1614,276119.6,170.4,0,3,0.5946,21927,182152.1517,20146.5564,-1520.7102,1643.6
centered_candidate_000381_9a312b70,centered-gaussian,5,5,0.2,1643.2,56,41,4827.4,3173.941,11289,1232,971,31619,0.2,270.14,15,591.2,91421,1906,1422.8,270846.4,154.6,0,2.6,0.6328,20237,179180.9593,20202.1504,-1545.9705,1643.2
centered_candidate_000074_4c71728d,centered-gaussian,5,5,0.2,1642.8,83,63.4,4778.8,3121.6635,11490.6,1664,1258.2,31552.6,0.2,290.14,15.4,602.6,131096.6,3288,2163.8,387902,161.8,0,3.2,0.4903,22659.6,256439.4853,19872.289,-1497.4317,1642.8
centered_candidate_000497_25ce536f,centered-gaussian,5,5,0.2,1642.8,154,69.8,4703.4,3031.5551,11684.6,2298,1358.4,31394.8,0.2,313.68,16.4,612.8,88057.2,4541,2454.6,256993.4,212.2,0,3.8,0.4942,25976,167985.8521,19443.9014,-1445.9776,1642.8
centered_candidate_000226_8fe0b383,centered-gaussian,5,5,0.2,1642.4,112,55.4,4763.2,3098.011,11531.8,1970,1268.2,31433.4,0.2,295.36,15.8,605.8,84873.6,3813,2277.4,248662.2,196.2,0,4,0.5308,26691.2,163274.0151,19676.4757,-1493.6055,1642.4
centered_candidate_000272_f17d409c,centered-gaussian,5,5,0.2,1641.8,127,68.6,4732.2,3068.8043,11709.4,2195,1427.4,31589.6,0.2,307.42,16,615.4,82068.6,4107,2342.6,239834,177.6,0,3.4,0.5439,23467.4,157122.2639,19700.8774,-1465.8021,1641.8
centered_candidate_000326_3b61810f,centered-gaussian,5,5,0.2,1641.6,45,40.4,4831.8,3176.7482,11300.4,1121,942.2,31767,0.2,280.06,14.8,593,126506.8,1885,1696.8,375805,163.4,0,2.4,0.6204,18812.2,249017.3742,20282.8166,-1547.9741,1641.6
centered_candidate_000502_a352c827,centered-gaussian,5,5,0.2,1641.6,63,44,4802.6,3132.9256,11475.2,1255,1028.8,31943.6,0.2,278.14,15.2,603.4,75795.2,1900,1623,223432.8,146.8,0,2.4,0.5728,19037.4,146939.271,20128.718,-1522.4628,1641.6
centered_candidate_000459_997aa923,centered-gaussian,5,5,0.2,1641.4,57,46.4,4816.8,3167.323,11275.6,1305,999.8,31520.2,0.2,277.12,15,593,74485.6,2152,1599,219701.4,193,0,3.6,0.6464,25696.2,144976.1772,20131.6115,-1537.2615,1641.4
centered_candidate_000008_bb9421d5,centered-gaussian,5,5,0.2,1641.2,59,51,4810,3160.4202,11391.2,1295,1133.4,31696.6,0.2,276.78,15.2,600.2,113032.2,2200,1590.8,335295.4,182.2,0,3.4,0.7093,24809.6,221963.8476,20163.8275,-1529.2101,1641.2
centered_candidate_000339_6472840c,centered-gaussian,5,5,0.2,1641.2,54,40.8,4825.4,3172.9372,11333.6,1289,924,31795.8,0.2,275.12,14.8,595.2,94612.8,2361,1469.8,280135.8,148.8,0,3,0.5235,21514.2,185280.6485,20301.2159,-1545.6686,1641.2
centered_candidate_000084_45860326,centered-gaussian,5,5,0.2,1641,74,53.4,4792.4,3142.5428,11474.8,1500,1165,31753.2,0.2,287.94,15.4,602.6,99312.8,2774,2218.2,292921.6,169,0,3,0.5853,22270,193478.9672,20205.7461,-1517.8714,1641
centered_candidate_000026_1b5a292a,centered-gaussian,5,5,0.2,1640.6,80,52.8,4790.6,3141.2372,11508.6,1596,1156.6,31834.4,0.2,277.7,15.4,605.4,88185.2,2655,1802,260231,151,0,2.4,0.6335,18936.6,171871.3337,20225.7637,-1517.8186,1640.6
centered_candidate_000265_77b39be9,centered-gaussian,5,5,0.2,1640.6,95,75.4,4738.6,3074.3708,11630.2,1661,1470.6,31625.4,0.2,288.54,15.8,612.8,79183.4,2890,2460.2,231883.6,170.6,0,3.6,0.4746,23960,152138.2304,19757.1256,-1461.7854,1640.6
centered_candidate_000068_285afba3,centered-gaussian,5,5,0.2,1640.4,105,61.2,4754.8,3101.9125,11650,2019,1239.2,31753.6,0.2,290.86,15.6,614,88515,3533,1994.4,260040.6,155.2,0,3,0.528,21062.8,171038.3888,19941.9362,-1489.7562,1640.4
centered_candidate_000006_8c5e7a18,centered-gaussian,5,5,0.2,1640.2,107,54.2,4769.4,3118.4902,11577.8,1904,1257.8,31687.6,0.2,291.56,15.6,609.2,108483.2,3441,2110,320109,168.6,0,2.6,0.5775,20043.4,211315.8328,19967.3599,-1505.0451,1640.2
centered_candidate_000098_896deb6b,centered-gaussian,5,5,0.2,1640.2,60,55.2,4794.2,3135.4925,11496.4,1228,1222.4,31916.8,0.2,287.26,15.4,603.2,89181.4,2274,2148.6,262945,154.8,0,2.8,0.6408,20554.2,173440.3097,20237.2035,-1512.5463,1640.2
centered_candidate_000010_6ca7a770,centered-gaussian,5,5,0.2,1640,64,27.4,4788.8,3072.671,11371.4,1454,698.2,31723,0.2,288.38,15.6,592,169433.6,2576,843.8,504256.4,162.6,0,3,0.666,21831.4,333037.8475,19646.3311,-1508.9355,1640
centered_candidate_000473_0dc88cb4,centered-gaussian,5,5,0.2,1640,87,40.4,4797.4,3145.5865,11444,1631,979.8,31781.8,0.2,276.48,15.4,602.4,71733.4,2793,1464.2,211144.4,172.4,0,3,0.5829,22183.6,139147.5902,20174.1904,-1532.3932,1640
centered_candidate_000025_09a6db06,centered-gaussian,5,5,0.2,1639.4,88,54.4,4754.8,3067.9529,11513,1649,1168.4,31559.8,0.2,304.44,16,601.8,124308.6,3273,1980.6,367272,196.8,0,3.6,0.6025,25813.4,241723.5101,19574.7126,-1479.5765,1639.4
centered_candidate_000010_44d23b6f,centered-gaussian,5,5,0.2,1638.2,72,53.8,4781.2,3123.0148,11488.6,1497,1217,31704.6,0.2,290.88,15.4,605.2,96140,2873,2199.8,283252.8,184.6,0,3.2,0.5507,23652,186742.8278,20020.0883,-1507.7074,1638.2
centered_candidate_000344_d96af793,centered-gaussian,5,5,0.2,1638,95,44.6,4781.4,3130.5978,11448.4,1778,1015,31666.4,0.2,283.8,15.2,603.6,156476.2,3218,1488.4,464947,176.2,0,3,0.6437,22249.8,308083.483,20058.8519,-1520.6989,1638
centered_candidate_000406_b4b5f7b4,centered-gaussian,5,5,0.2,1637.6,71,51,4788,3141.2389,11484.4,1559,1158.4,31750.8,0.2,286.44,15.2,606.4,99610.2,2822,2002.6,294029.8,178.2,0,3,0.5732,22003.8,194145.9902,20187.0624,-1519.6195,1637.6
centered_candidate_000387_281967d6,centered-gaussian,5,5,0.2,1637,83,32.4,4792.6,3129.2437,11418.4,1630,777.8,31851.2,0.2,280.62,15.2,600.6,61178.4,2984,1082.6,179492.6,164.4,0,2.8,0.6513,20877.2,117571.4428,20067.0276,-1532.2218,1637
centered_candidate_000243_af320a88,centered-gaussian,5,5,0.2,1636.8,122,48.4,4718,3015.9447,11620.6,2071,1067.4,31622.2,0.2,309.9,16.2,609,83006.4,3924,2057.2,242645.8,199.4,0,3.6,0.5959,25859.4,158287.6268,19411.5867,-1459.5724,1636.8
centered_candidate_000378_3e7bb146,centered-gaussian,5,5,0.2,1636.8,42,35.4,4819.6,3160.7313,11318.6,945,890.6,31906.6,0.2,275.62,14.8,596.4,80060.4,1510,1312.4,236905.4,169,0,2.8,0.5916,21146.6,156104.2764,20252.9636,-1544.9656,1636.8
centered_candidate_000215_66dde3b0,centered-gaussian,5,5,0.2,1636.6,62,39.8,4804.6,3155.2567,11339.2,1205,957.4,31763.8,0.2,275.56,15,595.2,92209.8,2238,1434,272900.4,153.4,0,2.6,0.5592,19846.6,180391.9456,20247.7719,-1537.8284,1636.6
centered_candidate_000167_0af9b407,centered-gaussian,5,5,0.2,1636.4,53,40,4807.2,3152.8903,11357.8,1180,895.8,31877.8,0.2,272.96,15.2,596.8,82097.4,2007,1215.4,242889,163.8,0,2,0.7382,17603,160230.7596,20254.9583,-1536.4451,1636.4
centered_candidate_000049_166c3e3d,centered-gaussian,5,5,0.2,1636,62,45.8,4797.2,3151.0346,11392.2,1337,1058,31727.4,0.2,285.76,15,602.2,57974.4,2492,1712.8,169623.8,195.6,0,3.6,0.5347,25525,111216.1433,20152.118,-1529.7173,1636
centered_candidate_000472_8da03154,centered-gaussian,5,5,0.2,1636,128,42.8,4746.8,3087.3095,11399.8,1929,927.4,31411.2,0.2,284.84,15.6,599,105163.4,3633,1417.8,310586.2,198.4,0,3,0.6907,22549.8,204766.3263,19714.659,-1500.8548,1636
centered_candidate_000154_93adc6d7,centered-gaussian,5,5,0.2,1635,79,41.8,4781.6,3124.6595,11428,1631,998.6,31693.2,0.2,286.28,15.2,601,75386.2,2941,1785,221489.8,167.4,0,3.2,0.5733,22859.2,145615.386,20026.7551,-1520.5298,1635
centered_candidate_000206_aaff2e1f,centered-gaussian,5,5,0.2,1634.8,90,49.6,4738.8,3049.4772,11538.4,1817,1144.2,31472.8,0.2,301.34,15.8,607,92093.8,2886,2069.8,270789.6,203,0,3.4,0.5364,24556.8,177544.6455,19396.5542,-1475.1386,1634.8
centered_candidate_000133_c6aa43f1,centered-gaussian,5,5,0.2,1634.2,89,40.2,4773,3114.6098,11447.4,1727,944,31726.2,0.2,287.22,15.2,604,65434.2,3065,1675,191528.2,181.8,0,3.2,0.5142,23091.2,125412.543,19988.4751,-1517.1049,1634.2
centered_candidate_000409_19947548,centered-gaussian,5,5,0.2,1634.2,96,77.6,4726,3083.9357,11618.8,1823,1463.6,31547,0.2,297.44,15.8,610.8,144147.8,3547,2777.2,426120.6,166.6,0,3.6,0.4717,24530.8,281771.9751,19809.5907,-1464.3678,1634.2
centered_candidate_000193_a893bf0f,centered-gaussian,5,5,0.2,1633.8,92,43.8,4758.4,3095.3907,11455.8,1662,1016.8,31609,0.2,281.34,15.4,605.2,83013.2,2985,1560.8,244351.6,190.8,0,4.2,0.5552,27983.6,160648.0256,19825.2109,-1503.8953,1633.8
centered_candidate_000209_1c40517c,centered-gaussian,5,5,0.2,1633.8,128,46.4,4738.8,3082.3855,11531.6,2076,1078.2,31606,0.2,294.84,15.8,605.2,80116.8,4164,1649.2,234951.4,178.6,0,3.2,0.5621,22976.2,154252.658,19845.8104,-1494.7927,1633.8
centered_candidate_000286_dafa919b,centered-gaussian,5,5,0.2,1633.6,75,48.4,4774,3125.279,11347.4,1646,1061.6,31395.2,0.2,281.32,15.2,596.4,80046.4,2648,1864.8,235656,179,0,3.4,0.5816,24053.8,155267.6927,19885.5933,-1514.2395,1633.6
centered_candidate_000115_6f2dd00c,centered-gaussian,5,5,0.2,1632.6,87,46.8,4764.6,3115.3104,11428.4,1690,1095.6,31531.8,0.2,290.76,15.2,600.8,121191.4,3347,1885.4,358491.8,169.4,0,3.2,0.5364,22713,236921.9412,19923.0291,-1510.8552,1632.6
centered_candidate_000285_8aeec990,centered-gaussian,5,5,0.2,1632.2,155,46.8,4696.6,3017.2919,11651.2,2431,1086.4,31523.4,0.2,308.34,16.2,610.8,120679.6,4880,1832,355536,183.8,0,3.2,0.5458,22821.6,233789.9373,19424.3578,-1461.8459,1632.2
centered_candidate_000486_a501e86f,centered-gaussian,5,5,0.2,1632.2,102,50.6,4752.2,3108.4921,11524.6,1958,1169.8,31592.6,0.2,291.42,15.6,606.6,80716.8,3408,1962,236956.2,176.4,0,3,0.5579,22128.8,155786.1013,19905.4141,-1503.646,1632.2
centered_candidate_000111_72bdb87a,centered-gaussian,5,5,0.2,1632,48,33.2,4802.8,3148.1442,11304.8,1215,786.2,31826.6,0.2,271.28,15,594.6,72224.2,2140,996.4,213483.2,163.2,0,2.2,0.6832,18922,140698.42,20221.575,-1540.8721,1632
centered_candidate_000229_1a2aa41d,centered-gaussian,5,5,0.2,1632,34,29.2,4815.8,3156.6973,11216,864,723.8,31852,0.2,262.32,14.8,590.4,80269.2,1124,955.4,238281.2,166,0,2.4,0.8498,20423.6,157288.2136,20286.2765,-1549.1487,1632
centered_candidate_000219_2facbfe4,centered-gaussian,5,5,0.2,1631.8,91,59.8,4735.8,3078.7982,11573.8,1746,1281.2,31620.2,0.2,290.5,15.8,609.4,73365.6,3315,2216,214440,175.6,0,3,0.5024,21272.6,140521.8075,19780.6267,-1479.5991,1631.8
centered_candidate_000242_8c89e26c,centered-gaussian,5,5,0.2,1631,62,46.4,4785,3151.0132,11274.4,1274,1079.6,31466.8,0.2,278.7,14.8,590,134909.8,2148,1763.8,400775.4,139.8,0,2.4,0.4865,18201,265737.7535,20143.1623,-1529.1066,1631
centered_candidate_000481_59f5c5de,centered-gaussian,5,5,0.2,1631,66,40.6,4777.2,3124.6461,11341.6,1422,917.4,31622.8,0.2,280.58,15,596.4,123766.2,2607,1434,367097.2,164.6,0,3,0.6297,21920.8,242817.5957,20034.0814,-1521.723,1631
centered_candidate_000163_433e5157,centered-gaussian,5,5,0.2,1630.6,60,45.8,4780,3136.7508,11226.2,1225,1056.8,31318,0.2,277.84,14.8,592.4,79712.6,2175,1618.8,235228.4,202,0,2.6,0.6802,22037.6,155180.5207,19945.0659,-1522.5754,1630.6
centered_candidate_000152_722ae158,centered-gaussian,5,5,0.2,1630.2,61,43.2,4781.8,3138.4547,11254.8,1236,1015.8,31416.8,0.2,276.8,14.8,593,78778,1955,1490.6,232659.4,182,0,3.2,0.652,23234.8,153396.9248,19952.7115,-1526.0274,1630.2
centered_candidate_000504_c797c061,centered-gaussian,5,5,0.2,1630.2,93,37.8,4769,3125.5125,11284.2,1683,891.2,31405.4,0.2,272.76,15,593,112565.2,2397,1197.6,334185.4,164.6,0,2.6,0.6527,20360.6,221159.1357,19926.136,-1524.9562,1630.2
centered_candidate_000080_30cc4fcc,centered-gaussian,5,5,0.2,1630,88,30.4,4774.6,3122.7004,11208,1804,748.8,31222.8,0.2,275.14,15,589,125849.8,3433,963.4,373581.4,191.8,0,3,0.7882,23358,247206.1629,19756.6702,-1530.9502,1630
centered_candidate_000093_08f87ca9,centered-gaussian,5,5,0.2,1630,105,41.8,4752,3106.1535,11346.4,1835,986.6,31295.8,0.2,283.26,15.4,596.4,121549.6,3127,1645.4,359987.2,192.4,0,3.4,0.5473,24438.6,237919.7533,19701.4775,-1511.2768,1630
centered_candidate_000279_3c485fc5,centered-gaussian,5,5,0.2,1629.8,53,33.8,4803.6,3167.1198,11182.2,1217,831,31516.4,0.2,271.26,14.6,588,109366.4,1817,1175.2,324991.8,168.4,0,2.6,0.6555,20251.8,215267.0066,20210.092,-1549.7599,1629.8
centered_candidate_000401_5c573c89,centered-gaussian,5,5,0.2,1629.8,55,42,4791,3152.6231,11300,1192,961.2,31726.6,0.2,277,14.8,594,70513.8,2054,1425.8,208078.2,154.2,0,3,0.5479,20956.8,137344.1097,20291.4342,-1534.3116,1629.8
centered_candidate_000430_a98f20eb,centered-gaussian,5,5,0.2,1629.6,39,34.2,4809.6,3169.2312,11125.8,901,779.2,31601.6,0.2,260.34,14.6,584.8,78130,1336,930.4,231999.2,164.8,0,2,0.7901,18596.2,153530.7079,20279.755,-1550.4156,1629.6
centered_candidate_000035_1ed52328,centered-gaussian,5,5,0.2,1629,76,62.6,4746.2,3111.0189,11515,1531,1387.2,31593.6,0.2,291.74,15.4,607.4,73853.6,3124,2317.2,216175,174.8,0,3,0.5224,21818.4,142057.423,20002.92,-1492.9095,1629
centered_candidate_000386_0d7ae312,centered-gaussian,5,5,0.2,1629,45,36.8,4797,3153.0614,11249,1032,867.6,31739.2,0.2,272.5,14.8,591.8,119497.8,1664,1228.8,355335.8,165.8,0,2.6,0.6015,21033,235293.7245,20264.7297,-1539.7307,1629
centered_candidate_000131_3e25d598,centered-gaussian,5,5,0.2,1628,89,58.2,4734.2,3094.5759,11369.8,1603,1234.6,31220,0.2,285.96,15.6,595.4,135882.6,2787,2090.4,402650,179.2,0,3.2,0.5658,23107.4,266439.315,19710.1859,-1489.0879,1628
centered_candidate_000363_f55db552,centered-gaussian,5,5,0.2,1627.2,49,33.6,4792.4,3151.4599,11274.6,1217,846.4,31707.8,0.2,271.28,15,594.2,85944.6,2089,1111.8,254637,178.6,0,2.4,0.7496,20041.4,168300.3693,20250.3564,-1542.13,1627.2
centered_candidate_000038_568bbd22,centered-gaussian,5,5,0.2,1626.8,87,55.2,4729.4,3078.2899,11502,1692,1295,31436.4,0.2,290.08,15.8,605.4,85384.8,2906,2131.6,250836.4,188.8,0,3.2,0.5538,23398.8,164798.1483,19675.6016,-1483.945,1626.8
centered_candidate_000448_6b1428aa,centered-gaussian,5,5,0.2,1626.8,114,56.6,4709.2,3064.8006,11452,2025,1122.4,31256,0.2,288.1,15.8,601.2,76261.8,3478,1909.2,223471.6,185,0,3.4,0.6102,24260.4,146870.5969,19590.9983,-1475.8003,1626.8
centered_candidate_000202_d0e71e75,centered-gaussian,5,5,0.2,1626.6,86,57.2,4735.8,3103.2592,11372.8,1627,1186.4,31297.6,0.2,285.76,15.2,597.6,110932.4,2763,1959.8,327996.2,168.4,0,3,0.5256,22370,216803.0847,19823.5609,-1494.4296,1626.6
centered_candidate_000032_c0c520a4,centered-gaussian,5,5,0.2,1625.6,60,50.6,4758.6,3117.7646,11402.2,1278,1171,31645.2,0.2,281.8,15.2,601.8,91490.6,2380,1923.4,270054.2,177.8,0,2.8,0.5633,20645,178225.8296,20050.5435,-1508.2823,1625.6
centered_candidate_000419_1c8c8b33,centered-gaussian,5,5,0.2,1625.4,82,49.4,4737.6,3085.5183,11389.6,1730,1136.6,31294.6,0.2,291.24,15.6,598.4,124488.6,3479,2043.4,368096,198.4,0,3.6,0.5335,25856.8,243130.0471,19613.6128,-1493.3591,1625.4
centered_candidate_000274_40b76699,centered-gaussian,5,5,0.2,1625.2,85,45.6,4749.4,3114.959,11329.8,1625,1086.2,31312.6,0.2,287.36,15,596.2,109547.2,3091,1971,323722.8,177,0,2.8,0.5331,20031.8,213908.0794,19837.6763,-1511.8795,1625.2
centered_candidate_000325_45253050,centered-gaussian,5,5,0.2,1624.8,106,69.8,4682.6,3022.4924,11513.6,1827,1343,31254,0.2,293.46,16.2,603.8,97920,3315,2262.6,288018.4,194.4,0,3.8,0.5687,26733,189414.4801,19397.4336,-1441.4462,1624.8
centered_candidate_000174_cdad4763,centered-gaussian,5,5,0.2,1624,40,33.6,4774.4,3113.3764,11249.8,947,858.6,31653,0.2,278.02,14.8,592.4,124186.8,1578,1229.2,369147.2,174.4,0,3.4,0.5637,24332.8,243907.4502,19939.9642,-1523.0882,1624
centered_candidate_000247_bf8a04b6,centered-gaussian,5,5,0.2,1623.6,83,55.6,4733.4,3102.7363,11309.8,1617,1237.8,31088.4,0.2,283.92,15.4,595,90698.4,2576,1930.4,267563.4,202,0,3.6,0.5664,25660,176619.8093,19699.2498,-1495.7681,1623.6
search_candidate_000422_17980c6a,random-phased,5,5,0.2,1623.4,58,43.2,4764.4,3128.3482,11098.2,1219,991.4,31028.4,0.2,281.62,14.8,583.2,49527.4,2262,1608.8,144722.8,213.6,0,2.8,0.7318,22704.6,94934.2109,19762.3128,-1520.9741,1623.4
centered_candidate_000055_97972229,centered-gaussian,5,5,0.2,1623.2,80,61.2,4721.8,3080.0022,11449.4,1502,1269.4,31483.2,0.2,283.52,15.6,603.2,91063,2414,2093.4,268382.2,180.8,0,3,0.6227,22856.6,176775.4618,19782.2096,-1478.8011,1623.2
centered_candidate_000128_9e4032eb,centered-gaussian,5,5,0.2,1622,84,41,4747.2,3114.0726,11271.8,1670,1000.8,31248,0.2,280.54,15,591.8,111433.8,2708,1746.2,330017.4,165.8,0,2.8,0.5938,20619.4,218381.036,19827.5531,-1516.0363,1622
centered_candidate_000320_e1827820,centered-gaussian,5,5,0.2,1622,79,46.6,4744,3114.0408,11313.2,1657,1012.2,31363.8,0.2,283.04,15,595.2,152039.2,2961,1714.8,451510.8,169.6,0,2.6,0.6234,20280.6,299169.1403,19927.0334,-1510.4204,1622
centered_candidate_000279_0ee91daf,centered-gaussian,5,5,0.2,1621.8,121,63,4685,3052.7578,11547.4,1992,1280.4,31368.6,0.2,296.96,15.8,607.8,87619.2,3575,2363,256751.6,179.8,0,3.2,0.5136,22978.8,168643.0076,19662.61,-1463.3789,1621.8
centered_candidate_000467_8a977c72,centered-gaussian,5,5,0.2,1620.4,122,59,4684.8,3048.9746,11488.4,2059,1197.6,31271.2,0.2,290.62,15.8,604,102957.4,3842,1882.8,303349.2,178.6,0,2.8,0.5934,21376,200013.5454,19573.8931,-1465.4873,1620.4
centered_candidate_000395_48fb09ab,centered-gaussian,5,5,0.2,1619.4,89,47,4722.8,3087.411,11352.2,1718,994.6,31405.8,0.2,284.68,15.2,599,64979.2,3361,1473.2,190323.8,188.4,0,3.4,0.5449,23436.6,124925.1701,19862.9141,-1496.7055,1619.4
centered_candidate_000189_67764afc,centered-gaussian,5,5,0.2,1618.8,50,37.8,4762,3128.6604,11110.4,1121,894.4,31206.2,0.2,271.32,14.6,586.4,123341.6,1640,1293.4,366732.2,198.6,0,3,0.7807,23916.6,242770.0945,19843.2288,-1526.5302,1618.8
centered_candidate_000362_b4e48c2f,centered-gaussian,5,5,0.2,1618,45,37.6,4763.8,3131.5557,11191,1086,955.4,31450,0.2,272.98,14.6,591.2,109039,1676,1495.6,323802.2,181.4,0,3,0.6343,22389.2,214471.3421,20080.8945,-1528.1779,1618
centered_candidate_000432_5d9d18e1,centered-gaussian,5,5,0.2,1618,53,38.4,4753.2,3115.1139,11176.4,1195,882,31371,0.2,274.18,14.8,587.4,117896.6,2515,1324.4,349933.4,171.4,0,2.6,0.6288,20217.8,231602.2855,19943.3414,-1519.157,1618
centered_candidate_000108_b35da184,centered-gaussian,5,5,0.2,1617,78,45.2,4718.4,3074.7222,11252.6,1463,1001.2,31194.4,0.2,286.3,15.4,588.4,179713.4,2274,1653,534837.8,179.6,0,3.2,0.6412,23276,354355.2949,19624.9544,-1492.1611,1617
centered_candidate_000203_f9c6fd99,centered-gaussian,5,5,0.2,1616,84,41.8,4723.8,3090.6186,11244,1718,943.2,31150.4,0.2,283.22,15.2,590.8,97669,3266,1443.6,288520.2,190,0,2.8,0.641,21980.4,190286.5669,19668.4998,-1503.5093,1616
centered_candidate_000248_099c7455,centered-gaussian,5,5,0.2,1616,69,44.2,4737,3113.5284,11188.8,1488,973.6,31184.6,0.2,275.96,15,589.6,81629,2491,1412.8,241110.2,197.6,0,3.2,0.5701,24332.4,159141.0937,19876.5873,-1512.5642,1616
centered_candidate_000164_8ee0683c,centered-gaussian,5,5,0.2,1615.8,66,47.6,4720.8,3079.291,11313.8,1331,1055.2,31384,0.2,287,15.2,596.8,79309,2534,1853.8,233223.4,197.8,0,3.2,0.5863,23369.4,153227.8772,19750.0627,-1492.0455,1615.8
centered_candidate_000384_e79b173b,centered-gaussian,5,5,0.2,1615.6,112,35.2,4713.8,3081.9004,11227,1902,852.4,31126.8,0.2,272.74,15.2,591.6,84842.4,3125,1121,250604.8,194,0,2.8,0.6876,22058.8,165254.7303,19686.2506,-1505.7502,1615.6
centered_candidate_000082_40cb1c36,centered-gaussian,5,5,0.2,1615.2,67,46,4730.8,3105.4397,11286.4,1463,1078,31321.2,0.2,284.82,15,593.8,98426.6,2631,1824.4,290874.2,172.2,0,3,0.4968,21356.2,192185.7346,19915.108,-1506.7199,1615.2
centered_candidate_000388_33204bbb,centered-gaussian,5,5,0.2,1615.2,74,41.4,4718.8,3070.7221,11313.4,1480,912.8,31455,0.2,282.3,15.2,597,81153.6,2554,1395.8,239290.8,191.8,0,3.6,0.6312,25217.4,157264.8368,19731.2906,-1493.961,1615.2
centered_candidate_000388_309b0308,centered-gaussian,5,5,0.2,1614.8,54,46.8,4741.8,3123.1071,11079.4,1242,1031.8,30947.2,0.2,274.22,14.6,583.8,155450,2029,1574.8,462720,197.8,0,2.6,0.7432,21435.2,307076.1614,19797.8487,-1514.7536,1614.8
centered_candidate_000430_97a101dd,centered-gaussian,5,5,0.2,1614.8,88,46,4709.2,3074.7455,11351.4,1614,1038.2,31377,0.2,283.88,15.2,597.2,114909.2,2732,1795.6,340067.4,164.2,0,2.6,0.5561,19504.4,224720.105,19794.5875,-1491.3727,1614.8
centered_candidate_000480_bcf9e303,centered-gaussian,5,5,0.2,1614.6,49,36.4,4757.4,3137.2131,11070.6,1127,902.2,31161.2,0.2,266.2,14.6,582.8,94097.4,1831,1152.4,279341.4,181.8,0,3,0.6581,23124.8,185100.17,20011.35,-1532.2065,1614.6
centered_candidate_000423_6067a3d5,centered-gaussian,5,5,0.2,1614,55,37.4,4750.2,3128.5223,11084.2,1251,883.6,31145.2,0.2,274.74,14.6,582,107879.4,2274,1334.8,320166,176,0,2.8,0.6783,21657.6,212060.776,19922.1698,-1526.8612,1614
centered_candidate_000261_332ab48d,centered-gaussian,5,5,0.2,1612.6,128,61.8,4653.4,3018.4367,11519.8,2086,1382,31094.8,0.2,302.28,16,605.8,122437.4,3910,2648.4,360714.8,194.4,0,3.8,0.5291,25193.2,237698.9511,19279.7551,-1447.4184,1612.6
centered_candidate_000435_d35e11e1,centered-gaussian,5,5,0.2,1611.4,103,57,4682.8,3062.368,11433.4,1867,1247.6,31294.6,0.2,289.74,15.6,601.4,102680.6,3274,2192.6,302712.2,171.8,0,3.2,0.4735,22884,199730.9644,19723.9066,-1474.184,1611.4
centered_candidate_000065_8897a6ca,centered-gaussian,5,5,0.2,1611.2,89,57.4,4686.6,3068.9691,11303.6,1655,1174.6,31070.8,0.2,283.2,15.2,594.4,144640.8,2988,1818.6,429124.8,170.2,0,2.8,0.5931,20874.6,284272.5282,19661.6436,-1477.0846,1611.2
centered_candidate_000513_f04c0d6d,centered-gaussian,5,5,0.2,1610.6,43,37.8,4742.4,3117.7544,11121,1130,878,31288.8,0.2,273.6,14.6,584.8,103172,1996,1214.4,306179.6,167.4,0,2.6,0.569,19656.4,202491.3119,19945.8136,-1521.0772,1610.6
centered_candidate_000289_b2b9cffe,centered-gaussian,5,5,0.2,1610.4,53,39.8,4739.8,3126.3067,11140.6,1128,939.4,31338.4,0.2,271.02,14.6,586,109929.2,1814,1440.2,326493.4,158,0,2,0.8151,17487.4,216420.073,20128.1374,-1523.3533,1610.4
centered_candidate_000233_284eed2a,centered-gaussian,5,5,0.2,1609.6,79,31.8,4726,3107.2704,11235.4,1623,788,31430,0.2,272.2,14.8,592.4,95432.8,2680,1047.8,282862.8,158.6,0,2.6,0.6086,19903.2,187109.998,20007.1176,-1521.8352,1609.6
centered_candidate_000140_4ef25a53,centered-gaussian,5,5,0.2,1609.2,85,53,4676.6,3042.1352,11397.8,1646,1133.4,31286.2,0.2,285.02,15.6,600,92791.6,3145,1818.2,273202.2,177,0,3.6,0.5158,24480.6,179715.028,19599.4395,-1468.0676,1609.2
centered_candidate_000043_c97c5a69,centered-gaussian,5,5,0.2,1609,79,59,4691.8,3078.0149,11304.6,1613,1291.6,31067.8,0.2,290.92,15.2,593.8,123361,3029,2367,364759.2,173.6,0,3.2,0.5453,22749.6,241216.7365,19696.7354,-1480.0074,1609
centered_candidate_000216_33a1a2c2,centered-gaussian,5,5,0.2,1608.8,60,50,4713,3095.1246,11190.8,1282,1178.8,31045.6,0.2,279.64,15,589.8,77478.2,2050,1761.2,228430,195.2,0,3,0.5845,23476.6,150539.8819,19705.59,-1497.5623,1608.8
centered_candidate_000220_12203a37,centered-gaussian,5,5,0.2,1607.8,93,63.2,4664.2,3042.681,11387,1744,1343.8,31066.6,0.2,293.6,15.6,598.2,74090.2,3374,2483.4,216370.2,180.2,0,3.2,0.6129,23253.6,141985.605,19534.6375,-1458.1405,1607.8
centered_candidate_000190_60dfd4a5,centered-gaussian,5,5,0.2,1607.4,57,29.2,4726.6,3093.9916,11098.8,1197,744,31248.4,0.2,270.08,14.8,583,140899.2,1951,913.2,419644.2,172,0,3,0.7049,22779,278059.6052,19816.1981,-1517.7958,1607.4
centered_candidate_000263_b87fbe27,centered-gaussian,5,5,0.2,1606.2,60,38.2,4719.8,3105.4318,11177.2,1280,934.8,31271.4,0.2,275.02,14.8,590.2,124164.8,2253,1531.6,368697.6,185.4,0,3.4,0.6052,24430.6,244291.0122,19942.6648,-1514.5159,1606.2
centered_candidate_000278_78b323c7,centered-gaussian,5,5,0.2,1605.4,81,48,4690.6,3077.8421,11235.6,1519,1081,31128.4,0.2,282.12,15,590,118353.8,2581,1968.8,350537.6,160,0,2.6,0.6858,19723.4,232059.3492,19781.6221,-1490.9211,1605.4
centered_candidate_000103_6e2710d4,centered-gaussian,5,5,0.2,1604.2,121,76.2,4615.6,3000.0182,11506.8,1918,1488.8,31050.2,0.2,295.04,16,606,105391.8,3791,2755.2,309604.4,184.6,0,3.4,0.5638,24307,203938.1518,19376.0459,-1423.8091,1604.2
centered_candidate_000057_afaa91b0,centered-gaussian,5,5,0.2,1603.2,74,44,4668.2,3016.5857,11322.4,1499,1034,31238.8,0.2,298.6,15.6,592.6,97657.2,2534,1773,288168,180.8,0,3.6,0.5009,24432,189404.046,19433.0485,-1464.2929,1603.2
centered_candidate_000415_6f27ecdd,centered-gaussian,5,5,0.2,1601.2,46,34,4704.6,3071.1909,11164.6,1043,837.2,31372.2,0.2,277.96,15,588.6,107241,1889,1273.8,318173,192.8,0,3,0.6698,23103.6,210193.3991,19785.1993,-1501.5954,1601.2
centered_candidate_000191_1e83c07d,centered-gaussian,5,5,0.2,1601,64,33.2,4706,3092.5636,11157,1289,788.2,31382.8,0.2,274.88,14.6,589.2,60429,2431,1182,177661.8,171.4,0,3,0.6811,22487.2,116803.553,20012.3615,-1513.0818,1601
centered_candidate_000391_a694a183,centered-gaussian,5,5,0.2,1601,82,43,4673,3046.2178,11302.8,1646,1032.4,31218.8,0.2,287.28,15.4,594.4,116345.6,3182,1715.8,344122.6,179.4,0,3,0.5865,21908.4,227102.0158,19636.3288,-1480.1089,1601
centered_candidate_000181_89036701,centered-gaussian,5,5,0.2,1599.6,48,30.8,4720.2,3113.7194,10942.2,1066,754,31020.6,0.2,265.26,14.4,575,96366.6,1750,1154,286243.2,176.4,0,2.2,0.7564,19259.6,189731.9447,19973.2169,-1526.0597,1599.6
centered_candidate_000452_da57bd30,centered-gaussian,5,5,0.2,1599,51,40.8,4695.4,3077.1042,11143.4,1128,924.6,31250.2,0.2,281.02,14.8,587.4,71582.2,2234,1442.8,210932.6,186.6,0,3.2,0.6328,23578,138871.1754,19831.2131,-1497.7521,1599
centered_candidate_000108_5c91e1c4,centered-gaussian,5,5,0.2,1598.6,59,31.6,4703.4,3091.2676,11102.4,1254,868.2,31165.4,0.2,276.14,14.6,587.4,64474.8,2181,1219.2,189980,198,0,3.2,0.7246,23816.4,125043.5535,19881.2587,-1514.0338,1598.6
centered_candidate_000192_c0d4362c,centered-gaussian,5,5,0.2,1598.2,49,31.6,4712,3104.9299,11060.8,1269,790.8,31141.2,0.2,272.4,14.6,583.2,95100.4,2194,1141.2,282050,183.8,0,2.8,0.677,21295.6,186668.6012,19911.6258,-1520.865,1598.2
centered_candidate_000474_80a5f16b,centered-gaussian,5,5,0.2,1598.2,64,45.2,4686,3080.9209,11145.4,1250,1044.2,31100,0.2,281.5,14.8,585.6,117387.6,2128,1715.8,348180.4,166.6,0,3,0.6224,21920.2,230381.8617,19824.2197,-1495.2605,1598.2
centered_candidate_000238_1c75da39,centered-gaussian,5,5,0.2,1597.4,74,40.2,4680.2,3070.8638,11212.6,1532,958.2,31204.4,0.2,284.9,15,589.8,90658,2625,1671.8,267663.6,171.4,0,2.8,0.6913,20872.4,176603.1406,19836.8844,-1495.2319,1597.4
centered_candidate_000517_e08daefd,centered-gaussian,5,5,0.2,1591,64,54.4,4649.6,3047.5361,11147.4,1377,1189.8,30832.4,0.2,281.38,15,589.2,106107.8,2545,1893,313899.6,206,0,3.4,0.5798,25085.4,207540.497,19546.2618,-1469.368,1591
centered_candidate_000361_87362849,centered-gaussian,5,5,0.2,1590.8,74,41.6,4659.4,3057.1586,11181,1590,1041.4,30969.8,0.2,293.02,15,587.8,131199.6,2956,2064,388678.2,183,0,3.4,0.5336,23560,257204.1484,19632.0913,-1486.9793,1590.8
centered_candidate_000248_f2e2ad69,centered-gaussian,5,5,0.2,1584.6,55,36.2,4659.2,3061.7534,10988.6,1193,817.4,30941.6,0.2,267.06,14.6,578.8,102429.8,1726,1106.4,304265.2,174.4,0,2.2,0.6677,18870.6,201305.4097,19766.6713,-1494.6767,1584.6
centered_candidate_000199_ff8c207a,centered-gaussian,5,5,0.2,1581.6,57,40,4650.6,3064.7113,11015.2,1279,949.2,30868.6,0.2,273.5,14.4,581.2,107052.2,2232,1364.8,317676.6,168.8,0,2.4,0.6692,19167.2,210458.7733,19773.5351,-1492.3557,1581.6
centered_candidate_000039_c54ff835,centered-gaussian,5,5,0.2,1575,41,39,4631.8,3036.1188,11002,953,894.8,30964.4,0.2,276.1,14.6,579,127404.8,1644,1344.8,378789.4,168,0,2.4,0.7547,19906.4,250658.9068,19659.0249,-1479.0594,1575
centered_candidate_000102_a518d6f9,centered-gaussian,5,5,0.2,1571,42,27.8,4638.4,3056.5405,10849.6,1007,624.6,30846.8,0.2,264.1,14.2,571.2,125936.6,1798,887.8,375102.8,163.8,0,2.2,0.6807,18289.6,248824.3858,19785.9539,-1500.4703,1571
centered_candidate_000241_9175bfc9,centered-gaussian,5,5,0.2,1553.6,119,91.6,3901,1857.4461,11392.8,2010,1756,26558.8,0.2,281.3,19.2,590.6,46235.6,3788,3369.2,118321.4,266,0,4.4,0.6523,31638.6,58159.4079,11993.9223,-837.123,1553.6
centered_candidate_000429_cbe943e2,centered-gaussian,5,5,0.2,1527.8,162,84.8,3762,1767.9761,11287.8,2398,1467.8,25997.2,0.2,279.82,19,585.8,39794,4424,2487,98544,256.8,0,3.8,0.7285,28823.4,46479.031,11690.4297,-799.188,1527.8
centered_candidate_000161_3a586315,centered-gaussian,5,5,0.2,1462.8,1679,204,2671,1095.9234,11650.4,13608,2649.8,19999.6,0.2,334.82,21.8,598,33538,33916,5331.4,63703.8,285.6,0,4.6,0.5516,33394.2,26169.5742,7712.0477,-343.9617,1462.8
centered_candidate_000250_9db17bb6,centered-gaussian,5,5,0.2,1399.8,122,61.2,3465,1637.1408,10577,2058,1241.4,24645.6,0.2,277.08,17.8,550.6,34976.4,3801,2317.4,87095,247.6,0,4.4,0.6535,30971.4,41289.6241,11180.0656,-757.3704,1399.8
centered_candidate_000219_db000503,centered-gaussian,5,5,0.2,1387.6,91,50.8,3462,1644.7568,10434.4,1734,1115.6,24568.6,0.2,265.18,17.4,544.8,32713,3244,1747.2,80456.4,245.4,0,3.8,0.6217,28074.6,37851.6743,11244.3595,-771.5784,1387.6
centered_candidate_000017_570ae8d2,centered-gaussian,5,5,0.2,1384.6,121,84.4,3383,1590.8253,10569.2,2000,1626.8,24017.2,0.2,279.88,18,550.4,36605.4,4310,3285,88578.4,251.8,0,4,0.6371,29175.4,41160.3768,10820.3763,-711.0126,1384.6
centered_candidate_000511_326141a5,centered-gaussian,5,5,0.2,1379.6,119,92.4,3920.2,2523.834,9986.8,2001,1734.6,26156,0.2,239.68,15.4,526,58895.8,3937,3377,169159,235.6,0,3.6,0.6907,27139,109819.5248,16002.6647,-1169.517,1379.6
centered_candidate_000470_c7a43827,centered-gaussian,5,5,0.2,1376.2,117,55.2,3455.2,1643.7758,10391.6,2050,1173.6,24505,0.2,266.3,17.6,541,36368.4,3546,1950.2,91258.2,244.4,0,3.6,0.6563,28115.4,43466.5518,11167.5378,-766.6879,1376.2
centered_candidate_000379_19f4d24f,centered-gaussian,5,5,0.2,1358.2,231,51.8,3475.4,1719.2446,10242.2,3099,1132,24230,0.2,275.16,18,527.4,40105,6212,1942.6,105397.6,253.6,0,4.8,0.536,33091.6,55505.0765,11197.1354,-807.8223,1358.2
centered_candidate_000266_bfa84c4e,centered-gaussian,5,5,0.2,1351.2,111,78.2,3408.2,1631.4357,10283.2,2025,1488.6,24090.8,0.2,266.72,18,533.2,32548.2,3540,2576.4,80127,254.6,0,4,0.6597,29169.8,37628.9976,10921.7725,-737.5179,1351.2
centered_candidate_000001_a50f9c1f,centered-gaussian,5,5,0.2,1315,149,51.6,3246.4,1531.1888,10052.4,2363,1090.4,23351.2,0.2,261.16,17.4,523.2,35454.8,4253,1818.4,88256,249.8,0,3.8,0.6453,28783,41771.18,10569.9227,-713.9944,1315
centered_candidate_000009_023041fd,centered-gaussian,5,5,0.2,1296.6,350,97.2,2999.2,1370.7463,10222,3799,1829.2,22044.4,0.2,295.94,18.4,526.2,29557.6,8324,3469.2,67380,244.2,0,4.6,0.5723,31384.8,30222.0045,9519.7814,-588.1732,1296.6
centered_candidate_000492_53c0c01c,centered-gaussian,5,5,0.2,1275.4,143,85,3568.4,2237.7321,9317.8,2356,1585.6,23821.8,0.2,237.78,15.6,480,46368.4,4395,2698.4,131593.6,214.4,0,3.4,0.6772,25161.4,84210.9617,14063.1643,-1033.8661,1275.4
centered_candidate_000143_82c9e6a7,centered-gaussian,5,5,0.2,1275.2,84,49.4,3383,1746.2519,9428.4,1639,1042,23231.6,0.2,253,16.6,483.4,54442,3130,1598.8,152179.4,251.8,0,3.4,0.6819,25193.6,88685.7081,11187.8618,-823.726,1275.2
centered_candidate_000409_4ce7e84e,centered-gaussian,5,5,0.2,1230.6,126,63.8,2966.2,1404.6518,9662.4,2120,1348.4,21790.4,0.2,268.72,17,502.6,30430.2,4252,2414.8,71772.2,247.6,0,5.2,0.5856,34091.2,33565.7889,9870.8337,-638.5259,1230.6
centered_candidate_000440_22601993,centered-gaussian,5,5,0.2,1226.4,217,76.2,3037.6,1439.9497,9661,2934,1529.2,22142.2,0.2,280.92,17.4,498.2,28955.4,6459,2844.2,70886.6,248.2,0,4.6,0.5191,31054.2,33798.2648,9904.4176,-643.7748,1226.4
general_top10-average-phased_a123a8f6,top10-average-phased,5,5,0.2,1223.6,83,59.8,2983.8,1417.566,9633.8,1580,1316.8,22174.8,0.2,257.74,16.8,503.2,29080.4,2692,2287.6,69446,236.4,0,4.4,0.5494,30473,32648.4361,10092.8157,-648.983,1223.6
centered_candidate_000329_ea4fd372,centered-gaussian,5,5,0.2,1216.8,91,44.4,3012.6,1429.0383,9399.2,1593,933.4,22102.4,0.2,255.96,16.4,488.2,29566.6,2862,1566.2,72921,241.8,0,4.2,0.706,30319.4,34327.6117,10136.7028,-670.1192,1216.8
centered_candidate_000513_65f23e4a,centered-gaussian,5,5,0.2,1212.4,601,171.2,2622.2,1126.4563,9827.8,5564,2489.8,19607.8,0.2,304.02,19,500.8,29314,12401,4918.8,63993.6,269.4,0,4.6,0.687,32872.8,27556.9096,7841.4039,-392.0282,1212.4
centered_candidate_000515_d8ffc6c3,centered-gaussian,5,5,0.2,1204.8,90,61,2930.6,1388.5044,9358.6,1758,1360,21377.2,0.2,266.9,16.8,482,30342.4,3190,2285.4,73424.6,245.4,0,4.4,0.5401,30878.4,34270.5177,9629.0904,-633.2522,1204.8
centered_candidate_000083_6b423926,centered-gaussian,5,5,0.2,1203.8,83,49.4,3163.8,1601.4478,9220.2,1595,1169,22490.6,0.2,254.5,16.2,475.8,29239.2,2554,1847.8,76751.8,234,0,4,0.5754,28697,39670.7362,10671.5467,-751.3239,1203.8
centered_candidate_000337_f02d4332,centered-gaussian,5,5,0.2,1203.4,394,53.2,2929.6,1387.2378,9407.6,4107,1189.2,21201.4,0.2,281.22,17.4,479.6,27913.2,8888,2136,68178.6,245.4,0,4,0.6924,28589.6,33023.0311,9418.0238,-640.4189,1203.4
centered_candidate_000182_ac2c8a59,centered-gaussian,5,5,0.2,1203.2,125,61.4,3083.8,1514.3744,9377,2024,1239.4,22320.6,0.2,257.96,16.6,486.4,30723.8,3584,2123,78964,243,0,3.6,0.6356,27969.4,39604.9335,10330.4175,-695.7872,1203.2
centered_candidate_000286_65d5e433,centered-gaussian,5,5,0.2,1195.4,297,56.8,2822.8,1305.3109,9541.6,3632,1322.4,20992.8,0.2,281.36,17.2,493.2,28585.4,7222,2544.8,67243,245.6,0,4.8,0.4902,32134.4,30641.2707,9199.6888,-595.8555,1195.4
centered_candidate_000163_ac52c955,centered-gaussian,5,5,0.2,1142,106,54,3269.4,2115.6747,8235.8,1840,1107.6,21783.4,0.2,210.9,13.6,428.2,39892.2,2750,1689.4,115086.2,244.6,0,3.6,0.6908,28025,74784.9796,13385.9442,-1003.8374,1142
centered_candidate_000354_ea58d6ed,centered-gaussian,5,5,0.2,1112.6,95,33.2,3180.8,1997.0821,8053.8,1649,813.8,21489.6,0.2,214.78,13.6,415,40679.2,2973,1179.6,117347.6,234,0,3.2,0.7835,25728.8,75036.054,12745.515,-965.3411,1112.6
centered_candidate_000360_a0766ee7,centered-gaussian,5,5,0.2,1058.6,106,56.6,2972.6,1833.4824,7935.2,1814,1212.2,20458.6,0.2,239.34,14,403.8,42315,3878,2493,120006.2,222.4,0,4,0.5356,28276.8,76224.0396,11796.9406,-860.1412,1058.6
centered_candidate_000323_ce761c1b,centered-gaussian,5,5,0.2,1055.4,118,33.6,2759.2,1392.9028,8033.8,2029,778.4,19625.6,0.2,244.22,15,405.2,26193.8,3732,985,69078.4,229.4,0,3.6,0.7066,27623.4,36136.4528,9409.5003,-662.8514,1055.4
centered_candidate_000428_6618c497,centered-gaussian,5,5,0.2,1054,103,49,2647.4,1260.6532,8473,1937,1137,19667.4,0.2,254.06,15.6,436.6,26677,3629,1809.4,67090.6,234.6,0,2.8,0.834,24654.6,32328.8676,8861.6737,-581.3266,1054
centered_candidate_000027_8a710136,centered-gaussian,5,5,0.2,1048,87,60.8,2951.6,1831.5739,7878.2,1638,1267.8,20362,0.2,233.62,14,400.8,35833.2,3370,2128,101264.4,217.4,0,3.8,0.5395,27113.4,63961.1121,11868.6686,-854.9869,1048
centered_candidate_000444_067291dd,centered-gaussian,5,5,0.2,1035.2,237,68.4,2815,1721.7913,8075.6,3267,1412.4,19775.8,0.2,246,14.6,413,29866,6306,2654.2,80918.6,222,0,4.2,0.4956,28437.4,49797.47,11206.2943,-792.4957,1035.2
centered_candidate_000172_61267a7b,centered-gaussian,5,5,0.2,1023.8,155,81,2402,1117.5479,8202.6,2379,1447.6,17952.4,0.2,260.44,16,413.6,23870.2,4281,2510.2,55416,231,0,3.8,0.6512,27981.8,25340.2537,7832.1537,-477.774,1023.8
centered_candidate_000255_11c15e83,centered-gaussian,5,5,0.2,1022.4,71,36.6,2947.6,1891.3626,7666.2,1554,821,20574.6,0.2,201.86,12.6,400.2,27514.4,2743,1169.8,78543.2,204,0,3,0.6718,24111,50224.2554,12516.2285,-909.0813,1022.4
centered_candidate_000422_4fce2c85,centered-gaussian,5,5,0.2,1002.4,80,60.8,2777.4,1643.528,7634.6,1604,1291.6,19365.4,0.2,237.68,14,385.8,34219.4,3005,2619.8,95245,219.8,0,3.6,0.5328,26746.6,58326.1771,10726.9997,-760.964,1002.4
centered_candidate_000128_4afbe850,centered-gaussian,5,5,0.2,1001.8,111,45,2818.6,1751.9893,7545.4,1959,951.8,19498,0.2,221.04,13.4,384.8,31743.4,3650,1568.8,89493.6,213.4,0,3.2,0.6042,24962.4,56332.8418,11334.0428,-830.9947,1001.8
centered_candidate_000161_a425a29a,centered-gaussian,5,5,0.2,1000.2,195,88.6,2736.4,1714.577,7733.4,2700,1727.8,18940,0.2,233.9,13.8,396.4,29452,5378,3409.4,79931.4,220.4,0,4.6,0.5072,30620.4,50059.6815,11007.2378,-768.6885,1000.2
centered_candidate_000303_e369dfc6,centered-gaussian,5,5,0.2,991,85,47.2,2841.8,1842.1258,7337.2,1592,1058.6,19375.4,0.2,201.84,12.6,376.8,31250.8,2898,1660,89274.8,204.6,0,2.8,0.6874,21932.2,57775.2628,11923.7993,-873.8629,991
centered_candidate_000431_df11c95a,centered-gaussian,5,5,0.2,987,257,94,2627.2,1591.9459,7950,3356,1787,18861.6,0.2,243.82,14.8,407.6,34137.6,6166,3388.6,92987.2,222.6,0,4.2,0.6517,29381.4,57727.1202,10440.1435,-701.9729,987
centered_candidate_000066_32b6d06a,centered-gaussian,5,5,0.2,986.2,119,37,2747.2,1650.2389,7591,2016,918.8,19481.2,0.2,219.38,13.8,388.2,31141.2,3521,1306.6,87591.8,215.4,0,3,0.7417,23971.2,54178.7913,10996.6069,-788.1195,986.2
centered_candidate_000439_ca16e576,centered-gaussian,5,5,0.2,959,106,52.8,2677.4,1635.9211,7476.6,1940,1153.4,19107.2,0.2,236.88,13.4,381.6,24414.2,3665,2277.4,66380.8,211.4,0,4,0.5692,27519,39990.3857,10947.7397,-765.1606,959
centered_candidate_000113_3cc32a40,centered-gaussian,5,5,0.2,957.2,63,44.6,2701,1649.8757,7288.6,1309,1001,18979.2,0.2,215.74,13.2,372.2,24450.8,2349,1705.2,67974,222.6,0,3.2,0.8051,25468.8,41434.7849,10811.4922,-780.3378,957.2
centered_candidate_000086_ad5d2a54,centered-gaussian,5,5,0.2,949.6,54,37.2,2760.4,1807.2163,7044.4,1261,936.6,18976.6,0.2,199.22,11.6,364.8,35273.8,2050,1294,102570.4,201.8,0,3.4,0.5495,24989.8,67075.2759,11835.5634,-866.4081,949.6
centered_candidate_000454_51372730,centered-gaussian,5,5,0.2,938.8,93,54.2,2347.8,1115.377,7843.8,1796,1203.6,18075,0.2,251.44,14.8,404.2,22315.6,3350,2004.2,55168.8,229.6,0,4.4,0.5363,30900.6,26237.3632,8093.2878,-503.4885,938.8
centered_candidate_000115_f83e203f,centered-gaussian,5,5,0.2,929.8,127,53.8,2567.4,1547.6973,7339,2030,1241.8,18449,0.2,233.96,13.4,374.2,25512.8,3730,2178.8,69745.8,211,0,3.2,0.662,24682.2,42350.941,10371.6853,-720.0487,929.8
centered_candidate_000334_8751202b,centered-gaussian,5,5,0.2,922.8,331,39.6,2451,1473.9469,7366.8,3794,913.6,17883.6,0.2,243.38,13.8,373.8,29133.2,9072,1416.6,78269.2,219,0,4.2,0.6194,28471.2,47653.7364,9989.1136,-697.3734,922.8
centered_candidate_000088_3e35befa,centered-gaussian,5,5,0.2,920.6,149,62.2,2234.2,1039.4856,7753.8,2472,1308.6,17294.6,0.2,255.3,15,397,21934.4,4207,2182.2,52911.4,230.4,0,4,0.6436,28894.2,24561.4728,7562.2766,-457.5428,920.6
centered_candidate_000328_57bd5fee,centered-gaussian,5,5,0.2,900.8,122,55.8,2532.4,1618.8998,7003,1950,1236.6,17871.2,0.2,216.78,12.4,359.4,25070.6,3642,2533.2,69130.4,207,0,3.8,0.5486,26827.8,43841.2449,10723.9247,-753.6499,900.8
centered_candidate_000212_76522a82,centered-gaussian,5,5,0.2,897.4,64,45.2,2579.4,1669.8916,6842.4,1364,1025.4,18101.2,0.2,200.34,11.6,353.8,23622.8,2578,1527.8,66768.4,196.8,0,3.2,0.6082,24416,42672.7843,11088.9341,-789.7458,897.4
centered_candidate_000148_17ce350d,centered-gaussian,5,5,0.2,897,356,63.6,2004.8,903.321,7424.8,3862,1289.6,15318,0.2,267.06,15.4,367.6,19594.6,7815,2010.8,43658.8,229.4,0,4.2,0.536,29302.6,19287.4718,6468.517,-388.0605,897
centered_candidate_000207_faffa18b,centered-gaussian,5,5,0.2,894.6,72,56.2,2499.4,1519.6237,7097.6,1453,1226.4,18111.4,0.2,224.02,13.2,364.2,28415,2702,2093.6,79352.2,237.4,0,4,0.7093,29261.2,49151.4011,10256.9224,-703.6119,894.6
centered_candidate_000177_206e5ac6,centered-gaussian,5,5,0.2,891.2,103,58,2516.2,1617.0641,6906.6,1840,1227.8,17697.2,0.2,209.82,12.4,353.4,24578.6,3329,2094.4,68298.8,204.2,0,3.4,0.5813,25381.8,43461.7228,10684.4364,-750.532,891.2
centered_candidate_000385_8a5a9464,centered-gaussian,5,5,0.2,889.6,95,52.2,2513.8,1603.1022,6952,1761,1104.4,17930,0.2,203.32,12.4,358.6,22043.6,3283,1767.6,60925.4,205.2,0,2.8,0.7035,23109.6,38388.6799,10763.2433,-749.3511,889.6
centered_candidate_000065_58b14c01,centered-gaussian,5,5,0.2,888.2,41,36.4,2578.6,1676.4991,6734.4,959,896,18231.8,0.2,187.76,11.2,350.8,22264.6,1591,1292.8,63752,195.8,0,3,0.6975,23178.6,41171.9979,11306.1123,-801.8496,888.2
centered_candidate_000238_811235f9,centered-gaussian,5,5,0.2,887.6,160,90.4,2057.4,948.6282,7584.8,2341,1645.4,16194.2,0.2,256.52,15,386.6,19336.6,4645,3097.6,43102.4,228.4,0,3.4,0.6435,26736.8,19241.5232,6991.955,-383.9141,887.6
centered_candidate_000146_83e0c653,centered-gaussian,5,5,0.2,885.6,87,67.6,2492,1584.479,6959.6,1696,1412.2,17680.8,0.2,217.44,12.4,357.4,27615.2,3184,2625.8,76736.8,205.4,0,3.6,0.5398,25258.2,48567.8153,10505.8356,-724.6395,885.6
centered_candidate_000307_c1bd112d,centered-gaussian,5,5,0.2,884.2,90,46.8,2457.2,1476.0209,6950.2,1672,1077.4,17672.6,0.2,222.86,12.8,353.6,23846,2942,1720,65731,211,0,3.4,0.5856,25469.6,39862.0682,9936.2492,-691.2105,884.2
centered_candidate_000056_64dd93fe,centered-gaussian,5,5,0.2,878.4,62,45,2193.8,1040.1595,7225.2,1274,1048.4,16839.6,0.2,241.54,14,366.8,20746.6,2427,1654.4,51795.6,222.4,0,4,0.6148,28669.6,24727.2406,7609.5345,-475.0798,878.4
centered_candidate_000449_8a139ac9,centered-gaussian,5,5,0.2,877.6,112,38.4,2495.6,1601.5718,6854.4,1954,873.8,17941,0.2,199.94,12,354.6,25920.8,3421,1251.2,73457.6,197.4,0,3.2,0.573,24000,47021.1831,10874.2328,-762.3859,877.6
centered_candidate_000490_085cf7ba,centered-gaussian,5,5,0.2,877.2,110,54,2476.8,1587.6083,6951,1983,1186.4,17820.4,0.2,202.92,12.2,361.4,21177.6,3334,1711.2,58610.4,203.6,0,3.8,0.5848,27241.6,36917.2694,10711.4971,-739.8042,877.2
centered_candidate_000192_7e040b4e,centered-gaussian,5,5,0.2,865.6,42,33.6,2508.6,1621.9379,6521.2,921,783.6,17678.8,0.2,182.42,11.4,335.2,28010.6,1373,903.8,81499.4,194.6,0,3,0.8123,24231.2,52911.8325,10857.8526,-777.369,865.6
centered_candidate_000468_b1f25257,centered-gaussian,5,5,0.2,865.4,179,60.4,2217,1143.599,7205,2663,1314.2,16723.8,0.2,243.38,14.4,363.6,19808,5029,2421.8,49490.2,222.6,0,4,0.5333,27899.2,25697.0856,8029.2063,-511.3995,865.4
centered_candidate_000033_0981b7b2,centered-gaussian,5,5,0.2,859,118,68,2346.2,1411.9466,6948.4,1941,1298.6,17244.8,0.2,228.44,13,354,22701.8,3423,2349,61368.2,208.2,0,3.4,0.5801,24822.4,37030.3468,9651.2168,-637.9733,859
centered_candidate_000072_52d9cccd,centered-gaussian,5,5,0.2,858.6,90,40,2449.6,1572.0035,6633.4,1696,951.2,17346.6,0.2,202.84,11.6,341.2,22987.6,3082,1488.8,64628.4,200.8,0,3,0.6305,23160.4,41212.1482,10494.3742,-746.0018,858.6
centered_candidate_000234_e47782a0,centered-gaussian,5,5,0.2,858.6,111,48.2,2371.8,1424.5688,6944.2,1868,1108.4,17483.4,0.2,224.16,13,354.4,22669,3269,1895,61829,208.4,0,4.2,0.5859,29440.8,37204.4399,9748.0499,-664.0844,858.6
centered_candidate_000306_4e65992c,centered-gaussian,5,5,0.2,853,241,131.8,2184,1281.8507,7220.2,3109,2223.4,16320.8,0.2,254.84,14.2,365.8,20641.4,6982,4429,50725.4,221.6,0,4.4,0.4744,29955.6,29237.7248,8720.3847,-509.1253,853
centered_candidate_000129_ab519def,centered-gaussian,5,5,0.2,849.8,39,34.2,2460.8,1587.4026,6474,944,794.4,17488.8,0.2,186.38,11.2,334,20403.2,1564,1014.6,58332.6,194.8,0,3.2,0.7897,24803.2,37281.2094,10685.1636,-759.5013,849.8
centered_candidate_000205_9c5afc96,centered-gaussian,5,5,0.2,835.2,54,30.8,2419.8,1572.9955,6448,1241,753,17363.2,0.2,185.92,11.2,333.8,18846.2,1663,962.2,53710.2,195,0,3.2,0.6512,24651.8,34300.4608,10715.7119,-755.6978,835.2
centered_candidate_000462_68fc5ea5,centered-gaussian,5,5,0.2,832.2,110,53.6,2017.4,941.2539,7128.8,1962,1228.4,15897.8,0.2,244.96,14.2,362.6,19542.2,3445,2133.2,46192.2,223,0,3.4,0.7227,26049.4,21111.3954,6978.3148,-417.027,832.2
centered_candidate_000148_08a0fa30,centered-gaussian,5,5,0.2,831.6,64,45,2386.4,1550.2367,6493.6,1350,1026.2,17098.6,0.2,197.16,11.4,334.8,21320,2377,1728.2,59838.4,195.8,0,3.2,0.5932,24095,38353.225,10511.6186,-730.1184,831.6
centered_candidate_000172_8e2e21c1,centered-gaussian,5,5,0.2,830.4,123,87.2,2281.2,1434.0269,6782.2,2089,1572,16722.2,0.2,220.18,12.6,347.8,19406,4350,2889.6,51193.4,207,0,3.8,0.5107,26657.4,31389.424,9761.0858,-629.8134,830.4
centered_candidate_000281_7b84d04e,centered-gaussian,5,5,0.2,825.8,93,38,2356.4,1519.3037,6326,1612,836.6,16662.6,0.2,191.32,11.2,323.8,22896,2816,1125.2,64990.2,194.2,0,3.4,0.6247,24888.4,41663.8647,10178.5941,-721.6519,825.8
centered_candidate_000263_e206417a,centered-gaussian,5,5,0.2,822.2,73,48,2335.2,1489.2622,6523.8,1505,1036.2,16937.2,0.2,196.82,11.8,336,23629.6,2324,1505.2,66747.6,198.2,0,3.6,0.5776,26353.2,42439.407,10117.6069,-696.6311,822.2
centered_candidate_000188_f0ac5fb7,centered-gaussian,5,5,0.2,813.8,106,39.8,2298,1455.7845,6536,1949,910.8,16877.8,0.2,200.28,11.8,337.6,21433.2,3482,1426.4,59566.6,199.8,0,3,0.6593,22654.6,37478.4265,10033.4067,-688.0923,813.8
centered_candidate_000015_63618bc7,centered-gaussian,5,5,0.2,811,516,43.6,1746.6,769.2193,7079.2,5040,1017.6,14343.2,0.2,258.84,14.8,354.8,17046.2,10909,1573.8,36146.4,225.8,0,4,0.5752,29184.4,15594.6933,5983.9239,-341.0097,811
centered_candidate_000223_a0d5f75f,centered-gaussian,5,5,0.2,807.6,61,37.4,2319.2,1492.4349,6352.4,1339,831.4,16852,0.2,193.7,11.2,328.2,23403,2509,1220.8,66481.4,197.6,0,3.4,0.5629,24984,42485.6892,10207.8594,-708.8174,807.6
centered_candidate_000448_d09bd1b0,centered-gaussian,5,5,0.2,806,65,56.8,2297.6,1490.0044,6367.2,1319,1206.4,16594.6,0.2,198.1,11.2,329,21847.2,2352,1856.4,61375.2,198.2,0,3.6,0.659,25465.6,39413.1939,10200.0439,-688.2022,806
centered_candidate_000024_f5ad0852,centered-gaussian,5,5,0.2,794.2,53,36.4,2273.4,1443.1953,6276.4,1175,806.4,16655.6,0.2,193.46,11.2,323,21511.6,1924,1105.8,61032.6,191.8,0,3.2,0.705,24463.6,38555.3424,9952.2936,-685.1976,794.2
centered_candidate_000073_776d34f0,centered-gaussian,5,5,0.2,791.6,90,34.2,1940.2,913.5755,6738.8,1695,797.8,15475.4,0.2,231.66,13.4,342.6,17375.6,2856,1130.8,42400.2,218.6,0,2.8,0.8777,23809,19794.9027,6959.1916,-422.5878,791.6
centered_candidate_000485_6be72bca,centered-gaussian,5,5,0.2,791.4,108,33.4,2235,1412.656,6383.2,1884,868.8,16451.4,0.2,202.88,11.6,328.4,21179.8,3164,1225.8,59149,197,0,3.4,0.6554,25497,37167.7747,9712.059,-672.928,791.4
centered_candidate_000255_35a0b09b,centered-gaussian,5,5,0.2,779,81,75.6,2179.8,1399.0058,6396.2,1595,1496.2,16102,0.2,208.44,11.8,329,18729.2,2811,2601.2,50757.2,200.2,0,3.4,0.6015,25249.6,31911.8498,9676.0565,-623.9029,779
centered_candidate_000029_b7d60d27,centered-gaussian,5,5,0.2,773.6,65,40.4,2209.8,1417.9314,6122.8,1277,965,16058.4,0.2,195.06,11.2,313,20736.2,2099,1542.4,58481.6,196.2,0,3,0.6838,23436.2,37381.4766,9731.2164,-668.5657,773.6
centered_candidate_000305_cb3508d8,centered-gaussian,5,5,0.2,770,126,86.8,2038.2,1175.712,6567.2,2066,1674.8,15466,0.2,227.7,13.2,332.2,18548,3796,2915.8,47768.8,209.8,0,3.8,0.527,26969.4,27405.2352,8149.696,-501.056,770
centered_candidate_000290_af182181,centered-gaussian,5,5,0.2,762.4,126,54,2035.6,1152.2938,6441.4,2064,1105.6,15588.8,0.2,216.96,12.8,327,17405,4196,1603,45395.6,206.8,0,3,0.6931,23965.8,25710.2654,8125.3365,-522.1469,762.4
centered_candidate_000476_6e236df2,centered-gaussian,5,5,0.2,759.2,133,59.4,2071.8,1266.7322,6309.8,2125,1194.4,15535.8,0.2,215.34,12.2,320.6,19401.8,3852,1828,52290.8,203.4,0,3.6,0.5476,26357.2,31792.8269,8798.1087,-573.9661,759.2
centered_candidate_000293_e72951ff,centered-gaussian,5,5,0.2,756,296,50.8,1948,1122.0774,6387,3482,1133.8,14833.4,0.2,243.4,12.8,319,18376.4,7172,2282.6,46050.8,208.2,0,4.2,0.56,28440.4,26123.2553,7860.1119,-510.2387,756
centered_candidate_000345_cfbc64d6,centered-gaussian,5,5,0.2,753.6,122,44.8,1973.8,1044.14,6418.4,1969,963.2,15451,0.2,221.82,13,325.2,19123.2,3623,1518,49980.4,219,0,3.4,0.6492,26198.2,27259.8475,7663.6826,-477.27,753.6
centered_candidate_000368_e8fb3810,centered-gaussian,5,5,0.2,753.4,154,66.4,2007.8,1176.2307,6373,2300,1337.8,15259.2,0.2,225.02,12.8,321.2,18892.6,4214,2222.2,49500.8,208.2,0,4,0.5366,27853.4,28892.1837,8250.0794,-521.7153,753.4
centered_candidate_000097_c13c2569,centered-gaussian,5,5,0.2,745,87,63.4,1964.8,1060.4861,6402.2,1745,1353.2,15212.2,0.2,221.9,12.8,325.6,17960.6,3221,2407.4,46366,212,0,4,0.5122,28294,25639.3107,7587.5643,-466.8431,745
centered_candidate_000232_ec4d87ad,centered-gaussian,5,5,0.2,743.6,84,45.2,2016.2,1143.1995,6221,1706,1032.6,15387.2,0.2,215.1,12.2,315.2,19586.6,2543,1650.6,53067.6,203.4,0,3,0.5876,23724,31080.8886,8198.07,-526.3997,743.6
centered_candidate_000100_b9d1c443,centered-gaussian,5,5,0.2,742.6,88,40,2082.8,1292.3999,6075.2,1573,954.6,15529.8,0.2,211.96,11.4,308.4,20052.4,2491,1645.2,55457,193.8,0,3.4,0.593,24837.8,34197.549,8939.5264,-606.1999,742.6
centered_candidate_000001_1dcf7c18,centered-gaussian,5,5,0.2,740,69,45.2,2103.2,1352.1197,5971.6,1487,986.6,15468,0.2,187.88,11,306.8,17950.6,2053,1411,50257.8,192.4,0,2.4,0.7706,20763.2,31920.5168,9367.0854,-630.8598,740
centered_candidate_000138_0a416084,centered-gaussian,5,5,0.2,740,269,57.6,1889,1055.9705,6408.2,3320,1327.8,14639.6,0.2,238.58,13,322.4,17732.6,6620,2274,44229.2,210.8,0,3.6,0.4922,26128.2,24725.5897,7560.0452,-470.3852,740
centered_candidate_000021_fb9babab,centered-gaussian,5,5,0.2,737,65,40.6,2066.6,1265.9641,6084.6,1368,953.4,15584.8,0.2,210.92,11.6,308.8,19933.6,2410,1398.6,55121,195.4,0,3.4,0.5951,25054,33537.0104,8873.6221,-592.3821,737
centered_candidate_000510_7ebaacce,centered-gaussian,5,5,0.2,735.6,94,49.2,1996.2,1155.4373,6210,1846,1049.6,15246.4,0.2,218.26,12.4,313.6,18720.8,3503,1656,49864.4,206,0,3.6,0.5736,26363.6,29064.3556,8166.6537,-528.5187,735.6
centered_candidate_000256_75e3d0da,centered-gaussian,5,5,0.2,732.2,104,82.6,1808.6,864.3512,6386.6,1941,1602.8,14285,0.2,240.58,13.6,318.4,16774,3672,2740.4,40158.6,224.6,0,3.2,0.6873,25170.2,19009.4583,6382.5211,-349.5756,732.2
centered_candidate_000423_a63ff7ba,centered-gaussian,5,5,0.2,727.8,118,68.8,1976,1202.8237,6215.4,1993,1464.2,15003,0.2,222.08,12,316.8,18376.6,3784,2712.6,48254.8,202,0,4,0.5119,27625.2,29013.6147,8387.4492,-532.6119,727.8
centered_candidate_000492_6213afcb,centered-gaussian,5,5,0.2,720.2,92,54.8,2018.4,1289.0285,5969,1761,1188.6,15027.2,0.2,204.5,11.2,305.4,17916,3406,2027.4,48534,197.6,0,3,0.6191,23035.2,30333.4944,8918.9207,-589.7143,720.2
centered_candidate_000035_7ebdc5a6,centered-gaussian,5,5,0.2,718.6,161,42,1903,1066.0519,6147.8,2423,965.8,14796.4,0.2,219.84,12.4,310,18405,4513,1519.2,48439.4,203.2,0,2.8,0.6658,22248.2,27738.8175,7723.4702,-491.0259,718.6
centered_candidate_000090_73717150,centered-gaussian,5,5,0.2,717.2,61,32.2,2062.4,1339.4649,5776.2,1271,794.6,15303,0.2,185.48,10.4,298.2,16953.4,2042,1141,47717,194,0,3,0.7594,23419.4,30544.7664,9403.6119,-637.5324,717.2
centered_candidate_000144_ed4e7993,centered-gaussian,5,5,0.2,716.2,107,81.8,1954.6,1219.6815,6119,1796,1615.4,14847.2,0.2,217.6,11.8,312.2,17764,3625,3350.6,46134.6,200.2,0,4,0.4833,27155.6,28010.6885,8499.1557,-528.0407,716.2
centered_candidate_000016_77add22f,centered-gaussian,5,5,0.2,712.6,105,78.4,1905.2,1117.5605,6169,1926,1567.4,14625.4,0.2,226.68,12.4,311.8,17699.6,3579,2662,45959,207.6,0,3.4,0.5684,25074.2,26694.0791,7848.4555,-480.3802,712.6
general_top10-median-phased_5c9c6dd1,top10-median-phased,5,5,0.2,710,200,85.4,1849.6,1102.031,6232.4,2795,1604.4,14362.8,0.2,230.86,12.6,315.2,18557.2,5472,3036.8,47258.8,206.2,0,3.6,0.5623,25873.8,27942.2971,7815.7474,-465.6155,710
general_topN-median-phased_65da141c,topN-median-phased,5,5,0.2,710,200,85.4,1849.6,1102.031,6232.4,2795,1604.4,14362.8,0.2,230.86,12.6,315.2,18557.2,5472,3036.8,47258.8,206.2,0,3.6,0.5623,25873.8,27942.2971,7815.7474,-465.6155,710
centered_candidate_000147_3d1fb23b,centered-gaussian,5,5,0.2,707.8,117,60.6,1939.8,1196.6985,6017.4,2044,1350.2,14680,0.2,227.46,11.6,304.6,16621.6,4233,2215.6,43352.6,200.4,0,4.2,0.4943,28135.2,25758.6064,8362.926,-537.7493,707.8
centered_candidate_000275_0725be97,centered-gaussian,5,5,0.2,705.8,66,45.6,2000.8,1283.2406,5738.6,1434,980.2,14793.2,0.2,187.72,10.6,294,17818.4,2390,1351,49717.6,187.2,0,2.8,0.6772,22892.6,31576.9056,8905.2107,-596.0203,705.8
centered_candidate_000454_da739792,centered-gaussian,5,5,0.2,703.8,139,68.6,1853.8,1062.2742,6190.2,2301,1358.8,14526,0.2,222.74,12.4,315,17716.2,4138,2238.2,45900.2,204.2,0,3.4,0.6027,25167.4,26520.0459,7606.422,-462.5371,703.8
centered_candidate_000277_cf7f4ad5,centered-gaussian,5,5,0.2,695.4,115,57,1915.8,1196.4069,5908.8,1939,1241,14596.2,0.2,216.34,11.4,300.2,17959,3614,2417,47727,198.4,0,3.8,0.5533,26641.8,29198.0973,8453.7561,-541.2034,695.4
centered_candidate_000012_29cb6e6b,centered-gaussian,5,5,0.2,694.8,92,57,1889,1118.1146,6019.2,1766,1254.4,14657.2,0.2,216,12,305.2,17919,3608,1921.2,47497.4,197.6,0,3.4,0.5967,25530.4,27837.5277,7952.0423,-502.0573,694.8
centered_candidate_000460_ebfccc09,centered-gaussian,5,5,0.2,691,106,52.4,1920,1214.808,5817.8,1944,1131,14488.8,0.2,200.04,11.2,297.2,17508.6,3518,1877,47281.6,197.6,0,3.6,0.5354,25722.2,29450.9015,8514.3162,-555.004,691
centered_candidate_000300_e3734fe6,centered-gaussian,5,5,0.2,682.8,72,41.2,1922.6,1207.8903,5747,1438,1024.4,14624.6,0.2,200.86,11,293.4,16649.6,2541,1597.8,45433.6,195.8,0,3.2,0.6225,23888,27981.2031,8512.8361,-562.7451,682.8
centered_candidate_000295_63329ac9,centered-gaussian,5,5,0.2,679.2,74,56.2,1906,1217.4789,5670.4,1549,1234.2,14243,0.2,204.2,10.8,288,17520,2663,2219.6,47537.4,192.2,0,3.4,0.5384,24355.6,29671.5846,8453.5262,-552.5395,679.2
centered_candidate_000417_ff932896,centered-gaussian,5,5,0.2,675.2,295,72,1519,672.6091,6039.8,3367,1306.6,12523.6,0.2,254.12,13.6,293.8,15229.4,7479,2451.2,32999.6,218.8,0,3.4,0.7428,26398,14201.7026,5202.1189,-264.3045,675.2
centered_candidate_000075_acb4a863,centered-gaussian,5,5,0.2,674.4,121,68.8,1842.2,1157.5354,5756.2,1934,1408.6,13997.6,0.2,211.72,11.2,292,16887.2,3806,2824.2,44167.4,195.6,0,4,0.5049,27550,27017.4533,8112.9554,-509.9677,674.4
centered_candidate_000443_b75f55a4,centered-gaussian,5,5,0.2,671.2,118,71.6,1825,1142.209,5739,1918,1403,13870.2,0.2,199.74,11.6,290.2,16665.6,3365,2237,44379.6,196.4,0,2.8,0.7413,23325.4,27407.9823,8000.4773,-499.5045,671.2
centered_candidate_000336_af65e9c0,centered-gaussian,5,5,0.2,670.2,95,54.6,1814.6,1066.9347,5777.8,1865,1194.6,13944.8,0.2,218.98,11.6,290.4,14811,4085,2036.4,37835,197.2,0,3.4,0.6573,24892,21616.7159,7525.8319,-478.8674,670.2
centered_candidate_000445_c04ec96d,centered-gaussian,5,5,0.2,669.2,111,70,1828.8,1142.7139,5817,1997,1469.4,14033,0.2,207.22,11.6,295.4,16445.2,3497,2679.4,43193.2,193.4,0,3.6,0.5862,26106.4,26431.3355,8033.0092,-501.3569,669.2
centered_candidate_000357_2f5703d2,centered-gaussian,5,5,0.2,666,147,84.8,1773.6,1090.4709,5867.4,2301,1698.4,13702,0.2,218.14,11.8,297.8,15908.8,4646,3329.4,39932.4,203.8,0,4,0.5301,27798,23696.3974,7690.8499,-460.4355,666
centered_candidate_000400_63accef3,centered-gaussian,5,5,0.2,664.4,125,67,1771.6,1044.5724,5821.6,1994,1399.6,13825.4,0.2,228.72,12,291,16328.4,3821,2852.2,41603.6,203.8,0,3,0.618,23029.6,24046.1014,7473.3516,-455.2862,664.4
centered_candidate_000478_8f237668,centered-gaussian,5,5,0.2,663.8,127,69.6,1796,1112.6294,5769.8,2157,1412,13792,0.2,211.1,11.4,293.2,16803.6,3971,2665.4,43771.6,196.2,0,2.8,0.6573,22433.4,26541.0865,7815.3572,-486.7147,663.8
centered_candidate_000456_748432b2,centered-gaussian,5,5,0.2,663.2,87,80.2,1817,1142.9895,5757.2,1692,1578.6,13946.6,0.2,203.08,11.2,295,15739.8,3055,2810.8,41181,196.4,0,3.6,0.5498,25985.8,25126.2809,8056.8765,-491.2947,663.2
centered_candidate_000467_b01969c0,centered-gaussian,5,5,0.2,660.2,72,48.8,1805.8,1063.5635,5680,1487,1072.8,14040.4,0.2,216.96,11.4,285.6,15440.6,2656,1985.8,40664.4,200.4,0,3.2,0.5891,24204.6,23568.9216,7645.7029,-482.9818,660.2
centered_candidate_000061_296d524c,centered-gaussian,5,5,0.2,657.8,86,52.8,1836.2,1169.7394,5569,1654,1184.4,13894.6,0.2,194.78,10.6,285,16873.4,2880,1924.4,45879,190,0,3.6,0.5721,25754.6,28789.1248,8239.9273,-532.0697,657.8
centered_candidate_000402_df6d13d8,centered-gaussian,5,5,0.2,656.4,88,48.8,1824.4,1138.5567,5597.8,1649,1086.8,14008.2,0.2,200.18,11,284.2,15591.2,3431,1571,41879.4,193.6,0,3.8,0.5658,26581.8,25556.6994,8081.3767,-520.4784,656.4
centered_candidate_000409_9a475d78,centered-gaussian,5,5,0.2,653.2,77,48,1828.6,1156.2334,5521.6,1558,1002.6,13966.2,0.2,190.92,10.6,282,16562,2702,1612.2,45276.6,187.8,0,3.2,0.5652,24068.6,28193.3865,8192.6835,-530.1167,653.2
centered_candidate_000359_91f432fa,centered-gaussian,5,5,0.2,652.8,198,51.6,1718.2,1014.9186,5729,2761,1067.6,13527.8,0.2,222.82,11.6,288.2,15794.8,5559,1641,40659.2,200.2,0,3.6,0.5922,25651,23813.5556,7334.0017,-455.8593,652.8
centered_candidate_000174_38a053a0,centered-gaussian,5,5,0.2,651.4,112,76,1768.8,1107.4644,5679,2055,1578.8,13443.6,0.2,204.64,11.4,287.8,16378.8,3508,2741.8,42861.6,191.8,0,3.2,0.6048,24353.6,26266.1724,7656.2797,-477.7322,651.4
centered_candidate_000417_3f68bc80,centered-gaussian,5,5,0.2,650.4,64,46.2,1843,1189.33,5402.2,1229,985.4,13993,0.2,186.72,10.2,276.8,15722,2226,1486.2,43545.8,196,0,3,0.8066,23573.8,27672.669,8518.6328,-548.465,650.4
centered_candidate_000309_a093ab81,centered-gaussian,5,5,0.2,648.2,151,73.2,1732.4,1067.5097,5780.2,2322,1495,13627.6,0.2,217.18,11.4,295.2,15863.8,4518,2928.2,40404.2,198,0,3.8,0.4984,26177.4,24156.9418,7669.977,-460.5549,648.2
centered_candidate_000418_cb9f82a4,centered-gaussian,5,5,0.2,647.8,90,49.4,1807.2,1148.2979,5592,1665,1066.4,14081.4,0.2,198.78,10.6,287.8,15575.4,3154,1670,42089.8,193.4,0,3.2,0.5599,23578,26142.084,8318.874,-524.749,647.8
centered_candidate_000111_f154fcaf,centered-gaussian,5,5,0.2,647.6,82,66,1795.2,1141.245,5614.6,1612,1418.2,13816.4,0.2,204.52,10.8,287.2,15813.4,2825,2752.6,41859.4,192,0,3.6,0.6141,25563,26016.8453,8142.4908,-504.6225,647.6
centered_candidate_000319_0796ba91,centered-gaussian,5,5,0.2,646,85,34.4,1767.8,1030.6693,5540.6,1666,848.6,13759.8,0.2,211.68,11.4,276.6,14721.6,3252,1238.2,38748.2,199.8,0,2.8,0.7527,22934.6,22009.732,7427.8746,-480.9346,646
centered_candidate_000110_07274884,centered-gaussian,5,5,0.2,644.6,75,42.6,1813.6,1151.0035,5486.6,1496,973.4,13976.4,0.2,188.32,10.6,281.6,15894.8,2370,1498.4,43795.2,197.8,0,3.8,0.6736,27771,27444.9719,8236.843,-532.9017,644.6
centered_candidate_000483_9515995c,centered-gaussian,5,5,0.2,643.4,57,50.6,1813.4,1153.9923,5412.6,1203,1151,13753.4,0.2,186.98,10.6,274.8,15923.4,2119,1624.2,43835.2,187.6,0,3.2,0.6683,24371.2,27455.5665,8128.079,-526.3962,643.4
centered_candidate_000303_7b8cbcfd,centered-gaussian,5,5,0.2,643,105,89,1735.2,1087.5402,5698.2,1864,1683.2,13518,0.2,207.1,11.4,290.6,16223.2,3489,2763.2,42389.6,197.4,0,3.8,0.5578,26855.4,25801.1998,7738.2773,-454.7701,643
centered_candidate_000089_e0efb55d,centered-gaussian,5,5,0.2,642,84,44,1756.8,1040.2169,5595.6,1661,1010.8,13818.8,0.2,207.98,11.4,282.2,16100.4,3156,1405.4,43060,199,0,3.2,0.6021,24079.2,25262.6352,7560.1956,-476.1085,642
centered_candidate_000018_3a2dcf66,centered-gaussian,5,5,0.2,638.6,127,54.6,1700.8,991.063,5661.6,2048,1105.8,13591.4,0.2,215.12,11.6,285.2,14288.2,3920,1652.4,36818.8,195.8,0,2.8,0.6545,22441.8,21106.2375,7312.5205,-440.9315,638.6
centered_candidate_000095_6f7727c8,centered-gaussian,5,5,0.2,632,110,56.2,1728.4,1075.5771,5522.6,1904,1181.8,13481,0.2,198.66,11,281,16256.2,3755,2053.4,43072.2,191.6,0,2.8,0.6515,22065,26338.349,7710.1507,-481.5885,632
centered_candidate_000007_dc2d14de,centered-gaussian,5,5,0.2,631.6,119,75.4,1699.6,1050.5902,5651,2080,1560.4,13302.8,0.2,211.42,11.2,288.2,14529.2,3972,2992.2,36639,191,0,3.8,0.5181,26729.6,21852.2593,7471.7099,-449.8951,631.6
centered_candidate_000516_921f710c,centered-gaussian,5,5,0.2,619.4,116,35.6,1718.2,1083.4153,5261.4,1862,803.4,13231.2,0.2,188.94,10.4,266.6,15597.4,3538,1382,42096.4,190.8,0,2.8,0.754,22861.6,26119.0581,7768.0625,-506.1076,619.4
centered_candidate_000241_cc6b8ab0,centered-gaussian,5,5,0.2,616.6,63,34.8,1711.4,1028.3149,5275.6,1252,860.4,13340.4,0.2,205.52,10.8,262.6,14935.6,2350,1219,40346.6,191.2,0,3.6,0.6408,25920.8,23840.5312,7446.1761,-479.3574,616.6
centered_candidate_000461_16b59bd4,centered-gaussian,5,5,0.2,616,98,57,1695.6,1065.2716,5448.4,1776,1285.8,13314.2,0.2,203.3,10.8,277.4,14659.8,3310,2195.4,38472.6,190.6,0,3.8,0.5272,27050.8,23443.4296,7695.7095,-475.6358,616
centered_candidate_000090_4a143b76,centered-gaussian,5,5,0.2,612.6,47,34.8,1756.6,1141.2191,5039.8,1082,816.6,13251.8,0.2,169.36,9.8,255.6,15856.4,1509,1048.2,45031.6,181.6,0,3.2,0.6705,24652.2,29063.8978,8160.5599,-535.8096,612.6
centered_candidate_000270_4bf01a63,centered-gaussian,5,5,0.2,607.2,85,42.4,1699,1081.1071,5348,1604,1065.2,13405.8,0.2,193.76,10.2,275.2,13562.8,2908,1705.8,36126.4,183,0,3.4,0.5479,24875.4,22313.4373,7919.7586,-498.1535,607.2
centered_candidate_000312_bd35b73c,centered-gaussian,5,5,0.2,600,190,39.4,1562.2,883.5096,5361.4,2726,947,12546.2,0.2,240.82,11.4,262.6,13951,6619,1803,33897.2,200.2,0,4,0.5211,27473.4,18469.962,6590.9386,-402.3548,600
centered_candidate_000431_da33c4f9,centered-gaussian,5,5,0.2,599.8,230,60,1505.6,833.1387,5498.8,3114,1270.2,12188,0.2,232.44,12,271.4,13790,7093,1967.2,32884.4,201.8,0,3.4,0.5115,24888,17819.5145,6121.3787,-356.5694,599.8
centered_candidate_000168_667a6eb0,centered-gaussian,5,5,0.2,597.6,55,42.6,1689,1077.8571,5155.2,1221,1019.2,13155.6,0.2,190.84,10,262.6,14013.8,2141,1555,38243.4,186.8,0,3.4,0.5851,24507.8,23911.7943,7846.6624,-496.3285,597.6
centered_candidate_000135_9f4deae5,centered-gaussian,5,5,0.2,583.2,105,65.4,1513.2,831.9494,5306.4,2001,1339.4,12190,0.2,220.94,11.6,261.6,14868.4,3897,2306.6,37321,196.6,0,3.6,0.6195,26441.8,20519.3343,6144.0696,-350.5747,583.2
general_top10-median-phased_64f3430d,top10-median-phased,5,5,0.2,572.4,65,35.4,1537.6,850.2281,5238.6,1425,828.8,12734.6,0.2,192.26,10.8,267.2,14130.4,2344,1117.8,37469.8,190.8,0,2.4,0.7206,20844.6,20913.3348,6381.8138,-389.7141,572.4
general_topN-median-phased_0a9b2946,topN-median-phased,5,5,0.2,572.4,65,35.4,1537.6,850.2281,5238.6,1425,828.8,12734.6,0.2,192.26,10.8,267.2,14130.4,2344,1117.8,37469.8,190.8,0,2.4,0.7206,20844.6,20913.3348,6381.8138,-389.7141,572.4
centered_candidate_000156_ab8dc63e,centered-gaussian,5,5,0.2,566.6,68,57.4,1542.4,925.251,5123.4,1338,1273,12400.6,0.2,207.12,10.8,257,13496.4,2318,2010,35312.8,202.4,0,3,0.6642,23879.2,20557.5754,6756.5641,-405.2255,566.6
centered_candidate_000247_bd0181e0,centered-gaussian,5,5,0.2,555.2,85,43,1541.6,977.6188,4927.8,1523,920.6,12373.4,0.2,176.52,9.8,254.2,13632.8,2537,1234.8,37242.6,201,0,2.8,0.8954,23467,23337.125,7319.6775,-445.8094,555.2
centered_candidate_000217_77878ec7,centered-gaussian,5,5,0.2,552,153,55,1419.2,791.3553,5101.8,2305,1236.6,11554.2,0.2,223.22,11.4,251,12338.8,4373,2388,29645.6,211.2,0,3.4,0.7003,25475.6,15944.8511,5842.5095,-340.6776,552
centered_candidate_000241_3a959b7b,centered-gaussian,5,5,0.2,551.6,70,27.4,1564.8,1003.4031,4794.2,1387,692,12412.6,0.2,170.84,9.8,242.6,13278.8,2198,824.2,37037.6,182.4,0,2.4,0.7301,20680.2,23429.997,7449.1965,-474.3016,551.6
centered_candidate_000131_be6a73c2,centered-gaussian,5,5,0.2,551,53,49.6,1542.4,978.6431,4900.4,1257,1196.6,12133.2,0.2,188.46,9.8,248.8,12735.6,2121,2014.2,33821.8,185,0,2.8,0.692,22190.8,20676.7337,7042.34,-439.7216,551
centered_candidate_000432_e4a57198,centered-gaussian,5,5,0.2,549.8,77,51.4,1521.6,961.2445,4991,1541,1150.4,12288.2,0.2,194.72,10.2,252.8,13372.6,2705,2065,35256,186.6,0,2.6,0.6057,20811.8,21500.9947,7129.8768,-429.2222,549.8
centered_candidate_000256_3b1adb68,centered-gaussian,5,5,0.2,549,119,66.4,1463,904.5235,4990.8,1925,1296.4,11728.6,0.2,196.38,10.4,252.4,12590,3526,2157,32047.4,198.6,0,3.6,0.658,26365.4,19136.9283,6610.507,-385.8618,549
centered_candidate_000075_8dd0ebf3,centered-gaussian,5,5,0.2,546.6,88,44.8,1508.4,945.09,4918.2,1748,1003,12072,0.2,188.4,10,249.4,13289,3194,1441.2,35411.4,184.4,0,3.2,0.6811,24230,21693.7444,6948.9691,-427.745,546.6
centered_candidate_000147_9c6dfc70,centered-gaussian,5,5,0.2,539.4,113,94.6,1409.4,864.8932,5109.2,2050,1774.6,11530,0.2,206.08,10.8,258.4,12556,3821,3197.4,30701.2,192.4,0,2.8,0.6063,22278.4,17970.0082,6362.8323,-337.8466,539.4
centered_candidate_000491_df5f9774,centered-gaussian,5,5,0.2,539.4,92,74.6,1430.2,856.1137,5052.2,1716,1439,11783.2,0.2,204.08,10.6,255,13265.2,3624,2546.8,33327.2,188.6,0,3.6,0.6022,25792.6,19303.2224,6361.6802,-353.4568,539.4
centered_candidate_000236_d519e1fd,centered-gaussian,5,5,0.2,530.8,288,65.6,1254.8,662.5162,5043.4,3449,1331.6,10529.2,0.2,235.64,11.6,244,12126,7549,2406.4,26903.2,198.2,0,4.6,0.5013,30385.2,13564.2941,5028.0753,-265.6581,530.8
search_candidate_000172_e5027caf,random-phased,5,5,0.2,530,160,65.4,1315.2,691.5684,4983.2,2311,1355.4,10944.4,0.2,224.24,11.4,243,10799.2,4802,2596.6,24245.4,204.2,0,3.8,0.5496,26529.8,11916.6008,5275.6983,-280.3842,530
centered_candidate_000514_01da0fbe,centered-gaussian,5,5,0.2,527.6,109,58.8,1419.4,880.0642,4899,1915,1273.2,11557.8,0.2,192.68,10.4,246.8,12404.4,3039,2185.8,31955.8,186,0,3.2,0.5644,24285.8,19213.7437,6517.2987,-381.2321,527.6
centered_candidate_000346_7e2cfa87,centered-gaussian,5,5,0.2,514.6,95,55.8,1386.8,845.5655,4744.6,1760,1251,11198,0.2,199.5,10,237.2,13086.6,3303,2205.8,33686.4,185.4,0,2.8,0.6716,21321.6,20040.6075,6176.9081,-366.9828,514.6
centered_candidate_000479_6c541988,centered-gaussian,5,5,0.2,512.6,125,88,1253.2,635.9691,4989.6,1983,1562.2,10824.2,0.2,213.32,11.4,246.6,11324.6,3655,2885.4,26270.8,195,0,2.8,0.5814,22243,13116.1754,4951.9056,-229.9845,512.6
centered_candidate_000304_c94fb7e6,centered-gaussian,5,5,0.2,512.2,81,57.2,1394,866.192,4745.6,1691,1206.6,11345,0.2,193.8,10,239,12496.2,3245,1938.6,32414.4,190,0,3.2,0.651,23627.8,19514.1857,6409.2999,-375.896,512.2
centered_candidate_000400_ab4f0bc6,centered-gaussian,5,5,0.2,509.2,117,84.6,1328.2,807.1368,4884.2,1899,1656.8,11079.8,0.2,221.5,10.6,242.2,12377.2,3508,3379.6,29854,191.6,0,3.2,0.5057,23628,16853.0101,6063.5547,-318.9684,509.2
centered_candidate_000116_15fe7380,centered-gaussian,5,5,0.2,505.8,338,56.4,1155.2,583.037,4893,3727,1238.2,9999.6,0.2,228.62,11.8,234.8,10743,7985,2043,22938.2,202.8,0,3.8,0.6405,26785.8,10903.3533,4562.1825,-235.1185,505.8
centered_candidate_000429_a42c3b5f,centered-gaussian,5,5,0.2,501.4,85,45.4,1378.2,868.0112,4641.8,1694,1061,11246.8,0.2,190.94,9.4,235.4,11879.4,3133,1752.2,30877.4,180,0,2.6,0.6709,20949.2,18654.0545,6487.8731,-388.6056,501.4
centered_candidate_000072_94cdfab8,centered-gaussian,5,5,0.2,494.2,157,86.2,1198,629.287,4765.8,2284,1534.8,10189.4,0.2,230.78,11.2,228.8,11027.4,5003,2972.2,24479,195.4,0,3.4,0.604,24446,12042.1438,4866.1075,-228.4435,494.2
centered_candidate_000221_f07ffcc5,centered-gaussian,5,5,0.2,493.2,82,59,1335.8,829.1336,4592.4,1549,1245.8,10935.2,0.2,188.92,9.8,230.6,11989.4,2979,2165.6,30820,188,0,2.6,0.7168,21667,18550.0858,6151.1532,-355.5668,493.2
centered_candidate_000270_167096e9,centered-gaussian,5,5,0.2,492,108,92.8,1228.6,666.9918,4866,2040,1775.8,10464.2,0.2,222.28,10.8,241.8,11570,4115,3651.8,26282.6,196.8,0,4,0.5203,27066.6,13589.392,5055.0648,-240.6959,492
centered_candidate_000334_f947cfbf,centered-gaussian,5,5,0.2,488.2,71,50.8,1297.8,740.8313,4613.6,1541,1105.4,10837,0.2,203.88,10.4,226.6,10879.4,3063,1885.2,26955,191.2,0,3.4,0.6094,24711.2,14708.8762,5594.1537,-319.6156,488.2
centered_candidate_000300_e8e76e67,centered-gaussian,5,5,0.2,483,181,49.8,1156.4,558.2319,4649.4,2504,1114.2,9981,0.2,227.68,11,222.6,10691.8,5792,1893.8,23747.2,197,0,3.4,0.5502,24490.8,10999.9908,4470.5121,-229.3159,483
centered_candidate_000168_62fae6fd,centered-gaussian,5,5,0.2,482,105,86,1238,724.2908,4747.4,1943,1666.6,10504.8,0.2,207.18,10.4,238,11205,3932,3155,26391.8,191.6,0,3,0.6604,23340,14623.3045,5466.5874,-276.1454,482
centered_candidate_000244_475fd0a1,centered-gaussian,5,5,0.2,479.2,93,68.8,1235.6,696.6122,4625,1674,1306.8,10563.8,0.2,207.58,10.4,228,10655.8,3148,2303.2,25705,190.8,0,3.4,0.5576,24811,13802.4172,5407.7459,-279.5061,479.2
centered_candidate_000038_fee0098a,centered-gaussian,5,5,0.2,478.2,162,104.4,1144.4,624.6325,4758,2464,1719.2,9934.2,0.2,217.38,11,234.6,11039.4,4753,3000.4,24973.4,203.6,0,3,0.6256,23273.8,13038.1313,4828.8162,-207.9162,478.2
centered_candidate_000287_06bb55dd,centered-gaussian,5,5,0.2,478.2,83,58.4,1255.2,714.3871,4587,1663,1246,10570,0.2,208.64,10.2,225.6,10499.2,2877,2141.6,25659.2,185.2,0,3.2,0.5941,23447.6,13724.9164,5439.4249,-298.7936,478.2
centered_candidate_000399_31cd5f8e,centered-gaussian,5,5,0.2,478.2,108,53.2,1221.8,657.3366,4592.8,1799,1112,10448.6,0.2,209.32,10.6,223.6,10874.6,3143,1905.2,26500.2,189.4,0,3.2,0.6154,23724.6,13741.9206,5112.9357,-275.4683,478.2
centered_candidate_000262_57baff35,centered-gaussian,5,5,0.2,477,126,82.2,1215.8,721.8584,4634,2129,1534.2,10217.8,0.2,207.66,10.2,230.2,11034.2,4311,2837.2,25982.2,188.6,0,3.6,0.5111,25685.2,14695.8525,5441.2706,-278.7292,477
centered_candidate_000298_0f00b927,centered-gaussian,5,5,0.2,474.8,73,46,1278.6,758.7135,4547,1584,997.2,10864,0.2,199.84,10,225.8,11113,2978,1681.2,28215.2,187.2,0,3.4,0.5905,24616.6,16104.2502,5883.1209,-333.3567,474.8
centered_candidate_000130_f61b7dfb,centered-gaussian,5,5,0.2,470.6,97,59.2,1254.8,773.059,4499.2,1716,1229,10504.4,0.2,187.12,9.8,225.8,11304,2902,1933.8,28955,186.4,0,3.6,0.5867,26268.4,17282.0048,5851.0783,-327.3295,470.6
centered_candidate_000048_25531328,centered-gaussian,5,5,0.2,466.4,81,72,1242.8,767.8882,4542.4,1641,1494.8,10463,0.2,193.4,10,227.2,11313.8,3355,2658.6,28019.2,183.8,0,3.4,0.5253,24872.6,16520.8217,5813.2562,-311.9441,466.4
centered_candidate_000023_720b99e1,centered-gaussian,5,5,0.2,462,90,36.2,1235.8,716.2985,4460,1720,901.2,10601.6,0.2,203.04,9.8,220.6,11994.8,3361,1317.2,30830.4,183,0,3.4,0.5669,24649,17329.6995,5571.5955,-321.9493,462
centered_candidate_000351_a1ab4316,centered-gaussian,5,5,0.2,460.2,119,64,1202,729.4377,4422.6,1941,1313.4,10060.8,0.2,189.42,9.8,220,10878.2,3389,2263.6,26926.6,182.8,0,2.8,0.635,22313.6,15704.8826,5527.1453,-300.7189,460.2
centered_candidate_000268_47af797e,centered-gaussian,5,5,0.2,458.8,110,51.4,1207.6,716.3165,4469.4,1926,1136.4,10282.6,0.2,192.32,10,222.2,10311.2,3518,1928.4,25341.8,183.4,0,3.2,0.614,23682.6,14307.8645,5470.7317,-306.7583,458.8
centered_candidate_000327_11b2ab26,centered-gaussian,5,5,0.2,457.6,45,40.8,1280.8,812.3257,4209.6,1074,933,10548.4,0.2,173.36,8.8,211.4,10485,1726,1330.6,28268.2,173.4,0,2.4,0.7368,20135.2,17474.6364,6180.9815,-365.3628,457.6
search_candidate_000347_ef6a66df,random-phased,5,5,0.2,449.4,72,36.2,1243.2,781.5747,4292,1550,932,10477.2,0.2,186.6,9,215.6,9503.6,2465,1589.4,24496,173,0,3.2,0.6034,22866.6,14658.3905,6013.7159,-354.5874,449.4
centered_candidate_000354_83066087,centered-gaussian,5,5,0.2,445,54,44,1221.6,750.3258,4280.2,1145,1054.8,10433.2,0.2,186.48,9.2,214,11004.2,2004,1774.4,28832.2,175,0,2.6,0.7136,20925.8,17150.5446,5837.7774,-331.1629,445
centered_candidate_000164_d7fa9de2,centered-gaussian,5,5,0.2,441.8,89,52.2,1184.6,735.9395,4319.6,1710,1117.2,10127.6,0.2,182.16,9.2,219,10234,2881,1705,26108.8,181.2,0,2.8,0.628,22296.4,15685.5744,5700.564,-315.7698,441.8
centered_candidate_000200_d9be2c7c,centered-gaussian,5,5,0.2,440.4,108,83.6,1121.8,662.851,4456.2,1874,1627.2,9753.2,0.2,196.96,10.2,221.6,9964,3205,2719.6,23680.2,187.2,0,3.8,0.5667,26909.4,13167.1445,5092.5629,-247.8255,440.4
centered_candidate_000184_fda394d6,centered-gaussian,5,5,0.2,440,97,53.6,1174.8,722.3609,4304.2,1804,1235.4,9947.2,0.2,190.62,9.6,213.4,10844.4,3599,2058.2,27123.6,178.4,0,3.2,0.5916,23920,15960.4781,5491.6199,-307.5804,440
centered_candidate_000116_d81973a5,centered-gaussian,5,5,0.2,438.8,85,65.4,1154.2,692.8147,4326.8,1597,1372,9879.8,0.2,189.7,9.6,215.8,10464.8,2945,2195.4,26015.8,180.6,0,3.2,0.588,23517.4,14992.7991,5324.6757,-281.0073,438.8
centered_candidate_000495_37897e36,centered-gaussian,5,5,0.2,436.6,60,42.6,1204.2,759.3351,4137.2,1295,964.4,10100,0.2,182.54,8.8,207,10092.8,2627,1574.4,26100.2,178.8,0,3.8,0.5772,26615.8,15718.6767,5809.5284,-337.0676,436.6
centered_candidate_000075_92677dd2,centered-gaussian,5,5,0.2,435,54,41.6,1207.2,765.5722,4123.6,1237,989.2,10103.4,0.2,170.56,8.8,207.6,9342.4,1864,1335.8,24789.8,174.4,0,2.6,0.7286,21028.6,15191.4214,5857.2624,-341.1861,435
centered_candidate_000186_ed2bf53f,centered-gaussian,5,5,0.2,429.4,95,51.8,1145.2,705.6369,4299,1718,1175,10028.2,0.2,187.34,9.4,216.2,10284.4,2966,1866.2,26074.4,177.6,0,2.6,0.5605,21629,15505.3612,5618.908,-301.0185,429.4
centered_candidate_000003_a83c4a55,centered-gaussian,5,5,0.2,427,90,39.4,1153,705.7611,4119.8,1686,875.6,9862.4,0.2,179.82,9,205.6,9405.4,3126,1112.4,24193.4,177,0,3,0.6131,22770.4,14177.8888,5491.1684,-313.4806,427
centered_candidate_000196_b45ef29e,centered-gaussian,5,5,0.2,426.8,88,32.2,1168,728.0954,4077.4,1661,789.2,9919.6,0.2,170.66,9,203.4,9848,2838,961.6,26035.8,174.8,0,2.4,0.7751,20957.2,15790.629,5655.1731,-331.8477,426.8
centered_candidate_000374_5321c854,centered-gaussian,5,5,0.2,421.8,61,35.4,1174,747.1871,4000,1202,895.8,9940,0.2,171.66,8.4,202.2,9981.8,2027,1180.8,26825.6,180.4,0,2.8,0.7569,22871.4,16594.2366,5850.2633,-338.1935,421.8
centered_candidate_000216_029fd5f4,centered-gaussian,5,5,0.2,416.4,61,50.2,1129.8,696.6611,4001.8,1248,1115.4,9533.6,0.2,183.36,9,196.4,9142,2143,1647.6,23393.2,176.4,0,2.2,0.7013,19483.8,13672.3058,5317.0982,-298.1305,416.4
centered_candidate_000431_9ef37a28,centered-gaussian,5,5,0.2,411,92,54.4,1088.6,668.3056,4108,1687,1208,9437.4,0.2,191.56,9.2,203.6,9650,2923,2301.4,23679.8,180.6,0,3.2,0.5499,23814.8,13824.1422,5205.8398,-279.7528,411
centered_candidate_000160_3a3b7790,centered-gaussian,5,5,0.2,407.2,78,59.6,1080.4,660.6437,4049,1549,1245.6,9313.2,0.2,188.84,9.2,199.4,9743.2,2724,2343.6,23952.6,178.6,0,3.4,0.5743,24619,13773.007,5087.3109,-270.7219,407.2
centered_candidate_000360_e6bf9a58,centered-gaussian,5,5,0.2,392.8,62,58.4,1053.2,651.7004,3918.2,1379,1269.8,9059.2,0.2,188.96,8.6,194,9121.2,2783,2187,22367.6,173.4,0,3,0.5739,22616.8,13004.6632,5034.0662,-267.4502,392.8
centered_candidate_000507_63bc8f6a,centered-gaussian,5,5,0,2162.6,1099,81.8,4807,2167.1067,15000.4,9396,1575.6,31397.2,0,330.48,24.2,781.2,66761.2,20296,2686.6,155608.6,279.8,0,4.2,0.7256,30761.4,71718.5522,13553.528,-1001.7533,2162.6
centered_candidate_000348_b8486b07,centered-gaussian,5,5,0,1870,1939,263.2,3499.4,1425.6865,14017.2,15187,3111.6,24577.6,0,349.46,24.8,733.6,44935.8,39165,5876,88003.4,331.8,0,4.4,0.7116,34467,36238.2011,9447.6339,-449.6433,1870
centered_candidate_000328_aaddefba,centered-gaussian,5,5,0,1661,1662,103.4,3329,1436.1575,12453.8,13342,1696.8,23415.8,0,332.58,22,648,38026.4,37752,3383,75266.6,290.8,0,4.2,0.567,31212.2,32000.038,9644.9324,-614.6788,1661
centered_candidate_000021_f7f5e698,centered-gaussian,5,5,0,1583.2,112,55.4,4184,2139.0631,11075.2,1974,1110.4,27496.4,0,267.26,18.6,573.6,50074.4,3751,1760,134132.8,248.6,0,3.4,0.7688,27369.6,70824.2857,13367.9112,-1014.1316,1583.2
centered_candidate_000063_afc4b4f9,centered-gaussian,5,5,0,1565.2,1576,52.4,3291.6,1520.9979,11711.2,12683,1141.4,22932.8,0,312.48,20.6,609.6,38235.8,30999,1886.2,85039.2,273,0,4.8,0.6212,33013.6,40710.2266,9954.1309,-708.0989,1565.2
centered_candidate_000060_c954eb7e,centered-gaussian,5,5,0,1548.6,934,52.2,3690,1850.0136,11399.2,8427,1178,25071,0,295.7,19.8,596.8,52875.6,20717,1689,137618.4,299.4,0,3.8,0.7833,30526.6,78324.0273,11736.1138,-872.8068,1548.6
centered_candidate_000335_c2871569,centered-gaussian,5,5,0,1419.2,114,69.2,3527.2,1667.8973,10627.8,2095,1297.4,24729.2,0,274.88,18.2,559,37458,4374,2257.8,93517,255,0,4,0.6363,29442.6,44444.0801,11193.5835,-764.7486,1419.2
centered_candidate_000048_396b99c2,centered-gaussian,5,5,0,1368.8,302,37.4,3487.6,1724.6263,9973.4,3453,861,23842.8,0,284.14,17.6,513.8,41235.4,8693,1370.6,108585,258,0,3.6,0.7073,27411.2,58084.5459,11204.0145,-824.9131,1368.8
centered_candidate_000356_4eded1b6,centered-gaussian,5,5,0,1362.4,282,169.2,3199.2,1453.2443,10467.4,3388,2322.6,22748.4,0,312.18,19.2,541.4,36168.8,7183,5193.6,86441.6,274.4,0,5.2,0.6394,35258.2,40270.6308,9723.6241,-557.4222,1362.4
centered_candidate_000027_f56c3541,centered-gaussian,5,5,0,1314.4,120,83.2,3212.8,1508.8245,9978.8,1895,1664.6,22685.2,0,274.6,17.6,522,34737,3452,3121.2,85781.2,251.6,0,3.8,0.6219,27794,40410.1722,10140.7545,-671.2123,1314.4
search_candidate_000309_3dbe6920,random-phased,5,5,0,1309,75,48.8,3804.8,2488.5397,9315.4,1448,1145.2,25340.6,0.2,293.84,13.8,482,32166.8,2604,2032.6,91678.8,160.8,0,3,0.5412,21311.6,59130.6203,15903.0962,-1195.4699,1309
centered_candidate_000408_22faf763,centered-gaussian,5,5,0,1272,127,43.8,3112.2,1475.4907,9572.2,2039,1031.6,21985.4,0,263.7,17,498.8,33337.8,4124,1659.8,81827.6,245,0,3.8,0.7958,28592.6,38435.4746,10051.9376,-693.9453,1272
centered_candidate_000188_88076864,centered-gaussian,5,5,0,1266.2,393,34.6,3139.2,1514.4086,9443,4203,844.2,21809.2,0,278.58,17.4,484.4,31336.6,9446,1317.4,79386.6,254.2,0,4.2,0.6791,29682.8,40444.6158,9934.5054,-722.6043,1266.2
search_candidate_000395_26b98aba,random-phased,5,5,0,1266.2,1567,558.8,1693,627.49,10075,12300,4829.6,13305.8,0,352.46,20.6,507.8,23062,27858,10630,31102.4,311.6,0,5.2,0.4396,34356,10887.5505,4651.0877,245.055,1266.2
centered_candidate_000371_1a4e448f,centered-gaussian,5,5,0,1165.4,230,59.2,3240.4,2041.7414,8548.2,3044,1266.2,21681.6,0,255.46,14.6,443,30204.8,6680,1908.4,82708.6,223.2,0,3.6,0.6954,26258.8,51256.1466,12795.9001,-961.6707,1165.4
centered_candidate_000189_cf391c4a,centered-gaussian,5,5,0,1140.8,353,53.2,2775.6,1307.8708,9026.4,3820,1135.2,20501.8,0,275.6,17,467.4,26925.2,7909,2258.6,64975.2,241.4,0,4.4,0.5738,30296.6,30564.5952,9168.3757,-600.7354,1140.8
centered_candidate_000194_6ceff9ed,centered-gaussian,5,5,0,1137.8,67,35.8,3251.4,2014.1121,8255,1503,865.8,21943.4,0,221.52,14,433.2,38693.6,2441,1335.6,111132.4,236,0,3.2,0.8129,25550.8,70209.7607,12761.7231,-971.256,1137.8
centered_candidate_000015_83636b00,centered-gaussian,5,5,0,1087.8,145,44.6,3040.2,1860.1608,8092.2,2258,1019.8,20784.8,0,227.02,14.2,423.8,31652.2,4141,1677.2,88510,238.2,0,3.2,0.7529,26081.2,54929.9458,11896.2189,-885.4804,1087.8
centered_candidate_000196_f02436be,centered-gaussian,5,5,0,1078.4,121,70.8,3001,1850.994,8113.2,2003,1358.4,20605.8,0,243.38,14.2,422,35041.6,3926,2474.8,97878.2,218.2,0,4.4,0.5529,29561.6,61289.0306,11845.7453,-854.697,1078.4
centered_candidate_000240_74f2220d,centered-gaussian,5,5,0,1075.2,72,49.4,2706,1289.3762,8448,1447,1100.2,19879.6,0,250.82,15.4,442,25674.4,2482,1780.2,64463.4,232.6,0,3.6,0.6904,27169.6,30835.7058,9043.5482,-595.2881,1075.2
centered_candidate_000005_9810f3bb,centered-gaussian,5,5,0,1069.4,82,57.4,2880.2,1568.2705,8090.4,1689,1268,19967.8,0,255.52,15,415.2,35350.2,3316,2477.2,96580.4,235.2,0,3.2,0.7236,25706.4,56024.7368,10147.8643,-726.7352,1069.4
centered_candidate_000470_a29a926f,centered-gaussian,5,5,0,1067.6,127,52.8,2603,1222.232,8383.4,2113,1129.2,19002,0,254.32,15.8,436.6,26878.4,3868,1802.6,65264.4,257.2,0,3.6,0.8466,29156.4,30409.2348,8497.1944,-558.316,1067.6
centered_candidate_000010_f86227bc,centered-gaussian,5,5,0,1065.4,119,83.2,2908.4,1709.4479,8122.2,1995,1606,20145.6,0,241.4,15,420,41941,3439,2835.4,118032,228.2,0,3.4,0.5902,25201,73632.4044,11040.8664,-771.524,1065.4
centered_candidate_000219_3ca3538b,centered-gaussian,5,5,0,1062.6,208,117.8,2610.6,1252.393,8486.2,2912,1980.6,18827.4,0,272.7,16.6,435.6,28054.2,5477,3484.2,70305,242.8,0,3.6,0.6011,27736.4,35589.6111,8290.5294,-508.3965,1062.6
centered_candidate_000349_db324a45,centered-gaussian,5,5,0,1061.8,303,51,2842.8,1697.655,8092,3371,1020,19953.4,0,239.34,15,417.6,28648.6,7502,1767.4,77151.2,221.4,0,4.2,0.6198,29782,47024.6572,11162.1291,-797.8275,1061.8
centered_candidate_000206_7cad0c63,centered-gaussian,5,5,0,1055.2,68,43.2,2865.6,1564.5281,7901.4,1394,941.6,19971.8,0,240.8,14.8,404.8,35803.8,2181,1415.6,100206,232.2,0,2.8,0.9416,24375.8,59221.7877,10235.1212,-739.064,1055.2
centered_candidate_000331_5eeeeaaf,centered-gaussian,5,5,0,1042.2,226,43.4,2557.8,1201.0331,8396.2,3035,982.6,19171.8,0,268.32,15.8,436.6,24159.4,6739,1542,58808.6,238.2,0,4,0.5867,28699.2,27738.7624,8552.0433,-557.1166,1042.2
centered_candidate_000508_2ddcb141,centered-gaussian,5,5,0,1041.4,205,81.6,2812.8,1680.4839,8072.8,2607,1652.8,19779.8,0,254.42,14.8,417.6,25721.6,5666,2650.8,68481,223,0,3.6,0.5508,25641.6,40987.0001,11036.2104,-758.642,1041.4
search_candidate_000048_6bb32b9a,random-phased,5,5,0,1022.8,63,47.2,2839.8,1652.7074,7769.4,1343,1068.6,19927.8,0,229.12,14,406.8,30563.8,2257,1847,85477.4,245.6,0,4.2,0.6473,30021,51808.2047,10819.861,-779.1537,1022.8
centered_candidate_000273_7a86428c,centered-gaussian,5,5,0,1020,106,67.4,2888.8,1856.1296,7589,1867,1403.2,19529,0,218.6,13.2,395.4,34283.6,3110,2531.4,97176,204,0,3,0.6293,24016.2,62593.7633,11789.8917,-860.6648,1020
centered_candidate_000224_2060819b,centered-gaussian,5,5,0,1017.4,115,61.8,2527.6,1194.7034,8259,1967,1310.2,18949,0,255.98,15.6,432,24534,3746,2401.2,59850.6,241,0,3.6,0.6636,27869.8,28017.5595,8455.8203,-535.5517,1017.4
search_candidate_000460_e3f187cf,random-phased,5,5,0,1015.8,1539,74.8,1697,768.3456,8474.4,12497,1383.2,13571.6,0,288.46,17.4,432.6,20476.2,29680,2297.8,34860.4,247.2,0,3.8,0.613,28689,15130.3931,5772.6156,-309.3728,1015.8
centered_candidate_000239_cd473799,centered-gaussian,5,5,0,1004,157,44.8,2498.8,1184.1383,8042.6,2419,1051.4,18512.8,0,258.7,15.2,417.4,22036.4,4611,1940.2,53100.4,234.8,0,3.8,0.5102,26756.2,24604.9105,8293.3788,-547.2692,1004
centered_candidate_000261_a9679bbc,centered-gaussian,5,5,0,1000,87,63,2848.6,1840.5701,7396.2,1634,1378.6,19115.8,0,214.86,13,386.2,29156.8,3086,2525,81830,227.4,0,3.2,0.6236,24707,52506.9282,11582.733,-857.2851,1000
centered_candidate_000479_f9bcbe9d,centered-gaussian,5,5,0,995,116,39,2489,1181.7558,7994.4,1873,933.8,18682,0,242.4,15.2,416.2,20407.2,3173,1280.6,50476,224.6,0,3,0.8005,24186.2,23857.0347,8458.676,-551.8779,995
centered_candidate_000011_9f68c933,centered-gaussian,5,5,0,990,103,70.6,2711.6,1594.8517,7645,1999,1421.4,18989.4,0,235.88,14.2,395.2,22755.2,3861,2471.8,60613.4,217.8,0,3.6,0.5641,26207.8,35441.1583,10420.9538,-726.8259,990
centered_candidate_000275_468d2479,centered-gaussian,5,5,0,983.8,127,70.6,2719.4,1666.3507,7557.4,2056,1420,18964.4,0,232.24,13.8,391.6,33903.8,3737,2436,94883.2,212.6,0,3.4,0.5761,25010,59630.5583,10853.3735,-762.5753,983.8
centered_candidate_000438_036c0d62,centered-gaussian,5,5,0,976,289,67.6,2331,1076.7013,8121.4,3515,1423,17729.4,0,271,15.8,420.8,21456.8,7025,2594,50474.4,231,0,4.4,0.5263,30389.2,23327.0735,7636.342,-470.7506,976
centered_candidate_000388_cb01e044,centered-gaussian,5,5,0,971.6,82,50.4,2710.6,1629.7031,7348.4,1545,1127,18792.2,0,226.14,13.6,378.8,37279,2886,1758.4,105829.4,218.8,0,3.6,0.6908,26926.2,66329.7472,10571.9533,-764.4516,971.6
centered_candidate_000385_8427a138,centered-gaussian,5,5,0,970.8,80,66.4,2765.6,1788.6252,7119,1534,1393.2,18423.4,0,215.6,12.6,367.2,33964.2,2955,2459,96409.2,204.6,0,3.6,0.588,26222.6,62240.0885,11246.4048,-827.9126,970.8
centered_candidate_000497_74da1342,centered-gaussian,5,5,0,961.8,74,53.6,2559,1349.3774,7474.2,1546,1181.4,18321,0,242.12,14.6,382.6,32333.6,2852,1931.8,88448.6,237.8,0,3.6,0.7611,27811.4,50648.5872,9087.3819,-621.0887,961.8
centered_candidate_000395_d898dbc7,centered-gaussian,5,5,0,947.6,71,39.6,2687.8,1662.0728,7198.2,1591,898.2,18840.2,0,218.64,13,373.8,27437.2,2658,1276.4,77639,209.2,0,3.6,0.6026,26138.6,48544.7759,10954.0918,-791.4364,947.6
centered_candidate_000512_de3a3733,centered-gaussian,5,5,0,945.6,123,69.8,2611.8,1601.218,7453,2051,1431.4,18610.6,0,229.62,13.6,389.4,26156.6,3815,2613.8,71397.8,211.4,0,3.2,0.648,24097.8,43972.156,10587.9074,-730.809,945.6
centered_candidate_000171_1ae4f7f6,centered-gaussian,5,5,0,945.4,114,42.2,2692.2,1731.1192,7162.6,1922,969.8,18700,0,208.34,12.4,376.6,26437.2,3731,1460.6,74375.2,204.8,0,2.8,0.7635,22434.8,47330.5053,11281.3369,-823.3596,945.4
centered_candidate_000517_c7f381bd,centered-gaussian,5,5,0,944.8,159,65.2,2620.8,1657.2024,7305.6,2394,1333.2,18277.4,0,227.12,13.2,381.4,25515.8,4829,2043.6,69944.8,220.6,0,3.2,0.7074,24271.6,43879.3335,10785.088,-763.4012,944.8
search_candidate_000047_42a54f36,random-phased,5,5,0,937,251,71.4,2515.2,1537.8748,7081,2882,1439,17086.4,0,266.36,13.8,354.2,21757.2,6130,2690.2,56664,233.8,0,4.2,0.4968,27959.2,33723.9676,9640.3491,-697.5374,937
centered_candidate_000466_599428c9,centered-gaussian,5,5,0,929.6,65,31.6,2693.6,1752.3108,6913.2,1296,766,18681,0,188.26,11.6,366,23075.6,2023,1010.8,66184.6,196.4,0,2.8,0.772,22822.4,42760.2795,11572.6075,-844.5554,929.6
centered_candidate_000066_0d532d88,centered-gaussian,5,5,0,929,64,56.6,2655,1706.1978,7113.8,1429,1268.6,18536.4,0,212.76,12.2,374.8,34232,2763,2265.4,97515,199.8,0,4,0.5321,27792,62878.0256,11204.928,-796.4989,929
centered_candidate_000008_87761a78,centered-gaussian,5,5,0,922.4,64,51.8,2614.6,1636.0218,7194.6,1318,1147.6,18750.2,0,218.02,12.6,379,22592.2,2273,1682.2,63086,203.4,0,4,0.5136,27898.8,39264.8608,10984.7094,-766.2109,922.4
centered_candidate_000472_b029a353,centered-gaussian,5,5,0,910.2,292,76,2367.8,1380.9329,7019,3519,1438,16171.2,0,252.44,14.2,353.6,23885.4,7249,2855,61741.2,251.2,0,3.8,0.7335,28308.4,36459.0755,8531.6121,-614.4665,910.2
centered_candidate_000140_e8588d77,centered-gaussian,5,5,0,893.6,93,69.4,2415.4,1376.5487,7068.4,1761,1479.4,17249.2,0,237.58,13.6,362.6,22219.8,3161,2855,59006,212,0,3.8,0.6066,27467.2,34372.4496,9136.497,-618.8743,893.6
centered_candidate_000098_2dda1b1e,centered-gaussian,5,5,0,879.4,80,43,2516.4,1627.4318,6664.6,1382,1001.4,17575.4,0,193.28,11.8,350.2,24827.6,2393,1389.8,70727.4,205.6,0,3.2,0.8042,25273.2,45662.2443,10794.6909,-770.7159,879.4
centered_candidate_000422_c29e872c,centered-gaussian,5,5,0,877.4,149,103.8,2325.6,1358.0905,6930,2235,1805.2,16317.6,0,235.56,14,351.2,21774,4168,3257.4,56919,218,0,4.4,0.5082,29541.2,33454.9222,8655.8989,-575.2453,877.4
search_candidate_000319_0cb70e73,random-phased,5,5,0,873.8,1076,108.8,1578.2,658.5658,7461.2,8506,1985.8,12704,0,294.82,16.6,372,16251.6,19281,3669.2,28100.2,261.6,0,4.2,0.451,28459.6,10962.5999,4773.8955,-220.4829,873.8
centered_candidate_000484_6c9b6d79,centered-gaussian,5,5,0,855,252,91.6,2124,1087.3881,7012.8,3104,1722.2,15547.4,0,252.96,14.8,353.6,19761.4,6378,2994,48488,230.4,0,4.2,0.5435,29657,25427.1287,7238.8485,-452.094,855
centered_candidate_000292_8ce5b11a,centered-gaussian,5,5,0,852.8,84,44.8,2265.8,1198.6264,6848.6,1626,1038.6,16702,0,227.68,13.4,352.6,21477.2,3025,1646.4,56930.8,213.6,0,3.4,0.6926,25635.8,31263.3033,8248.2364,-554.5132,852.8
centered_candidate_000363_fb72b2dd,centered-gaussian,5,5,0,852,78,22.6,2451.8,1572.0621,6495.2,1615,635.6,17281,0,192.1,11.6,340.8,30436,2762,892,87735,202.2,0,3.2,0.6357,24443.4,56637.4057,10457.686,-763.431,852
centered_candidate_000314_6be37a09,centered-gaussian,5,5,0,849.8,102,80.8,2363,1502.7018,6811,1851,1610.4,16940,0,211.72,12.6,357.2,22733.8,3407,2624.8,62224,203.8,0,3.4,0.5509,25247,39340.216,10038.1883,-670.5509,849.8
centered_candidate_000427_fae6fac5,centered-gaussian,5,5,0,848.4,109,47.8,2395,1530.6121,6571.4,1877,1056,16889.6,0,209.6,12,342.2,23365.6,3502,1971.6,64808.2,205.8,0,3.2,0.5662,24416.2,41113.1186,10136.7856,-717.5061,848.4
centered_candidate_000337_88460c69,centered-gaussian,5,5,0,837,239,49.6,1952.2,893.4439,6871.2,3057,1051,14712.4,0,259.58,14.4,345.4,20365.8,6495,2022.8,46285,226.8,0,4.2,0.6346,29659,20788.5829,6344.6075,-397.1219,837
centered_candidate_000267_9b33ebc5,centered-gaussian,5,5,0,827,128,29.8,2303.8,1403.9597,6589.4,2100,698.4,16935.8,0,211.64,12.4,343.2,21310.4,3663,899.8,59006.2,206,0,2.6,0.7754,22176,35877.0871,9665.8724,-672.1798,827
centered_candidate_000313_b86a5a23,centered-gaussian,5,5,0,823.2,100,34.4,2317.8,1439.9588,6408.2,1797,826.2,16505.2,0,214.06,12.2,329.6,19101,3133,1126.6,52557.8,205.4,0,2.8,0.6326,21910.4,31965.6445,9558.3072,-685.5794,823.2
search_candidate_000390_47d83379,random-phased,5,5,0,819.6,840,145.4,1585.2,698.1669,7046.6,6984,2124.6,12657.4,0,292.34,16,352.2,16048.4,14988,3666.6,30447.6,295,0,4.8,0.5912,31795.4,12491.9345,5043.1382,-203.6835,819.6
centered_candidate_000249_309c5200,centered-gaussian,5,5,0,815.2,66,45.8,2330.4,1503.502,6341.4,1373,1074.4,16539.4,0,201.76,11.2,333,20913,2400,1792.4,58518.4,194,0,2.8,0.6155,22365.4,37333.9324,10054.4874,-705.951,815.2
centered_candidate_000408_b997524d,centered-gaussian,5,5,0,810.6,86,54.4,2292.2,1476.321,6414,1625,1147.4,16477.2,0,209.56,11.6,336,22585.2,3201,2075.8,62442.4,199.6,0,3.8,0.5404,26593.8,39619.5202,9971.0671,-683.7605,810.6
centered_candidate_000380_073cad50,centered-gaussian,5,5,0,806.8,113,81,2191.4,1319.1195,6689.8,1953,1583,16221.2,0,224.98,13,348,21454.4,3541,2762.4,57500.4,209.6,0,4.2,0.5036,28466.6,34901.1908,8935.7249,-578.5597,806.8
centered_candidate_000498_c063e6c8,centered-gaussian,5,5,0,800.8,100,68.8,2234.4,1421.7317,6440.2,1879,1432.8,16071.4,0,217.14,12,335.4,22038.4,3431,2598.4,60113.4,200.4,0,3.8,0.5126,26741.6,37712.4872,9519.9116,-642.0658,800.8
centered_candidate_000443_3d77c527,centered-gaussian,5,5,0,798.4,89,61.4,2244.6,1435.4093,6384.2,1716,1321.4,16112.2,0,204.7,11.8,334.4,21034.6,3338,2141.8,57833.8,199,0,3.8,0.5344,26646.4,36531.4788,9574.7652,-656.3046,798.4
centered_candidate_000434_a046487c,centered-gaussian,5,5,0,791.2,112,42.2,2205.2,1362.3946,6411.2,1923,989.6,16228.2,0,216.5,12.2,333.8,20263.6,3392,1482.8,55606.6,209.4,0,3.4,0.6095,25140,34159.2838,9307.6363,-638.9973,791.2
centered_candidate_000217_14f5acb7,centered-gaussian,5,5,0,786.6,89,54.6,2214.2,1410.4373,6363.2,1686,1224.4,16169,0,204.64,11.6,335.2,21666.8,3453,1941.2,59822,195.4,0,3.2,0.6764,24191,37784.7321,9623.674,-650.6187,786.6
centered_candidate_000343_b5f7d9ee,centered-gaussian,5,5,0,786.2,376,127.2,1871.4,1043.6703,6696.6,4029,1785,14331.8,0,250.72,14.4,338.2,19766.8,8961,3079.2,47755.2,222.2,0,4.4,0.5785,29718.2,27087.8033,7261.0098,-394.6352,786.2
centered_candidate_000208_5ef81445,centered-gaussian,5,5,0,781,72,34.2,2241.2,1448.6438,5944,1403,726.6,15779.8,0,186.84,11,308.4,19230.2,2347,903,54521.4,197.4,0,3.4,0.6655,25302.4,34730.2281,9637.2703,-690.1219,781
centered_candidate_000250_338963d7,centered-gaussian,5,5,0,780.8,74,34.2,2235.2,1438.8192,6144.6,1461,919.6,16078.6,0,197.4,11.2,321.8,18900.4,2619,1513.8,52721.4,196,0,3,0.5983,23614.8,33538.7407,9742.554,-685.2096,780.8
centered_candidate_000509_51b4a17c,centered-gaussian,5,5,0,777,161,93.2,2027.4,1161.0569,6494,2416,1676,15078.8,0,234.4,13.4,331.4,17239.8,4773,3042.8,43062.6,213.4,0,4,0.5601,27660.2,24137.1651,7945.981,-487.3285,777
centered_candidate_000056_cc07a9ce,centered-gaussian,5,5,0,776.8,125,44.4,2111,1230.1461,6156.8,2002,1033.6,15068.8,0,223.18,12.6,310.6,19143.8,3588,1740.8,51110,210.6,0,4.2,0.5788,28526.4,29918.8209,8057.3068,-570.673,776.8
centered_candidate_000374_e01b5e13,centered-gaussian,5,5,0,775.4,56,32.6,2227.4,1427.1973,6069.2,1280,724.4,16121.2,0,188.36,11,319,20463.4,2099,963.4,58178.6,194.6,0,3.2,0.7638,24595,36967.2357,9702.8671,-680.9987,775.4
centered_candidate_000420_98796ab9,centered-gaussian,5,5,0,773.6,105,94.2,2051.6,1176.7754,6486.4,1901,1705.2,15302.2,0,232.42,13.2,333.6,18928.4,3525,3334,48538.4,220,0,3.6,0.5501,26612.4,27621.5872,8004.6313,-494.1877,773.6
centered_candidate_000497_459053f3,centered-gaussian,5,5,0,770.6,58,45.4,2201,1415.3465,6129,1336,1019.6,15954,0,198.94,11.2,321.4,17937,2239,1528.4,49843.6,194.6,0,3.6,0.5415,26179.8,31409.0414,9604.8151,-662.2733,770.6
centered_candidate_000163_5adf721c,centered-gaussian,5,5,0,763.2,84,45.2,2159.8,1379.1634,6158.8,1608,1034.6,15815.2,0,200.78,11.4,322.2,18885.8,3096,1569.8,52089,185.8,0,2.8,0.6601,22404.6,32697.2528,9410.8873,-644.3817,763.2
centered_candidate_000337_9a9af2ae,centered-gaussian,5,5,0,755.8,89,50,2130.4,1362.2773,6104.2,1629,1085.8,15593.6,0,201.12,11.2,320.8,17656.8,2885,1802.2,48261,194.2,0,3.8,0.5121,26895,30182.33,9292.1976,-631.1386,755.8
centered_candidate_000212_05d7bf67,centered-gaussian,5,5,0,754,265,86.8,1927,1134.9606,6404.4,3182,1503.2,14618.6,0,240.12,13.2,327,20013.4,6564,2742,51046.6,211,0,4.6,0.5289,30061.2,30168.689,7849.0305,-480.6803,754
centered_candidate_000114_e93fa1c3,centered-gaussian,5,5,0,743.6,98,62,1991.4,1129.5572,6239.6,1775,1350.4,14982.8,0,229.28,12.8,319,17938.2,3590,2544.8,46373,208.6,0,4,0.5056,27946.4,26179.8417,7810.0531,-502.7786,743.6
centered_candidate_000262_b46307d4,centered-gaussian,5,5,0,743.6,128,43,1994.8,1128.5723,6173.2,2122,1035.6,14984.6,0,225.04,12.4,316.8,17990,3982,1897,47257.2,207,0,3.4,0.5672,24600,27240.0355,7877.755,-521.2862,743.6
centered_candidate_000416_70cb7f40,centered-gaussian,5,5,0,743,41,36,2152.2,1408.0027,5737.6,922,847.6,15441.2,0,179.56,10.2,302,18300.4,1287,1190.2,52407.2,189.2,0,2.6,0.8555,21869.4,34034.9451,9678.3148,-668.0013,743
centered_candidate_000139_60a23aef,centered-gaussian,5,5,0,739.2,149,55,1719.2,799.9263,6501.8,2381,1219.6,13835.6,0,242.32,13.6,334.2,16158.8,4271,2121.8,36196.4,215,0,4,0.5737,28348.6,16333.6265,6002.7769,-344.9632,739.2
centered_candidate_000067_7be5c140,centered-gaussian,5,5,0,738.4,39,34.4,2140.8,1398.8087,5754,915,832,15474.8,0,181.8,10.4,302,20524.8,1394,1107.2,58988.2,187.6,0,2.2,0.8578,19845,38266.2379,9636.6978,-665.0044,738.4
centered_candidate_000240_d4fd94b1,centered-gaussian,5,5,0,737.8,237,60.8,1926,1125.3615,6280.4,3113,1341,14552.8,0,235.82,12.8,322,17498.2,6382,2602.2,43778.8,208.4,0,4.2,0.4893,28447.4,25023.9148,7757.5506,-501.8808,737.8
centered_candidate_000249_101022ff,centered-gaussian,5,5,0,736.8,119,39.2,2059.6,1297.3643,5963,1893,976,15114.6,0,212.6,11.4,308.2,17108.6,3449,1523.8,46412.4,196,0,3.2,0.5866,24315.2,28540.5311,8896.0676,-609.4822,736.8
centered_candidate_000029_37dc2607,centered-gaussian,5,5,0,731.2,83,70.4,1966.8,1131.8925,6185.6,1669,1446.8,14858.2,0,228.66,12.4,318.4,19308.4,3310,2706,50509.6,202.8,0,3.4,0.5635,24515.6,29021.1711,7823.9969,-495.5462,731.2
centered_candidate_000125_5c06f996,centered-gaussian,5,5,0,726.2,84,38.2,2047,1291.1321,5927.8,1740,950.4,15050.4,0,204.98,11.2,309.4,16383,3256,1657.2,44012.8,196.8,0,2.8,0.632,22458,26928.4133,8822.343,-607.3661,726.2
search_candidate_000447_db478aaf,random-phased,5,5,0,725.2,66,42.4,2070.6,1338.9538,5770,1339,955.4,15056.2,0,195.46,10.8,302.2,17664.6,2243,1495.8,49231.2,210.8,0,4.2,0.5185,28149.6,31221.2087,9182.5999,-627.0769,725.2
centered_candidate_000317_63ab3400,centered-gaussian,5,5,0,723,85,39.2,2047,1305.3366,5821.6,1675,878.2,15011.8,0,192.38,10.8,305,18637.8,3233,1245.8,51756.6,188,0,2.8,0.6702,22361,32633.9926,8955.9748,-613.4683,723
centered_candidate_000399_cca74181,centered-gaussian,5,5,0,719,109,70.4,1971.6,1228.9841,5977.8,2057,1421.8,14484.4,0,226.38,11.8,307,17362.4,4042,3090.8,44857,200.2,0,3.6,0.4974,25612,26922.1241,8284.7536,-544.0921,719
centered_candidate_000317_779c6b5c,centered-gaussian,5,5,0,717.6,74,42,2037.6,1306.3731,5917.4,1466,972.8,15297.2,0,197.3,11,311.8,19645,2549,1387.6,55018.2,191.8,0,3.4,0.6331,24875,34908.9501,9150.209,-611.1865,717.6
centered_candidate_000124_25cdd383,centered-gaussian,5,5,0,715.8,116,73.6,1905,1101.5247,6057.2,1948,1524.4,14338,0,226.28,12.4,310.2,16903.6,3354,2704.4,43604.4,205,0,3.6,0.5945,25444.6,25115.3906,7659.243,-477.1623,715.8
centered_candidate_000393_a6f194da,centered-gaussian,5,5,0,710.2,106,80.2,1946.8,1228.9767,5985.8,2021,1592.8,14403.2,0,210.86,11.8,311.2,18207.4,3592,2746,48303,198.6,0,3.6,0.6152,25634.6,29831.8478,8335.3869,-534.2884,710.2
centered_candidate_000056_72cc3d8a,centered-gaussian,5,5,0,706.8,189,55.4,1866.4,1092.6775,5783.2,2621,1176.8,13519.4,0,224.66,12.4,288.6,18693.8,4949,1995.2,48869.8,203,0,3.4,0.6336,24726.6,28725.677,7179.5267,-490.9388,706.8
centered_candidate_000414_f1fb034d,centered-gaussian,5,5,0,701.6,64,44.6,1929.8,1130.9654,5871.6,1364,1015.4,14719.2,0,210.2,11.6,303.8,16694.8,2172,1531.8,45014,194,0,3.6,0.6527,26042.6,26288.7304,8047.7547,-520.8827,701.6
centered_candidate_000062_68cfa8d6,centered-gaussian,5,5,0,698.2,92,53.6,1904.4,1130.774,5839.8,1539,1167.2,14391,0,223.34,11.8,298.6,15703.8,2908,2361,40846.4,200,0,3.8,0.5011,26647,23611.3554,7895.0564,-511.787,698.2
centered_candidate_000485_77a443c7,centered-gaussian,5,5,0,698.2,60,36.8,1996.8,1287.0168,5611.2,1244,822.6,14763.2,0,186.68,10.4,294.4,18558,2258,1210,52240.6,188.4,0,3.4,0.6518,24656.6,33315.3453,8969.9879,-606.7084,698.2
centered_candidate_000114_3bfca39a,centered-gaussian,5,5,0,693,112,65,1882.6,1142.8594,5898,2052,1374.8,14156,0,210.4,11.8,306.2,16321,3842,2400.2,42510,199.8,0,3.6,0.6271,26152.2,25244.7607,7835.4909,-506.4297,693
search_candidate_000322_32130286,random-phased,5,5,0,691.2,87,71,1623,752.3452,6143.6,1721,1439.6,13104.4,0,247.84,13,315.2,13344.4,3689,2893.4,28780.4,230.2,0,4,0.5197,27768.6,12443.6612,5621.4473,-305.1726,691.2
centered_candidate_000277_aa0bb9a3,centered-gaussian,5,5,0,689,296,94.6,1697.4,974.8549,6057.8,3414,1609.8,13242.2,0,238.78,12.8,308.8,16175.8,7283,3132,38479.6,206,0,4.6,0.5433,30467.8,21600.6853,6863.1846,-392.8274,689
centered_candidate_000384_e84c2a95,centered-gaussian,5,5,0,687.4,94,92.8,1871.8,1178.8224,5824,1801,1641.4,14029.6,0,208.6,11.4,303.6,17450.6,3352,2937,46069.2,197.2,0,4,0.5249,27908.4,28432.1334,8142.6422,-496.6112,687.4
centered_candidate_000316_4f7fd6fb,centered-gaussian,5,5,0,685,113,90.4,1850.8,1153.6386,5848.6,1892,1651,13983.4,0,208.36,11.6,304.8,17015,3619,3162,44223.8,199.4,0,3.8,0.5632,26520.8,26995.1211,8005.5019,-486.4193,685
centered_candidate_000504_32a0a3aa,centered-gaussian,5,5,0,681.6,115,56,1875.2,1168.8563,5714.4,2033,1254.6,13933,0,210.02,11.4,295.4,17748.6,3381,2355.2,47427.2,201.6,0,3.2,0.7748,24452.8,29166.2135,7978.9004,-528.4281,681.6
centered_candidate_000333_f938db15,centered-gaussian,5,5,0,678.6,53,43.8,1921.8,1215.7469,5542.8,1271,999.2,14188.2,0,198.98,10.8,285.8,18411,2756,1626.8,50718.4,183.8,0,3.4,0.641,23882.2,31675.4275,8321.3618,-564.0735,678.6
centered_candidate_000400_78b3332d,centered-gaussian,5,5,0,677.4,76,54.4,1901.6,1214.393,5652.2,1561,1191.2,14228,0,197.3,10.8,296,17120.6,2650,2022.6,46664,190.4,0,3,0.6741,23101.2,29332.5157,8460.4045,-552.7965,677.4
centered_candidate_000028_bf1ddab3,centered-gaussian,5,5,0,674.6,128,109.4,1765.8,1052.4894,5897,2090,1899.2,13513.4,0,225.78,12.2,303.8,16417,3819,3397.2,41559.8,207.4,0,3.4,0.5811,25526.4,24301.4234,7274.0207,-416.8447,674.6
centered_candidate_000002_0588a6fc,centered-gaussian,5,5,0,673.4,83,45.4,1883.8,1182.4569,5614.2,1637,1032.6,14143,0,202.84,11,291.6,16514.8,3086,1835.8,44625.8,196.2,0,2.8,0.7177,22206.4,27510.3701,8234.9235,-545.8284,673.4
centered_candidate_000296_1f2fb92c,centered-gaussian,5,5,0,670.4,83,41,1895,1215.4561,5495.4,1622,931.4,14054.8,0,190.2,10.4,288.6,16882.8,2558,1534.2,46742.2,198,0,2.8,0.7237,23199.8,29654.6451,8406.5778,-566.728,670.4
centered_candidate_000518_eb2c8605,centered-gaussian,5,5,0,669.4,223,61.4,1735.8,1014.1405,5788,2982,1271.6,13240.6,0,230.04,12.6,292.6,17531.2,5921,2232.6,44725.8,215.4,0,2.8,0.6996,22928,26000.1879,6944.6487,-445.6703,669.4
centered_candidate_000018_f4201c51,centered-gaussian,5,5,0,667.8,59,34.6,1898.6,1209.0119,5302.8,1228,755.6,13745.6,0,191.84,10.4,272.2,15971,1936,1131.6,44423,194,0,3,0.8545,23828.8,27699.2415,8103.4169,-569.9059,667.8
centered_candidate_000424_ca310be1,centered-gaussian,5,5,0,667.4,135,61.4,1816,1134.7952,5697.4,2130,1335,13721.2,0,204.5,11.6,295.2,16702.2,3793,2320.8,44123,201,0,3.2,0.5958,24617.4,27123.3317,7865.3107,-505.9976,667.4
centered_candidate_000124_12eb6300,centered-gaussian,5,5,0,663.8,66,46.6,1816.8,1062.6882,5568,1313,999.6,13866.4,0,208.5,11.4,285.2,15052,2142,1513,40379.8,196.4,0,3.8,0.5172,26418.8,23622.7192,7526.4285,-484.7441,663.8
centered_candidate_000056_9db03320,centered-gaussian,5,5,0,661.6,97,58.4,1799.2,1086.6007,5504.8,1793,1195,13282,0,209.62,11.4,280.2,15593,2829,1917.6,41323.8,198.6,0,3.2,0.7404,24221.8,24529.1266,7303.9526,-484.9003,661.6
centered_candidate_000211_a2eeb0a5,centered-gaussian,5,5,0,660.2,145,71.8,1763,1081.3257,5640.4,2279,1385.6,13281.2,0,224.74,11.6,287.8,15577.4,4089,2621.8,39774.6,199.2,0,3.8,0.533,26604.8,23548.1744,7470.4594,-468.8629,660.2
centered_candidate_000240_50139739,centered-gaussian,5,5,0,660.2,66,49.6,1852.6,1169.8043,5498.4,1294,1074.6,13941.2,0,203.98,10.6,286,15969,2474,1844.4,43294.2,194,0,3,0.494,22710.4,26705.0605,8115.3461,-535.3022,660.2
centered_candidate_000329_41c7563a,centered-gaussian,5,5,0,660,91,82.2,1795.4,1115.8025,5717.8,1721,1613,13723,0,210.06,11.4,297.8,14674.4,3677,2824.8,37505.8,196,0,3.8,0.5799,26634,22416.1201,7817.6152,-475.7012,660
search_candidate_000016_0a6b4cef,random-phased,5,5,0,659.4,90,45.6,1582.6,737.5214,5733,1763,1073.6,12621.2,0,249.06,12.4,289.2,13349.4,3761,2131.8,29447.8,232,0,3.8,0.5313,26018.6,13050.7358,5477.7067,-323.1607,659.4
centered_candidate_000456_2680d642,centered-gaussian,5,5,0,658.8,101,65.2,1811,1143.2832,5664.2,1799,1466.8,13673,0,208.46,11.2,295.2,16364.6,3545,2977.8,42569.6,196.4,0,3.4,0.5346,25305.2,26109.2623,7875.9502,-506.4416,658.8
search_candidate_000479_d4890810,random-phased,5,5,0,657.8,533,98.8,1292.8,528.7719,5697.2,4814,1758.6,10154.4,0,295.36,14,268,12855.2,9933,3988,23180.6,238.8,0,4,0.4576,27325.2,8542.4846,3712.3906,-165.586,657.8
centered_candidate_000032_f4b529c6,centered-gaussian,5,5,0,655.6,93,61.2,1771.8,1053.3827,5626.8,1701,1181,13667.2,0,213.04,11.4,289.8,14576.8,3042,1849.8,38041.4,191,0,2.8,0.6117,21535.4,22087.6936,7482.1007,-465.4913,655.6
centered_candidate_000016_363ade15,centered-gaussian,5,5,0,653.8,254,34.8,1699.2,986.0524,5650.2,3109,866,13253.8,0,228.04,12.2,285.2,15342,7166,1307.2,38577.8,205,0,3.8,0.5933,26911.8,22190.1786,7066.8847,-458.2262,653.8
centered_candidate_000297_170a1de5,centered-gaussian,5,5,0,651.8,93,51.2,1781.8,1070.745,5665.8,1697,1153.2,13894,0,217.46,11.4,293.2,15085.8,3145,1894.8,39485.2,195.2,0,3.4,0.603,24686.6,22963.7882,7667.4804,-484.1725,651.8
centered_candidate_000092_616a8d6c,centered-gaussian,5,5,0,651,111,57.2,1793.2,1130.7709,5520.6,2000,1219.2,13479.6,0,199.66,11,286.2,15388.2,3350,1899,41027.4,187.2,0,3,0.6523,22852.8,25249.8982,7811.4246,-508.1854,651
centered_candidate_000371_32298fac,centered-gaussian,5,5,0,648.6,97,62,1755.8,1055.68,5617.6,1832,1307.2,13437.8,0,221.44,11.6,288,14759.4,3220,2126.6,38173.2,200.2,0,3.6,0.515,26043.6,22132.5971,7346.7247,-465.84,648.6
search_candidate_000093_23e0b719,random-phased,5,5,0,644.2,84,49,1803,1151.5279,5527.8,1670,1161.2,13801.4,0,214.14,10.4,290.2,13231.2,3281,2396.6,34074.4,194.4,0,3.4,0.5443,24516.4,20608.7377,8172.409,-526.764,644.2
centered_candidate_000306_d7e39e99,centered-gaussian,5,5,0,641.4,85,61.6,1610.4,784.244,5699.6,1709,1268.8,12926,0,218.42,12.4,291,15244.6,2790,2011.2,37908,204.6,0,3.2,0.6673,25027,18855.8931,5840.9622,-330.522,641.4
centered_candidate_000284_af2af0e4,centered-gaussian,5,5,0,638.2,91,69.8,1755.6,1112.9509,5372.8,1726,1397.4,13023.4,0,204.3,10.8,277,19053.2,3162,2508.8,51467.4,195.6,0,3,0.6392,23345,32258.7356,7588.8889,-486.6755,638.2
centered_candidate_000357_7e525188,centered-gaussian,5,5,0,637,77,45.4,1784.8,1129.8115,5260.4,1470,1037.2,13217.4,0,202.42,10.6,269.4,14603.4,2648,1994,38990.2,194.6,0,3.2,0.546,23811.8,23937.0461,7720.699,-519.5057,637
centered_candidate_000499_eeb2d9af,centered-gaussian,5,5,0,636.2,123,58.2,1738.8,1089.2973,5415,2029,1206.4,13149.2,0,198.54,10.8,281,19180.8,3569,2079.4,52090.2,188.6,0,3.2,0.5115,24474.4,32600.4867,7562.9901,-486.4486,636.2
centered_candidate_000395_7f419a24,centered-gaussian,5,5,0,635.2,63,37.8,1800,1145.7103,5277.4,1327,814,13651.4,0,184.96,10.2,276,14953.8,2181,1185.8,41317.2,187,0,3.2,0.7286,24264,25705.6152,8091.8145,-535.0552,635.2
centered_candidate_000280_d668a840,centered-gaussian,5,5,0,635,88,45,1771.2,1116.9025,5381,1650,1052.8,13436,0,199.1,10.6,280,15452.4,3127,1755.8,41442,191.8,0,3,0.6512,23154.4,25464.4645,7837.5888,-513.4513,635
centered_candidate_000499_0fa560d0,centered-gaussian,5,5,0,632,83,52,1760.6,1121.6695,5349.4,1617,1078,13365.2,0,194.4,10.6,278.6,15108.8,2943,1668.6,40733.2,193.2,0,3,0.7442,23337.4,25385.1556,7927.9111,-508.8347,632
centered_candidate_000393_3dcbcea6,centered-gaussian,5,5,0,631.4,88,38,1765.6,1107.0349,5320.2,1661,906.6,13416.8,0,189.14,10.6,276.8,14253.6,2832,1361,38513.6,189.6,0,3.6,0.5871,25986.6,23491.8179,7779.6826,-515.5174,631.4
centered_candidate_000326_7569200a,centered-gaussian,5,5,0,631,110,53.6,1690.6,987.3775,5475.6,1873,1142.8,13097.8,0,212.5,11.6,280.8,14645.2,3126,1778.4,38042,209.8,0,3.2,0.7087,24989.2,21776.6578,7021.2917,-440.0888,631
centered_candidate_000382_8aa6e3fd,centered-gaussian,5,5,0,630.6,165,108.8,1624.8,979.1179,5722.6,2349,1940,12888.2,0,218.12,12,297.2,14790.6,5079,3513.8,36038.2,205.2,0,3.4,0.5031,24878.4,20935.1393,7001.2083,-380.7589,630.6
search_candidate_000089_66bb41e3,random-phased,5,5,0,630.4,88,54.8,1485,691.1251,5703.8,1725,1297.4,12158.2,0,239.06,12.4,290.6,12972.4,3243,2589.4,28872.8,217.6,0,4.2,0.4441,28214.4,12619.2693,5221.7675,-290.7625,630.4
centered_candidate_000454_5e5be2d7,centered-gaussian,5,5,0,624.6,110,78.6,1570.6,801.9682,5635,2057,1539.4,12526.6,0,231.4,12.4,285.6,14217.2,3807,3105,33721.2,205,0,4,0.5337,27953,16832.1924,5853.9928,-322.3841,624.6
centered_candidate_000178_323188a1,centered-gaussian,5,5,0,623.6,58,46.2,1761.4,1126.8051,5039.2,1222,1014.6,12804,0,191.94,10.2,256.4,15402.8,1826,1693,42448.8,186.6,0,2.6,0.7078,21185.2,26662.4189,7594.3693,-517.2026,623.6
centered_candidate_000272_ad99b57e,centered-gaussian,5,5,0,623,243,53.4,1556.8,837.0274,5454,3050,1139.6,12103.4,0,238.28,12.4,270,15297.8,6999,1878,36975.8,209.2,0,3.4,0.5703,24547.4,19612.1532,5873.1696,-365.1137,623
centered_candidate_000395_09243ad8,centered-gaussian,5,5,0,622.8,95,53.8,1716.8,1073.0661,5305,1663,1198.2,13016,0,201.94,10.8,274,14334.2,2861,2598.2,37272.6,199.6,0,3,0.5494,22828,22472.1455,7459.0914,-482.7331,622.8
centered_candidate_000109_eabe8d97,centered-gaussian,5,5,0,621,86,54.6,1714.4,1068.0854,5341,1646,1182.8,13131.8,0,195.64,10.8,278.6,16152.2,2626,2008.2,43454.8,202.4,0,3,0.7017,24142.8,26648.3427,7526.4895,-479.4427,621
centered_candidate_000139_a0c79381,centered-gaussian,5,5,0,620.6,155,48,1657.6,990.5222,5369.2,2398,1007.8,12766.8,0,210.26,11.2,275,14029,4426,1399.2,36292.2,195.2,0,3.4,0.6342,25386.8,21128.4371,6958.2566,-447.2611,620.6
centered_candidate_000397_5b9fedc4,centered-gaussian,5,5,0,618.6,90,39.4,1732.2,1097.5592,5178.8,1694,859.8,13102.4,0,187.38,10.2,270,15581,2912,1269.2,42780,192.4,0,3.2,0.6498,24324,26840.6687,7710.9803,-509.3796,618.6
centered_candidate_000061_78735925,centered-gaussian,5,5,0,616.2,355,59,1376.8,616.8797,5487.2,3698,1267.4,11135,0,240.86,12.8,271.2,12811.6,8030,2157.4,27287.8,217.4,0,4,0.5363,27570,11771.9797,4592.7065,-249.4398,616.2
centered_candidate_000208_e7bb225c,centered-gaussian,5,5,0,613.8,83,42,1721.2,1099.2706,5101,1583,962.4,12820.6,0,187.26,10.2,264,15480.8,2472,1394.4,42625.8,190.8,0,3.6,0.6711,26151,26818.8925,7599.9756,-507.6353,613.8
centered_candidate_000339_9c3a2c1b,centered-gaussian,5,5,0,613.4,95,53.6,1693.4,1066.0722,5330,1732,1228.4,13063.8,0,196.68,10.6,278.6,16193.8,3052,2006.8,43579.6,189.6,0,3.2,0.5828,23123.2,27088.1157,7589.3879,-479.4361,613.4
centered_candidate_000346_467f869b,centered-gaussian,5,5,0,610.8,83,44.8,1700.6,1071.496,5259.2,1693,1031,13034.8,0,197.12,10.4,274.2,14217,3089,1632.4,37802.8,187.8,0,3.4,0.6063,24820.8,23039.6057,7566.0429,-490.948,610.8
centered_candidate_000487_fbd97252,centered-gaussian,5,5,0,610,76,41.4,1713.4,1092.684,5163,1514,904,13094.8,0,190.66,10.2,269.2,13743.6,2706,1265.4,37313.4,192.4,0,2.6,0.7433,21598.6,23112.5642,7763.9463,-504.942,610
centered_candidate_000484_e54af074,centered-gaussian,5,5,0,609.4,43,31.4,1749.8,1131.8717,5057.2,1011,759.6,13358,0,176.32,9.8,264.8,14811.4,1470,1021.4,41811.4,183.6,0,3.2,0.6724,23977.2,26654.299,8163.2115,-534.5358,609.4
centered_candidate_000310_4f843538,centered-gaussian,5,5,0,607,143,51.4,1638.8,1012.4136,5274.6,2253,1129.8,12586.8,0,199.24,11,272.4,14471.4,4141,1881.4,37703.6,198.4,0,3.2,0.6994,24583.8,22822.4718,7117.4969,-454.8068,607
search_candidate_000337_ec6a6981,random-phased,5,5,0,607,94,46.2,1427.8,667.412,5184.2,1749,1110.4,10966.4,0,236.48,12.2,252.8,11165.8,3085,1656.4,24685.6,224.6,0,3.6,0.5825,26555.2,11028.4235,4721.7056,-287.506,607
centered_candidate_000207_169a0293,centered-gaussian,5,5,0,605,80,42,1690.4,1064.9323,5192.6,1605,952.4,13033.4,0,189.16,10.4,270.6,14133,2684,1399.6,38327,187,0,3.2,0.6931,24588.2,23740.0511,7598.1654,-490.4661,605
centered_candidate_000184_23d03efd,centered-gaussian,5,5,0,601.8,101,68.4,1634.8,1022.3151,5277.4,1879,1379.8,12592.2,0,202.7,10.8,273.8,13102,3574,2260.6,33572.2,195.2,0,3.4,0.5527,24481.8,20169.7363,7190.1199,-442.7575,601.8
centered_candidate_000474_cb22072e,centered-gaussian,5,5,0,595.4,50,32.8,1703.2,1099.3725,5030.4,1176,840,13080.4,0,183.72,9.8,263,13925.8,2077,1201.4,38544.8,182.6,0,3.6,0.5726,25646.8,24257.8549,7900.2171,-516.8862,595.4
search_candidate_000248_d24bbbc2,random-phased,5,5,0,595.2,504,61.6,1303.6,646.0274,5416.4,4860,1311.6,10736.4,0,241.64,12.6,268.8,11816,10292,2472,24152.4,213.6,0,4,0.5188,27827,11244.6977,4839.757,-261.4137,595.2
search_candidate_000207_e8afcf60,random-phased,5,5,0,593.8,194,33.2,1398.2,638.7423,5139,2553,899.4,10949.8,0,253.66,12.2,247.2,11566.2,6474,1467.6,24807,218.6,0,3.6,0.495,24353.6,10632.4283,4635.2817,-286.1712,593.8
centered_candidate_000433_9fefb0e4,centered-gaussian,5,5,0,592.6,57,32.6,1690.6,1093.2649,4989.6,1249,850.8,12902.4,0,177.58,9.8,261.8,16256,1866,1208,45702.4,191,0,2.6,0.7689,22517.2,29275.5124,7840.7824,-514.0325,592.6
centered_candidate_000308_248d4374,centered-gaussian,5,5,0,578.4,187,81.6,1329.8,596.8546,5325.6,2459,1648.8,10894.2,0,248.7,12.6,262,12538.2,5411,3543.2,26334.4,212.2,0,3.6,0.511,25666.2,11012.6083,4429.8734,-216.8273,578.4
centered_candidate_000251_bdba64bf,centered-gaussian,5,5,0,577.6,68,43.8,1615,1021.9668,4839,1411,980.2,12065,0,186.34,10.2,247,13744.2,2352,1356.6,37432.6,192.2,0,3,0.7687,23857.4,23302.2703,7044.0012,-467.1834,577.6
centered_candidate_000299_4562fdf5,centered-gaussian,5,5,0,574.8,143,58.8,1493.8,847.6816,5256.6,2304,1281.8,12024.2,0,224.32,11.6,267.4,13156,4176,2550.4,31875.2,207.8,0,3.4,0.5926,24659.6,17139.9373,6200.3785,-365.0408,574.8
search_candidate_000173_fb7b4f30,random-phased,5,5,0,568.8,66,50.4,1341.6,627.0864,5147.2,1429,1113.4,11026.6,0,227.68,11.4,260,10068,2590,1692,22201.6,208.8,0,4,0.508,27509.4,9834.1772,4786.4526,-263.1432,568.8
centered_candidate_000260_fec202f4,centered-gaussian,5,5,0,567.2,113,47.6,1526,910.1383,4964.4,1957,1057,11830.4,0,210.44,10.6,251.6,13590,3715,1937.2,34901.8,189.4,0,3.4,0.634,24411.8,20265.4872,6430.3516,-407.4692,567.2
centered_candidate_000301_3618edb0,centered-gaussian,5,5,0,556.4,163,106.6,1343.4,699.7793,5228.8,2432,1861.2,11011,0,237.82,12,261.4,12471.4,5475,3190.8,28273.8,198.6,0,3.8,0.5682,27223.6,14358.5519,5144.2185,-243.2896,556.4
centered_candidate_000465_9e8baf93,centered-gaussian,5,5,0,554.2,103,45.8,1497.8,895.9889,5027.2,1999,1094,11940.4,0,213.8,10.6,257.8,13012.2,3786,1718.4,33372,188.6,0,3.6,0.5731,25395,19285.7129,6480.3925,-402.1945,554.2
centered_candidate_000325_edb7b4a9,centered-gaussian,5,5,0,547.8,147,70.4,1401.4,786.7593,5019.6,2218,1483,11212.8,0,214.54,11.4,253,12573.8,4048,2530.2,30500.8,197,0,3.4,0.5515,24859,16433.4865,5687.3236,-322.9796,547.8
centered_candidate_000191_ca3d89a4,centered-gaussian,5,5,0,547,356,71.4,1264.8,669.2832,5128.4,3730,1496.2,10531.6,0,233.52,12,255.2,14076.2,8348,2596,32337.8,201.2,0,4.2,0.4678,28568.4,17224.9058,4998.2568,-263.2416,547
centered_candidate_000322_438adcca,centered-gaussian,5,5,0,540.2,127,65.2,1428,870.7042,4916.2,2117,1276.6,11336.4,0,196.14,10.6,253.4,12916.4,3998,2020.2,32784,190.4,0,3.8,0.5652,27215.2,19421.2609,6217.4227,-370.1521,540.2
centered_candidate_000318_e438314e,centered-gaussian,5,5,0,540,120,74.8,1424.6,863.1276,4940.6,1945,1556,11268.4,0,215.46,10.8,252.4,12930.2,3599,2735.4,32136.2,206.2,0,3.6,0.6055,26270.6,18454.5195,6096.3849,-356.7638,540
centered_candidate_000212_acb51e6d,centered-gaussian,5,5,0,535.6,227,62,1338.2,761.3773,5009.6,2922,1367.8,10931.6,0,234.12,11.4,250.6,12751.8,7202,2321.6,29606,198.8,0,4.2,0.5114,28086.2,15985.3593,5555.9164,-318.6887,535.6
centered_candidate_000052_543d0631,centered-gaussian,5,5,0,533.6,155,82.2,1362,805.4928,4864.4,2244,1555.6,10739.8,0,214.98,11,244.2,11686.6,4639,2614.4,27804,192.8,0,3.4,0.5914,24266.4,15621.0353,5681.8242,-320.5464,533.6
centered_candidate_000475_235ba6a1,centered-gaussian,5,5,0,531.2,94,43.8,1433.4,848.3276,4774.6,1746,1047,11374.4,0,211.4,10.2,245.2,12356.6,3482,1854,31342.2,212,0,3.8,0.579,27777.8,17799.5318,6092.3339,-380.3638,531.2
centered_candidate_000095_32a832ab,centered-gaussian,5,5,0,525.8,111,50.6,1389.8,800.7862,4790.8,1878,1150.6,11163.6,0,202.48,10.8,243,11519,3623,1676.2,28938.8,197.4,0,3.2,0.7331,25008.4,16137.4878,5811.6257,-349.7931,525.8
centered_candidate_000201_2872a669,centered-gaussian,5,5,0,525.6,80,50.8,1440.4,896.6028,4719.4,1583,1173.6,11341.8,0,204.54,9.8,243,11655,2698,2324.2,29712.8,189.4,0,3.4,0.5466,24441.6,17648.0832,6400.0495,-397.5014,525.6
general_top10-median-phased_56e0019f,top10-median-phased,5,5,0,523.4,164,79.2,1331.4,777.5247,4860.8,2434,1615.2,10593.8,0,236.94,11,243,12039.2,5220,3121.2,27762,207.6,0,3.2,0.5995,23215.2,14798.556,5471.3551,-309.5623,523.4
general_topN-median-phased_e90c8c4c,topN-median-phased,5,5,0,523.4,164,79.2,1331.4,777.5247,4860.8,2434,1615.2,10593.8,0,236.94,11,243,12039.2,5220,3121.2,27762,207.6,0,3.2,0.5995,23215.2,14798.556,5471.3551,-309.5623,523.4
centered_candidate_000506_b0d44aa7,centered-gaussian,5,5,0,521.6,122,66.4,1365.6,810.7906,4890.6,1964,1401.2,11168.4,0,204.26,10.6,252.6,12453.2,3941,2665.4,30483.8,193.6,0,3.8,0.5279,26541.2,17372.4226,5946.9286,-338.9953,521.6
centered_candidate_000316_1c7a882c,centered-gaussian,5,5,0,508,310,39.4,1227.4,674.6824,4545,3591,970.4,9564.4,0,218.46,11,220.4,11775,7131,1418.2,27846.8,194.4,0,3.4,0.5779,25486.6,15071.6721,4619.6552,-297.9412,508
centered_candidate_000006_9fd8d908,centered-gaussian,5,5,0,504.2,126,77.4,1287.6,733.3789,4756.4,2166,1557.8,10387,0,218.44,10.8,239.8,11141.6,4239,2931.6,25931.8,193.6,0,3.2,0.5925,23588.4,13825.4163,5189.2511,-289.2894,504.2
centered_candidate_000097_99323e56,centered-gaussian,5,5,0,502.6,341,64.8,1132.6,564.3249,4889,3910,1427.2,9595.8,0,234.4,11.6,243.4,11330.2,8878,2911.4,23037.8,200.4,0,4,0.5212,26910.8,10637.9197,4177.6284,-217.3625,502.6
centered_candidate_000502_1a0041cf,centered-gaussian,5,5,0,502.6,227,90.2,1177.8,604.6201,4864.6,2992,1741.8,9816.6,0,235.88,11.6,241,11719,6158,3276.8,25646.4,199.4,0,3.8,0.4391,26496,12763.2534,4457.4154,-212.11,502.6
centered_candidate_000356_0df157df,centered-gaussian,5,5,0,499,70,66.6,1315.6,753.6474,4633.2,1451,1358.8,10702.4,0,208.5,10.6,232.6,11029,2543,2097.4,27571.6,187.4,0,3.2,0.6636,23823.8,15146.8805,5515.2097,-310.2237,499
centered_candidate_000258_cface56e,centered-gaussian,5,5,0,497.2,107,60.6,1208.6,578.3052,4746.8,1860,1187.2,10233,0,216.24,11,239.4,10987.6,3899,2077.2,24917.6,199.4,0,3.2,0.5781,24088.8,11345.3063,4408.6046,-228.5526,497.2
centered_candidate_000436_93773eb0,centered-gaussian,5,5,0,496.4,90,75.8,1286,732.1799,4633.2,1553,1518.4,10453.8,0,213.32,10.6,232.2,11522,3200,2573.2,27899.2,188,0,3.6,0.5477,25508.6,15032.2763,5303.8215,-290.29,496.4
search_candidate_000272_ec833164,random-phased,5,5,0,495.4,80,46.6,1359.4,851.0696,4456.2,1602,1052,10720.6,0,190.42,9.6,228.8,9523,3229,1706.6,23826,190.8,0,3.2,0.6168,23615.6,14026.2484,6087.3054,-378.9348,495.4
centered_candidate_000436_7fa24bf4,centered-gaussian,5,5,0,493.2,95,61.2,1311.2,793.3048,4444.2,1716,1203.6,10332.4,0,199.9,9.8,225.4,12385.4,3130,2159,31630.2,194.6,0,3.4,0.6787,25243.2,18675.1599,5632.7946,-335.4524,493.2
centered_candidate_000046_65406414,centered-gaussian,5,5,0,492.4,84,26.4,1375,868.7482,4263.2,1600,673,10630,0,176.62,9,218.4,12383.4,2560,894.4,33812.2,178.6,0,3,0.6315,23193,20884.4753,6152.1564,-407.9741,492.4
centered_candidate_000237_42b80115,centered-gaussian,5,5,0,491.8,199,57,1245,725.5151,4630.6,2756,1241.6,10161.4,0,217.2,10.4,233.4,11641.2,5387,2181,27630.4,188.4,0,3.2,0.6264,24144.8,15087.1031,5256.2946,-305.7575,491.8
search_candidate_000202_ce8f184c,random-phased,5,5,0,486.6,352,69.8,977.2,405.0939,4564.2,3700,1437,8098.4,0,272.08,11.8,214.2,10796,8354,2793.2,19870.6,236.2,0,3.8,0.4877,25681.8,7646.8868,2960.392,-132.7469,486.6
centered_candidate_000272_7bab8d61,centered-gaussian,5,5,0,484.4,279,54.6,1027,440.8082,4547.4,3413,1109.4,8580.8,0,216.26,11.6,221,10459.8,6563,1624.6,21544.4,208.2,0,4,0.6001,28275,8981.795,3331.5285,-165.8041,484.4
centered_candidate_000401_caa1ba84,centered-gaussian,5,5,0,481.8,107,71.6,1264,771.4999,4494,1912,1451.2,10125.8,0,208.16,10.2,226.6,13020.4,3580,2735,32737,192.8,0,3,0.6819,23382.6,19529.45,5549.4229,-314.15,481.8
centered_candidate_000198_ddecd229,centered-gaussian,5,5,0,480.4,66,51,1279.4,731.535,4441.8,1282,1191.8,10400.8,0,205.64,10,223.6,11351.2,2372,2028.8,28733.2,186.2,0,3.6,0.5272,25376.4,15980.4296,5337.1191,-314.7675,480.4
search_candidate_000064_ba71e0a5,random-phased,5,5,0,477.6,90,44.4,1246,682.2931,4442,1774,1016.6,10211.4,0,212.32,10.2,222.2,9959.2,3622,1645,23869.6,193.6,0,3,0.6543,22500.6,12268.0863,5093.2593,-296.7465,477.6
centered_candidate_000197_ab290499,centered-gaussian,5,5,0,475.8,153,52,1204.2,663.3254,4501.6,2302,1155.2,9940.2,0,218.36,10.6,223.8,9887,4533,2338.8,22474.2,196.2,0,3.6,0.5719,25599.2,11319.3556,4904.2258,-279.6627,475.8
search_candidate_000232_5d55f41e,random-phased,5,5,0,475.8,46,38.4,1331.8,836.9809,4255,1124,904.4,10593,0,178.06,9.2,218.6,8936,1542,1235.4,23655.6,183.6,0,3,0.6518,23250.6,14116.2874,6064.9428,-380.0904,475.8
centered_candidate_000081_fef6fab9,centered-gaussian,5,5,0,474.6,64,46.6,1265.4,720.239,4432.4,1265,1046.2,10498.6,0,197.14,10,224.8,10022.6,2478,1671.8,25003.8,184.4,0,3,0.7254,23375.4,13523.0321,5386.4655,-313.5195,474.6
centered_candidate_000022_868360a9,centered-gaussian,5,5,0,471.8,108,47.2,1223,676.6291,4479.8,1958,1038.2,10194.8,0,207.26,10.2,226.4,10843.8,3884,1857.6,26348,188.6,0,3,0.5922,22566,14059.1862,5042.883,-291.1146,471.8
search_candidate_000314_fe2da442,random-phased,5,5,0,471.2,90,66.8,1205.2,660.1886,4476.2,1655,1410.4,9947.8,0,213.58,10.4,225.6,9651.4,3006,2432.4,22550,207.4,0,4,0.4443,27085,11528.4962,4882.352,-263.2943,471.2
centered_candidate_000103_9dc6072e,centered-gaussian,5,5,0,471,102,65.6,1236.6,742.8225,4509.8,1885,1310.8,10288.8,0,189.28,10,233,10892.4,3450,1944.6,27231,184.6,0,2.8,0.7523,22314.4,15738.989,5528.9329,-305.8112,471
search_candidate_000117_36a5d04e,random-phased,5,5,0,469.4,148,100.6,1134.2,615.9716,4616.6,2288,1799.8,9535.2,0,221.62,10.8,232.4,9441.8,4300,3288.8,20292,197.8,0,3.6,0.5133,24962.2,9959.3893,4507.6934,-207.3858,469.4
centered_candidate_000059_5d54aed2,centered-gaussian,5,5,0,466,107,34.4,1261.4,768.7967,4285.2,1818,884,10234,0,193.82,9.6,216.8,10725.6,3356,1535.6,27344.6,182.2,0,3,0.7516,23035.8,15942.5702,5646.5506,-349.9984,466
centered_candidate_000153_c326adb2,centered-gaussian,5,5,0,464.6,42,32,1311.4,831.4565,4159.8,945,768,10628.8,0,172.44,8.8,215,10172.2,1585,1036.8,27653.4,175.2,0,3.6,0.6346,25540,16983.3594,6229.0728,-383.7282,464.6
centered_candidate_000458_884b8637,centered-gaussian,5,5,0,462.2,107,48,1181.4,632.3181,4485.6,1796,1049.6,10139,0,207.26,10.2,228.4,10549.4,3293,1891.4,25292,191.6,0,3.4,0.5864,24590.6,12811.0242,4830.2124,-268.159,462.2
centered_candidate_000360_6767986f,centered-gaussian,5,5,0,456.8,76,64.8,1230,768.6337,4187,1662,1346.6,9604,0,194.3,9.4,211,10323.8,3057,2352.8,25657.8,181.6,0,3.2,0.617,23159.6,15203.9816,5341.6698,-319.5168,456.8
centered_candidate_000227_cebf8daf,centered-gaussian,5,5,0,453.6,60,38.8,1210.4,680.2863,4067.2,1307,935.2,9523.2,0,194.36,9.8,198.6,9936.2,2101,1308.4,25465.6,181.8,0,3.4,0.6557,25277.2,13971.4949,4780.9603,-301.3431,453.6
centered_candidate_000212_59758cc7,centered-gaussian,5,5,0,452.4,78,74,1202.8,745.8264,4302.6,1592,1509.4,9779.2,0,199.48,9.6,218.8,9321.8,3011,2811.4,22087.2,180.6,0,3.8,0.551,26290.6,12603.1126,5417.4286,-298.9132,452.4
centered_candidate_000015_936f230f,centered-gaussian,5,5,0,448.6,58,39.4,1240.6,774.5824,4119.2,1238,985.2,10031.4,0,183.86,9.2,209.4,10291.6,2267,1582.2,26784.8,180.4,0,2.2,0.7424,19499.6,16017.7133,5718.724,-347.8912,448.6
centered_candidate_000078_fa3f6321,centered-gaussian,5,5,0,448.6,87,65.8,1135,606.1025,4198.6,1621,1350.2,9086,0,208.72,10.4,204.4,10788.8,3291,2265.4,25816.6,190.6,0,3.8,0.5374,26377,13387.7598,4182.7523,-237.2512,448.6
centered_candidate_000068_ca3efa4d,centered-gaussian,5,5,0,446.6,94,55.2,1195.8,741.4169,4235.4,1709,1223,9831.4,0,184.24,9.4,217.8,10123.8,2753,2006.8,25636.2,179.6,0,3,0.6782,22926,15232.58,5480.9697,-315.5085,446.6
centered_candidate_000079_f1671597,centered-gaussian,5,5,0,446.4,88,61.4,1154,651.6756,4374.2,1696,1340.4,9761.6,0,211.9,10.2,220.2,10054.6,2789,2197,24274,190.4,0,3.4,0.4936,24056.6,12793.4341,4862.3655,-264.4378,446.4
centered_candidate_000252_ece115d6,centered-gaussian,5,5,0,444.2,48,40.2,1228.8,758.689,4097.6,1126,927.8,10060,0,178.72,9,209.6,8879.2,1790,1345.6,23128.4,172,0,2.8,0.7296,22153,13594.8262,5622.8183,-339.1445,444.2
search_candidate_000216_c65e6d7d,random-phased,5,5,0,443.6,344,83.6,911,397.5719,4274.8,3823,1624.6,7517.2,0,262.16,11.4,199,9342.2,8271,3599.6,16304.8,226.6,0,4.6,0.4414,29215.6,5947.2859,2794.3485,-115.186,443.6
search_candidate_000087_fecd5aa3,random-phased,5,5,0,442.6,98,79,988,437.5315,4249.4,1864,1525.6,8192.4,0,207.74,11,207,8884.6,3460,2257,18575.6,207.8,0,3.6,0.7248,27329.8,7700.3568,3183.7899,-139.7658,442.6
centered_candidate_000135_8c52a1be,centered-gaussian,5,5,0,433,69,60.4,1162.8,716.7142,4236,1513,1337.8,9784.4,0,194.12,9.4,218.2,10173.2,3000,2384,25106.2,182.6,0,3,0.556,22408.6,14649.5742,5364.9536,-297.9571,433
centered_candidate_000498_2d8f4947,centered-gaussian,5,5,0,431,94,80.4,1115,674.1481,4249.2,1757,1636.4,9299.8,0,201.34,9.6,217.4,9452,3432,3290.6,21614,187,0,3.6,0.5312,25449.2,12076.6299,4935.5471,-256.674,431
centered_candidate_000010_9199d251,centered-gaussian,5,5,0,429.4,94,75.2,1119.2,682.405,4150.2,1715,1479.4,9266,0,190.56,9.6,210.6,9380,3044,2519.2,22549.8,181.8,0,3.6,0.6274,25816.2,12992.1389,5033.8337,-266.0025,429.4
centered_candidate_000287_2397ebab,centered-gaussian,5,5,0,429,111,62.4,1097,623.3384,4204.8,1926,1320.8,9257.4,0,202.5,9.8,212.2,9485.2,3440,2331.8,22380,186,0,3.6,0.477,25278.6,12021.9101,4648.8946,-249.2692,429
search_candidate_000469_18347f47,random-phased,5,5,0,428.6,83,61.2,1105.6,619.1696,4185.6,1765,1324.8,9236.6,0,218.9,9.8,208.2,9951.8,4182,2829.2,22477.2,188.8,0,3.6,0.4774,25265.6,11467.3769,4569.5572,-248.3848,428.6
centered_candidate_000326_26616c99,centered-gaussian,5,5,0,426.6,99,58,1079.4,581.042,4195,1877,1254,9163.6,0,207.2,10.2,208.4,9868.8,3484,1929.6,23341.2,189,0,3.2,0.62,23498.6,11877.8917,4393.0887,-232.521,426.6
centered_candidate_000101_d7b4cff4,centered-gaussian,5,5,0,425.4,78,53.2,1136,692.8497,4064.2,1572,1113.2,9432,0,187.54,9.2,206.8,9756.2,3148,1850,24252.2,177,0,3.6,0.5452,25500.8,14130.943,5168.2905,-293.2248,425.4
centered_candidate_000228_f14c1376,centered-gaussian,5,5,0,423.8,121,51.8,1104.2,668.5301,4149.2,1945,1113.8,9386.8,0,184.22,9.4,213.2,10283.2,3323,1670.6,25817.2,176.8,0,3,0.6545,23015.8,15116.2392,5076.1275,-282.4651,423.8
centered_candidate_000063_222604fb,centered-gaussian,5,5,0,422.6,82,48.4,1141.6,712.8701,4000.4,1526,1083.6,9448,0,186.92,9,203.6,9415,2782,1909,23674.4,179.4,0,3.4,0.5776,24512.4,14047.9076,5349.9496,-308.0351,422.6
centered_candidate_000277_e86a0aa0,centered-gaussian,5,5,0,422.6,94,58.2,1115.6,684.0373,4020.2,1734,1234.8,9089.6,0,187.98,9.2,204,10143,3446,1991,25197.8,183,0,2.6,0.5622,20962.8,14774.9657,4944.1125,-283.8187,422.6
centered_candidate_000048_5d018f79,centered-gaussian,5,5,0,422.4,79,59.6,1087.6,601.745,4125.2,1658,1228,9192.8,0,206.78,9.8,205.6,9296.6,3347,2127.4,21702,185,0,3,0.6521,22893.2,10980.7652,4498.4109,-241.2725,422.4
centered_candidate_000211_6c7dc07e,centered-gaussian,5,5,0,420.2,91,53.2,1107.8,662.4468,4103.2,1690,1144.8,9386.8,0,190.16,9.4,209.4,9363.6,2820,1794.8,23208.6,182.6,0,3.6,0.6857,26007.2,13147.7627,4982.9877,-278.0234,420.2
centered_candidate_000344_0164c318,centered-gaussian,5,5,0,419.8,91,49.4,1122,690.4594,3981,1611,1053,9291.8,0,185.96,9,202,8573.8,3045,1698.2,21171,174.8,0,3.2,0.6065,23562.6,12320.4111,5132.5721,-295.8297,419.8
search_candidate_000400_f91df471,random-phased,5,5,0,418,163,73.6,996.6,522.3371,4005,2422,1463.8,7972,0,242,10.4,188.4,10226.8,5807,2814.8,21917,209.2,0,4.4,0.4545,28472.4,10527.3868,3508.2437,-187.5685,418
centered_candidate_000105_d2652109,centered-gaussian,5,5,0,416.8,90,56.4,1109.6,685.7715,4049,1621,1306.6,9245.2,0,185.54,9,208.2,9298.6,2834,2319.4,22732,175.6,0,3.4,0.5831,24488,13235.8965,5099.428,-286.4858,416.8
centered_candidate_000188_c6d6d9d7,centered-gaussian,5,5,0,412,69,48.2,1107.8,674.1881,3951,1470,1076.6,9202.6,0,183.36,9.2,200.8,9247,2487,1629.6,23402.4,187.6,0,3,0.6812,23421.4,13609.7086,4995.6261,-288.8941,412
search_candidate_000361_6b9a477d,random-phased,5,5,0,410.4,66,49,1102.6,667.1793,3850,1395,1197.8,8810.4,0,184.68,9.2,192.8,8995.2,2246,1731.6,22748,192.4,0,3.2,0.7056,24688.6,13254.8499,4706.7979,-284.5897,410.4
centered_candidate_000217_88b872d8,centered-gaussian,5,5,0,408.6,92,63,1062.2,632.9457,4060.6,1773,1358,8953.6,0,197.32,9.4,205.8,9469.8,3299,2413.6,22429.4,179.4,0,3.6,0.4847,24807,12374.7735,4640.6533,-253.4728,408.6
centered_candidate_000156_807fd2a0,centered-gaussian,5,5,0,408.4,58,47.6,1102.8,667.7741,3916.2,1266,1025.2,9268,0,183.62,9,198.4,10010,2204,1736.8,25792.2,174.4,0,3,0.625,22487.4,15133.5434,5023.6027,-286.287,408.4
centered_candidate_000001_8895c4b4,centered-gaussian,5,5,0,407.6,79,39,1105.6,681.7013,3883.4,1553,894,9206.4,0,178.1,9,197.2,8781,2582,1295.2,22385.4,179.8,0,2.8,0.6388,22070,13063.6902,5076.8478,-301.8506,407.6
centered_candidate_000372_cc0cdb6e,centered-gaussian,5,5,0,406.6,58,44.2,1111.4,692.4284,3825.6,1336,947,9167.8,0,177.56,8.6,195,8832.6,2330,1312.4,22818,175.2,0,3.2,0.6512,23641.6,13538.5851,5169.3317,-302.0142,406.6
search_candidate_000277_34429b32,random-phased,5,5,0,404.2,58,45,1102.6,685.6464,3841.8,1253,1054.8,9113.6,0,193.76,8.6,195,8832.2,2517,2143.6,21730.8,185.8,0,3.6,0.5135,24931.8,12658.3922,5086.5114,-297.8232,404.2
search_candidate_000131_7b56ba97,random-phased,5,5,0,402.2,94,60.2,1043,618.3525,4038,1773,1371,8853.8,0,218.06,9.4,201.4,8753.8,3340,2636.2,19790,181,0,3.4,0.4593,23567.4,10236.4125,4577.0696,-248.9762,402.2
centered_candidate_000207_97f3884d,centered-gaussian,5,5,0,395.4,51,36.8,1028.2,540.5237,3829,1246,864.8,8856.6,0,192.52,9.2,190,8793.4,2140,1207,21691.8,176.2,0,3.4,0.6129,24626.8,10939.8462,4251.8112,-233.4618,395.4
centered_candidate_000110_0217ceb2,centered-gaussian,5,5,0,395.2,248,163.4,723.6,268.0204,4097.2,3131,2405.8,6441.4,0,225.88,11.2,194.6,8720.6,6568,4614.6,14095.6,195.4,0,4.2,0.5442,27774.2,4399.6887,1936.9213,29.3898,395.2
centered_candidate_000461_93f4e367,centered-gaussian,5,5,0,392.8,61,43.2,1073.2,671.7295,3774.8,1228,1002.6,9059,0,176.1,8.6,192.4,8423,2135,1336,21802.6,172,0,3,0.6705,22965,13067.0875,5173.3371,-292.6648,392.8
search_candidate_000181_793a28e0,random-phased,5,5,0,388.4,160,49.2,925.4,458.8135,3801.6,2428,1141.2,7725.2,0,240.5,9.8,179.4,9513.6,6166,2203.6,20189.8,206.4,0,4.2,0.4215,27087.8,9265.584,3348.9192,-180.2068,388.4
centered_candidate_000244_9e13b086,centered-gaussian,5,5,0,387.6,66,48,1049.8,658.7718,3690.8,1388,1012.6,8694.8,0,177.92,8.4,187,8481.4,2048,1586.6,21764.8,170.4,0,2.8,0.7468,22173,13100.5377,4915.6033,-281.3859,387.6
search_candidate_000428_2011837b,random-phased,5,5,0,387.6,95,37.6,1034.6,631.4313,3775.6,1780,891.8,8709.4,0,178.14,8.8,191.6,7699,3478,1102,18838,174.6,0,2.8,0.6807,22398.6,10700.0912,4725.3135,-278.1156,387.6
search_candidate_000072_8dface8f,random-phased,5,5,0,382.4,139,88,929.8,536.8145,4013.6,2231,1644.6,8218,0,206.34,9.6,203.4,8408.2,4560,3199.2,17614,191.4,0,3.6,0.4645,25327.4,8901.0106,4039.4399,-180.4073,382.4
search_candidate_000261_de69ba25,random-phased,5,5,0,379.8,83,71,978.2,584.9032,3858.2,1658,1493.6,8357,0,192.66,9,197.4,7896.8,2767,2493.2,18198.2,192,0,2.8,0.6112,21210.6,9875.3492,4350.4796,-221.4516,379.8
centered_candidate_000256_1f9872f6,centered-gaussian,5,5,0,376.4,433,239.2,480.6,110.3514,4015.8,4575,3144.4,4601,0,240.74,11.8,184.4,8423.4,8982,6462.6,10030.6,205,0,4,0.5126,26977,1598.4944,704.1083,184.0243,376.4
search_candidate_000378_29543464,random-phased,5,5,0,374,87,42.6,993.6,605.5526,3683.8,1669,1018.6,8358,0,178.12,8.6,187.6,7911.8,2839,1379.2,19506.4,179.4,0,3.2,0.5904,23556.6,11109.1711,4473.0033,-260.1763,374
search_candidate_000495_a79f3ced,random-phased,5,5,0,369.4,118,44.8,904.2,456.7396,3617.6,2074,1027.8,7518.8,0,210.8,9.4,173.8,7611.8,3560,1632,16848.8,202,0,3.6,0.5676,24670.6,7666.5944,3278.6152,-183.5698,369.4
search_candidate_000258_0dde8ce9,random-phased,5,5,0,368.6,99,72.8,928.4,540.4082,3810.8,1948,1493.4,8010.4,0,208.26,9.4,189.2,7661.2,3510,2652.6,16722.6,190,0,4,0.5212,26539.8,8539.0845,4018.6533,-197.4041,368.6
search_candidate_000169_2bb07c91,random-phased,5,5,0,367,59,50,985.8,607.2064,3486.8,1323,1187.4,7897,0,189.88,8.4,172.6,7376.4,2260,2160.4,17580.4,190.6,0,3.4,0.499,24331.2,9991.835,4295.2825,-253.6032,367
centered_candidate_000416_8c6a94e0,centered-gaussian,5,5,0,365,44,31.2,1020.8,652.5335,3420.8,1081,776.8,8454.6,0,161.38,8,172.4,8342.8,1558,1012.8,22444,165.4,0,2.4,0.7852,20063.6,13850.0192,4972.9938,-295.0668,365
search_candidate_000488_26727d49,random-phased,5,5,0,364,62,43.8,988,620.0642,3594.4,1300,1052.6,8431.6,0,185.36,8.2,183.4,7472.8,2166,1812.6,18352.2,183.2,0,2.8,0.649,21393.6,10582.2246,4764.0718,-266.2321,364
centered_candidate_000338_e2be3d88,centered-gaussian,5,5,0,360.8,284,77.8,717.8,300.3341,3765,3586,1487.8,6341.8,0,218.12,10.4,178,8624.6,7262,2845.6,15809.8,193.6,0,3.6,0.5755,26274.2,6112.8803,2229.2209,-72.367,360.8
search_candidate_000446_7c06b047,random-phased,5,5,0,354.2,61,55.2,941.2,577.0516,3489.8,1305,1173.8,7934.6,0,186.78,8.4,175.2,7115.6,2120,1824,17268.8,193,0,3,0.5838,22287.8,9883.7838,4314.3847,-233.3258,354.2
search_candidate_000407_63fa3d60,random-phased,5,5,0,348.2,62,38.4,939.8,578.7602,3506.6,1345,995.4,8113.2,0,179.52,8.2,178.2,7696.6,2410,1512.2,19077.4,175,0,2.8,0.6057,21320.4,10980.7339,4432.758,-250.9801,348.2
centered_candidate_000421_528531d1,centered-gaussian,5,5,0,348,82,42.6,871.6,449.3796,3511,1568,980.2,7605.4,0,190.94,9,171.4,7766.8,2467,1410.8,18466.6,178.6,0,3.2,0.6091,23892.8,9157.544,3452.5501,-182.0898,348
search_candidate_000246_88961ce6,random-phased,5,5,0,347,54,46,896.8,489.5239,3535,1246,993,7929,0,195.92,8.8,175.2,6961.2,1989,1510,16402.2,190,0,3.2,0.6334,23338.2,8077.2416,3779.0203,-198.7619,347
search_candidate_000508_503dfb59,random-phased,5,5,0,340.2,35,35,933.2,567.9005,3361.6,970,845.6,8081.2,0,197.84,7.8,166.4,7439.6,1550,1187.6,19038.8,170.4,0,3,0.649,22393.6,10725.6752,4415.4166,-248.9502,340.2
centered_candidate_000100_45b9ece1,centered-gaussian,5,5,0,331.6,86,73,828.8,484.5487,3489,1731,1503.4,7206,0,183.02,8.6,175.2,8291.6,2917,2470.4,19386.6,172.8,0,2.8,0.5506,21668.2,10824.7122,3625.4909,-169.2743,331.6
search_candidate_000159_fd8a9bcc,random-phased,5,5,0,330.8,42,36.8,913.4,580.1122,3159.2,908,798.8,7766.2,0,154.86,7.6,160,7028.4,1246,1030.6,18841.4,177.2,0,2.8,0.71,22150,11756.7891,4551.6504,-253.2561,330.8
centered_candidate_000130_cf77b1f0,centered-gaussian,5,5,0,323.4,295,86.4,606.8,245.5798,3428,3567,1558,5379.4,0,215.32,9.8,158.8,7392.8,8672,2630.8,11914.6,188.4,0,3.6,0.5795,25372.4,4270.7543,1746.4743,-36.3899,323.4
search_candidate_000273_295cff55,random-phased,5,5,0,323.4,46,41.8,880.2,552.83,3265,1210,1001,7595.2,0,168.36,7.8,166,5942.4,1660,1370.2,14806,176.4,0,2.4,0.6459,19628.6,8755.6069,4274.9918,-234.615,323.4
centered_candidate_000359_91b81df8,centered-gaussian,5,5,0,321.8,220,63.6,634.2,258.328,3509.2,2946,1378.2,5965.2,0,198.38,9.8,168.2,7032.4,5721,2573.2,12251.6,184.8,0,4.2,0.512,28017.4,4320.7731,2042.9925,-65.564,321.8
search_candidate_000053_976399f3,random-phased,5,5,0,316.2,94,42.8,815.6,482.7896,3325.8,1772,1032.8,7225.4,0,191.54,8.2,165,6317.6,3010,1936.6,14053,174,0,2.8,0.4626,20444.2,7367.1419,3679.1812,-198.5948,316.2
centered_candidate_000267_bba5f662,centered-gaussian,5,5,0,313.4,212,77.8,655.6,307.2723,3453.6,2957,1511,5999.6,0,207.34,9.6,164.2,7523.2,6066,2546.6,14129,181.2,0,3.4,0.5695,24514.2,5889.0282,2300.4174,-75.8361,313.4
search_candidate_000468_da23da69,random-phased,5,5,0,312.4,100,37.2,743.4,349.6379,3269.8,2011,903.4,6611.8,0,179,8.8,160,7238,3652,1328.2,16123.4,187.2,0,2.4,0.8018,21241,7366.4566,2711.0136,-137.6189,312.4
centered_candidate_000258_68af15dc,centered-gaussian,5,5,0,308.6,132,49.2,725.8,363.3228,3278.2,2137,1051.6,6531.2,0,179.58,8.8,160.6,6640.8,3686,1731.8,14036.2,182.4,0,2.8,0.7091,22867.8,6233.0294,2766.5958,-132.4614,308.6
centered_candidate_000185_46e06b4a,centered-gaussian,5,5,0,304.6,258,66.8,626,294.6969,3410,3156,1391,5992.6,0,201.5,9.6,162.4,6997.6,6472,2450.2,12810.2,179.2,0,3.4,0.5242,24389,5275.142,2330.974,-80.5484,304.6
centered_candidate_000013_38ab7509,centered-gaussian,5,5,0,304.4,152,71,694.8,362.3052,3326.8,2255,1471.6,6267.2,0,195.66,9,160.6,7067,4363,2623.4,14213,177.6,0,3.6,0.498,25398.6,6431.1582,2644.2166,-110.1526,304.4
centered_candidate_000312_0a2773c0,centered-gaussian,5,5,0,303.6,125,66.4,636.4,265.9222,3239,2125,1346.2,5665.2,0,193.92,9.2,152.2,6669.6,3870,2398,12275.6,177.2,0,3.2,0.5603,23428.4,4554.6778,1974.948,-66.5611,303.6
search_candidate_000340_911ba16a,random-phased,5,5,0,301.8,384,46.2,539.8,227.0854,3278,3969,1092.8,5216.2,0,233.78,9.4,150.2,7260.4,8127,1922,12249.2,203,0,4.2,0.4425,27104,4564.0891,1854.1338,-67.3427,301.8
search_candidate_000466_68919fad,random-phased,5,5,0,301,54,34.2,816.2,508.1358,2874,1171,828.4,6637.4,0,167.3,7.4,139.6,6343.4,1880,1106.6,16110,180.6,0,2.8,0.7016,22001.8,9518.2904,3626.3995,-219.8679,301
centered_candidate_000376_b1fb26d1,centered-gaussian,5,5,0,292.6,80,37.8,744,411.8697,3077.8,1489,925.4,6692,0,173.9,8,151,6894,2256,1404.6,16620.4,167.8,0,2.8,0.6407,21382.8,8832.8905,3214.5728,-168.1348,292.6
search_candidate_000260_b02aa00e,random-phased,5,5,0,292,117,70.2,652.8,303.4699,3294.2,2130,1407.8,6088,0,190.56,9,161,7093.6,4035,2468,14053.4,185,0,3.2,0.5992,23642.2,5781.8391,2316.0923,-81.535,292
centered_candidate_000501_07a01ef0,centered-gaussian,5,5,0,290.6,99,57.6,670.8,315.0534,3201.2,1838,1267.8,6193.8,0,188.86,8.8,154.2,6520,3659,2128.4,13117.4,175.4,0,3.2,0.6726,23491.6,5398.0975,2469.1777,-99.9267,290.6
centered_candidate_000167_22cee4c2,centered-gaussian,5,5,0,287,329,56.4,494.6,194.6083,3172.2,3688,1212.8,4809,0,200.06,9.2,148.4,6609.4,7907,2142.6,10263.8,184.4,0,3.8,0.5572,25983.2,3651.8522,1609.002,-40.9042,287
search_candidate_000030_c5a83be8,random-phased,5,5,0,282.2,120,64.2,653.8,346.3706,3073.4,2043,1332.8,5782.4,0,218.12,8.6,143.2,6307.8,4105,2290.4,12362.8,196.2,0,3.6,0.5233,23819.8,5357.7269,2501.1409,-108.9853,282.2
centered_candidate_000335_98e028c3,centered-gaussian,5,5,0,280.8,192,70.4,557,226.4468,3129.8,2637,1393.4,5195.4,0,190.96,9,148.2,6226.4,4899,2434,10871.4,180.6,0,4,0.5489,27090.6,3804.0799,1722.7562,-42.8234,280.8
centered_candidate_000445_d857ab52,centered-gaussian,5,5,0,280.2,113,101.6,594.2,272.1319,3155,2012,1764.6,5437.4,0,197.52,9,149.8,6855.4,3585,3289.2,12985,185.8,0,3.4,0.5587,24983.8,5195.6143,1916.9758,-34.4659,280.2
centered_candidate_000369_dea79157,centered-gaussian,5,5,0,274.4,107,64.6,620,300.3562,3093.8,1954,1287.6,5773,0,191.78,8.6,149,6839.4,3781,2286.8,13722.8,183.6,0,3.6,0.5699,26055.4,5839.3368,2295.6177,-85.5781,274.4
centered_candidate_000260_f3bafc25,centered-gaussian,5,5,0,271.6,216,50.4,523.2,211.8279,3108.2,2939,1132.6,5167.4,0,190.04,9,147.4,6034.2,5695,1821,10428.8,177.6,0,3.2,0.4934,23281.6,3839.801,1796.9391,-55.5139,271.6
centered_candidate_000185_411d86a9,centered-gaussian,5,5,0,260.8,104,50.8,622,333.5448,2920,1830,1067.8,5812.2,0,172.94,8,142.8,6292.6,3657,1765.6,13418.6,175.6,0,3,0.6617,23093.6,6411.8122,2568.5594,-115.9724,260.8
centered_candidate_000117_4ee76e07,centered-gaussian,5,5,0,259,287,98,406,136.9642,3101.2,3426,1865,4193.4,0,202.44,9,146.2,6427.4,6907,3454.2,9269.8,176.4,0,3.2,0.4924,22936.6,2577.9447,1041.0248,29.5179,259
centered_candidate_000045_f5356e7d,centered-gaussian,5,5,0,258.6,58,44.8,669.4,400.466,2812.4,1251,1074.6,6032.8,0,167.28,7.4,138.6,5894.6,2149,1626.4,13787,168.6,0,2.8,0.683,21639.2,7626.8577,3067.24,-155.433,258.6
centered_candidate_000342_2c3599cd,centered-gaussian,5,5,0,257,242,160.8,371.8,96.4033,3146.4,3146,2382.8,3954.8,0,215.9,9,148.4,6605.8,6925,4880.8,8386.4,180.6,0,3.8,0.4931,24867.2,1633.1085,697.4447,112.5983,257
centered_candidate_000069_50ea95fc,centered-gaussian,5,5,0,256.2,117,49.4,607.4,338.1659,2834.6,2107,1078.8,5402.2,0,175,7.8,137.4,6091.4,4052,1719,12691,176.2,0,2.8,0.671,22123.4,6270.2569,2437.0286,-119.6829,256.2
centered_candidate_000128_8dbb6b33,centered-gaussian,5,5,0,253.8,94,39.8,622.8,341.8885,2835.8,1750,898.6,5850.2,0,166.46,7.6,139.8,5332.4,3294,1195.2,11639,168,0,2.4,0.7269,19794,5752.3147,2716.4924,-131.1443,253.8
search_candidate_000116_359678e6,random-phased,5,5,0,253,65,37.2,658,393.9091,2681.2,1263,898,5860.4,0,175.18,7,130.4,5804,2225,1291,13925.2,173.8,0,2.8,0.7121,21482.2,7745.6804,2982.9243,-159.7546,253
centered_candidate_000446_21f7241b,centered-gaussian,5,5,0,249.4,123,69.4,537,247.8521,2938.8,2011,1383.2,5255,0,175.44,8.2,144,5712.2,4041,2258.4,10617.4,176,0,2.8,0.5842,21701.8,4145.1771,1960.5387,-54.526,249.4
centered_candidate_000490_de7d30d1,centered-gaussian,5,5,0,247.4,292,141,326.8,87.1335,3043.6,3174,2185.8,3755.4,0,209.8,9,142,6417,7256,4249.4,7950.2,180,0,3.6,0.4845,24569.6,1770.7166,727.6924,97.4333,247.4
centered_candidate_000022_107b0336,centered-gaussian,5,5,0,247.2,61,42,606.4,311.241,2746.2,1283,983.2,5637.4,0,176.32,7.6,131.6,5907.4,2331,1402.2,13373,168.4,0,2.8,0.6871,22227.4,6370.6299,2408.8503,-113.6205,247.2
centered_candidate_000299_1c8cd1a4,centered-gaussian,5,5,0,244.6,155,62.2,502.6,212.4529,2832.8,2371,1336.2,4765.8,0,193.04,8.4,131.4,6102.4,4603,2646.4,10731.2,175.8,0,3.4,0.4852,23981.8,3759.123,1599.956,-44.0265,244.6
centered_candidate_000335_c66daa58,centered-gaussian,5,5,0,239.6,144,68.6,513.8,260.3187,2765.4,2194,1423,4702.4,0,174.98,8.2,131.6,5777.8,3834,2522.2,10989,183.4,0,4,0.5605,27466.4,4928.2937,1785.7633,-61.5594,239.6
centered_candidate_000224_9260c48a,centered-gaussian,5,5,0,237.4,95,51.4,502.6,212.0741,2730.4,1646,1180,4862.8,0,183.88,8,127.8,5831.2,3146,2340.8,10867.6,172.4,0,3.4,0.5653,24152,3999.6853,1717.3797,-54.6371,237.4
centered_candidate_000408_2d354167,centered-gaussian,5,5,0,236.6,62,25.6,617.6,359.2078,2490.6,1308,602.4,5547.2,0,146.48,6.8,122.2,5285,2127,766.4,12952,168.4,0,2.2,0.7318,19307.6,7054.7787,2767.0819,-154.0039,236.6
centered_candidate_000027_90d10764,centered-gaussian,5,5,0,235,165,66,486,226.863,2774,2424,1390.2,4619,0,174.72,8,133,5524.8,4657,2574,9618.2,170,0,3.4,0.4931,23828.6,3690.5196,1638.4518,-47.4315,235
centered_candidate_000050_d31ed21d,centered-gaussian,5,5,0,234,152,50.4,504.6,237.7604,2778.4,2387,1163.2,4909.2,0,180.9,8,132.6,5582.6,4530,2040.2,10294.4,171.6,0,3.8,0.5505,25759.2,4030.2695,1856.6443,-68.4802,234
centered_candidate_000340_99627056,centered-gaussian,5,5,0,232.8,201,83.6,422.6,168.1242,2829.8,2780,1553.4,4250.8,0,197.18,8.2,133.2,5772,5546,2836.2,9021.8,174.4,0,3.4,0.5217,23698.8,2809.6961,1278.5456,-0.4621,232.8
centered_candidate_000229_3e54538b,centered-gaussian,5,5,0,232,313,47.6,378.4,151.6641,2782.4,3571,1043.6,4130.2,0,193.8,8.2,129.6,5928.8,7213,1686.8,9524.2,171.2,0,3.2,0.5515,22797.4,3498.8681,1413.5106,-28.2321,232
centered_candidate_000273_bf8023f4,centered-gaussian,5,5,0,228.8,219,97.4,370.8,120.7914,2932.6,2922,1768.6,4125,0,196.64,8.6,139.8,6024.8,6149,3277.8,8705.8,177.2,0,3.2,0.5242,23109.8,2384.0297,1036.5204,37.0043,228.8
centered_candidate_000267_d12b7646,centered-gaussian,5,5,0,227.6,92,47.8,546.8,307.0991,2554.4,1701,1079.6,4932.4,0,164.9,7.2,122.2,5361.4,2721,1938,11362.4,162.6,0,2.8,0.6346,21398,5709.0086,2243.6189,-105.7495,227.6
centered_candidate_000142_6823cb40,centered-gaussian,5,5,0,227,83,62.4,474.8,196.2906,2701.6,1613,1322,4686.2,0,181.34,8,126.8,5608.4,2912,2275,10495.4,169.6,0,3.2,0.5306,23019,3876.2073,1578.8669,-35.7453,227
centered_candidate_000232_bdb0d6d1,centered-gaussian,5,5,0,226.8,64,31.2,588.2,352.5163,2427.2,1336,855.4,5139.4,0,155.34,6.8,116,4989.4,2182,1220,11686.2,161.4,0,3.6,0.6629,25400.8,6485.3329,2584.2472,-145.0582,226.8
centered_candidate_000437_c42143b8,centered-gaussian,5,5,0,226.4,99,61,477,202.2331,2738.4,1873,1231.4,4768.4,0,184.46,8,129.4,5620.4,3700,2524.4,9984.2,169.2,0,3.8,0.4735,25526.2,3491.8113,1634.2997,-40.1166,226.4
search_candidate_000406_9b064d9c,random-phased,5,5,0,224.2,165,95.2,408.6,166.0451,2813.8,2452,1751.8,4187.8,0,214.76,8,132,5989,5137,3593.8,9179.6,180.2,0,3.8,0.4615,24770,2928.6561,1232.0626,12.1775,224.2
centered_candidate_000341_d92f5a13,centered-gaussian,5,5,0,223.6,127,69.2,429.2,166.3137,2788.4,2184,1406,4471.6,0,187.98,8,133.6,5875.6,4543,2307.6,10018,172,0,3.6,0.4967,24820.8,3479.3626,1385.2117,-13.9568,223.6
centered_candidate_000377_d6eb3ec2,centered-gaussian,5,5,0,222.6,62,48.8,548,309.5271,2653.4,1401,1089.4,5372.4,0,164.54,7,132.4,5052.4,2615,1975.8,10474.4,161.4,0,2.6,0.6046,19990.2,5078.173,2515.1412,-105.9636,222.6
centered_candidate_000491_1e7ce4c6,centered-gaussian,5,5,0,222.4,157,82,399.4,147.6463,2740.6,2439,1466.8,4136.8,0,180.1,8,130.6,5440.2,4724,2465.2,8628,167.2,0,3.4,0.4779,23696.8,2834.6127,1250.217,8.1768,222.4
search_candidate_000028_d696be35,random-phased,5,5,0,220,81,57.6,513.4,278.6223,2559.2,1672,1225.8,4699.6,0,181.86,7.2,121.6,5248.8,3559,2572.8,9536.8,171.6,0,2.8,0.6047,21122,3936.868,1958.9411,-81.7112,220
centered_candidate_000242_b65906e0,centered-gaussian,5,5,0,218,155,103.2,360.6,117.504,2860.8,2474,1861.6,3975.2,0,204.52,8.4,135,6110.4,5241,3916,8694.4,174.2,0,4.6,0.456,28881.2,2152.7284,962.8679,44.448,218
centered_candidate_000183_d6d26548,centered-gaussian,5,5,0,217.8,147,75.2,404.6,150.263,2716.8,2239,1445.8,4250.4,0,184.1,8.2,127.2,5558.6,4533,2641.8,9064.4,168,0,3.8,0.4648,25239,2876.661,1256.877,0.0685,217.8
centered_candidate_000155_5f921e76,centered-gaussian,5,5,0,215.2,124,73.4,454.8,230.5918,2604.4,2041,1460,4363.6,0,166.84,7.4,126,5161.6,3904,2677.8,9040,161,0,3,0.5421,21989.2,3685.6373,1656.4157,-41.8959,215.2
centered_candidate_000220_e67202df,centered-gaussian,5,5,0,215,193,55.6,414.8,176.1045,2678.6,2688,1230.8,4296,0,185.98,7.8,126.8,5403.6,5937,2039.4,8942.4,167.2,0,3.8,0.5126,25694.8,3220.1964,1410.4677,-32.4523,215
centered_candidate_000141_e7e6a149,centered-gaussian,5,5,0,211.8,138,115.8,365.2,126.8438,2721.8,2280,1930.8,3857,0,182.42,8.2,129,5582.4,4344,3735,8353,171.8,0,3.4,0.498,23733,2257.784,923.1326,52.3781,211.8
centered_candidate_000197_96ed3f6f,centered-gaussian,5,5,0,211.2,104,58.8,438.4,182.3517,2602.2,1845,1258,4457,0,178.38,7.6,123.4,5389.8,3145,2243.6,10016.2,165,0,3.4,0.5902,23337.8,3681.1442,1485.5175,-32.3759,211.2
centered_candidate_000514_549c4e8a,centered-gaussian,5,5,0,211.2,94,71,450.4,208.7864,2582.6,1673,1451.8,4465.6,0,175.34,7.4,123.4,5045.8,3235,2485,9207.4,162.4,0,3.8,0.5172,25483,3644.8839,1622.1803,-33.3932,211.2
centered_candidate_000116_a57d19e4,centered-gaussian,5,5,0,210.6,125,72.2,401.2,154.1384,2675.8,2111,1441.8,4170,0,178.64,7.8,128.4,5214,3864,2392,8766.4,167.6,0,3.2,0.5681,23111.4,2919.1497,1246.6315,-4.8692,210.6
search_candidate_000292_f1e52b1c,random-phased,5,5,0,210.4,128,87.4,393.2,149.3139,2763.8,2215,1696.2,4225,0,193.42,8,132.8,5549.2,4335,2943.2,8908.4,176.8,0,3.4,0.5327,23350,2724.8916,1190.7151,12.7431,210.4
centered_candidate_000488_bf512227,centered-gaussian,5,5,0,209.2,83,54.8,439,182.3474,2568.6,1653,1182.2,4440.4,0,177.76,7.6,121.4,5300.2,3128,1925.2,9909.8,169.6,0,3.2,0.5782,23211.4,3694.8813,1504.5247,-36.3737,209.2
search_candidate_000408_2d98b2aa,random-phased,5,5,0,209.2,108,63.6,460.6,241.8871,2422.8,1686,1278,4292,0,159.56,7.4,116.2,4974.4,3495,2023,9491.2,194.6,0,2.8,0.7606,23306.4,4138.2471,1743.3175,-57.3435,209.2
centered_candidate_000126_f85ffd04,centered-gaussian,5,5,0,208.6,201,87.8,328.4,107.1048,2693.6,2799,1584.2,3655.6,0,183.28,8,128.2,5207.8,5316,2922.6,7322.2,170.2,0,3.4,0.5114,24071,1999.261,945.6242,34.2476,208.6
centered_candidate_000176_8747f974,centered-gaussian,5,5,0,208.4,92,65,410.6,164.5267,2570.6,1680,1430.4,4159.6,0,184.8,7.6,120,5458.4,3270,2441.8,9628.8,164.6,0,3.2,0.4806,22657.4,3370.0413,1294.2311,-17.2634,208.4
centered_candidate_000246_7c6ac6e0,centered-gaussian,5,5,0,208,52,49.8,521.6,312.0083,2466.6,1212,1136.6,5034.6,0,162.82,6.8,120.4,5503.2,2338,1958.6,12234,161.6,0,3.2,0.5751,22933.8,6608.9164,2521.1863,-106.2042,208
search_candidate_000513_b10d25f6,random-phased,5,5,0,208,162,107.2,330.2,101.5854,2661,2394,1863,3577.4,0,226.44,8,120.6,5874.6,5774,3746.4,7967.4,192.8,0,3.8,0.4292,24812.2,1933.5532,774.163,56.4073,208
centered_candidate_000498_b9b1b1de,centered-gaussian,5,5,0,207,93,65.2,462,245.1604,2541,1783,1369.4,4480.6,0,161.6,7.2,124.6,4908.8,3116,2284.4,9437.8,166.6,0,2.6,0.5956,20479.8,4362.544,1824.7823,-57.3802,207
centered_candidate_000319_1adaffac,centered-gaussian,5,5,0,205.6,82,50,474.6,242.1624,2497,1580,1142.4,4666,0,164.06,7.2,120.8,4808,2763,1853.4,9621,167.6,0,3,0.6054,21715.6,4218.106,1881.4107,-71.0812,205.6
centered_candidate_000236_8ffec252,centered-gaussian,5,5,0,205.2,82,35.4,450.6,194.7556,2401.6,1626,843.6,4418,0,175.88,7.4,109.2,5098,2926,1340,10010.6,164.4,0,3.8,0.5661,25579,3971.1007,1625.2706,-61.9778,205.2
search_candidate_000300_baea1eed,random-phased,5,5,0,205.2,43,37.4,532.4,321.498,2309.6,1149,906.2,4879.8,0,181.8,6.4,108.4,5326.8,1947,1702.4,12192.4,172,0,2.6,0.6822,20196.8,6616.454,2467.2584,-123.349,205.2
centered_candidate_000127_8f4d80b2,centered-gaussian,5,5,0,204.8,63,37.8,515,301.47,2278.8,1311,958,4597.4,0,160.78,6.6,106.4,4632.6,2309,1512.6,10089.8,156.4,0,3,0.5873,22167,5179.6481,2201.9118,-112.935,204.8
centered_candidate_000389_e71c81f7,centered-gaussian,5,5,0,204.6,82,68.2,444.2,210.0196,2546.4,1666,1390.4,4422.8,0,168.24,7.4,122.4,5142.2,3186,2399,9609.6,162.2,0,3.4,0.5145,23960.6,3875.1393,1584.8375,-36.8098,204.6
centered_candidate_000049_195a430f,centered-gaussian,5,5,0,201,80,58.4,460,242.6817,2468.8,1562,1272.8,4503.2,0,161.8,7,120.8,4847.4,2616,2336.2,9343.8,167.6,0,3.2,0.5616,23550,4098.7584,1853.2593,-62.9408,201
centered_candidate_000019_ae83179b,centered-gaussian,5,5,0,200.6,150,49.2,374.8,145.467,2478.4,2273,1022.8,3966.2,0,178.08,7.6,114.8,4974.6,4398,1523,8613.6,168.6,0,3.2,0.5017,23343.4,3131.0822,1305.3111,-23.5335,200.6
centered_candidate_000451_ecb8c039,centered-gaussian,5,5,0,200.6,76,49.6,434.8,187.3709,2519.2,1588,1115.6,4498,0,178.12,7.2,120.4,5105.2,3352,2113.4,9259.2,162.4,0,3.6,0.5526,24604.8,3331.7809,1576.1355,-44.0854,200.6
centered_candidate_000362_7d66b393,centered-gaussian,5,5,0,200.4,76,60,464.8,258.0183,2420,1459,1315.4,4454.4,0,165.48,7,115.8,4935.6,2849,2565.8,9402.8,163.4,0,3,0.5085,21968,4354.0338,1950.4928,-69.0091,200.4
search_candidate_000345_e8e503ee,random-phased,5,5,0,200.2,34,21.4,509.8,263.6614,2271,888,596.8,4955,0,167.64,6.8,107.4,4208.2,1210,724,9846.4,192.8,0,2.8,0.7631,22776.8,4588.5114,2201.7419,-110.4307,200.2
centered_candidate_000368_b2ee04ea,centered-gaussian,5,5,0,200,192,91.2,319,104.6002,2632,2637,1668.8,3600.6,0,190.78,8,123.2,5630.4,5468,3234.2,8119,173.2,0,3.6,0.5562,24472.2,2232.9583,905.4844,38.8999,200
centered_candidate_000434_fcd3b7ea,centered-gaussian,5,5,0,195.4,242,48.2,325.6,124.8176,2535.2,2994,1148.6,3732.8,0,190.22,7.6,118,5059,6076,1981.6,7729,167,0,3.4,0.5274,23140,2587.8947,1167.0656,-14.2088,195.4
centered_candidate_000350_b2d13f9d,centered-gaussian,5,5,0,195.2,118,62.4,414.4,208.0408,2456,1976,1284.4,4209,0,162.22,7,121.4,4732.8,3672,2294,8494.6,177.4,0,2.6,0.7103,20892,3533.0818,1616.5206,-41.6204,195.2
centered_candidate_000455_c0886408,centered-gaussian,5,5,0,194.2,119,51,418,206.2304,2386.8,1907,1125.8,4133.6,0,166.92,7,113.6,4984.2,3757,1938,9312.4,163.8,0,3.4,0.4754,23193.2,3915.5929,1531.6398,-52.1152,194.2
centered_candidate_000103_3a7ada79,centered-gaussian,5,5,0,193.4,195,83.8,296.8,94.2053,2580.8,2567,1613,3481.6,0,194.52,7.6,121.2,5219.4,5540,3009,7137.8,165.8,0,3.2,0.4818,22865.8,1841.3852,836.7782,36.6973,193.4
centered_candidate_000283_6ad6e226,centered-gaussian,5,5,0,192.4,150,61.6,341.4,125.7054,2528.8,2306,1285.6,3856.2,0,177.82,7.6,119.8,5000.2,4377,2154.4,8141,165.8,0,3.4,0.5486,24134.4,2644.3656,1136.6441,-1.2527,192.4
centered_candidate_000040_8f81419c,centered-gaussian,5,5,0,192,120,67.2,364,137.8927,2587.6,2099,1401.4,4048,0,182.18,7.6,123.8,5129.2,4034,2575.4,8343.2,163.8,0,3.6,0.4692,24383.2,2614.2778,1188.2066,-1.7464,192
centered_candidate_000418_7badb5ee,centered-gaussian,5,5,0,191,78,44,445.2,235.4383,2265.4,1508,958.4,4272.8,0,155.88,6.8,106.8,4379,2990,1393.2,8751,160.6,0,2.6,0.6737,20525.2,3915.5914,1786.3719,-73.7192,191
centered_candidate_000033_33f16ad6,centered-gaussian,5,5,0,190,120,38,384,157.1598,2378.8,1947,939.6,4067.4,0,175.94,7,111.6,4921.2,3560,1398,9106.6,160.2,0,3,0.6625,22434.8,3493.4441,1401.2962,-40.5799,190
centered_candidate_000389_f3bfe2b4,centered-gaussian,5,5,0,189.8,65,34,474.4,277.5034,2235.2,1345,820.8,4595.6,0,143.9,6.4,108.8,4241.8,2358,1067.2,9456.8,155.8,0,2.2,0.6868,18724.8,4942.9081,2231.6291,-104.7517,189.8
centered_candidate_000433_d30d728d,centered-gaussian,5,5,0,189.6,109,46.8,417.2,206.8706,2409.2,1991,1102.2,4252.6,0,162.14,7.2,115.6,4829.8,3648,1649.6,9384.2,165.6,0,2.8,0.5125,20039.2,4067.4618,1648.9165,-56.6353,189.6
centered_candidate_000462_4b2c8e55,centered-gaussian,5,5,0,188.8,118,61,393.6,189.2082,2493.6,2060,1284.6,4242,0,163.42,7.2,122.2,4852.4,4180,2348.4,8374.2,162.4,0,2.8,0.4943,20508.4,3243.3271,1574.824,-33.6041,188.8
centered_candidate_000477_25f3665c,centered-gaussian,5,5,0,188.2,88,42,419.4,195.8789,2332.2,1647,1011.8,4218.4,0,164.52,7,109.8,4697,2897,1724.4,9064.4,160.2,0,3,0.568,22105,3618.042,1562.1743,-55.9395,188.2
centered_candidate_000419_38408f16,centered-gaussian,5,5,0,188,128,72.2,335.4,119.8366,2545.8,2236,1408.8,3827.4,0,192.04,7.4,120.6,5420.4,4398,2882.2,8554.6,163.6,0,3.2,0.5425,22300.4,2550.0895,1081.3842,12.2817,188
centered_candidate_000218_d0a9ad66,centered-gaussian,5,5,0,187.8,164,79.4,316.8,106.5897,2510.6,2422,1580.6,3541.4,0,186.22,7.6,117,4896,4566,2746.4,7353.4,161.4,0,3.2,0.5067,22733,2052.5226,871.0032,26.1052,187.8
search_candidate_000257_0dfe9a62,random-phased,5,5,0,187,86,35,410,178.7602,2318.4,1753,857.4,4206.6,0,175.3,7,107.6,4547.8,2994,1521.6,8499.4,165.6,0,3.2,0.6061,23365.8,3177.1336,1530.9975,-54.3801,187
centered_candidate_000124_fdf4fa66,centered-gaussian,5,5,0,186.8,161,94.6,299.6,92.6292,2590.8,2522,1732.6,3526.6,0,190.52,7.6,124,5552.8,4990,3172.4,8181.4,170.4,0,2.8,0.6259,20811.2,2225.1987,795.421,48.2854,186.8
centered_candidate_000465_3765025f,centered-gaussian,5,5,0,186.2,115,41.4,382,158.2876,2380.8,2006,943.6,4067,0,174.6,7.2,111.6,4857.6,3618,1410.6,9111,165.8,0,3,0.6777,22446.6,3483.6676,1392.3384,-37.7438,186.2
search_candidate_000045_03e63cc5,random-phased,5,5,0,186.2,143,62.2,360.6,163.4312,2408.4,2242,1302.4,3737.6,0,223.4,7.4,105.6,5191.4,4560,2408,8524.2,178.4,0,3.6,0.5096,23882.4,2962.5955,1236.5089,-19.5156,186.2
centered_candidate_000129_075b327c,centered-gaussian,5,5,0,185.4,70,55.6,430.2,238.9934,2326.8,1458,1224.6,4287,0,157.64,6.8,112.2,4377,2414,2372.6,8248.2,159,0,3.4,0.584,23701.6,3714.0115,1866.045,-63.8967,185.4
centered_candidate_000487_614212d3,centered-gaussian,5,5,0,185,218,97,259.6,73.5173,2620.6,2932,1827.8,3286,0,198.58,7.8,123.8,5496.4,6497,3657,6855.8,169,0,3.8,0.4784,25402.2,1504.935,661.203,60.2413,185
centered_candidate_000491_26b50da9,centered-gaussian,5,5,0,183.8,95,54,404,210.3287,2280.6,1685,1143.4,3986.8,0,161.16,6.8,108.4,4576.8,3211,1939.6,8551.6,163.6,0,2.6,0.6367,20193.6,3589.4134,1543.3842,-51.1643,183.8
search_candidate_000101_40f42c1a,random-phased,5,5,0,183.6,41,32,469,269.5861,2282.6,1086,924.4,4712.6,0,177.58,6.2,111,4418.4,2070,1308.8,9757.2,172.2,0,2.2,0.696,18901.8,4874.0843,2193.5913,-102.793,183.6
centered_candidate_000390_e05dead8,centered-gaussian,5,5,0,182.6,125,67.6,323.4,116.3728,2478.2,2118,1440.2,3676.2,0,189.46,7.4,116,5139.4,4045,2878.2,7855.4,163,0,3.2,0.542,23078.8,2259.6599,998.076,9.4136,182.6
search_candidate_000208_8198c6bc,random-phased,5,5,0,182.2,123,67.4,330.8,119.9123,2471.2,1894,1448,3792.2,0,188.62,7.2,117,5221.8,3894,2828.2,8456,162.8,0,3.8,0.4614,25304.8,2586.2843,1075.0061,7.4438,182.2
centered_candidate_000242_68405433,centered-gaussian,5,5,0,181.6,165,81,286.6,90.9628,2437.4,2338,1543.4,3328.4,0,194.62,7.4,112,5123.2,5036,2917.8,7403.8,164.4,0,3.2,0.5706,22649,1973.9743,795.5123,35.5186,181.6
centered_candidate_000332_7ada41bd,centered-gaussian,5,5,0,181.6,200,66.2,283,96.1761,2502.2,2741,1350.4,3447,0,190.18,7.4,118.2,5152.8,5129,2559.2,7610,165,0,3.2,0.5684,22860.8,2239.7551,951.7624,18.112,181.6
centered_candidate_000498_07420a30,centered-gaussian,5,5,0,181.6,89,50.8,362,145.0057,2415.4,1692,1206.8,3979,0,182.48,7.2,113.4,5116,3379,2131.2,8972.8,162.4,0,3,0.5791,21877.2,3129.1612,1273.342,-21.7028,181.6
search_candidate_000199_349f9738,random-phased,5,5,0,181,163,90.4,297,100.5922,2513.8,2531,1755.8,3344.4,0,197.02,7.4,119.8,5346.6,5060,3345.2,7714,182,0,3.2,0.4718,22628.4,2039.6617,736.7212,40.1039,181
search_candidate_000420_a59e6680,random-phased,5,5,0,179.8,39,32.2,466.4,281.2013,2135.4,963,857.8,4535.4,0,159.3,6,102.6,4301,1499,1214.8,10190.8,161.8,0,2.4,0.8513,20651.8,5761.9168,2299.3444,-108.4006,179.8
centered_candidate_000162_e16c5def,centered-gaussian,5,5,0,179,94,46.8,393.4,192.5949,2317,1706,1052.6,4169,0,162.28,6.8,111.2,4522.4,3251,1971.6,8312,157.4,0,2.8,0.5903,20849,3364.8692,1612.2564,-49.4975,179
centered_candidate_000513_4f138013,centered-gaussian,5,5,0,179,77,45.8,381,161.9975,2376.8,1647,1049.8,4174,0,166.84,7,115.2,4612.2,2901,1878.4,8453.2,169.2,0,2.6,0.6561,20497.6,3082.1532,1443.0032,-35.1988,179
general_top5-average-phased_a104c4a6,top5-average-phased,5,5,0,177.8,59,46.4,372,155.4225,2229.6,1286,1010.4,3938,0,171.48,6.8,102.6,4487.6,2431,1468.4,8606.4,157.6,0,3,0.6321,21755.2,3303.823,1369.7221,-31.3113,177.8
search_candidate_000026_057a4994,random-phased,5,5,0,177,38,26,450,247.3281,2091,905,649,4505.4,0,154.48,6,101.6,4075.2,1254,840.2,9689.2,177.2,0,2.8,0.6371,22156.6,4958.0498,2094.5588,-97.6641,177
centered_candidate_000032_4da3b8e4,centered-gaussian,5,5,0,176,108,72,316.8,112.8415,2433.6,1970,1432.8,3658,0,182.96,7.2,115.6,4950.8,3614,2258.6,8394.4,163,0,3,0.6397,21726.2,2782.756,1003.137,15.5793,176
centered_candidate_000331_2e98bffb,centered-gaussian,5,5,0,173.8,64,49.8,375.8,163.9017,2216.6,1285,1198.2,3854,0,170.52,6.8,102.8,4445.4,2092,1715.8,8818.8,163.8,0,2.4,0.5908,19217.4,3517.9986,1307.6123,-32.1508,173.8
centered_candidate_000356_622a2fbd,centered-gaussian,5,5,0,173.2,121,50.6,353.2,162.1732,2254.4,1962,1077.8,3799.6,0,165.82,6.8,106.4,4621.8,3992,1844.6,8262.4,160,0,3,0.5145,22147,3262.8194,1368.7435,-30.4866,173.2
centered_candidate_000481_10e46a13,centered-gaussian,5,5,0,172.6,111,42.6,377,192.6921,2288,1947,978.6,4106,0,154.52,6.8,111,4260.4,3309,1620.8,8099.8,158,0,2.6,0.643,20478.2,3536.4823,1676.5239,-53.746,172.6
centered_candidate_000133_3572a052,centered-gaussian,5,5,0,172,116,41.4,365.8,173.0584,2219.6,2063,978,3766.2,0,159.82,6.6,105.8,4411.8,3678,1786.6,7909.2,157.2,0,2.6,0.5748,19856,3048.9953,1365.6973,-45.1292,172
centered_candidate_000091_4561eed4,centered-gaussian,5,5,0,171.6,128,92.2,279,86.8438,2437.8,1964,1721.8,3432.8,0,174.44,7.4,116.6,4798.8,3814,3190.4,7016.4,163.8,0,2.4,0.7022,19198.8,1771.7691,801.5024,48.7781,171.6
centered_candidate_000519_6ca4e01c,centered-gaussian,5,5,0,170.6,149,78.4,291.8,109.8519,2355,2305,1484.2,3384.2,0,173.28,7.2,111,4798.2,4475,3023.4,7172.2,159.6,0,3,0.5362,21885.8,2168.4187,925.2805,23.474,170.6
centered_candidate_000138_d3b88ab9,centered-gaussian,5,5,0,169.6,124,55.6,325.6,130.7052,2261,1964,1237.6,3572.4,0,173.46,6.8,106.4,4740.2,3837,2467.4,7827.2,162.6,0,3,0.5099,21655.8,2560.0156,1089.6543,-9.7526,169.6
centered_candidate_000079_0018bcf2,centered-gaussian,5,5,0,169.4,118,79.6,291.8,97.7724,2359.2,1859,1563.4,3443.2,0,179.26,7.2,110.8,4764.4,3506,2796,7427.6,162.4,0,3.4,0.4742,23732.4,2136.6037,865.6564,30.7138,169.4
centered_candidate_000443_88b7a16c,centered-gaussian,5,5,0,169,78,36.4,384.6,190.513,2123,1539,840.8,3942,0,154.24,6.6,99.6,4372.2,3041,1265.8,8752.8,162.8,0,2.8,0.613,21656.2,3808.9754,1570.2699,-58.8565,169
centered_candidate_000257_8e1236d2,centered-gaussian,5,5,0,168.6,114,52.6,338,152.6756,2238,1919,1057.8,3710.6,0,155.28,6.8,107.6,4328.4,3415,1645.2,7803.2,162.2,0,2.8,0.6089,21320.8,3067.9867,1308.6479,-23.7378,168.6
centered_candidate_000503_1521a487,centered-gaussian,5,5,0,168.2,80,62,364.6,190.6708,2248.4,1649,1342,3806.8,0,157.44,6.4,110.2,4202.6,2728,2039.2,7911.4,154.4,0,3.2,0.6572,23074,3537.7999,1503.9998,-33.3354,168.2
search_candidate_000483_5bfe0460,random-phased,5,5,0,168,104,82.4,309.8,126.1158,2335.2,1852,1639.2,3445,0,183.48,7,111,4744.2,3100,2872.4,7872,175.8,0,3.2,0.533,22967.4,2602.9056,991.3928,19.3421,168
centered_candidate_000093_6875029c,centered-gaussian,5,5,0,167.8,94,48.2,327.6,128.4732,2271,1774,1129.6,3652.2,0,171.48,6.6,108.6,4402.2,3362,2049.4,7224.4,156.8,0,3.4,0.4992,23523.4,2351.0848,1136.4503,-16.0366,167.8
centered_candidate_000407_ea4ba185,centered-gaussian,5,5,0,167.4,115,72.8,296.6,105.8841,2339.4,1999,1457.2,3403.6,0,178.68,7.2,109.6,4747.4,3817,2689.8,7359.8,163.6,0,3.2,0.5885,22652.2,2158.0762,893.3444,19.858,167.4
centered_candidate_000320_bd68b802,centered-gaussian,5,5,0,166.6,69,32.2,396.4,210.8939,2072.2,1484,745,4018.4,0,139.5,6.4,99,3844.4,2273,915.6,8368.8,157.2,0,2.4,0.7855,20462,4012.7174,1706.1122,-73.247,166.6
centered_candidate_000384_68991ecf,centered-gaussian,5,5,0,165.2,99,39.6,363.6,182.3507,2104.4,1845,853.4,3779.2,0,154,6.4,99.4,4280.6,3418,1188.2,8561.8,156.6,0,2.6,0.7093,20680,3908.3511,1521.0349,-51.5753,165.2
centered_candidate_000314_090cb2a1,centered-gaussian,5,5,0,165,95,58,324,131.9515,2202.2,1677,1202.2,3542.4,0,172.3,6.6,103.2,4534.4,3192,2101.8,7842,157.8,0,3.2,0.5304,22694.8,2717.7752,1114.9514,-7.9758,165
centered_candidate_000388_e38c2cf5,centered-gaussian,5,5,0,165,118,50.8,329.8,144.3454,2279.2,1911,1149.2,3813.4,0,156.58,6.8,111.6,4335.8,3527,1746,7791.6,165.2,0,2.6,0.6331,20797,2950.2998,1319.8138,-21.3727,165
centered_candidate_000057_c249de89,centered-gaussian,5,5,0,164.8,130,72.8,275.2,90.5304,2329.4,2065,1470.8,3303.4,0,168.84,7,111.6,4353,3612,2411.6,6714,158.2,0,3,0.5337,22144.6,1930.8156,815.4254,27.5348,164.8
centered_candidate_000482_4aca6465,centered-gaussian,5,5,0,163.4,90,43.8,332.4,136.0274,2207.2,1750,967.8,3728.2,0,169.6,6.6,104.4,4380.2,3634,1512.4,7895.6,159.2,0,2.4,0.6816,19102,2959.2076,1244.702,-24.2137,163.4
centered_candidate_000296_55765fbb,centered-gaussian,5,5,0,162.8,71,44.8,341.6,142.8417,2125.4,1529,990.8,3600.8,0,164.88,6.6,98,4067.2,2623,1539,7474.6,154.6,0,2.8,0.672,20651.2,2728.3692,1186.6945,-26.6209,162.8
centered_candidate_000358_a7400085,centered-gaussian,5,5,0,162.6,115,68.6,293,107.9215,2283.6,1946,1372.4,3447.4,0,168.5,6.8,109.8,4533.4,3670,2555.8,7190.8,160.6,0,2.8,0.5206,20808,2197.226,966.8784,14.6393,162.6
centered_candidate_000364_03f7ccd8,centered-gaussian,5,5,0,162,85,59.6,342,175.6326,2170,1611,1262.2,3639.8,0,159.08,6.6,102.8,4451.2,2887,2251.2,8219.2,155.2,0,3,0.5699,21834.6,3606.0042,1403.9003,-28.2163,162
centered_candidate_000369_580614af,centered-gaussian,5,5,0,162,80,41.6,368.4,197.9141,2131.6,1589,947.8,3918.2,0,152.68,6.4,102,4357,2962,1531.2,8667,153.6,0,3,0.5252,21752.2,4002.8773,1654.7623,-57.3571,162
search_candidate_000034_ef06a09d,random-phased,5,5,0,161.6,80,46.4,352.2,173.2589,2202.2,1552,1108,3873,0,173.58,6.4,104.8,4349.6,3226,2054.8,7672.2,157.6,0,2.8,0.4969,20288.2,2866.0185,1478.0545,-40.2294,161.6
search_candidate_000138_4b35e6bd,random-phased,5,5,0,161.4,116,86.8,281.4,109.489,2384,2051,1683.2,3402,0,167.76,7,117,4161.4,3610,2982.8,5866,160.6,0,3.2,0.4838,22648.2,1489.6214,893.8141,32.0555,161.4
centered_candidate_000011_3ef7cfcd,centered-gaussian,5,5,0,161.2,94,83.6,276.8,91.7156,2249,1722,1585.2,3225.2,0,174.24,6.8,106,4581.4,3228,3007.2,6869.2,159.4,0,3,0.5305,21725,1841.5967,773.7054,37.7422,161.2
centered_candidate_000264_dbf3a9d1,centered-gaussian,5,5,0,161.2,83,42.6,363.8,192.9543,2079.4,1566,987.2,3763,0,149.24,6.2,99.6,3982.8,2542,1559,7934.8,152.6,0,2.4,0.6761,19762.6,3694.2092,1575.6731,-53.8771,161.2
centered_candidate_000319_c26bf309,centered-gaussian,5,5,0,161.2,78,44,355.8,176.4941,2107.8,1508,958.4,3800,0,154.06,6.4,100.2,4089.8,2990,1393.2,7883.4,157.2,0,2.6,0.6737,20223.8,3359.2327,1481.861,-44.247,161.2
centered_candidate_000218_baa795e1,centered-gaussian,5,5,0,160.8,58,41.4,375.4,199.3814,2091.4,1267,928,3954.2,0,151.5,6.4,99.4,4163.8,2286,1378,8672,157.8,0,3.4,0.6119,24395.6,4097.3677,1633.3892,-58.2907,160.8
centered_candidate_000481_e18730aa,centered-gaussian,5,5,0,160.4,184,89,219.6,58.4965,2378.6,2683,1656,2953.6,0,170.94,7.2,114.8,4684,5421,2986.6,5996.4,161.2,0,2.8,0.5669,20759,1372.9887,591.0146,59.7518,160.4
centered_candidate_000029_72da8be8,centered-gaussian,5,5,0,160.2,97,59.6,288,105.7684,2292.8,1786,1207,3584.2,0,171.34,6.8,110,4526,2845,1919.4,8079,157,0,2.8,0.6493,20890.6,2847.2641,1078.2642,6.7158,160.2
centered_candidate_000463_ed165d20,centered-gaussian,5,5,0,159.6,76,51.2,311,121.4884,2168.6,1596,1089,3538,0,170.5,6.8,100.2,4351.4,2712,1731.8,7708.8,160.2,0,3.2,0.589,23186.6,2755.8136,1111.7402,-9.5442,159.6
centered_candidate_000470_87996130,centered-gaussian,5,5,0,159.2,58,44.8,364.4,187.2436,2225.8,1247,998.6,4299.4,0,146.62,6.2,112.6,4077.2,2088,1601.8,8208.6,153.8,0,2.4,0.6583,19552.6,3609.6616,1834.3429,-48.8218,159.2
centered_candidate_000226_674743f0,centered-gaussian,5,5,0,158.8,70,46.8,347.4,164.4936,2102.2,1492,1083.2,3667.6,0,155.24,6.6,98.2,4108.8,2910,1581,7873.4,154.6,0,3,0.5276,22328.4,3293.465,1338.3516,-35.4468,158.8
centered_candidate_000121_fd15e4be,centered-gaussian,5,5,0,157.2,97,60.4,298.4,116.1506,2267,1855,1384.4,3434.4,0,179.7,7,105.6,4509.2,3292,2489.6,7264.4,158.6,0,3.4,0.533,23493.6,2242.6348,968.5381,2.3247,157.2
centered_candidate_000182_0e88309d,centered-gaussian,5,5,0,157.2,144,46.4,280.6,103.9835,2308.2,2281,1118.2,3565.6,0,171.82,7,110.4,4528,4595,2014.8,7101,159.2,0,3,0.5187,21581.4,2243.4397,1083.856,-5.5917,157.2
centered_candidate_000022_687e85f5,centered-gaussian,5,5,0,157,128,70.4,272.6,97.6627,2278,2026,1437.4,3357.4,0,175.62,6.8,109,4561.6,3950,2561.4,7042.4,162.2,0,3.4,0.5557,23713.2,2028.8663,906.5464,21.5687,157
centered_candidate_000267_5fea76dc,centered-gaussian,5,5,0,157,59,45.2,358.4,185.0276,2075.4,1302,1028.8,3781.6,0,153.52,6.2,99.2,4019.8,2066,1708.6,7982.4,153.6,0,2.8,0.6349,21195.2,3495.8226,1493.937,-47.3138,157
centered_candidate_000511_aea64811,centered-gaussian,5,5,0,156.8,118,79.4,274.4,105.363,2265.2,1955,1567,3273.8,0,168.82,7,107.8,4637,4103,2911.6,7065.6,163.6,0,3.6,0.5394,24658.6,2190.9925,881.3917,26.7185,156.8
centered_candidate_000380_6b9b739b,centered-gaussian,5,5,0,156.2,125,76.6,268.4,104.5551,2203.4,2025,1503.4,3104,0,166.06,6.8,104.4,4388.4,3735,2691.6,6716.8,161.4,0,3,0.5536,21920.4,2213.5697,857.322,24.3225,156.2
centered_candidate_000144_72178ef2,centered-gaussian,5,5,0,155.4,91,63.6,291,109.3556,2193.6,1767,1371.2,3267.8,0,166.64,6.6,104.4,4253.4,3255,2407.8,6737.2,155.6,0,3.2,0.5727,22543.2,2009.4995,867.3098,8.9222,155.4
centered_candidate_000367_859b0472,centered-gaussian,5,5,0,155,84,47.6,326,151.3618,2122,1583,1074,3636.2,0,150.28,6.4,102.6,4013.8,2762,1638.4,7538.6,155.2,0,2.6,0.6116,19664,3096.7142,1317.1193,-28.0809,155
centered_candidate_000431_4ccc60a1,centered-gaussian,5,5,0,155,87,67.4,301,127.4378,2250,1766,1415.8,3485.8,0,165.76,6.6,109.6,4613.8,3614,2587.4,7580,158.4,0,3,0.4948,21335.4,2574.2095,1046.0992,3.6811,155
centered_candidate_000214_50bbebb5,centered-gaussian,5,5,0,154.6,63,46.4,322.6,134.3378,2090.4,1352,1037,3562.4,0,176.22,6.4,98.6,4442,3005,1919.6,7905.4,184.4,0,3.6,0.6771,26179.6,2814.6496,1176.1858,-20.7689,154.6
centered_candidate_000368_30fd090a,centered-gaussian,5,5,0,154.6,90,71.8,304.8,145.9652,2184.6,1633,1491.4,3438,0,163.32,6.6,104.6,4422.4,2891,2820.8,7519.8,158.4,0,3,0.553,22039.2,3020.1582,1200.9581,-1.1826,154.6
centered_candidate_000452_533d16c1,centered-gaussian,5,5,0,154.6,89,63.8,308.6,143.4289,2222.8,1732,1381,3577.4,0,162.2,6.6,107.8,4321.6,3377,2444.8,7278.8,156.8,0,3,0.555,21705.6,2807.9214,1271.9947,-7.9144,154.6
centered_candidate_000136_75e25b9f,centered-gaussian,5,5,0,153.6,140,69.6,248.2,79.8063,2313.6,2271,1425.6,3246.4,0,162.54,6.8,114.2,4563.4,4409,2681.2,6531.2,158.4,0,2.8,0.5603,20634.4,1713.2909,815.4818,29.6969,153.6
centered_candidate_000314_adf4c577,centered-gaussian,5,5,0,153.6,77,47.6,296.2,116.2817,2093.2,1472,1058.4,3402.4,0,171.28,6.4,96.8,4127.4,2405,1707.2,7362.8,154.2,0,3,0.5118,21630.8,2647.282,1081.7716,-10.5409,153.6
centered_candidate_000396_a19ac356,centered-gaussian,5,5,0,153.4,92,51.6,305.6,126.0501,2162.2,1683,1188.8,3514.4,0,158.02,6.6,103.6,4057.2,2870,2015.4,6969,157,0,3.2,0.5297,23220,2346.1172,1099.325,-11.4251,153.4
centered_candidate_000205_7733f461,centered-gaussian,5,5,0,152.8,107,74.2,280.2,117.617,2221.6,1831,1481.8,3374.4,0,164.1,6.8,106.6,4490.8,3589,2729.6,7266,160.6,0,3.2,0.5154,22560,2607.011,1063.5453,15.3915,152.8
centered_candidate_000051_9042e397,centered-gaussian,5,5,0,152.4,124,66.8,270.4,102.7124,2216.4,2126,1364,3216.6,0,166.94,6.6,106.8,4460.8,4316,2271,7007.2,157.4,0,2.6,0.5754,19724.8,2220.5714,860.0625,15.4438,152.4
search_candidate_000024_a76fd7fe,random-phased,5,5,0,152.4,61,42.2,349,183.3899,2082,1378,1009.4,3796.8,0,161.2,6.2,100,3746.2,1969,1688.8,7272,163.6,0,3,0.6088,22072.6,3089.3048,1522.9861,-49.4949,152.4
search_candidate_000498_38accbfd,random-phased,5,5,0,152,82,57.2,280.8,104.7607,2236.4,1612,1344,3417,0,194.18,6.8,103.6,4967.6,3332,2648,8156.4,167.8,0,3,0.5026,21122.6,2552.9335,966.1248,4.8197,152
centered_candidate_000186_16efed54,centered-gaussian,5,5,0,151.6,98,60,275.2,98.8121,2231.2,1923,1299,3339.6,0,169.26,6.8,106.6,4323.2,3474,2308,6820.2,160.2,0,3.2,0.6299,22965.2,2038.0912,910.3677,10.5939,151.6
centered_candidate_000303_09c56580,centered-gaussian,5,5,0,151,113,68.8,259.8,87.9477,2284,2047,1467.2,3276.8,0,166.84,6.6,112.6,4613.4,3933,3116.6,6609.2,157,0,3,0.5244,21765.6,1609.9988,814.8411,24.8261,151
centered_candidate_000025_f561631e,centered-gaussian,5,5,0,150.8,83,39,328.2,159.3693,2044.8,1718,898,3562.2,0,150.02,6.2,97.8,3825.4,3080,1167.8,7263.4,151.6,0,2.2,0.7511,18270.8,2920.7698,1329.2608,-40.6846,150.8
centered_candidate_000081_d58a7a5f,centered-gaussian,5,5,0,150.8,105,55.6,293.4,133.0059,2146.6,1872,1180.8,3408.8,0,151.4,6.4,105.8,4014.4,3163,1757.2,7080.4,163.4,0,3,0.6154,22458.2,2770.3046,1179.6748,-10.9029,150.8
centered_candidate_000493_cab40730,centered-gaussian,5,5,0,150.8,100,57.6,295,134.464,2125,1850,1209.6,3341.6,0,159.84,6.4,102,4095.2,3086,2048.6,7210.2,157.6,0,3,0.5373,22088.6,2902.2497,1129.2805,-9.632,150.8
centered_candidate_000406_aaef5bbc,centered-gaussian,5,5,0,150.6,95,83.2,269.6,111.4228,2193.8,1714,1552.8,3267.2,0,169.38,6.6,104.6,4432.8,3590,3102.4,6672.4,155.8,0,2.4,0.6007,19219.8,2151.3556,978.9125,27.4886,150.6
centered_candidate_000286_2c1fec2a,centered-gaussian,5,5,0,150.2,85,50.6,313.2,150.7281,2102.2,1660,1101.4,3546.2,0,154.28,6.4,101,3900,2889,1809.8,7017.8,156.4,0,2.8,0.6496,21663,2793.0815,1308.1238,-24.764,150.2
centered_candidate_000116_9bf1863a,centered-gaussian,5,5,0,150,86,58.2,280.4,103.6629,2164.8,1649,1311.8,3311.6,0,173.74,6.6,101.4,4354.8,3223,2217,7106.2,154.6,0,2.8,0.5742,20845.8,2223.2508,922.0597,6.3685,150
centered_candidate_000516_8a36fe46,centered-gaussian,5,5,0,149.2,99,49.6,304.4,145.4227,2089.4,1819,1080.2,3426.6,0,158.98,6.4,99.4,4057,3374,1717.2,7141.6,157.8,0,2.8,0.5546,21055,2750.3665,1196.5259,-23.1113,149.2
centered_candidate_000165_6d8c2484,centered-gaussian,5,5,0,148,82,48.2,309.4,144.3994,2025.4,1604,1073.8,3397.4,0,148.08,6.2,98.4,3758.8,2672,1694,6871.8,167.2,0,3,0.6506,23113,2806.5943,1211.1216,-23.9997,148
centered_candidate_000422_e9e3fcef,centered-gaussian,5,5,0,148,158,48,257.4,99.7417,2139,2290,1076.6,3233,0,159.9,6.4,103.2,4094.4,4511,1705.2,6508,154.8,0,3.2,0.5271,22584.2,2210.0129,994.8449,-1.8708,148
centered_candidate_000345_42fdaad5,centered-gaussian,5,5,0,147.8,126,69,242.8,83.0407,2188.6,2104,1291.2,3103.4,0,172.4,6.6,103.8,4366.8,3889,2206,6644.6,153.6,0,2.8,0.5557,21035.8,2001.4413,836.2781,27.4796,147.8
centered_candidate_000271_70e5844e,centered-gaussian,5,5,0,147.2,101,37.8,305.6,146.527,2070,1897,903.2,3418.4,0,151.9,6.4,99,4092.8,3434,1447.6,7405.6,155.6,0,2.4,0.6432,19484.4,3025.5961,1253.4792,-35.4635,147.2
centered_candidate_000113_239d0766,centered-gaussian,5,5,0,146.4,102,31.4,313.8,151.0028,1992.2,1780,783,3525.4,0,149.5,6.2,94.2,3805.6,2889,1064,7640,153.2,0,2.8,0.7553,21468,3362.1695,1339.0898,-44.1014,146.4
centered_candidate_000271_57a986be,centered-gaussian,5,5,0,146.2,120,109.2,203.6,48.5403,2139.6,1976,1866.4,2546.8,0,171.44,6.8,99.6,4488.6,3834,3581.2,5960.8,163.2,0,3.2,0.5267,22612.4,1260.8803,338.2529,84.9299,146.2
centered_candidate_000273_68ec9731,centered-gaussian,5,5,0,146,84,46,291.2,117.6656,2069.4,1670,1001.2,3444.4,0,157.48,6.2,99.2,3917.4,3144,1423.4,7099.6,151.8,0,3,0.6182,21545.4,2625.6361,1124.4283,-12.8328,146
centered_candidate_000305_71afa037,centered-gaussian,5,5,0,146,94,60.2,276.6,109.94,2102.4,1758,1269,3256.2,0,173.04,6.2,100,4353.2,3580,2280.8,7121.6,158,0,3,0.531,21340,2308.5592,964.1221,5.23,146
centered_candidate_000159_164c49c6,centered-gaussian,5,5,0,145.8,45,35.4,353.8,200.8815,1784,998,820.6,3486.8,0,133.58,5.6,83.6,3354,1330,973.6,7670.6,150.6,0,2.4,0.7196,20190.6,4080.2864,1603.0802,-65.0407,145.8
centered_candidate_000140_5da8d43f,centered-gaussian,5,5,0,145.4,115,66,248.2,83.6913,2186.6,1878,1381.6,3187.6,0,161.1,6.6,106.4,4174.8,3392,2567.2,6379.8,159.6,0,2.6,0.5536,19933.8,1783.4537,812.7818,24.1543,145.4
centered_candidate_000232_f392ef07,centered-gaussian,5,5,0,145.4,95,75.8,260.6,104.4559,2163.6,1782,1532,3105.8,0,169.2,6.4,104.4,4281.4,3337,2891.2,6524.2,158.2,0,3,0.5385,21979.6,2032.2376,827.8528,23.572,145.4
centered_candidate_000265_401febbc,centered-gaussian,5,5,0,145,117,65.6,254.8,104.5179,2153.8,1964,1290.4,3194.6,0,163.24,6.4,104.6,4268,3621,2332.8,6777.2,157.8,0,3,0.5408,22083.2,2318.4663,967.9774,13.341,145
centered_candidate_000236_07983bee,centered-gaussian,5,5,0,144.4,58,40.2,298.6,122.2254,1985.2,1286,887.4,3481.2,0,158.04,6.2,93,3799,2089,1214.2,7337.8,158.8,0,2.8,0.6495,20956.2,2827.6094,1196.0758,-20.9127,144.4
centered_candidate_000266_6367b544,centered-gaussian,5,5,0,144.2,84,71.2,264.8,103.027,2243.6,1685,1490.6,3435.2,0,160.74,6.4,112.4,4287.6,3301,2739.6,6661.2,156.2,0,2.8,0.557,21060.6,1996.8109,1019.2593,19.6865,144.2
centered_candidate_000235_803379d7,centered-gaussian,5,5,0,143.8,82,68,281.6,134.3464,2069.8,1612,1409.2,3185.6,0,156.54,6.2,100,4052.6,2979,2484.2,6677,155,0,2.6,0.6545,19657.8,2452.9018,1075.6212,0.8268,143.8
centered_candidate_000063_b1ef67ac,centered-gaussian,5,5,0,143.4,127,98.8,194.6,43.5367,2202.8,2070,1740.2,2742.8,0,173.64,6.6,105.6,4410.2,4054,3380.8,5658.8,156.6,0,2.8,0.5402,20413,1053.1607,447.4458,77.0317,143.4
centered_candidate_000180_3fbbd093,centered-gaussian,5,5,0,143.4,121,54.8,248.2,87.014,2155.2,1945,1218.8,3216.6,0,180.24,6.4,101.8,4507.6,3697,2336,6961,155.2,0,2.8,0.5881,20510.8,2089.1039,890.9582,11.293,143.4
centered_candidate_000304_95fcf066,centered-gaussian,5,5,0,143.4,133,67.6,237.8,82.9761,2143.8,2079,1346.8,3073.2,0,168.46,6.6,101.6,4329,3842,2702.6,6407.2,157,0,3,0.5286,21404.8,1744.4274,800.326,26.1119,143.4
centered_candidate_000127_31a86e23,centered-gaussian,5,5,0,143.2,104,65,259.6,107.2407,2124.6,1945,1360.4,3101.2,0,162,6.4,102.4,4236.2,3436,2579.8,6620,156,0,2.8,0.5168,20262.8,2214.3449,907.2712,11.3797,143.2
centered_candidate_000162_8b955ada,centered-gaussian,5,5,0,143.2,117,77.6,220.4,65.4199,2144.6,1972,1512,2826.6,0,185.72,6.6,99.6,4681.8,3664,2843.4,6973.8,165,0,2.6,0.5621,19548.4,1885.5806,606.2919,44.8901,143.2
centered_candidate_000065_bf69e9c7,centered-gaussian,5,5,0,143,105,62,252.8,88.9067,2119.6,1981,1283.8,3081.4,0,159.36,6.4,102.4,4030,3361,2143.8,6454.2,155.4,0,2.8,0.5462,20995.2,1979.4545,801.4446,17.5467,143
centered_candidate_000420_57b681e9,centered-gaussian,5,5,0,142.4,120,85.6,220.6,73.823,2135,2077,1518.8,2829.6,0,170.54,6.4,102.2,4256,3920,2777,6063.6,158.2,0,2.8,0.5487,20754.4,1695.8157,668.888,48.6885,142.4
search_candidate_000004_6d3f3c35,random-phased,5,5,0,142.2,88,63.6,274.4,126.8517,2078.8,1647,1358,3204.4,0,171.36,6.2,99.6,4067.6,3026,2568,6465.2,166.4,0,3.2,0.5123,22299.4,2149.5009,1041.281,0.1741,142.2
centered_candidate_000277_dc0dc3b1,centered-gaussian,5,5,0,141.6,94,46.4,281.8,120.5829,2023.6,1706,1051.8,3290,0,159.74,6.2,95.6,3905.6,3251,1862.4,6654.8,152.4,0,2.8,0.5602,20454.6,2356.2674,1065.374,-13.8915,141.6
centered_candidate_000460_fc81f1e9,centered-gaussian,5,5,0,141.6,66,61,286.4,128.4844,2033.6,1369,1293.8,3301.6,0,157.06,6,98.4,4077.4,2544,2377.8,7014.4,153,0,3,0.5557,22043,2508.1725,1088.1172,-3.2422,141.6
centered_candidate_000347_0189e6c7,centered-gaussian,5,5,0,141.4,115,81.6,210.6,58.8918,2200.4,2123,1525.8,2863.6,0,175.18,6.6,105.6,4418.8,4255,3115.2,5774.6,158.4,0,3.2,0.4925,22417.2,1200.2935,612.8806,52.1541,141.4
centered_candidate_000216_715f81eb,centered-gaussian,5,5,0,140.8,103,39,274.2,109.1538,2002.2,1862,906.8,3250,0,155.88,6.2,94.8,3845.4,3389,1453.4,6670.6,154.4,0,3.2,0.5257,22667.8,2346.5963,1046.2903,-15.5769,140.8
centered_candidate_000209_9f07cb9d,centered-gaussian,5,5,0,140.6,112,50.2,262,103.2542,2062.8,2029,1135.8,3130.8,0,157.82,6.4,98,4174.8,3772,2082.4,6772.6,153,0,2.6,0.6388,20343.4,2196.5288,924.416,-1.4271,140.6
centered_candidate_000394_df9ab8b0,centered-gaussian,5,5,0,140.6,71,60.4,273.2,109.7918,2038.8,1559,1290,3141.4,0,165.88,6.2,96.4,4112,2979,2603.4,6490.6,156.4,0,3.4,0.5042,23354.8,1961.8212,892.2025,5.5041,140.6
centered_candidate_000039_c3d351f8,centered-gaussian,5,5,0,140.4,91,77.8,251.2,104.3161,2096.6,1731,1488.8,3059.2,0,168.94,6.4,99.8,4269.6,3085,2947.6,6617.4,161.4,0,3.4,0.5151,23610,2089.148,863.8295,25.642,140.4
centered_candidate_000505_18adcb61,centered-gaussian,5,5,0,140.2,74,34.8,315.2,163.4018,2003,1602,807.8,3703.4,0,138.7,5.8,100.2,3417.4,2381,1118,6844.2,150.4,0,2.6,0.6718,20185.2,3089.3908,1550.2667,-46.9009,140.2
centered_candidate_000307_95392c27,centered-gaussian,5,5,0,139.8,127,90,191.8,46.5334,2264.2,2317,1707.8,2763,0,162.12,6.6,113,4477.4,4829,3248.2,5460.2,155.8,0,3.4,0.5169,23381.6,1062.1263,471.5381,66.7333,139.8
centered_candidate_000346_8b598f9b,centered-gaussian,5,5,0,139.8,125,47,254.8,102.2025,2041.2,2012,1061.4,3103,0,160.4,6.4,96.2,3910,3853,1527.6,6551.6,156.6,0,2.8,0.6687,20945.8,2381.395,948.4021,-4.1013,139.8
centered_candidate_000014_22e1e8a3,centered-gaussian,5,5,0,139.2,67,51.6,294.8,147.1535,1925.6,1412,1065,3274.4,0,150.32,6,90.8,3679.6,2352,1515.8,7140,153,0,2.8,0.6337,20960,3196.0305,1234.0088,-21.9768,139.2
centered_candidate_000342_21e353d1,centered-gaussian,5,5,0,139,99,56,256.8,105.5538,2037.2,1832,1136.4,3111.8,0,157.08,6.4,96.6,3983.8,3210,1837.4,6767.4,157.2,0,3,0.5688,21447,2471.2118,956.6423,3.2231,139
centered_candidate_000221_d6642501,centered-gaussian,5,5,0,138.4,108,54.8,258.6,108.7798,2085.4,1921,1190.8,3218.8,0,160.8,6.2,101.4,4164.2,3632,2100.8,6890.6,156.2,0,3.2,0.5593,22475.6,2394.8988,996.9613,0.4101,138.4
centered_candidate_000300_7d8ae09a,centered-gaussian,5,5,0,138.4,118,51.6,253.8,104.3851,2012.2,2022,1096.2,3048,0,153.34,6.2,96.2,3873,3809,1922.8,6147.6,153.2,0,3,0.5179,21943.4,2077.8718,947.9279,-0.5925,138.4
centered_candidate_000290_bad64a90,centered-gaussian,5,5,0,138.2,97,91.2,225.2,83.0985,2152.8,1845,1710.4,2911.6,0,165.58,6.4,105,4373,3761,3248.8,6114,157.8,0,2.6,0.5987,19478,1575.7378,725.1685,49.6508,138.2
centered_candidate_000268_dceb59e8,centered-gaussian,5,5,0,137.6,103,82.2,226.8,85.329,2118.8,1832,1564,2944.4,0,163.18,6.8,100,4037.6,3483,2998.6,5624.2,160,0,2.4,0.5951,19017.6,1511.3834,769.4004,39.5355,137.6
search_candidate_000129_2f9907ca,random-phased,5,5,0,137.4,52,36.4,317,163.522,1871.8,1144,778.6,3592.2,0,140.36,5.8,90.8,3496.6,2034,1023.8,7305.2,164.8,0,2.6,0.7182,20751.6,3263.0252,1459.8133,-45.361,137.4
centered_candidate_000013_3480e1ba,centered-gaussian,5,5,0,137.2,156,44.4,224.4,80.066,2042.8,2307,1034.6,2932.4,0,165.66,6.2,97,4217.4,4395,1986.2,6414.8,154.4,0,2.8,0.5715,20675.6,1948.0146,843.2675,4.367,137.2
centered_candidate_000353_bb339406,centered-gaussian,5,5,0,137,62,37.4,277.6,112.3744,1914.8,1301,888,3247.2,0,160.98,6,88.2,3764.8,2302,1211.4,7078,150.8,0,2.4,0.7735,19499,2681.9078,1080.1088,-18.7872,137
centered_candidate_000403_0236cd01,centered-gaussian,5,5,0,137,58,35.2,310.2,154.6739,1888.2,1305,825.2,3486,0,141.7,5.8,90.8,3569.4,2059,1121.8,7369.8,152.8,0,2.4,0.6167,19387.2,3255.9228,1365.553,-42.1369,137
centered_candidate_000417_3e4b2455,centered-gaussian,5,5,0,137,86,60.6,259.4,110.2778,1963,1550,1220,3060.6,0,164.58,6.2,90.6,4266.2,3168,2157.8,7343.4,154.8,0,3,0.5293,21616.4,2807.98,981.6427,5.4611,137
centered_candidate_000305_ca9c86c5,centered-gaussian,5,5,0,136.6,147,60,214.4,70.9467,2125.4,2239,1301.6,2928.8,0,174.32,6.4,101.4,4582.2,4814,2441.6,6804.4,157.8,0,3,0.4747,21271.4,2031.3261,727.5921,24.5266,136.6
centered_candidate_000132_4c45121f,centered-gaussian,5,5,0,136,109,41,259.4,105.0638,2033.4,1832,1016.8,3236.2,0,153.38,6.2,98,3817.4,3233,1581.2,6579.2,150.4,0,2.4,0.6757,19312.8,2345.0211,1020.4961,-11.5319,136
centered_candidate_000254_d3a8186c,centered-gaussian,5,5,0,135.8,84,58.8,264.2,117.9515,2024.4,1600,1289,3154.6,0,158.16,6.2,96.8,3897.6,3121,2063.2,6499.4,153.6,0,2.4,0.6122,19138.4,2270.9358,989.1624,-0.1758,135.8
centered_candidate_000283_ccbe2396,centered-gaussian,5,5,0,135.6,77,56.4,260.2,103.4942,2076.2,1566,1227.6,3321.4,0,155.88,6.2,101.2,3897.6,2399,2166.4,6673.8,150.4,0,2.6,0.6172,19715.4,2254.5011,1024.7771,4.6529,135.6
centered_candidate_000253_d76a4982,centered-gaussian,5,5,0,135.2,77,51,279,134.8398,1985.2,1628,1161.6,3216.8,0,161.72,6,94.4,4143.4,3253,2023.8,7309,153.2,0,3.6,0.5356,24235.4,2933.0245,1126.3458,-16.4199,135.2
centered_candidate_000036_22acc67c,centered-gaussian,5,5,0,135,110,87.6,201.6,54.1332,2097.8,1830,1692.6,2670.8,0,179.88,6.4,98.6,4262.2,3689,3356.4,5509.2,159.8,0,3.4,0.5147,23339.6,994.3966,456.859,60.5334,135
search_candidate_000130_c31e000d,random-phased,5,5,0,135,81,46.4,277,129.1309,1950.2,1561,1051.2,3257.4,0,158.98,6,92.8,3934.4,2834,1818.6,7302.6,161.4,0,2.8,0.6251,20917,3138.7983,1167.0036,-18.1655,135
centered_candidate_000134_d27a6840,centered-gaussian,5,5,0,134.6,94,56.6,244.2,90.7141,2046,1685,1246.8,3107.6,0,157.1,6.2,98.8,3810.8,3053,1871.2,6354,152.2,0,3.4,0.5643,23446.2,2097.6645,875.6335,11.243,134.6
search_candidate_000416_4f6773ca,random-phased,5,5,0,134.6,50,34.6,314.8,168.5818,1751.6,1058,783.6,3352,0,132.76,5.6,82.4,2954.6,1260,950.2,6483.6,150.4,0,2.6,0.6856,20509.2,3202.8125,1429.3189,-49.6909,134.6
search_candidate_000510_9e1d2185,random-phased,5,5,0,134.4,108,46.2,249,96.3714,2055.2,1978,1088.2,3136.8,0,165.5,6.2,98.6,3804.4,3973,1580.4,6160,156.2,0,3,0.6088,22232,2077.3717,921.8606,-1.9857,134.4
centered_candidate_000077_6f7015f0,centered-gaussian,5,5,0,134,40,34.2,306.4,144.9869,1841.2,897,823,3528.4,0,143.38,5.6,88.4,3724.6,1400,1055,8157.6,153,0,2.6,0.6169,19852.6,3698.9542,1372.4528,-38.2934,134
centered_candidate_000119_afffdaa2,centered-gaussian,5,5,0,134,82,36.4,276.4,118.3909,1949.8,1740,856,3261.4,0,153.58,5.8,94.4,3816.6,3421,1301.8,6820.2,153.4,0,2.6,0.6268,19818.4,2536.3287,1093.1972,-22.7954,134
centered_candidate_000292_526c8988,centered-gaussian,5,5,0,134,106,53.2,236.6,86.1557,2094.6,1883,1138.2,3201.2,0,160.74,6.2,103,4107,3848,2257.4,6215.6,159.4,0,3.2,0.5608,22581,1798.0167,931.104,10.1222,134
centered_candidate_000310_fd1d5a65,centered-gaussian,5,5,0,133.6,59,51.8,280.6,132.423,1945.6,1248,1161.4,3303,0,147.58,6,93.4,3481,2062,1686.6,6462,150.6,0,2.8,0.6811,21151.6,2619.9447,1170.3436,-14.4115,133.6
centered_candidate_000019_b2734c2f,centered-gaussian,5,5,0,133.4,98,62.2,234.4,86.6386,2062.4,1869,1291.8,3005.8,0,159.8,6.4,98.8,3909.6,3528,2142,6064.8,155.6,0,3,0.5918,22253.4,1950.4943,815.9072,18.8807,133.4
centered_candidate_000020_939c9751,centered-gaussian,5,5,0,133,86,66.8,245.2,107.2642,2073.4,1732,1413.4,3075.2,0,155.78,6,103,3920.6,3330,2351,6070.6,153,0,2.8,0.5466,20801.4,2020.0189,968.9899,13.1679,133
centered_candidate_000427_a3a7b104,centered-gaussian,5,5,0,133,107,39.8,236.2,87.6561,2030.8,1891,1004.8,3064.4,0,170.26,6.2,95.8,4063.4,3416,1532.6,6827.8,155,0,3,0.6185,21732.8,2355.8396,916.5918,-4.0281,133
centered_candidate_000324_338fa92e,centered-gaussian,5,5,0,132.4,119,94.4,185.2,47.7016,2073.2,1950,1724,2532.2,0,163.66,6.4,99.6,3988.8,3373,3163.6,5353.4,160.2,0,2.8,0.5426,20910.2,1211.9659,423.7761,70.5492,132.4
centered_candidate_000412_d7e826ee,centered-gaussian,5,5,0,132.4,81,34.8,276.4,121.4621,1945.2,1629,834.2,3375,0,145.4,6,93.8,3607,2846,1233.2,6762.8,150,0,2.8,0.5386,20632.8,2661.0608,1193.2068,-25.931,132.4
search_candidate_000063_9a4022ae,random-phased,5,5,0,132.4,83,42.8,277,134.8905,1901.4,1562,1030.4,3154.6,0,169,5.8,88.8,4126.2,3216,2008.8,7307.4,161.6,0,2.8,0.6178,20590.4,2898.1674,1110.4766,-24.6452,132.4
centered_candidate_000353_d76103b1,centered-gaussian,5,5,0,132.2,120,66.2,207,63.7664,2072.8,2055,1372,2799.6,0,156.48,6.2,101.8,3743,3651,2385.2,5103.4,155.8,0,2.6,0.6779,20084.6,1208.2505,638.8939,34.3168,132.2
centered_candidate_000201_386a9cf7,centered-gaussian,5,5,0,131.8,81,57.4,257.4,115.7953,2021,1554,1264.8,3198.6,0,152.44,6.2,98,3750.8,2740,2188.4,6226.4,154,0,3.2,0.5944,22362.6,2174.3474,1029.2807,-0.4977,131.8
centered_candidate_000214_4d8673ff,centered-gaussian,5,5,0,131.8,85,55.8,250.8,110.3837,1971.8,1652,1202,3024.2,0,158.5,6,94.2,3802,2978,1898.2,6503.8,152.6,0,2.8,0.6051,21170,2539.9965,967.6446,0.6082,131.8
centered_candidate_000458_f9b66ddc,centered-gaussian,5,5,0,131.6,60,48.8,279.4,135.0061,1954.6,1259,1159.6,3315,0,155.16,6,93.4,3854.4,2311,2076.4,6896.4,153.4,0,2.4,0.6652,18959.4,2641.1948,1180.4898,-18.703,131.6
centered_candidate_000028_68368bad,centered-gaussian,5,5,0,131.4,116,43.2,247.8,106.1312,1984,1983,1034.2,3100.8,0,157.96,6,95.6,3884,3567,1872.6,6443.4,155.4,0,2.6,0.5672,19574.6,2256.6024,1018.2512,-9.8656,131.4
centered_candidate_000172_2270c0e6,centered-gaussian,5,5,0,131.2,82,48.4,269,130.8731,1877.8,1542,1119.6,3039.2,0,153.38,6,87.6,3780,2774,1900.2,6771,155.8,0,3,0.6012,21692.2,2834.7713,1080.7254,-17.0365,131.2
centered_candidate_000036_4f1547ca,centered-gaussian,5,5,0,131,94,44.2,263,124.021,1967.8,1798,983.8,3245.8,0,152.58,5.8,96.2,3820.4,3550,1576.6,6607,151,0,3.2,0.519,22178.8,2552.2615,1176.0036,-17.8105,131
centered_candidate_000428_4ad85128,centered-gaussian,5,5,0,130.8,70,42.6,278.8,137.8367,1852.6,1390,980.2,3149.6,0,145.54,5.8,88.6,3491.6,2113,1470.6,6775.8,159.4,0,2.4,0.7708,20134.6,3020.3784,1161.092,-26.3184,130.8
centered_candidate_000261_b2982f01,centered-gaussian,5,5,0,130.6,88,52.4,240.2,90.4137,1996.4,1657,1153.2,3060.6,0,150.18,6,97.6,3623,2754,1694.4,6174,150.8,0,2.6,0.5987,20031.6,2123.3438,901.9119,7.1931,130.6
centered_candidate_000044_1b1c6829,centered-gaussian,5,5,0,130.2,61,45,280.4,138.9552,1864.6,1384,1014.8,3169.8,0,150.62,5.6,89.2,3584.8,2501,1700.2,6523.4,148.6,0,3,0.5258,21378,2656.0121,1161.8634,-24.4776,130.2
centered_candidate_000152_6c9fc906,centered-gaussian,5,5,0,130.2,94,85.6,212,80.001,2024,1679,1615.4,2781.8,0,165.02,6,98.4,4132,3153,2847,6385.8,160,0,3.2,0.5409,22396.4,2125.296,737.3851,45.5995,130.2
centered_candidate_000169_093575ee,centered-gaussian,5,5,0,130,100,79.2,211.6,75.0467,2062,1796,1558.6,2834,0,158.18,6.4,100,3989.2,3277,2956,5696,161.4,0,3.4,0.5123,23902.4,1550.0046,713.7509,41.6767,130
centered_candidate_000394_d6f6414a,centered-gaussian,5,5,0,130,105,58.4,228.8,91.5707,2037.2,1925,1239,2984.2,0,157.4,6.2,99,3886,3533,2245.8,5886.4,156.6,0,2.8,0.5561,20644.4,1942.7257,908.1168,12.6146,130
centered_candidate_000449_f44a6601,centered-gaussian,5,5,0,129.4,93,61.6,235.2,99.7449,1949,1623,1336.4,2846.2,0,163.52,6.2,90.4,3866.4,3156,2694.2,5795.8,153.4,0,2.4,0.5753,19185.8,1816.9069,800.2467,11.7276,129.4
centered_candidate_000373_4aff6402,centered-gaussian,5,5,0,129.2,114,50,221.6,76.6978,2033,2055,1172.4,2922.6,0,163.58,6.2,97.6,3955,4202,2085.6,5748.4,155.2,0,2.8,0.5753,20425.2,1619.2722,773.2014,11.6511,129.2
centered_candidate_000489_5f41907d,centered-gaussian,5,5,0,129.2,65,44.4,259.8,106.6403,1881.6,1318,1005.4,3121.8,0,154.58,5.8,89,3634.6,2341,1744.6,6455.4,151.8,0,2.4,0.6535,19287.4,2319.0361,1000.7632,-8.9202,129.2
centered_candidate_000510_8f1b35f6,centered-gaussian,5,5,0,129.2,89,60,219.8,73.5728,1971.6,1700,1221.8,2824.4,0,160.22,6,94.4,3794.8,3226,2222.6,5618.2,154.6,0,2.8,0.5475,20714.2,1529.5569,726.4843,23.2136,129.2
centered_candidate_000252_8d0db808,centered-gaussian,5,5,0,128.4,54,41.8,277.6,130.8688,1870.8,1204,1021,3231.4,0,155.06,5.8,87.8,3590.4,1973,1735.8,6703.2,149,0,3.2,0.5591,22564.4,2632.7717,1141.6699,-23.6344,128.4
centered_candidate_000405_9391ee12,centered-gaussian,5,5,0,128,81,68.4,232.4,98.5596,1957.6,1573,1371,2887.8,0,158.4,6,93.6,3780.6,2993,2426.4,5863.6,153.4,0,3.2,0.4872,22670.2,1910.74,849.6991,19.1202,128
centered_candidate_000058_e2511fe6,centered-gaussian,5,5,0,127.8,62,49.6,271.6,141.3229,1843.2,1322,1149.6,3041.6,0,152.4,5.4,88.8,3659.2,2360,1797.6,6809.8,148.2,0,2.8,0.5486,20864.8,2971.0744,1151.2349,-21.0614,127.8
centered_candidate_000280_bccf06d3,centered-gaussian,5,5,0,127.8,64,47.6,267,127.8349,1872.6,1341,1074.4,3137,0,152.58,5.8,88.8,3589.2,2377,1753.4,6553.8,152.4,0,3,0.5826,21599,2621.1022,1107.4798,-16.3174,127.8
search_candidate_000251_53ca5c80,random-phased,5,5,0,127.8,88,70.6,215.6,73.6598,1983.4,1687,1447,2726,0,185.68,6.2,91.4,4088,3066,2696.4,6172,169.6,0,3.8,0.4792,24765,1694.6647,609.3861,33.7701,127.8
centered_candidate_000092_7698b84e,centered-gaussian,5,5,0,127.6,103,58.6,228.2,93.0067,1986.4,1845,1265.8,2943.2,0,157.74,6.2,95,3804,3492,2366.4,5707.2,156.2,0,3,0.5911,22036,1744.7243,873.7804,12.0967,127.6
centered_candidate_000257_bb1b6b7e,centered-gaussian,5,5,0,127.6,90,48.6,249.4,114.3829,1865.6,1596,1110.2,2916.2,0,153.92,5.6,89.2,3531.4,2875,1869.4,5971.6,150.2,0,2.8,0.5832,20583.4,2274.547,945.2311,-8.5914,127.6
search_candidate_000091_f8a05645,random-phased,5,5,0,127.4,80,33.2,270.4,127.0364,1914.4,1572,855.6,3344.6,0,148.98,5.8,93.8,3367.8,2575,1115.4,6494,161,0,2.8,0.76,22135.2,2724.9546,1232.5023,-30.3182,127.4
centered_candidate_000013_89a830d4,centered-gaussian,5,5,0,127.2,117,42.2,230.6,89.6714,1880.4,1930,938.4,2872.6,0,147.24,6,89,3456.8,3335,1215.2,6042.4,152.2,0,2.8,0.7463,21455.4,2223.2714,868.6128,-2.6357,127.2
centered_candidate_000385_ea2d0866,centered-gaussian,5,5,0,127.2,109,57.4,216.4,74.6657,1996.2,1867,1294,2835.6,0,155.06,6.2,96,3747.8,3267,2284,5564.2,153.4,0,3.2,0.5337,22917.6,1524.7181,703.1408,20.0672,127.2
centered_candidate_000230_e301ef5e,centered-gaussian,5,5,0,127,113,74.6,184,50.1956,2035.6,1935,1476.6,2591.2,0,161.42,6.2,98.6,3956.8,3896,2539.8,5291.2,156.6,0,2.6,0.5322,19622.2,1262.9054,519.1403,49.5022,127
centered_candidate_000099_03576907,centered-gaussian,5,5,0,126.8,55,40.4,264.2,112.496,1885.6,1279,936.8,3240.2,0,152.42,5.8,90,3638.8,2131,1456.6,6820.6,152,0,2.6,0.6479,19557,2566.241,1097.4869,-15.848,126.8
centered_candidate_000155_f15262b9,centered-gaussian,5,5,0,126.4,122,42,228.8,92.4632,1840.6,1952,951.4,2781.6,0,142.04,5.8,87.8,3328,3419,1258.2,5677.2,149.4,0,2.6,0.6155,20294.8,2130.2779,858.4466,-4.2316,126.4
centered_candidate_000461_0cca5ec5,centered-gaussian,5,5,0,126.4,55,33.6,286.2,146.7496,1755.4,1171,802.2,3230.8,0,147.44,5.4,82.6,3428.2,1940,1123.4,7139.4,149.6,0,2.4,0.6491,19117.2,3414.9195,1310.8255,-39.7748,126.4
centered_candidate_000372_e91b990b,centered-gaussian,5,5,0,126.2,83,51.8,231,86.4856,1933.8,1611,1085.4,2975.2,0,153.12,6,93,3734.6,3301,1820.2,5906.4,156.4,0,3,0.6268,22323.4,1894.3907,884.9875,8.5572,126.2
centered_candidate_000088_6ba3dcae,centered-gaussian,5,5,0,125.4,89,48.8,230.6,89.1798,1952,1681,1125.6,2941.6,0,155.42,6,93.8,3723.8,2717,1720,6362.4,152,0,2.8,0.6559,21033.6,2204.5816,845.2491,4.2101,125.4
centered_candidate_000278_e5b4e36f,centered-gaussian,5,5,0,125.4,107,67.4,193.2,58.1536,2063.2,1884,1396.8,2795,0,160.96,6.4,99.8,3900.8,3595,2575,5351.4,157.4,0,3.2,0.5542,22456.4,1276.7278,636.6102,38.3232,125.4
centered_candidate_000338_1db8a0be,centered-gaussian,5,5,0,125.4,39,33,295.8,156.12,1755.2,891,778.2,3463.2,0,132.98,5.4,84.8,3331,1409,897,7485.8,146.2,0,2.2,0.7687,18925.6,3678.912,1493.4436,-45.06,125.4
centered_candidate_000087_44f3d994,centered-gaussian,5,5,0,125.2,113,42.8,228.2,93.9838,1940.4,2001,965.8,2985.4,0,144.36,5.8,96.2,3515.2,3720,1491,5581.4,153,0,2.8,0.6256,21455,1915.8936,974.1749,-4.1919,125.2
centered_candidate_000493_6c0f2ece,centered-gaussian,5,5,0,125.2,91,52,233.2,103.0949,1921.8,1688,1082.8,2973.6,0,149.88,5.8,93.6,3521.6,3155,1509.6,6008.2,151.8,0,2.2,0.6647,18409,2360.7718,996.6645,0.4525,125.2
centered_candidate_000448_675cd78e,centered-gaussian,5,5,0,125,111,57.4,205.6,71.6966,1964.4,1861,1193.4,2795.6,0,155.96,6,95,3873,3496,2367.8,5645.6,154.4,0,2.6,0.5659,19659,1619.765,748.9023,21.5517,125
centered_candidate_000134_bc1724b1,centered-gaussian,5,5,0,124.8,59,48.8,262,128.2987,1844.6,1214,1096.4,3165.4,0,138.62,5.8,89.2,3228.8,1970,1535.8,6104.6,152.6,0,2.8,0.6561,21323.8,2660.9997,1208.9226,-15.3494,124.8
centered_candidate_000392_b6978462,centered-gaussian,5,5,0,124.8,74,62.8,235.4,104.5704,1898.8,1486,1292.4,2909.8,0,152.2,6,90.2,3543.8,2507,2148.4,5946.8,154.2,0,2.8,0.5669,20689,2206.9802,942.0445,10.5148,124.8
centered_candidate_000005_e63be0e2,centered-gaussian,5,5,0,124.4,88,49.8,233.6,95.6715,1983.6,1685,1101,3169.6,0,153.22,5.8,98.4,3771.2,3293,2066.6,6058,152.2,0,2.8,0.5738,20991.2,2063.1615,1033.4901,1.9642,124.4
centered_candidate_000394_ea7b7782,centered-gaussian,5,5,0,124.4,65,55.2,248.6,115.0871,1859,1283,1279.2,2933,0,152.82,5.6,89.2,3622.4,2448,2134,6206.6,149.8,0,2.6,0.5704,19671.2,2402.3546,963.3946,-2.3435,124.4
centered_candidate_000425_342254b6,centered-gaussian,5,5,0,124.2,82,51.6,234.6,96.0321,1978.6,1679,1199.8,3031,0,159.54,6,95.6,3851.4,3019,2391,5975,153.2,0,3.4,0.5342,23554.6,1800.2579,901.3493,3.584,124.2
centered_candidate_000118_48bf8812,centered-gaussian,5,5,0,124,75,46,251.6,118.3199,1914.6,1649,1088.2,3051.6,0,157.08,5.6,93.4,3717.2,3055,1781.4,6429.2,151.6,0,2.8,0.4897,20661,2414.4279,1030.4645,-13.16,124
centered_candidate_000366_bb9c6359,centered-gaussian,5,5,0,124,71,60.6,236,103.7998,1915.2,1499,1336.2,2884.4,0,153.96,6,91,3645.8,2595,2409.4,5907.8,150.4,0,3,0.6197,21839,2169.7622,901.0486,8.7001,124
centered_candidate_000476_e304f848,centered-gaussian,5,5,0,124,95,68.4,209,82.1559,1996.6,1793,1406,2789.4,0,159.28,5.8,98.8,3821.2,3293,2455.2,5672,155.2,0,2.6,0.5093,19743.2,1656.9074,754.3136,27.322,124
centered_candidate_000034_14358407,centered-gaussian,5,5,0,123.8,119,76,178.4,47.6882,1975.2,1984,1476.2,2504.6,0,155.76,6,96,3699,3663,2506.2,5046.6,153.6,0,3.2,0.5384,23081.8,1206.0818,472.6925,52.1559,123.8
centered_candidate_000122_1b6a9423,centered-gaussian,5,5,0,123.6,89,36.8,247.6,109.6587,1838,1654,925.4,2973,0,146.36,5.8,87.2,3391,2756,1277,6202.8,149.8,0,2.2,0.6773,18360.6,2428.4229,985.8919,-18.0294,123.6
centered_candidate_000427_e85e218d,centered-gaussian,5,5,0,123.4,100,59.4,200.2,64.8216,1970,1989,1200.2,2714.6,0,170.4,6,93,4047.6,4145,2078,6013.8,151.6,0,2.8,0.5885,20402.8,1799.5914,692.5512,26.9892,123.4
centered_candidate_000018_04a9174a,centered-gaussian,5,5,0,123.2,73,46.4,234.6,90.0542,1881.6,1567,952,3029.4,0,145.88,5.8,90.8,3454.8,2502,1591.4,5985.4,147.6,0,2.8,0.5995,20879.8,2043.7899,939.8276,1.3729,123.2
centered_candidate_000418_d9d67b07,centered-gaussian,5,5,0,122.8,88,67.2,207.8,75.6925,2010.2,1765,1412,2807.8,0,157.48,6,98.8,3678.2,3228,2433,5419,153.8,0,2.8,0.5848,21024.6,1579.6807,717.0209,29.3537,122.8
search_candidate_000125_ddd496ae,random-phased,5,5,0,122.8,109,66.8,195.2,65.5298,2043.6,2041,1424.2,2732.6,0,175.6,6,99.8,4290.8,3640,2736.8,6371.2,166.4,0,2.8,0.5012,19917.8,1847.4352,633.2777,34.0351,122.8
centered_candidate_000376_ad0bc054,centered-gaussian,5,5,0,121.8,88,57.4,219.4,92.6917,1900,1683,1221.8,2790.8,0,145.42,5.6,94.2,3484.4,2905,2035.4,5520.6,149.8,0,2.6,0.5278,19958.2,1928.2199,859.9121,11.0541,121.8
search_candidate_000065_9dca6aff,random-phased,5,5,0,121.8,58,43,263.4,134.1125,1844.6,1309,1055.2,3154,0,157.14,5.6,88.2,3551.6,2467,1955.4,6224.4,155.6,0,3.2,0.5801,22418.6,2484.1891,1186.3183,-24.0562,121.8
search_candidate_000095_5f856969,random-phased,5,5,0,121.8,60,39.4,263.8,133.4907,1811.4,1285,966.2,3122.4,0,155,5.6,86,3588.4,2892,1396.6,6548,157.8,0,3.2,0.4789,22697,2620.0559,1168.2617,-27.3453,121.8
centered_candidate_000407_1eaf43dd,centered-gaussian,5,5,0,121.6,107,67.6,190.4,60.1418,1941.2,1764,1362.2,2665,0,161.2,6,92.4,3876.8,3734,2817.8,5109.2,151.8,0,3.2,0.5065,22390.8,1145.5579,625.2588,37.5291,121.6
search_candidate_000432_9cef4445,random-phased,5,5,0,121.4,60,49.4,254.6,128.0478,1823,1315,1149,3007.8,0,153.76,5.8,86.4,3465.2,2344,1962.4,6069.8,163.8,0,2.8,0.5891,20688.2,2472.0757,1114.9384,-14.6239,121.4
search_candidate_000210_7b349843,random-phased,5,5,0,121,99,81,179.4,49.8438,2060,1906,1625.8,2639.4,0,165.3,6.2,102,3905.8,3261,2904.2,5357.2,169.4,0,3.4,0.5221,23312.2,1182.4215,506.4496,56.0781,121
centered_candidate_000265_240e4623,centered-gaussian,5,5,0,120.8,96,50.4,221,90.2694,1911.6,1820,1147.4,2872.2,0,153.32,6,91.2,3448.4,2964,1826,5757.8,150.2,0,2.6,0.5939,19873.8,2117.631,863.3872,5.2653,120.8
centered_candidate_000472_64e6dd4c,centered-gaussian,5,5,0,120.8,63,54,239.8,109.097,1879.6,1377,1218.6,2978,0,152.44,5.6,91.8,3511.4,2655,2176.6,5635.6,153.2,0,3,0.5479,22044.2,1877.9958,967.8832,-0.5485,120.8
centered_candidate_000496_497afd9d,centered-gaussian,5,5,0,120.6,96,50.6,218.6,85.6472,1870,1757,1137,2793.6,0,148.44,6,89,3341.2,2769,1795.6,5453.8,154.6,0,3.2,0.5295,23072,1828.1137,804.5861,7.7764,120.6
centered_candidate_000501_999b699a,centered-gaussian,5,5,0,120.6,49,38.8,271,144.5553,1714.8,1153,902,3072,0,138.68,5.4,81.2,3095,2013,1309.8,5973,147.2,0,2.8,0.6799,21515.8,2778.7093,1287.1378,-33.4777,120.6
search_candidate_000474_944b4348,random-phased,5,5,0,120.6,84,37.2,248.4,118.8,1798,1686,811.2,3058,0,141.76,5.4,87.8,3326.2,3151,1083.8,6019.8,149,0,2.4,0.634,19057.8,2382.6257,1149.4493,-22.2,120.6
centered_candidate_000026_9c852fc5,centered-gaussian,5,5,0,120.4,60,52.4,248.2,123.4676,1824.8,1272,1157.4,3026.6,0,150,5.8,86.4,3541.6,2259,1942.2,6360,154.4,0,2.8,0.6373,21051.8,2609.5763,1123.2174,-9.3338,120.4
centered_candidate_000239_217ae418,centered-gaussian,5,5,0,120.4,86,55.6,202.2,66.9107,1943,1678,1153.8,2853.4,0,157.62,5.8,94.4,3595.6,2981,1903.4,5516,148.8,0,3,0.5958,21606.2,1626.7856,759.7966,22.1447,120.4
centered_candidate_000355_a0096c40,centered-gaussian,5,5,0,120.4,85,57.2,217.8,92.1772,1917,1719,1278.2,2744,0,158.24,5.6,93.6,3805,3222,2252.2,5862.8,149.4,0,2.8,0.5595,20867.8,1895.1475,793.834,11.1114,120.4
centered_candidate_000122_95abc2a5,centered-gaussian,5,5,0,120,65,53.2,242.8,119.1789,1829.8,1381,1190.4,2936,0,155.54,5.6,86.8,3621.2,2579,1877.2,6490,149.2,0,2.6,0.6373,20194.4,2703.615,1044.1359,-6.3894,120
centered_candidate_000096_96de0561,centered-gaussian,5,5,0,119.8,59,53.6,242.4,114.648,1827.6,1279,1215.2,2931.6,0,162.32,5.6,85.8,3776.8,2562,2287,6427.8,151.6,0,2.8,0.5425,20345,2499.1857,1012.1483,-3.724,119.8
centered_candidate_000076_7e4e2f10,centered-gaussian,5,5,0,119.6,72,52.8,226.4,90.4778,1798.6,1427,1165.4,2733.6,0,151.62,5.8,83.8,3416,2458,1841.6,5778,152.4,0,2.8,0.5376,20658,1980.2486,771.1349,7.5611,119.6
centered_candidate_000112_3c31c01b,centered-gaussian,5,5,0,119.4,83,31,249.4,118.0112,1798.2,1724,798,2985.8,0,145.16,5.6,86,3155.8,2784,1224.8,5616.6,149.2,0,2.6,0.6816,20320.2,2259.9599,1071.1693,-28.0056,119.4
general_top5-average-phased_6e64b493,top5-average-phased,5,5,0,119.4,125,64.4,172,48.3595,1977.6,2100,1330.6,2543,0,151.14,6,97.4,3689.8,3955,2263.2,4920.2,152,0,3,0.529,21864,1220.6279,547.17,40.2203,119.4
centered_candidate_000433_e455d900,centered-gaussian,5,5,0,119.2,104,31.4,224.6,88.1803,1779.4,1770,765,2868.8,0,143.62,5.8,83.6,3338.8,2926,976.4,6124,152.2,0,2.6,0.6023,20505.8,2321.5804,935.8926,-12.6901,119.2
centered_candidate_000477_22ad3d69,centered-gaussian,5,5,0,119.2,73,43.8,243.2,115.5602,1852,1621,989,3044.2,0,154.32,5.6,88.8,3692.2,3196,1444.2,6737.2,147.6,0,2.2,0.6483,18072.8,2795.8402,1088.5065,-13.9801,119.2
centered_candidate_000053_9aee4065,centered-gaussian,5,5,0,119,147,61.4,159.6,45.8912,1954,2282,1277.8,2419.2,0,158.98,6,94.2,3945.2,4497,2443.2,5093,152.8,0,2.4,0.6271,18874.4,1234.465,541.8838,38.4544,119
centered_candidate_000392_afed0ed2,centered-gaussian,5,5,0,119,115,88.4,153.8,34.2637,2006.6,2013,1648.4,2354.8,0,155.14,6.2,98,3874.4,3976,2907.8,4736.2,154.2,0,2.8,0.5147,21019.6,816.145,335.6263,71.2682,119
search_candidate_000492_58af787c,random-phased,5,5,0,119,74,61.8,219.8,96.4261,1897.6,1525,1350,2805.2,0,170.84,6,88.6,3845.4,3090,2562,5982.2,163,0,3,0.5107,21535.8,2035.476,864.8382,13.5869,119
centered_candidate_000228_c02679f2,centered-gaussian,5,5,0,118.8,87,42.4,224.6,94.8523,1820.2,1733,911,2829.2,0,140.2,5.6,88.6,3329.8,2994,1348,5684,148,0,2.8,0.5578,21035.8,2167.0827,946.8063,-5.0262,118.8
centered_candidate_000512_ccdec51b,centered-gaussian,5,5,0,118.8,110,82.8,165.2,41.3154,1968.4,1890,1626.6,2401.8,0,151.22,6,96.6,3840,3795,3068.6,4754.6,151.2,0,2.4,0.5673,19248.4,828.9579,392.1044,62.1423,118.8
centered_candidate_000067_3b9a0e3d,centered-gaussian,5,5,0,118.6,67,41.6,240,103.9858,1868.4,1449,1013,3074.2,0,149.06,5.8,90,3425.6,2370,1675,6116.8,150.4,0,2.8,0.5618,20933.2,2319.5319,1019.4103,-10.3929,118.6
centered_candidate_000036_09b9a3ab,centered-gaussian,5,5,0,118.4,79,41.4,236.2,104.4176,1848.2,1624,966.2,3027.4,0,154.42,5.6,88.8,3596.2,3010,1655.2,6276.4,150,0,3,0.6089,21247.4,2410.4239,1035.6655,-10.8088,118.4
centered_candidate_000320_dd7e5382,centered-gaussian,5,5,0,118.4,103,47.6,211.2,84.972,1844.6,1787,1018.2,2822,0,142.98,5.8,89,3301.8,3126,1588.4,5336.2,150,0,2.6,0.6076,20455,1890.8117,898.1551,5.114,118.4
centered_candidate_000231_d9de759c,centered-gaussian,5,5,0,118,49,36,255,115.7756,1749,1196,861.4,3072,0,142.1,5.6,82.6,3176.2,2045,1132.8,6221.6,149.6,0,2.4,0.6834,19231.4,2592.363,1090.1747,-21.8878,118
search_candidate_000195_1a5a7fa0,random-phased,5,5,0,118,96,76.8,177,49.9239,1962.8,1852,1561.4,2474,0,194.86,6.2,89.6,4434.4,3853,3306.4,5949,171.8,0,3.2,0.4802,21651.2,1264.561,461.9738,51.838,118
centered_candidate_000351_6da33cdd,centered-gaussian,5,5,0,117.8,110,70,174.8,53.0675,1955.8,1881,1442,2541,0,159.24,6.2,93.2,3514.4,3377,2567.8,4607.6,154,0,2.8,0.6472,21411.2,1040.1868,552.7486,43.4662,117.8
centered_candidate_000311_a9b98932,centered-gaussian,5,5,0,117.4,87,72.8,192.8,71.754,1953.4,1669,1521.4,2664.8,0,165.34,6,93.4,3856.2,2892,2617,6016,153.4,0,2.8,0.6238,21084.4,2011.9963,671.9502,36.923,117.4
centered_candidate_000242_8fbf073c,centered-gaussian,5,5,0,117,64,50,233.8,109.7342,1803.8,1377,1091.2,2901.6,0,150.72,5.4,87,3536,2625,1832.4,6141.6,146.6,0,2.8,0.4887,20837.4,2357.5339,989.257,-4.8671,117
centered_candidate_000253_9d1ed2c7,centered-gaussian,5,5,0,116.6,80,52.4,207,74.2256,1893.4,1597,1106.6,2893.4,0,148.8,5.8,92.4,3402,2952,1679.2,5549.4,150.8,0,2.4,0.6438,19008.8,1833.1321,834.0193,15.2872,116.6
centered_candidate_000018_34534131,centered-gaussian,5,5,0,116.4,84,50.2,214.2,87.9945,1887.6,1688,1097.8,2889,0,153.26,5.8,90.8,3545.2,2885,1660,6156,146.8,0,2.8,0.5294,20710.4,2353.6093,875.9243,6.2027,116.4
centered_candidate_000493_ce6fd081,centered-gaussian,5,5,0,116.4,114,58.4,177.4,52.3702,1897,1915,1258.6,2569,0,151.08,5.8,92.4,3724,3529,2471.4,5170.4,151.4,0,3,0.5893,21596.4,1207.637,582.7782,32.2149,116.4
centered_candidate_000322_531afab3,centered-gaussian,5,5,0,115.8,101,33,222.2,93.6107,1716.6,1915,794.8,2650.8,0,145.26,5.6,79.4,3139.8,3365,1019.2,5458.6,147.2,0,2.4,0.7413,19830.8,2103.1612,865.7428,-13.8053,115.8
centered_candidate_000482_8bb94895,centered-gaussian,5,5,0,115.8,66,38.4,243,115.387,1794.6,1376,849.2,3171.6,0,143.5,5.2,88.8,3251.8,2591,1155.2,6108.8,144.8,0,3,0.5929,21759.4,2486.1794,1199.2974,-19.2935,115.8
centered_candidate_000012_9de4f5ec,centered-gaussian,5,5,0,115.4,92,52.8,199.4,72.8659,1860.8,1727,1121,2725.2,0,149.08,5.6,90.8,3394.2,2943,1848.2,5290.2,146.8,0,3,0.5782,21671.6,1673.8051,768.6987,16.367,115.4
centered_candidate_000495_471c0a30,centered-gaussian,5,5,0,115.4,54,41.4,246.8,120.4053,1744.2,1219,921.6,3065.4,0,146.32,5.2,84.4,3295.8,2067,1521.6,6217,146.8,0,3,0.5674,21882.6,2616.5066,1170.4733,-18.8027,115.4
centered_candidate_000007_f9afa6f9,centered-gaussian,5,5,0,115.2,82,60.8,199.2,71.7172,1876.4,1657,1248.8,2725,0,154.44,5.6,91.6,3640,3120,2194.4,5635.8,150.4,0,2.6,0.5989,19973.8,1711.4926,714.4854,24.9414,115.2
centered_candidate_000170_0991ac38,centered-gaussian,5,5,0,115.2,64,45.2,238,117.8175,1733,1269,1037.8,2874.6,0,146.34,5.4,83,3293.8,2106,1860.6,5939,156,0,2.4,0.735,19757.8,2585.5444,1064.2143,-13.7087,115.2
centered_candidate_000403_4e600c61,centered-gaussian,5,5,0,115.2,58,43.4,239,114.0586,1786.4,1317,1001,2975.4,0,150.5,5.4,85.6,3386.4,1995,1484.4,6405.2,144.8,0,2.6,0.5757,19776,2616.666,1042.6784,-13.6293,115.2
search_candidate_000285_c6cf501b,random-phased,5,5,0,115.2,85,51.6,210,86.5411,1871.4,1676,1082.8,2885.2,0,150.56,5.6,92,3537.2,2605,1974.4,5814.2,152,0,3,0.5174,21229.4,1939.3761,899.8572,8.3295,115.2
search_candidate_000353_0aef9a3b,random-phased,5,5,0,115.2,118,73.6,156.8,40.936,1988.4,2080,1457.2,2456.6,0,154.04,6,99.2,3685.8,3856,2619.6,4590.2,160.8,0,3,0.5012,21331.4,973.096,486.6286,53.132,115.2
centered_candidate_000008_d07ca835,centered-gaussian,5,5,0,115,102,96.2,147.4,31.132,2020,1942,1831.2,2305.8,0,160.02,6.2,98.8,3936.2,3723,3593.6,4476.8,154.4,0,2.8,0.5404,20932.2,477.5611,264.8056,80.634,115
centered_candidate_000361_fe6c63ae,centered-gaussian,5,5,0,115,89,47.4,196.2,67.1476,1874.8,1675,1143.4,2707.2,0,158.76,5.8,89.6,3592.4,3076,2033.2,5370.2,152.8,0,3,0.5492,21533,1490.9168,700.5191,13.8262,115
search_candidate_000302_0f6f38d3,random-phased,5,5,0,115,103,35.6,215.2,91.1548,1787.8,1787,844.2,2842.6,0,133.84,5.8,86.6,2874.4,2600,1020,5167.2,153.6,0,2.6,0.6777,20154.4,2062.3476,965.4478,-9.9774,115
centered_candidate_000367_678621b4,centered-gaussian,5,5,0,114.8,71,36,240.6,116.6317,1656,1460,787,2811.2,0,140.14,5.4,77.2,3061.8,2247,1065.4,6030.2,151.6,0,2.4,0.6642,19665.4,2716.9999,1042.8593,-22.3159,114.8
search_candidate_000324_b505b187,random-phased,5,5,0,114.8,90,68.2,187,68.1862,1892,1748,1391.8,2552.2,0,169.26,5.6,91.8,3943.2,3310,2862,5599.6,163.8,0,3.2,0.4997,22532.4,1498.2087,616.4057,34.1069,114.8
centered_candidate_000035_a69b1fb6,centered-gaussian,5,5,0,114.6,85,51.8,201.8,74.5053,1866.2,1661,1155.2,2746.6,0,154.14,5.6,91,3574,3321,1845,5694.4,151.6,0,2.4,0.5492,19004.4,1919.3683,759.8735,14.5473,114.6
centered_candidate_000332_0da6d048,centered-gaussian,5,5,0,114.6,109,57,179.4,59.8351,1896.2,1927,1172,2613.6,0,148.5,5.8,92.8,3368.6,3463,1720.6,4966.8,149.6,0,3.2,0.5453,22878.8,1511.8998,716.1459,27.0824,114.6
centered_candidate_000342_3c0d9ebb,centered-gaussian,5,5,0,114.6,65,48.4,212.2,77.8218,1854.4,1337,1088.6,2937.8,0,159.24,5.4,90.4,3777,3012,2173,5973.6,150,0,2.6,0.5289,19138,1795.0252,864.1397,9.4891,114.6
general_top10-average-phased_971687c7,top10-average-phased,5,5,0,114.4,87,64.4,189.2,63.3927,1874.4,1750,1322.6,2589,0,148.06,5.6,92.4,3335,2931,2109.2,5005.4,148.6,0,2.6,0.5403,19385.6,1442.5498,614.2682,32.7036,114.4
centered_candidate_000310_b3593df0,centered-gaussian,5,5,0,114.2,75,53.6,209.4,86.4671,1874.6,1625,1091.4,2886.8,0,154.54,5.8,90.6,3545.4,3241,1589.2,5949,155,0,3.2,0.5658,22567.4,2166.7323,902.911,10.3664,114.2
centered_candidate_000073_11851a5f,centered-gaussian,5,5,0,113.8,116,37.8,198.6,74.8315,1797.2,2020,873,2654.2,0,148.5,5.6,86,3416.4,3593,1196,5778.6,149,0,2.6,0.6742,20296.8,2125.7261,796.7149,0.3842,113.8
centered_candidate_000112_16caa322,centered-gaussian,5,5,0,113.4,81,35.6,224.4,95.6025,1711,1534,808.2,2811.6,0,141.66,5.4,81.4,3062.2,2402,1010,5822.2,148.4,0,2.4,0.7098,19349,2362.5531,927.6907,-12.2013,113.4
centered_candidate_000364_da18f711,centered-gaussian,5,5,0,113.2,88,46.2,205.2,84.2696,1788.4,1697,989.8,2710.4,0,145.52,5.8,85,3294.2,2987,1445.2,5566,154.4,0,2.6,0.6706,20363.2,2143.9568,865.0003,4.0652,113.2
centered_candidate_000273_11efe5cf,centered-gaussian,5,5,0,113,50,26.6,262.4,139.4719,1599.6,1146,689,2980,0,134.04,5.4,73.2,2948.2,1576,924.8,6300,146.2,0,2.4,0.7738,19443.8,3076.2633,1240.024,-43.1359,113
centered_candidate_000462_2432849e,centered-gaussian,5,5,0,113,90,63,178.4,53.2128,1840.8,1637,1295.8,2507.4,0,143.7,5.8,89,3433.4,2975,2234.2,4949.4,147.6,0,3.2,0.5172,22655,1242.3453,547.5277,36.3936,113
search_candidate_000382_855b4fcd,random-phased,5,5,0,112.8,93,71.2,168.8,46.6879,1926.8,1779,1468.8,2481.4,0,154.04,5.6,96.2,3994.4,3884,3027,5071.8,150.6,0,2.6,0.5262,19637.6,994.505,471.3896,47.8561,112.8
search_candidate_000280_06fee993,random-phased,5,5,0,112.6,84,72.8,181.6,65.0649,1905.4,1687,1515.6,2533.2,0,169.84,5.8,91.6,3870,3232,2953.6,5454,162.8,0,2.4,0.5618,18709.4,1505.5014,584.2905,40.2676,112.6
centered_candidate_000053_dd042d47,centered-gaussian,5,5,0,112.2,74,36.8,217.4,85.7191,1828.4,1563,873,3009.6,0,145.76,5.6,89.4,3448,2956,1415.4,5919.8,150.2,0,3.2,0.5282,22497,2058.0906,974.1024,-6.0595,112.2
centered_candidate_000352_8dcb83ea,centered-gaussian,5,5,0,112,87,63,186.2,66.3144,1850.2,1707,1345.2,2509.8,0,157.24,5.8,88,3593,3226,2230.8,5406.6,151,0,2.8,0.5039,20655.4,1616.2732,574.7004,29.8428,112
centered_candidate_000313_7f91f1e8,centered-gaussian,5,5,0,111.8,54,50.4,229.2,113.2438,1760.4,1203,1134.2,2940.6,0,146.82,5.4,84.8,3212.6,2052,1738,5886.2,148,0,2.6,0.6296,20182.8,2598.7888,1144.5648,-6.2219,111.8
centered_candidate_000291_257a6cb0,centered-gaussian,5,5,0,111.6,92,57.8,177.4,53.6306,1830.2,1703,1255.4,2482.2,0,151.28,5.6,88.8,3611.4,3412,2505,4875.4,151.2,0,3,0.563,21259.2,1054.8984,542.8478,30.9847,111.6
centered_candidate_000211_f2b1b2c2,centered-gaussian,5,5,0,111.2,59,47,223.4,103.7775,1719.6,1301,1101.8,2726.2,0,155,5.4,79.8,3446.4,2385,1987.2,5899.6,144.8,0,2.6,0.5586,19512.4,2280.4011,929.1793,-4.8887,111.2
centered_candidate_000372_92b630f5,centered-gaussian,5,5,0,111.2,85,39.4,212.6,93.8688,1763.6,1599,893.6,2847.2,0,141.42,5.4,85.8,3236.8,2489,1267.8,5898.6,145.4,0,2.6,0.7235,20477.4,2390.0404,995.7961,-7.5344,111.2
centered_candidate_000055_f81639c8,centered-gaussian,5,5,0,111,91,56.8,173,52.1881,1862.4,1697,1190.8,2584.2,0,142.94,5.6,92.6,3303.8,2835,1875.4,4857.4,147.8,0,2.8,0.5907,21098,1353.1856,624.4715,30.7059,111
centered_candidate_000120_db22a2ec,centered-gaussian,5,5,0,111,90,56.6,187.6,71.9889,1811.6,1624,1220.8,2574.8,0,151.36,5.4,88.6,3475.6,3060,1982.8,5358.8,149.8,0,2.2,0.6485,18191.2,1742.3035,720.1885,20.6056,111
centered_candidate_000157_a34eddcd,centered-gaussian,5,5,0,111,73,61.8,189,65.6628,1925.2,1531,1362,2769.2,0,162.22,5.8,93.4,3766.2,2804,2513.8,5692.6,149.8,0,3,0.5267,21487.8,1564.8214,698.891,28.9686,111
centered_candidate_000254_2b265180,centered-gaussian,5,5,0,111,65,39.2,225.2,101.8312,1719.4,1418,879.4,2848,0,138.54,5.6,83.4,3025.4,2690,1245.6,5298.2,167.8,0,2.6,0.7543,21777.2,2065.3407,976.8278,-11.7156,111
search_candidate_000108_534249c6,random-phased,5,5,0,110.8,118,55,162.2,49.1748,1831.8,2022,1115.4,2435,0,141.98,5.8,89.4,3500.4,3982,1874.6,4731.8,153.4,0,2.6,0.6562,20223.8,1376.5644,631.637,30.4126,110.8
centered_candidate_000403_7178ae01,centered-gaussian,5,5,0,110.4,82,56.6,185.2,64.0144,1816.2,1672,1229,2509.6,0,160.32,5.6,86.2,3706.6,3485,2396.6,5248.2,150.6,0,2.6,0.5512,19735.2,1428.0019,632.3225,24.5928,110.4
search_candidate_000217_3cf0b6c6,random-phased,5,5,0,110.4,89,71,165,44.648,1886,1741,1454,2421.4,0,180.58,5.8,87.8,3940.4,3090,2869.8,5470.8,156,0,3.2,0.5192,22217.4,1219.8519,440.4448,48.676,110.4
centered_candidate_000028_5d879154,centered-gaussian,5,5,0,110.2,106,87.8,136.4,21.9308,1897.4,1845,1650,2184.6,0,146.06,5.8,94,3435.8,3244,2977.6,4030.4,150.8,0,2.8,0.5629,20959.4,498.5308,244.0841,76.8346,110.2
centered_candidate_000146_5b48c936,centered-gaussian,5,5,0,110.2,59,36.4,227.4,99.8066,1681.8,1246,891.2,2823.4,0,149.98,5.2,79.2,3275.2,2034,1391.2,6172.4,146.6,0,2.4,0.6104,18401.2,2423.3371,936.8196,-13.5033,110.2
centered_candidate_000441_1a0bcbfd,centered-gaussian,5,5,0,110.2,92,60,180.4,66.1828,1845.2,1607,1314.8,2591.2,0,151.88,5.6,90,3512.8,2898,2324.2,5260,149.8,0,3.2,0.6113,22616,1535.9952,678.4752,26.9086,110.2
search_candidate_000147_cb0acdc9,random-phased,5,5,0,110.2,84,55.8,194.8,79.9435,1881.6,1729,1238.6,2745.6,0,160.14,5.6,92,3666.4,3016,2300.4,5690,153.2,0,3.2,0.5082,22437,1942.402,795.7182,15.8283,110.2
general_top10-average-phased_643fcf0a,top10-average-phased,5,5,0,110,64,45.6,202.2,73.6668,1760.4,1410,1054,2652.8,0,176.02,5.4,80.6,3809.6,2439,2052.8,6366,152.2,0,2.6,0.5288,19358.2,2031.8002,724.7128,8.7666,110
general_top5-average-phased_736bfa3f,top5-average-phased,5,5,0,110,75,44.4,213,94.9779,1840.2,1626,1037,2924.4,0,167.98,5.4,89.2,3884,3290,1982.2,6531,158.6,0,2.8,0.5347,19711,2412.892,992.3295,-3.0889,110
centered_candidate_000509_40f40df1,centered-gaussian,5,5,0,109.8,93,75,157,41.0775,1865.4,1821,1460,2320.8,0,152.16,5.6,91.8,3691.4,3601,2865.2,4639.6,151.4,0,2.8,0.5191,20595.4,899.7501,417.5287,54.4613,109.8
search_candidate_000218_e2cbddfc,random-phased,5,5,0,109.8,115,75,146.2,33.1867,1922.6,2023,1545.4,2268.8,0,164.52,5.8,94,3752,3989,3038,4380.2,160.2,0,3.2,0.5292,22329.2,605.2761,324.0374,58.4066,109.8
centered_candidate_000117_c6307c5f,centered-gaussian,5,5,0,109.6,90,61.4,177.4,60.3079,1855.2,1630,1311.8,2588.4,0,150.16,5.8,89.6,3334.4,2693,2136.6,5135.2,148.2,0,3,0.549,21694.4,1560.0817,630.505,31.2461,109.6
centered_candidate_000030_aac1a449,centered-gaussian,5,5,0,109.2,94,39.8,190.6,67.3273,1794.4,1736,914.6,2725,0,148.34,5.4,87.8,3187.2,3141,1437,4971.8,148.8,0,2.6,0.5921,19731,1550.4996,797.6775,6.1364,109.2
centered_candidate_000397_5f638b40,centered-gaussian,5,5,0,109.2,119,73.6,134.8,31.1859,1878.6,2098,1405.8,2165.4,0,143.78,6,91.6,3630.6,3962,2652,4329.8,151.8,0,2.4,0.6913,19273,866.0738,406.2544,58.0071,109.2
centered_candidate_000375_98231ed1,centered-gaussian,5,5,0,109,59,36,233.4,119.6177,1623,1262,849.2,2782.4,0,133.46,5.2,77.6,2931.8,2082,1099.8,5701.8,150.6,0,2.2,0.7242,19040.4,2594.3401,1091.6461,-23.8089,109
centered_candidate_000434_6e091827,centered-gaussian,5,5,0,109,111,94,123.6,13.1453,1892.2,1862,1737,2087.6,0,152.32,5.6,94.2,3855,3719,3395.8,4470.4,151.8,0,3.4,0.5166,23431.6,550.8165,167.7121,87.4273,109
centered_candidate_000132_b77940b8,centered-gaussian,5,5,0,108.8,57,51.2,213,95.8737,1745.6,1317,1176.8,2698.6,0,147.92,5.4,83.6,3278.6,2358,1931.8,5481.8,146.4,0,3,0.5627,21824.2,2046.1005,862.0308,3.2632,108.8
centered_candidate_000480_c75d1f27,centered-gaussian,5,5,0,108.8,90,46.6,191.4,73.3578,1771,1620,1034.8,2652.2,0,145.02,5.4,86.2,3236,3056,1529.2,5319.4,146.4,0,3,0.6305,22007.4,1897.9141,770.2161,9.9211,108.8
centered_candidate_000489_7a2b1c20,centered-gaussian,5,5,0,108.8,64,33.8,232.8,118.4253,1607,1281,821,2769.6,0,147.42,5,74.4,3159.2,2023,1238.2,6197.4,140.8,0,2.2,0.7482,18534.2,2866.9821,1078.946,-25.4127,108.8
centered_candidate_000032_43223bee,centered-gaussian,5,5,0,108.6,67,50.2,204.8,88.9733,1780,1445,1143.8,2698.2,0,150.02,5.6,84.8,3441.8,3080,1780.6,5603.6,147,0,2.8,0.5962,21194.2,2010.3104,825.6886,5.7134,108.6
centered_candidate_000278_8e966598,centered-gaussian,5,5,0,108.6,74,58.8,192.6,77.9092,1823.6,1474,1293.4,2669.4,0,158.28,5.6,87.4,3603.2,2815,2399.4,5528.4,150.8,0,3,0.5805,21592.8,1760.7131,770.9536,19.8454,108.6
centered_candidate_000151_d44a9092,centered-gaussian,5,5,0,108.4,83,46,202.4,86.687,1787.6,1646,1113.2,2695,0,153.36,5.6,85.2,3374,2796,1719.2,5691.2,149.8,0,2.6,0.5921,19676.6,2046.6519,832.202,2.6565,108.4
search_candidate_000396_2d853289,random-phased,5,5,0,108.4,93,44,196,79.3337,1786,1756,1089.2,2603.6,0,159.14,5.6,85.2,3445.2,3260,1801.2,5515.6,161.2,0,2.8,0.5303,20337.2,1889.9442,724.0892,4.3331,108.4
centered_candidate_000409_1fbfd150,centered-gaussian,5,5,0,108.2,92,87.2,141.2,27.0732,1898.8,1685,1644.2,2291.8,0,159.4,5.6,93.4,3903.6,3599,3339.6,4632.2,149.2,0,2.8,0.4736,20267.8,597.0345,314.8971,73.6634,108.2
centered_candidate_000450_48175630,centered-gaussian,5,5,0,107.8,83,46.6,191.4,70.98,1784,1641,993.6,2703.8,0,150.78,5.4,87,3523.6,2947,1558,5917.4,152,0,2.4,0.6347,19069.2,2060.8093,795.7273,11.11,107.8
centered_candidate_000067_9700642b,centered-gaussian,5,5,0,107.6,62,42.2,207,82.6767,1711.8,1371,995,2699.2,0,145.92,5.4,81.4,3175.6,2309,1651.4,5422.8,147.8,0,3,0.5198,22189.6,1909.0038,830.9256,0.8616,107.6
centered_candidate_000349_6dd1bd31,centered-gaussian,5,5,0,107.6,77,37.4,211.2,92.2423,1742.4,1582,888,2831.6,0,146,5.4,83.6,3228,2664,1151,6047,144.2,0,2.2,0.671,18397.8,2509.0849,952.5743,-8.7211,107.6
centered_candidate_000321_fb9a8913,centered-gaussian,5,5,0,107.4,66,54.6,194.4,75.6217,1778.8,1397,1250.8,2581,0,155.54,5.6,84.4,3408.8,2729,2207,5209.6,152,0,3.4,0.46,23626.2,1540.7481,667.1897,16.7892,107.4
centered_candidate_000415_6e88e972,centered-gaussian,5,5,0,107.4,88,81.4,147.2,32.0475,1886,1758,1601,2261.8,0,156.46,5.6,92.8,3821,3672,3137,4646.4,147.8,0,2.4,0.5142,18377,682.9843,302.8518,65.3763,107.4
centered_candidate_000346_dca28c73,centered-gaussian,5,5,0,106.8,117,60,143.8,38.8505,1787,2035,1159.8,2229,0,143.54,5.6,86.8,3218.8,3566,2088.4,4071,148.2,0,3.2,0.5207,22898.4,927.1913,506.0071,40.5748,106.8
centered_candidate_000429_a5e32d72,centered-gaussian,5,5,0,106.8,109,71.8,139.4,33.289,1876.6,2015,1423.6,2210.6,0,152.14,5.8,91.6,3544.2,3605,2615,4332.6,150,0,2.4,0.6132,19181.2,849.665,414.595,55.1555,106.8
centered_candidate_000311_ce924a7b,centered-gaussian,5,5,0,106.6,104,70.4,144.6,33.7437,1852.8,1910,1371.6,2279.2,0,152.5,5.6,91,3610.2,4273,2394.8,4367,150,0,2.2,0.6428,17771.4,978.2812,415.9901,53.5281,106.6
search_candidate_000180_1da59472,random-phased,5,5,0,106.6,93,64,166.2,52.7204,1823.4,1720,1308.4,2468,0,166.44,5.4,88.4,3694.2,3657,2394,5249.8,157.8,0,3.2,0.5035,22192.2,1391.252,546.0394,37.6398,106.6
centered_candidate_000084_7898a5cd,centered-gaussian,5,5,0,106.4,102,61.2,157.6,49.5847,1798.2,1861,1208.8,2369.2,0,148.88,5.6,86.8,3225,3096,2019.2,4523.8,147.2,0,3,0.5603,21856.6,1189.0605,550.1663,36.4077,106.4
centered_candidate_000288_053e918a,centered-gaussian,5,5,0,106.2,86,34.4,205.6,90.3557,1634.8,1628,838.8,2569.8,0,140.88,5.2,77.6,3010.2,2574,1230.2,5372.6,149.6,0,2.8,0.5965,21016.8,2111.6851,852.0355,-10.7779,106.2
centered_candidate_000430_3330b155,centered-gaussian,5,5,0,106.2,98,78.2,139.6,27.4182,1886.2,1896,1521.2,2249,0,153.8,5.8,92.4,3658,3669,2932.4,4380.6,151.8,0,2.8,0.5319,20570.4,636.3081,319.4354,64.4909,106.2
centered_candidate_000136_45697d7f,centered-gaussian,5,5,0,105.8,58,28.6,228.2,109.1044,1677,1226,759.8,3003.4,0,134.52,5.2,82,2996.6,1647,1045.2,6035,147.2,0,2.6,0.7133,20366.8,2599.8114,1136.7387,-25.9522,105.8
centered_candidate_000099_056edb33,centered-gaussian,5,5,0,105.6,89,47.6,179.2,61.6266,1767.6,1729,1035.8,2573.4,0,157.96,5.4,84.6,3572.6,3161,1920.8,5652.4,150.4,0,2.6,0.6105,20027.4,1801.3144,693.1821,16.7867,105.6
search_candidate_000226_9a65a056,random-phased,5,5,0,105.6,60,41,199.8,74.9362,1763.4,1287,996.6,2812.8,0,151.64,5.4,85.2,3422.2,1890,1546.2,6316.4,149.6,0,2.8,0.5354,21028.4,2325.7596,837.3096,3.5319,105.6
centered_candidate_000123_67110279,centered-gaussian,5,5,0,105.4,41,36.8,234.2,121.2511,1563.4,940,851.2,2832.6,0,136.08,4.8,74.6,2926.6,1614,1183.8,5922.2,141.4,0,2.4,0.6912,19081,2790.0769,1156.7851,-23.8256,105.4
search_candidate_000355_4e8c2db8,random-phased,5,5,0,105.4,79,45.2,186.2,65.8623,1768,1576,1061.2,2623.6,0,155.96,5.6,83.8,3566.8,3221,2118.8,5262,153.2,0,2.8,0.5596,20691.2,1420.1272,707.2674,12.2689,105.4
centered_candidate_000059_0194cdb1,centered-gaussian,5,5,0,105.2,58,41.8,215.2,102.1751,1669.8,1250,981,2753.8,0,147.94,5.4,78,3087.2,2239,1654.6,5345,149.2,0,2.6,0.5747,19910.2,2005.6453,949.4877,-9.2876,105.2
centered_candidate_000189_21708ff6,centered-gaussian,5,5,0,105,123,40.4,164.8,56.0892,1770.4,2047,934,2503.4,0,147.22,5.4,86.4,3419.4,4192,1573.6,4975.8,148,0,2.6,0.6444,19969,1557.3762,707.4316,12.3554,105
centered_candidate_000191_cab8afcb,centered-gaussian,5,5,0,105,93,57,166.2,54.0481,1792.4,1740,1309,2337,0,159.2,5.6,85,3577.8,3497,2534.8,4821.4,149.4,0,3.2,0.5089,22392.4,1081.3265,488.7439,29.9759,105
centered_candidate_000251_16e3176b,centered-gaussian,5,5,0,105,108,58,151.6,41.2892,1759,1904,1148.2,2310,0,141.14,5.6,85.2,3229.4,3553,2098,4253.8,149.2,0,2.8,0.575,20768.4,966.9868,520.3437,37.3554,105
centered_candidate_000301_7c9fcdc6,centered-gaussian,5,5,0,105,89,53,163.2,49.368,1808.2,1680,1216.4,2439.2,0,148.24,5.4,89.4,3347.2,2801,2082.6,4858,147.8,0,3.2,0.4882,22743,1253.969,544.0972,28.316,105
general_top10-average-phased_b24ba1b3,top10-average-phased,5,5,0,105,56,43.2,213.6,100.2996,1625,1240,1006.4,2591.6,0,139.22,5.2,76.8,2919.8,1936,1365,5400.8,145.4,0,2.6,0.6027,20238.2,2213.8502,852.8611,-6.9498,105
centered_candidate_000284_6c3194d5,centered-gaussian,5,5,0,104.6,50,36.2,225.2,113.3271,1679.8,1135,952,2876.2,0,141.1,5.4,79.8,3058.6,1907,1235.6,6005.2,146.4,0,2.6,0.5928,20020.6,2691.9353,1066.9124,-20.4636,104.6
centered_candidate_000407_342c1d70,centered-gaussian,5,5,0,104.6,104,73.8,134.8,27.7748,1858,1985,1453.6,2177.4,0,146.62,5.6,92.6,3480.4,3495,2711.6,4132.2,149.6,0,2.6,0.578,19937.2,687.0125,350.8361,59.9126,104.6
centered_candidate_000223_e5e6f975,centered-gaussian,5,5,0,104.4,72,47,188.2,71.5055,1740.2,1550,1046.2,2628.6,0,143.78,5.4,84.2,3189.4,2671,1631,5225.8,144.6,0,2.8,0.6593,21280.6,1742.2649,774.2484,11.2472,104.4
centered_candidate_000253_e1a9d72e,centered-gaussian,5,5,0,104.4,61,37.2,206.8,86.5762,1693.6,1279,896.4,2792.2,0,140.36,5.4,81.4,3062.8,2315,1256.4,5427.6,149.6,0,2.8,0.6728,21397,1967.9739,910.3548,-6.0881,104.4
centered_candidate_000506_dddc56bc,centered-gaussian,5,5,0,104.4,93,83.4,136.4,28.5769,1847.8,1693,1619.2,2193,0,148.62,5.6,91.4,3524.2,3366,3121.4,4099,149.2,0,2.8,0.6096,20628.4,516.6188,280.74,69.1115,104.4
centered_candidate_000216_d95b2531,centered-gaussian,5,5,0,104.2,103,74.8,135,28.7152,1905.2,2025,1457.6,2270.4,0,157.18,5.6,95,3715.4,3820,2773.6,4647.4,151.2,0,2.8,0.5644,20505.4,847.3482,381.0068,60.4424,104.2
centered_candidate_000264_860445a6,centered-gaussian,5,5,0,104.2,113,63.4,138.8,34.5335,1859.8,2018,1346,2262.8,0,152.22,5.6,92.2,3577.8,3845,2596.4,4385.4,153,0,3.2,0.5112,22590.8,800.9163,419.7382,46.1333,104.2
centered_candidate_000150_913d06ab,centered-gaussian,5,5,0,104,79,77.4,155,49.5419,1815,1632,1553.4,2251.6,0,158.54,5.6,87,3646.6,3060,2798.8,4987.2,148.6,0,2.8,0.5674,20636.4,1153.474,396.0682,52.629,104
centered_candidate_000321_c029ecfb,centered-gaussian,5,5,0,104,123,47.2,151.8,46.9212,1746.6,1933,1025.2,2368.8,0,135.02,5.4,86.4,3179.6,3535,1626.8,4544.6,146,0,2.8,0.5495,21098.6,1302.1443,596.8369,23.7394,104
search_candidate_000015_bc8dca05,random-phased,5,5,0,104,43,38.2,222,104.8218,1544,984,858.8,2699.2,0,136.66,5.2,75.8,2843.2,1540,1316,5287.4,197.4,0,2.8,0.9406,24148.4,1995.3543,994.203,-14.2109,104
centered_candidate_000361_9920356e,centered-gaussian,5,5,0,103.8,117,64.8,130.2,35.9522,1856.4,2023,1310,2234.8,0,140.94,5.6,93.4,3258.6,3503,2074,4175.4,148.4,0,2.6,0.5609,20219.2,1095.7734,525.0998,46.8239,103.8
centered_candidate_000295_c7aa0a96,centered-gaussian,5,5,0,103.6,65,40.2,208.6,98.5649,1655.8,1344,905.2,2750,0,141.56,5,80.6,3071.2,2305,1240.8,5776.8,145.6,0,2.6,0.6111,19693,2442.5704,972.6357,-9.0825,103.6
centered_candidate_000414_859b05e5,centered-gaussian,5,5,0,103.6,42,39.6,225.2,115.5052,1576.8,1007,939.2,2721.8,0,153.68,4.8,73.4,3219.6,1841,1517.4,6141.8,145.4,0,3,0.5276,21094.8,2626.8329,1047.9501,-18.1526,103.6
search_candidate_000383_cfd0cbb6,random-phased,5,5,0,103.4,68,38.8,204.2,90.0169,1668.8,1427,920.8,2731.8,0,143.18,5.2,80.6,2996.8,2140,1206,5714,151.4,0,3,0.5857,21380,2445.034,962.0169,-6.2084,103.4
centered_candidate_000086_6f3925f4,centered-gaussian,5,5,0,103.2,104,44.8,161.2,51.5263,1739.2,1803,1049.6,2375.4,0,143.6,5.4,84.4,3155.4,3124,1598,4697,145.4,0,2.6,0.6578,19902.2,1365.4382,586.9645,19.0368,103.2
centered_candidate_000106_cd828f16,centered-gaussian,5,5,0,103.2,92,69.6,141.6,32.9509,1811,1681,1408.8,2264.4,0,149.46,5.4,89.8,3548.4,3335,2728.4,4506.4,149.8,0,2.6,0.5506,19911.2,800.3731,394.8205,53.1246,103.2
search_candidate_000042_6f4e2740,random-phased,5,5,0,103.2,77,59.2,173.2,66.3126,1802.8,1616,1308.6,2495.8,0,166.54,5.6,86.8,3604.8,3110,2221.8,5506.4,169,0,3,0.5103,21101.4,1737.027,646.9765,26.0437,103.2
centered_candidate_000338_74cda026,centered-gaussian,5,5,0,102.8,120,63.6,132.4,31.562,1800.8,1941,1348.2,2157.8,0,145.86,5.6,88,3316.8,3584,2266.2,4230,147.6,0,2.4,0.5858,18952.2,888.2669,369.169,47.819,102.8
search_candidate_000115_2524415f,random-phased,5,5,0,102.8,104,88.4,117.2,12.7342,1906.4,1912,1730,2080.6,0,149.46,5.6,97.4,3501.4,3368,3166.2,3932,159.6,0,2.8,0.5597,20788,378.4339,153.7928,82.0329,102.8
search_candidate_000242_8936ffd6,random-phased,5,5,0,102.8,80,33,194.4,81.1502,1650.6,1524,724,2690.2,0,134.32,5.4,83.6,3060,2826,1051.6,5295.4,195.2,0,2.8,0.7352,23395,1960.5117,933.1494,-7.5751,102.8
centered_candidate_000321_227fb504,centered-gaussian,5,5,0,102.6,109,59.2,145.2,38.4219,1817.8,1921,1318.4,2262.8,0,147.6,5.6,89.2,3422.8,3637,2504.8,4247.6,148,0,2.6,0.5818,19619.4,773.0468,420.4209,39.9891,102.6
search_candidate_000381_16e24f8c,random-phased,5,5,0,102.6,98,55.8,148.4,41.355,1876.2,1862,1265,2447.2,0,156.46,5.6,92.6,3793.6,3586,2640,4935.2,148.4,0,2.8,0.5137,20226.8,1048.0301,532.0325,35.1225,102.6
centered_candidate_000210_5ed6b64d,centered-gaussian,5,5,0,102.4,93,61.8,158.4,51.6976,1791.8,1762,1280,2419,0,149.08,5.2,89.4,3254.2,3300,2146,4479.6,145.6,0,2.8,0.4931,20544.6,1126.1397,569.2414,35.9512,102.4
centered_candidate_000478_572c9bdc,centered-gaussian,5,5,0,102.4,84,51,163,50.9258,1766.8,1668,1101.2,2474.2,0,142.12,5.4,87.2,3258.4,3336,1716.4,4698.4,147,0,2.6,0.5824,19668,1318.537,611.8357,25.5371,102.4
centered_candidate_000071_befd218e,centered-gaussian,5,5,0,102,82,36.4,183.4,66.5162,1742.8,1740,856,2656,0,149.14,5.2,85.6,3346.4,3421,1301.8,5440.8,148,0,2.6,0.6306,19798.6,1825.8822,793.5879,3.1419,102
centered_candidate_000105_859f80bb,centered-gaussian,5,5,0,102,102,56,146.4,42.8206,1764,1977,1098,2288.8,0,142.02,5.4,87,3128.8,3542,1639.6,4318,146.6,0,2.2,0.6643,18294.2,1268.7945,574.3417,34.5897,102
centered_candidate_000132_7bd96faf,centered-gaussian,5,5,0,102,89,70.4,142.8,34.9686,1772,1709,1407.4,2168.2,0,146.52,5.4,87.4,3452,3233,2560,4479,151.8,0,2.8,0.5554,20891.6,896.8148,348.5582,52.9157,102
search_candidate_000358_d460c3a6,random-phased,5,5,0,102,73,48.8,180.6,67.7348,1744.4,1498,1133,2551.8,0,168.58,5.4,81.6,3721.2,2806,2204.4,6001,153.6,0,2.6,0.4963,19326.4,2007.4353,688.4692,14.9326,102
centered_candidate_000247_155fc909,centered-gaussian,5,5,0,101.8,89,65.6,143,35.5494,1775.4,1781,1367.2,2160.2,0,147.4,5.4,87.4,3422.6,3397,2665.2,4115,149.8,0,3,0.5641,21616,665.567,357.6303,47.8253,101.8
centered_candidate_000347_82032ab7,centered-gaussian,5,5,0,101.8,109,54.2,144.2,41.7488,1768,1935,1147,2255.6,0,145.86,5.4,87.4,3211,3751,1776,4277.8,153.6,0,3,0.5665,21726,1172.7324,542.8079,33.3256,101.8
centered_candidate_000107_0d9635a0,centered-gaussian,5,5,0,101.6,86,51.2,161,50.4801,1733.8,1595,1067.2,2470.6,0,141.48,5.4,84.8,3090.4,2564,1600,4902.6,148.4,0,2.2,0.649,18576.8,1561.8185,654.9508,25.96,101.6
centered_candidate_000271_fc92dc3b,centered-gaussian,5,5,0,101.6,94,62.8,147.8,40.49,1761.8,1632,1316.2,2293,0,151.62,5.6,84.4,3423.4,3004,2262,4814.8,152,0,3,0.5791,21780.6,1180.1674,457.8844,42.555,101.6
search_candidate_000473_8cfddcd1,random-phased,5,5,0,101.6,42,40.4,211.8,96.0929,1620,981,972,2748,0,145.2,5,77.6,3039,1619,1481,5725,149.4,0,2.8,0.5794,21120.2,2282.273,939.4758,-7.6464,101.6
search_candidate_000311_68902315,random-phased,5,5,0,101.4,77,55.8,167.6,58.0917,1815.6,1567,1299.8,2530.4,0,160.3,5.8,87.2,3390.6,3101,2383.2,4731,163.8,0,3.2,0.5947,22576.8,1267.1111,634.8791,26.7542,101.4
centered_candidate_000149_df18e2f7,centered-gaussian,5,5,0,101.2,87,52.2,156,46.2575,1748.2,1655,1113,2397.2,0,141.16,5.4,86,3172.4,3042,1759.2,4682.6,147.2,0,2.8,0.6003,20965.8,1296.3417,575.972,29.0712,101.2
centered_candidate_000118_6169d71b,centered-gaussian,5,5,0,101,68,43.6,195.2,89.2457,1618.2,1428,947.4,2556.8,0,134.64,5.4,76.2,2771,2211,1233.2,4981,146.4,0,2.2,0.7722,18502,2032.492,861.866,-1.0229,101
centered_candidate_000185_ded03c2f,centered-gaussian,5,5,0,101,59,46.4,194.2,85.8999,1704,1351,1049,2687.6,0,145.96,5.2,82.8,3067,2119,1511.8,5468.2,145.8,0,2.4,0.7091,19301.4,2162.0941,897.1479,3.45,101
centered_candidate_000257_c7ee033d,centered-gaussian,5,5,0,101,66,35.6,204,94.1361,1696.4,1380,838,2904.6,0,138.18,5,84.6,2997.6,2791,1207.4,5182.6,143.4,0,2.8,0.5969,20703.6,1957.9511,1066.0211,-11.468,101
centered_candidate_000387_922bae8a,centered-gaussian,5,5,0,101,56,36.2,211.6,106.0622,1575.8,1207,926,2601,0,140.36,5.2,73.2,2811,1913,1417.8,5065.4,147.4,0,2.6,0.658,20235.4,2128.0086,974.0627,-16.8311,101
search_candidate_000290_375f7326,random-phased,5,5,0,101,87,82.4,133.6,30.6659,1809.4,1670,1565,2196.6,0,150.02,5.4,91.2,3216.4,2840,2716.4,3964.4,163,0,2.6,0.5292,19732.2,604.8301,357.0975,67.067,101
centered_candidate_000482_bd779dfa,centered-gaussian,5,5,0,100.8,90,33.2,186,75.3483,1663.6,1683,787,2621.2,0,139.8,5.2,80.4,2993.2,2745,1100,5275,145,0,2.4,0.6728,19302,1993.9052,841.6017,-4.4741,100.8
centered_candidate_000370_5f754148,centered-gaussian,5,5,0,100.6,116,68.8,120.2,26.7028,1822.6,1982,1427.6,2073.8,0,147.82,5.6,89.8,3412,3385,2686.2,4081.8,148,0,2.8,0.5641,20877.2,634.8953,348.1044,55.4486,100.6
centered_candidate_000109_5f3758cb,centered-gaussian,5,5,0,100.4,93,69.6,134.8,29.7362,1791,1676,1419.6,2197.6,0,150.34,5.4,88.2,3446,3354,2640.8,4307,148.4,0,3.2,0.5259,22454.6,737.5286,357.3682,54.7319,100.4
centered_candidate_000349_8c45f918,centered-gaussian,5,5,0,100.4,93,70.4,135.2,30.7805,1770.4,1759,1411.4,2128.8,0,145.66,5.4,87.4,3483.8,3281,2725,4355.2,149.6,0,2.6,0.5854,19910.2,754.5874,321.9799,55.0097,100.4
centered_candidate_000491_d822698f,centered-gaussian,5,5,0,100.4,82,74.2,140.2,32.4136,1793.4,1589,1533.4,2197.8,0,141.76,5.6,88.4,3165.2,2966,2490.2,4010.6,148,0,2.2,0.6418,18060.8,722.8509,332.4952,57.9932,100.4
centered_candidate_000062_c57f5961,centered-gaussian,5,5,0,100.2,112,57.6,135.8,36.4878,1804,2008,1225.4,2255.8,0,151.46,5.4,89.2,3567.8,3616,2523.4,4666.6,148.8,0,2.6,0.4996,19421.6,979.2808,480.687,39.3561,100.2
centered_candidate_000282_83fe4a3a,centered-gaussian,5,5,0,99.6,102,58.8,138,38.4843,1730.2,1744,1223.4,2189.8,0,140.16,5.4,85,3288.6,3248,2186.6,4385.8,148.8,0,2.4,0.6339,19190.2,1084.6774,484.184,39.5579,99.6
centered_candidate_000449_fd4784aa,centered-gaussian,5,5,0,99.6,116,51.2,139.4,39.8628,1788,2024,1179.4,2280,0,144.28,5.6,87.8,3289.2,3893,2018.8,4278,149.8,0,2.8,0.6007,20559.2,1047.6273,501.7876,31.2686,99.6
centered_candidate_000421_5366a8ca,centered-gaussian,5,5,0,99.4,52,38.6,205.8,98.5507,1579.4,1162,933.4,2598.8,0,144.06,5,74.4,2824.8,1760,1414.4,5206.8,146.2,0,2.8,0.6139,20870.8,2204.6643,892.3173,-10.6753,99.4
search_candidate_000179_98e2711f,random-phased,5,5,0,99.2,91,65.8,136.2,32.5969,1762.8,1695,1337,2203.8,0,142.22,5.4,88.4,3230,3370,2295.8,4051.8,158.2,0,2.8,0.4675,20431.2,823.0465,409.8782,49.5015,99.2
centered_candidate_000150_b35e65f9,centered-gaussian,5,5,0,99,74,54,169.4,64.1748,1750.2,1557,1232,2498.8,0,151.38,5.4,85,3220.4,2962,2150.8,4591.8,150.2,0,3,0.5409,21678.6,1254.0703,669.8628,21.9126,99
centered_candidate_000153_8857b9e9,centered-gaussian,5,5,0,99,107,62.6,126.4,31.3369,1739.6,1935,1298.4,2011.6,0,146.24,5.2,85.8,3355.6,3568,2403,4042.8,144.2,0,2.6,0.5723,19656.6,847.8591,385.7577,46.9316,99
search_candidate_000279_8b0a26ef,random-phased,5,5,0,99,57,43.2,193.4,86.0814,1659.4,1260,1020,2635.8,0,149.9,5.2,79.4,2987,1888,1506.2,5446,153.2,0,3,0.5763,21772.4,2246.1633,860.9852,0.1593,99
centered_candidate_000091_ee4fb712,centered-gaussian,5,5,0,98.8,91,67.4,134.4,30.3868,1814.2,1672,1430,2261.6,0,150.54,5.4,90.4,3477.4,3060,2712,4412.8,149.2,0,3.2,0.4984,22624.8,781.0986,373.7777,52.2066,98.8
search_candidate_000029_8df90c5d,random-phased,5,5,0,98.8,91,83.4,119.6,16.9517,1826.2,1710,1596.2,2145.6,0,158.12,5.4,90.8,3640.8,3637,3142.2,4179.4,155.8,0,2.8,0.5092,20345,465.9298,260.0257,74.9242,98.8
centered_candidate_000160_8344e120,centered-gaussian,5,5,0,98.6,86,57.6,147,40.5591,1751.6,1598,1336.4,2254.8,0,149.5,5.4,85.4,3443.6,3310,2399.8,4537.6,149.2,0,2.6,0.5062,19618.4,982.5596,432.2932,37.3205,98.6
centered_candidate_000224_c59e3aa9,centered-gaussian,5,5,0,98.4,54,34,196.2,79.7762,1624.8,1219,857.6,2679.4,0,139.92,5,78.8,2923,2087,1212.8,5267.8,144.4,0,2.4,0.6532,19421.8,1901.4393,849.68,-5.8881,98.4
centered_candidate_000307_e94f4781,centered-gaussian,5,5,0,98.4,108,66.4,123.6,26.3257,1791.8,1966,1383.4,2066.6,0,146.74,5.4,89,3231,3445,2220.8,4033.4,147,0,2.4,0.6965,19247,908.4895,335.2023,53.2372,98.4
centered_candidate_000290_88a75565,centered-gaussian,5,5,0,98.2,95,62.2,139.4,35.6056,1737.2,1657,1314.2,2210.6,0,141.96,5.4,85.4,3169,2934,2269,4234.2,148.2,0,3.2,0.5683,22488.6,880.5859,401.4546,44.3972,98.2
centered_candidate_000456_317335a0,centered-gaussian,5,5,0,97.8,78,41.4,177.6,75.2606,1612.6,1521,890,2488.2,0,141.58,5.2,76.8,2861,2211,1372.2,4947.4,150.6,0,2.2,0.773,18549.8,1923.7487,815.0118,3.7697,97.8
centered_candidate_000046_e63a72c2,centered-gaussian,5,5,0,97.6,77,43.2,173.4,64.9233,1678.4,1530,978.8,2525.2,0,142.54,5.4,80.2,2977.2,2634,1539.6,4754,145.6,0,2.2,0.598,17987.2,1510.9805,713.7735,10.7383,97.6
search_candidate_000410_3e4304d1,random-phased,5,5,0,97.6,92,61.6,136.2,33.9211,1775.2,1739,1308.4,2263.6,0,157.94,5.4,86.8,3633.8,3503,2506.6,4887.8,156.4,0,2.8,0.4944,20133,1087.1266,435.7657,44.6395,97.6
centered_candidate_000278_c058ed7e,centered-gaussian,5,5,0,97.4,61,47.8,180,72.9345,1644.6,1228,1077,2556.8,0,142.92,5.2,78.6,3061.4,2011,1706.8,5232.4,143.8,0,2.6,0.688,19972.2,1847.3181,768.2215,11.3328,97.4
centered_candidate_000309_18512d26,centered-gaussian,5,5,0,97.2,115,55.8,125.6,33.373,1685.6,1932,1200,1978.2,0,136.84,5.2,83.2,2997.4,3420,1953.2,3700.2,145.2,0,3,0.4897,21717.2,869.9158,408.2345,39.1135,97.2
centered_candidate_000321_e7f7e775,centered-gaussian,5,5,0,97.2,57,43.8,187.2,81.5559,1674.8,1246,1055.2,2654.8,0,141.94,5.2,81.6,2844.6,1989,1470.2,5041.2,147,0,2.4,0.6883,19545.4,2039.278,865.7802,3.0221,97.2
centered_candidate_000483_f57a3b5c,centered-gaussian,5,5,0,97.2,84,49.2,160.6,54.3448,1766.8,1775,1171,2434.2,0,146.56,5.4,87.4,3373.2,3377,2222.2,4623.8,150,0,3,0.5944,21613.2,1083.5439,586.788,22.0276,97.2
centered_candidate_000040_6b9a569c,centered-gaussian,5,5,0,97,94,86.8,111.2,12.9615,1797.4,1779,1704.8,1912.4,0,154.88,5.2,89.6,3470,3559,3256.4,3631.8,146.2,0,2.4,0.5408,18583.4,171.3161,100.3566,80.3193,97
centered_candidate_000204_ed6f8408,centered-gaussian,5,5,0,96.8,101,59,134,34.7586,1741.6,1821,1283.2,2162.8,0,135.02,5.6,85.6,2965.6,3082,1858,4046.8,147.4,0,2.2,0.6556,18638.6,1009.1946,423.1759,41.6207,96.8
centered_candidate_000288_3b0f6887,centered-gaussian,5,5,0,96.6,104,59.4,124.2,32.7206,1731.2,1986,1248.6,2004.6,0,148.86,5.4,83.8,3381.8,3807,2367.6,3972.6,146.6,0,2.6,0.5926,20034.8,939.8607,421.4876,43.0397,96.6
centered_candidate_000038_15ca28e9,centered-gaussian,5,5,0,96.4,91,70.8,129,30.1038,1746.8,1708,1435.4,2095.8,0,145.68,5.2,87.2,3382.2,3348,2683.6,4117,148,0,2,0.6058,16896.6,737.2927,338.199,55.7481,96.4
centered_candidate_000113_b926f53a,centered-gaussian,5,5,0,96.4,87,68.2,129.2,27.6014,1805.8,1807,1440.4,2147.6,0,146.66,5.4,90.6,3356.2,3559,2553,3993.4,148.6,0,3,0.5982,21638,705.4911,327.9722,54.3993,96.4
centered_candidate_000440_b4c0aac3,centered-gaussian,5,5,0,96.4,100,62.2,127.4,33.7378,1742,1843,1208.6,2172.2,0,136.76,5.6,85.6,3233,3357,2002.2,4289.4,149.2,0,2.4,0.6738,19164.6,1135.7473,495.9879,45.3311,96.4
centered_candidate_000446_fd20a7bb,centered-gaussian,5,5,0,96.4,92,59,134.2,33.7082,1710.8,1634,1233,2198.6,0,138.2,5.4,84,3198.4,3112,2098.8,4188,147.8,0,2.4,0.6126,19058.8,997.1378,434.7691,42.1459,96.4
centered_candidate_000115_2456ad75,centered-gaussian,5,5,0,96,110,52.6,129,35.9388,1692.2,1912,1085,2117.2,0,131.36,5.4,83.6,2970.6,3384,1765,3802.8,147.4,0,2.4,0.5993,19658,1069.1216,503.1634,34.6306,96
centered_candidate_000433_d1b62e47,centered-gaussian,5,5,0,96,88,77.8,118.8,18.5149,1828.8,1675,1625.4,2110.8,0,145.12,5.4,93,3294.4,3328,2816.4,3712.4,150.4,0,2.6,0.5818,19939.2,407.4141,226.4468,68.5426,96
centered_candidate_000133_3c15ad48,centered-gaussian,5,5,0,95.8,94,61.8,132.8,36.1408,1711.6,1703,1329.4,2122.2,0,139.7,5.2,85.2,3026.6,2969,2141.6,4017.2,146.6,0,3.2,0.5077,22644,899.6823,391.0169,43.7296,95.8
centered_candidate_000101_1b04cfd3,centered-gaussian,5,5,0,95.6,76,36.8,180.2,77.8784,1633.6,1491,913.6,2545.4,0,146.66,5,78.6,3117.8,2721,1478.2,5200.2,143,0,3,0.5436,21510.2,1773.9414,796.4206,-2.1392,95.6
centered_candidate_000125_597eb287,centered-gaussian,5,5,0,95.6,104,46,142.4,43.4217,1627.6,1773,962.2,2206.6,0,132.14,5.2,79.6,3008.4,3117,1524.8,4409.8,147.8,0,2.2,0.6637,18379.2,1320.2852,564.9806,24.2892,95.6
centered_candidate_000343_a5bcd1d3,centered-gaussian,5,5,0,95.6,75,45.6,165,58.8952,1657.4,1503,1050.4,2416,0,151,5.2,78.8,3171,2581,1900.4,4955,146.2,0,2.4,0.5772,18642.2,1477.0824,632.6173,16.1524,95.6
search_candidate_000252_47c42408,random-phased,5,5,0,95.6,42,35.2,201.8,94.3835,1545,1024,808,2713,0,140.5,4.8,74.4,2827,1585,1009.4,5780.6,150.2,0,2.4,0.7851,19836.4,2601.8832,995.6676,-11.9917,95.6
search_candidate_000278_c3c23e92,random-phased,5,5,0,95.6,91,63.4,132.8,32.5736,1797.8,1710,1425.8,2210.4,0,159.04,5.4,88,3481.4,3530,2756.4,4172.4,149.2,0,3,0.5383,21331.4,696.9452,365.8554,47.1132,95.6
centered_candidate_000319_739a6ba0,centered-gaussian,5,5,0,95.4,111,43,139.6,43.3525,1669.4,1948,979,2216.4,0,142.32,5.4,80,3161.4,3549,1898.8,4202.2,147.8,0,2.8,0.5918,20741.6,1033.3806,561.0524,21.3237,95.4
centered_candidate_000246_444dfbdf,centered-gaussian,5,5,0,95.2,96,43.2,146.6,46.0756,1686.4,1768,1078.8,2259.2,0,151.26,5.4,80,3163,3200,1847.4,4524,148.4,0,2.6,0.5893,20167.4,1186.1158,522.2936,20.1622,95.2
centered_candidate_000269_d0695c1b,centered-gaussian,5,5,0,95.2,52,37.4,185.2,73.6462,1604.6,1182,894.4,2603.2,0,148,5,76,2976,1820,1434.8,5272,142.8,0,2.8,0.5955,20536.4,1847.163,801.7884,0.5769,95.2
centered_candidate_000347_83b6f516,centered-gaussian,5,5,0,95.2,40,28.4,198,81.6613,1528.2,930,726.2,2708,0,133.38,5,72.2,2778.6,1438,829,5630.2,144,0,1.8,0.7779,17093,2274.3587,935.9037,-12.4306,95.2
search_candidate_000379_58a96411,random-phased,5,5,0,95.2,88,67.4,129.8,31.6253,1760.4,1728,1387.2,2169.2,0,165.04,5.2,85.8,3628,3459,2582.2,4793.6,153.4,0,3,0.5121,20775.6,994.7367,378.1987,51.5873,95.2
centered_candidate_000124_c0460a82,centered-gaussian,5,5,0,95,89,74.2,124,26.45,1753.4,1710,1516,2053.4,0,149.68,5.4,85.8,3429.8,3554,2897.4,3939,147.6,0,2.6,0.5867,19787.2,480.7126,266.1343,60.975,95
centered_candidate_000180_949e5a20,centered-gaussian,5,5,0,95,90,68.4,122,24.2157,1732.6,1756,1410,2012.4,0,146.52,5.2,85.6,3378.8,3638,2659,3901,143.4,0,2.4,0.556,18970.2,582.5542,276.0693,56.2922,95
centered_candidate_000002_f7698337,centered-gaussian,5,5,0,94.8,109,52.8,127.2,33.855,1697.6,1882,1149.6,2105.8,0,137.96,5.2,84.6,3151.6,3592,1946.4,4023.6,148.2,0,2.2,0.6405,18611.2,987.7404,443.3926,35.8725,94.8
centered_candidate_000094_b2960819,centered-gaussian,5,5,0,94.8,75,58.8,149.8,47.8723,1728.8,1502,1334,2312,0,147.52,5.2,85.8,3238.8,2709,2582.8,4307.2,150,0,2.8,0.5259,20559,891.2911,489.074,34.8638,94.8
centered_candidate_000389_ddbec572,centered-gaussian,5,5,0,94.6,102,59,124.4,29.3094,1742.8,1836,1303.2,2129.6,0,143.52,5.4,86,3157.8,3231,2240.4,4019.2,147.8,0,2.2,0.6064,18059.2,798.4163,367.8469,44.3453,94.6
centered_candidate_000192_2ebf9c5d,centered-gaussian,5,5,0,94.4,90,54.8,138.2,37.2484,1658.2,1639,1218.6,2120.2,0,143.04,5.2,80.4,3287.2,3389,2187.8,4370.4,147,0,2.4,0.6299,18807.6,972.6856,400.5808,36.1758,94.4
centered_candidate_000379_21318551,centered-gaussian,5,5,0,94.4,109,46.8,129.6,39.8728,1651.2,1871,972.8,2137.8,0,132.4,5.2,81.6,2959.6,3180,1629.4,4012.8,147,0,2,0.6527,17340.2,1218.8865,595.1784,26.8636,94.4
centered_candidate_000391_f12f63ae,centered-gaussian,5,5,0,94.4,81,67.8,130.2,29.2821,1754.6,1598,1391.6,2194.8,0,143.14,5.4,87.4,3315.2,3043,2506.4,4255.2,150.6,0,2.8,0.6028,21085.6,779.1753,365.9746,53.159,94.4
centered_candidate_000459_0d3ec2ea,centered-gaussian,5,5,0,94.2,84,59.4,134.2,33.391,1734.4,1650,1288.2,2225,0,140.6,5.4,85.8,3169.8,2983,2343.2,4085.4,147.4,0,2.8,0.5807,20976.6,774.3186,415.3267,42.7045,94.2
centered_candidate_000017_b5bd9774,centered-gaussian,5,5,0,93.8,80,49.4,147,43.888,1664.6,1651,1058.8,2274.4,0,134,5,83.8,2948.6,2807,1724.8,4252.8,145.4,0,2.8,0.4949,20981,1167.1626,540.8433,27.456,93.8
centered_candidate_000190_6b699d7a,centered-gaussian,5,5,0,93.6,94,54.6,135.6,37.302,1675.2,1805,1200.6,2094.8,0,145.52,5.2,81.4,3200.6,3726,1964,4178,145.8,0,3,0.5535,21581,1005.9498,404.8429,35.949,93.6
centered_candidate_000289_620d5044,centered-gaussian,5,5,0,93.4,109,62.6,114.2,24.4753,1745.4,1858,1346.8,2075,0,144.08,5.4,86.2,3119.4,3294,2202,3894,147,0,2.6,0.5629,19922.2,785.5163,329.5904,50.3624,93.4
centered_candidate_000460_e8c95bcd,centered-gaussian,5,5,0,93.4,99,58.4,128,31.1872,1734,1857,1299.8,2128.6,0,138.2,5.4,86.4,3037.2,2918,2306.2,3884.2,148.6,0,2.8,0.5476,21158.2,707.0198,371.872,42.8064,93.4
centered_candidate_000226_1efca203,centered-gaussian,5,5,0,93,91,68.8,117.6,22.4767,1683.6,1656,1349.4,2000.2,0,140.9,5.2,83.2,3023,2986,2291.6,3737.4,148.4,0,2.6,0.5648,19780.6,658.7018,298.0158,57.5617,93
search_candidate_000150_cab97032,random-phased,5,5,0,93,94,58.2,128.2,35.5472,1718,1710,1218.6,2223.2,0,148.02,5,86.6,3279,3282,2308.4,4258,151.4,0,2.6,0.5477,19617,950.7395,506.941,40.4264,93
centered_candidate_000469_1e94b4b6,centered-gaussian,5,5,0,92.8,89,55.8,129.4,33.1445,1721.8,1639,1211.8,2218.2,0,145.1,5.2,85.6,3286.2,3385,2211.8,4166.2,147.4,0,3,0.4434,21227.4,947.3824,473.2282,39.2277,92.8
centered_candidate_000187_f747df93,centered-gaussian,5,5,0,92.6,88,49,140.2,40.3316,1727.2,1762,1148.6,2318.6,0,150.98,5.2,85,3317.4,3634,1926.4,4594.4,146.4,0,2.6,0.6596,19775.4,1189.8251,518.7795,28.8342,92.6
centered_candidate_000339_3e4236d1,centered-gaussian,5,5,0,92.6,93,89,96.6,3.6661,1721.4,1675,1605.6,1861.6,0,137.92,5.2,86.8,2939.2,2773,2714.6,3283.8,147.6,0,2,0.7317,17744,282.4113,114.8923,87.167,92.6
centered_candidate_000474_db14fb9e,centered-gaussian,5,5,0,92.6,92,40.2,154.4,55.3953,1620.2,1707,884.8,2397,0,136.82,5,80.4,2785.8,2818,1387.6,4391,152,0,2.2,0.7163,18931.4,1444.4039,699.3595,12.5023,92.6
centered_candidate_000057_0d14993c,centered-gaussian,5,5,0,92.4,93,66.6,117,22.1955,1694.4,1799,1401.4,1932,0,148.52,5.2,82.8,3139.2,3277,2615.4,3555.4,147.4,0,3.2,0.4813,22562.8,427.3324,238.9423,55.5023,92.4
centered_candidate_000066_71eeb267,centered-gaussian,5,5,0,92.4,94,72.4,111.6,17.2812,1729.8,1695,1525.4,1982,0,151.46,5.4,84.4,3394.8,3529,2893.6,3879.8,153,0,3.4,0.4916,23219.6,456.3106,218.0416,63.7594,92.4
centered_candidate_000137_0b63f66e,centered-gaussian,5,5,0,92,84,60,134.6,38.4031,1690,1659,1272.2,2177.4,0,141.44,5,84.6,3079.6,2860,2120.8,4235.4,142.6,0,3,0.5701,21415.4,967.2961,426.6286,40.7984,92
centered_candidate_000269_43a70d96,centered-gaussian,5,5,0,92,57,51.8,160.6,59.3228,1629.8,1214,1136.8,2432.6,0,135.96,5,80.6,2809,1834,1724.4,4572.4,143.8,0,2.2,0.7202,18473.4,1421.1919,658.3824,22.1386,92
centered_candidate_000452_6a3599bb,centered-gaussian,5,5,0,92,95,76.8,105.4,13.4462,1683.4,1644,1550.8,1824.2,0,148.74,5.4,80.6,3228.2,3310,2822.2,3590,148.4,0,2.4,0.577,19343.2,344.102,124.3119,70.0769,92
search_candidate_000104_d74ac77b,random-phased,5,5,0,92,94,75.8,107.6,15.1921,1749.2,1767,1542.8,1963.6,0,143.3,5.2,88.6,3245,3402,2687.6,3685.2,150.6,0,2.6,0.5342,19427.8,454.8195,195.1998,68.2039,92
search_candidate_000475_1de68cae,random-phased,5,5,0,92,58,46.4,167.6,68.1997,1600.2,1304,1071.6,2387.8,0,148.42,5,76.6,2989.8,2660,1730,4735.4,149,0,2.6,0.6099,19465,1609.9678,707.496,12.3001,92
centered_candidate_000113_4a7cffd4,centered-gaussian,5,5,0,91.8,63,53.8,144,42.7523,1681.4,1304,1262.2,2292.8,0,135.68,5.2,83.6,2910.8,2178,1946.4,4212.4,144.2,0,2.6,0.5588,19948.8,1066.3218,493.8314,32.4238,91.8
search_candidate_000220_f24d73ff,random-phased,5,5,0,91.8,89,80.4,105.4,12.1227,1692.2,1734,1543.8,1800.2,0,135.94,5.2,85.4,2999.8,2940,2674,3400.8,153.4,0,3.2,0.579,22759.2,344.7796,126.5123,74.3386,91.8
centered_candidate_000106_18b85e17,centered-gaussian,5,5,0,91.6,91,63.8,116.8,25.3898,1710.8,1793,1340.8,2004.4,0,145.94,5.2,84.8,3232.6,3272,2340.4,4014,148.8,0,2.4,0.5011,18760.6,815.6989,323.8453,51.1051,91.6
centered_candidate_000129_3829c2a2,centered-gaussian,5,5,0,91.6,82,38.8,148.6,48.7631,1620,1620,877.2,2319.6,0,130.78,5.2,79.6,2901.4,2909,1235,4518.4,146.6,0,2.2,0.7559,18680.4,1463.2436,643.4958,14.4184,91.6
centered_candidate_000109_6a1684fa,centered-gaussian,5,5,0,91.4,95,56,125.6,30.6046,1648.6,1704,1182.8,2091.2,0,130.76,5.2,81.8,2877,2970,1849,3827.8,144.6,0,2.6,0.5306,20388.4,875.9664,399.7707,40.6977,91.4
centered_candidate_000034_0aed444d,centered-gaussian,5,5,0,91.2,91,89,93.8,2.2271,1716.8,1720,1651,1792.4,0,149.92,5,85.6,3378,3366,3193,3573.4,143.4,0,2.6,0.5819,19474.6,167.2376,68.4263,87.8864,91.2
centered_candidate_000153_46462f7c,centered-gaussian,5,5,0,91.2,77,40.8,158.6,58.1563,1631.4,1659,933.6,2414.4,0,137.84,5,80.6,2952,3070,1448.8,4637.8,144.4,0,2.8,0.5815,20727.8,1530.8532,695.9349,11.7218,91.2
centered_candidate_000154_71e93988,centered-gaussian,5,5,0,91.2,60,34.6,182.4,85.3543,1516,1336,829.8,2458.2,0,136.08,4.8,72.8,2709.2,2250,1161.2,4803.8,145.8,0,3,0.6103,21739,1891.9551,862.9848,-8.0772,91.2
centered_candidate_000228_ac7c1a3b,centered-gaussian,5,5,0,91.2,110,33.8,140.8,48.0558,1552.4,1868,793.6,2167.4,0,124.36,5,76,2686.8,3055,1195.6,4018,141.8,0,2.2,0.743,18925,1259.771,623.6289,9.7721,91.2
centered_candidate_000236_65636220,centered-gaussian,5,5,0,91.2,88,53.2,131,35.2443,1661.2,1666,1178.6,2131,0,139.5,5.2,81.6,3091.2,2903,2226.4,4024.4,146.8,0,3.2,0.5079,22693.2,805.0459,432.2594,35.5779,91.2
centered_candidate_000437_39158c24,centered-gaussian,5,5,0,91.2,97,58,120.8,27.8525,1711.6,1834,1250.2,2106.8,0,144.8,5.2,85.4,3177.8,3428,2317.8,3864,151.4,0,2.4,0.6104,19045.4,698.1883,383.8597,44.0738,91.2
centered_candidate_000259_badaefa3,centered-gaussian,5,5,0,91,87,67.6,116.4,21.5963,1678.6,1672,1382.8,1956.4,0,145.42,5.2,82.2,3259,3424,2363.8,4033.8,147.2,0,2.6,0.6026,19482,743.4856,256.1247,56.8019,91
centered_candidate_000377_faf481bb,centered-gaussian,5,5,0,91,83,67.6,119.6,23.4179,1675.2,1668,1390,1968.4,0,144.3,5.2,82.2,3212.4,3212,2774.2,3665.8,148.6,0,2.8,0.5942,20870.4,437.9984,265.5398,55.891,91
centered_candidate_000355_a2be886e,centered-gaussian,5,5,0,90.8,97,63.2,112,25.98,1723.8,1898,1251.8,2053,0,142.94,5.2,86.6,3055.2,3292,2191,3638.2,149.4,0,3,0.5377,21827.6,813.9387,418.2484,50.21,90.8
centered_candidate_000372_d3f6edc7,centered-gaussian,5,5,0,90.8,90,47.2,135.6,38.8093,1648,1652,1123.4,2170.2,0,139.8,5,81.2,3064.2,2995,1953.6,4237.2,139.4,0,2.4,0.6862,18741.4,1004.906,459.1253,27.7954,90.8
centered_candidate_000443_e72aa6e7,centered-gaussian,5,5,0,90.8,99,51.2,124.4,32.6399,1705.8,1965,1122,2132.6,0,137.98,5,86.6,3116.6,3534,1876,4092.2,142.2,0,2.4,0.5917,19370.6,1001.9806,467.7398,34.8801,90.8
centered_candidate_000519_35778c16,centered-gaussian,5,5,0,90.6,52,39.8,175.8,76.4999,1566.2,1220,961,2491.2,0,133,5,75.8,2657.6,1912,1332.6,4673,142,0,2.2,0.7553,18596.8,1835.4766,831.2729,1.55,90.6
search_candidate_000090_92a9572c,random-phased,5,5,0,90.6,85,58.6,126.6,34.4651,1680.2,1692,1269.6,2083.6,0,148.12,5,83.6,3388.2,3301,2575,4277,150.2,0,2.8,0.5143,20338,867.689,422.6452,41.3675,90.6
search_candidate_000227_48aad091,random-phased,5,5,0,90,83,51.2,133.4,41.1922,1650,1664,1080.6,2204.4,0,144.8,5,82.8,3245.6,3091,1800.8,4757.8,161,0,2.8,0.672,21125.6,1425.066,582.0835,30.6039,90
centered_candidate_000383_3d53afc5,centered-gaussian,5,5,0,89.8,79,67.4,123.2,31.8584,1696.6,1583,1424,2071.6,0,147.46,5.2,83.4,3305,3166,2675.8,4108,146.6,0,2.6,0.5717,19757.6,741.161,341.6352,51.4708,89.8
centered_candidate_000006_13303e6c,centered-gaussian,5,5,0,89.6,101,58.4,112,26.7925,1663.6,1849,1190.6,1995.8,0,140.5,5.2,82,3145.4,3479,2117.4,3860.4,148.2,0,2.6,0.5487,20013.4,897.4499,403.4598,45.0037,89.6
centered_candidate_000499_008377a9,centered-gaussian,5,5,0,89.4,89,62.6,121.2,28.8763,1707.8,1684,1363.8,2121,0,151.18,5,85,3331.2,3080,2786.6,4053.6,144.8,0,2.4,0.5264,18503.4,599.6564,363.3221,48.1619,89.4
search_candidate_000194_5d45a78a,random-phased,5,5,0,89.4,71,45.2,149,49.2366,1632.4,1611,1036.4,2270,0,141.84,5.2,81.2,2764,2750,1532,4094,168,0,2.6,0.8506,21787.8,1152.4339,549.9297,20.5817,89.4
centered_candidate_000127_2bbd4f59,centered-gaussian,5,5,0,89.2,75,37.6,156.2,58.2697,1590,1563,891,2341,0,137.08,5,77.6,2840,3037,1297.8,4321.2,145.2,0,2.2,0.685,18367,1346.7069,657.0662,8.4651,89.2
centered_candidate_000225_1bae602b,centered-gaussian,5,5,0,89.2,92,42.2,137.6,42.5084,1659.8,1745,1009.8,2273.4,0,137.88,5,83.4,3052.8,3067,1623.6,4474.4,146.4,0,2.6,0.5664,20047.6,1256.8366,559.0858,20.9458,89.2
centered_candidate_000297_a461f8da,centered-gaussian,5,5,0,89.2,92,59.8,114.4,25.4354,1704.8,1719,1269.6,2087.8,0,142.9,5.2,84.8,3092.4,3046,2170,3978.8,145.2,0,2.8,0.5194,20417.8,806.5704,375.9055,47.0823,89.2
centered_candidate_000401_9aa98437,centered-gaussian,5,5,0,89.2,94,64.2,113.8,23.1638,1660.2,1661,1431.4,1892.2,0,140.8,5,82.6,3000,2797,2658.6,3448,143.2,0,2.8,0.582,20922.4,361.3375,205.5309,52.6181,89.2
centered_candidate_000430_735e1f5d,centered-gaussian,5,5,0,89.2,79,57.8,130.8,35.9911,1620.8,1541,1254.6,2088,0,148.86,5,78.6,3166.4,3154,2288.6,4141.6,149.2,0,2.8,0.5679,20698.8,870.5673,405.9017,39.8044,89.2
centered_candidate_000012_48163efd,centered-gaussian,5,5,0,89,83,39.2,144.6,46.7461,1627.4,1685,973.6,2256.8,0,142.2,5,79.8,3114.2,3117,1551.2,4681.6,144,0,2.2,0.6383,18052,1377.1898,564.7455,15.8269,89
centered_candidate_000070_06262f11,centered-gaussian,5,5,0,89,81,45.8,136.4,40.2244,1628.4,1565,1015.8,2259,0,130.86,5,81.8,2769.2,2902,1425.4,3986,144.6,0,2.2,0.62,18535.2,1133.7441,548.0108,25.6878,89
centered_candidate_000190_9ea84b9e,centered-gaussian,5,5,0,89,93,64.2,114.2,23.1517,1668.4,1591,1386.6,2026.6,0,138.32,5,84,3044.4,2880,2378.2,3892.8,145.6,0,2.4,0.6582,18931.8,713.5003,299.4018,52.6242,89
centered_candidate_000500_d5a29393,centered-gaussian,5,5,0,89,65,36,167,68.6061,1550.8,1315,856.8,2468.4,0,141.34,4.8,75,2679.8,2537,1224.4,4395.2,144.4,0,2.4,0.5397,18798.2,1501.999,769.8429,1.6969,89
centered_candidate_000064_233bd6ae,centered-gaussian,5,5,0,88.8,55,40,174,81.9156,1464.2,1202,929,2314.6,0,138.26,4.6,69.2,2518,1852,1376,4364.6,139,0,2.2,0.6528,18120.6,1751.2975,803.8665,-0.9578,88.8
centered_candidate_000302_0c3d63bd,centered-gaussian,5,5,0,88.8,105,45.4,125.8,36.378,1690.4,1951,1105.6,2146.8,0,138.64,5.4,83.2,2975.8,3445,1750,3970.2,148,0,2.4,0.6064,19291,1012.154,477.8186,27.211,88.8
centered_candidate_000015_a75016ab,centered-gaussian,5,5,0,88.6,86,57,122,32.7145,1667.8,1639,1214.8,2116.4,0,137.14,5,83.8,2939.6,3093,1944.4,3815,141.8,0,2.4,0.5464,19217.8,889.7698,444.508,40.6427,88.6
search_candidate_000294_564dab13,random-phased,5,5,0,88.6,87,74,105.8,15.6793,1700.8,1635,1521.8,1951.8,0,138.2,5.2,86,3305.6,3205,2708.8,4048,152,0,2.6,0.5789,19748.6,656.8618,229.3211,66.1604,88.6
centered_candidate_000013_c229801a,centered-gaussian,5,5,0,88.4,83,55.2,122.4,30.004,1643.4,1670,1256.2,1979.2,0,146.64,5.2,79.4,3373.6,3621,2469.4,4080.2,148,0,2.8,0.6016,20762.8,738.3722,330.7698,40.198,88.4
centered_candidate_000220_d957256d,centered-gaussian,5,5,0,88.4,93,58.2,114.2,26.9933,1630.8,1727,1206.6,1966.8,0,138.82,5,80.6,2845.4,2929,2169.8,3472.6,143.2,0,2.6,0.5651,19370.6,637.6866,361.7521,44.7033,88.4
centered_candidate_000231_725ccb53,centered-gaussian,5,5,0,88.2,80,41.8,141,44.0427,1584.4,1542,1040,2174.8,0,147.02,5,75.8,3114.6,2937,1976,4369.4,147.4,0,2.8,0.5793,20665.8,1062.9003,507.187,19.7786,88.2
centered_candidate_000243_14df2e0c,centered-gaussian,5,5,0,88.2,93,50.4,121.2,31.9525,1605.8,1699,1160.4,1947.6,0,147.84,5,77.2,3162.6,3640,2213.4,3759.8,144.4,0,2.4,0.5404,19024.8,780.9222,385.4257,34.4238,88.2
centered_candidate_000517_c983cbf9,centered-gaussian,5,5,0,88.2,97,37,140,46.9698,1567.8,1767,843.6,2222.4,0,128.6,5,77.2,2702,3004,1139,4148.8,144.4,0,2.2,0.7203,18478.6,1334.3851,618.4485,13.5151,88.2
search_candidate_000507_bf9f4980,random-phased,5,5,0,88.2,81,44.2,138,41.5856,1620.6,1635,1062,2188.2,0,144.72,5,79.2,3236.8,3178,2017,4517.6,146.8,0,2.6,0.5724,19541.2,1105.2503,495.2505,23.4072,88.2
centered_candidate_000014_93fc91f0,centered-gaussian,5,5,0,88,63,42.4,154.2,56.7521,1568.4,1325,912.2,2421.4,0,140.7,4.8,76.8,2942.4,2389,1332,4938,145.4,0,2.4,0.6765,18973.8,1683.8699,725.6973,14.024,88
centered_candidate_000041_e83f0750,centered-gaussian,5,5,0,88,88,34.6,150,55.8176,1548.4,1682,813,2290.2,0,127.68,4.8,76.8,2737.4,2980,1188.2,4323.4,140.6,0,2.4,0.564,19215.2,1438.8713,682.4305,6.6912,88
centered_candidate_000123_16ebfcdc,centered-gaussian,5,5,0,88,82,55.8,126.8,37.4005,1615.6,1557,1162,2123.4,0,132.4,5,80.8,2980.6,2795,2000.8,4126.6,146.6,0,2.6,0.6112,19878.4,1079.6286,499.194,37.0997,88
centered_candidate_000374_d897e7a6,centered-gaussian,5,5,0,88,78,48.8,132.6,37.272,1566.2,1563,1027.8,2105.8,0,134.8,5,75.8,2725.4,2804,1549.8,3842.6,141.6,0,2.6,0.5978,19868,1015.2297,474.6242,30.164,88
centered_candidate_000428_e628965e,centered-gaussian,5,5,0,88,83,57.8,121.4,30.8675,1659.2,1672,1248.4,2076.6,0,134.78,5.2,82.4,2817.2,2517,2079.4,3786.6,144.4,0,2.4,0.5417,18736.8,852.719,406.855,42.3663,88
centered_candidate_000016_3ec5aa2d,centered-gaussian,5,5,0,87.8,96,54.4,115.8,27.4109,1643.6,1823,1218,1969.6,0,138,5.2,81,2990.6,3391,2197,3571.8,148.4,0,2,0.7307,17300.8,640.5768,343.0327,40.6945,87.8
centered_candidate_000146_82c8325d,centered-gaussian,5,5,0,87.8,96,49.4,123.2,32.9023,1648.4,1775,1153,2087.8,0,134.86,5.2,81.6,2651.2,2870,1518.4,3720.4,145.2,0,2.6,0.5816,20156,977.2581,416.4592,32.9489,87.8
centered_candidate_000215_406d4455,centered-gaussian,5,5,0,87.8,34,26,199.4,102.4586,1339.6,774,618.6,2559,0,122.64,4.6,62.8,2375.4,885,788.6,5246.6,151.8,0,1.6,0.9585,16933.2,2569.009,1071.6691,-25.2293,87.8
centered_candidate_000251_76ddff8d,centered-gaussian,5,5,0,87.2,62,55.4,137,40.2065,1644.2,1422,1232.8,2214.8,0,152.08,5,79.6,3053.6,2542,2129.8,4385.4,142.2,0,2.4,0.5455,18545,1105.113,459.546,35.2968,87.2
centered_candidate_000285_4a8c973a,centered-gaussian,5,5,0,87.2,73,42.4,151,59.4858,1592.6,1526,1012.6,2303.8,0,137.62,5,77.8,2712.4,2134,1641.6,4350.6,143.6,0,2.4,0.6879,19194.2,1501.6147,654.3053,12.6571,87.2
centered_candidate_000365_5d8c1b60,centered-gaussian,5,5,0,87.2,86,51.4,123.4,35.6281,1595.4,1627,1126,2022.4,0,138.06,5,77.8,2855.6,3095,1810,3637.2,142,0,2.2,0.6441,18242.4,972.1664,456.2625,33.586,87.2
search_candidate_000368_d375008b,random-phased,5,5,0,87.2,40,35.6,183.6,91.648,1499.2,977,947.4,2531.8,0,150.74,4.6,72.4,2662.8,1560,1495.6,4896,161.2,0,2.6,0.6217,19676.2,2160.9459,967.2089,-10.224,87.2
centered_candidate_000294_06a31c1b,centered-gaussian,5,5,0,87,59,35,158.8,57.7339,1499.4,1313,755,2372.4,0,130.44,4.8,72.8,2632.6,2166,1076.6,4455.8,144.6,0,2.6,0.6882,20590.6,1504.0751,719.7423,6.1331,87
centered_candidate_000340_915e2b1f,centered-gaussian,5,5,0,87,102,49,117.2,30.9386,1624.6,1852,1129,1982,0,133.18,5,81.4,2889.2,3103,1784.6,3830.4,145,0,2.8,0.5735,20777,912.7899,394.8309,33.5307,87
centered_candidate_000170_30686295,centered-gaussian,5,5,0,86.8,85,61,113.6,23.181,1610.4,1623,1255.6,1948.6,0,142.68,5,78.8,3112.8,3077,2330.6,3920.8,146,0,3,0.5506,21583.6,697.803,307.0548,49.4095,86.8
centered_candidate_000183_60f61d35,centered-gaussian,5,5,0,86.8,35,26,196.6,103.5517,1308.6,805,637.2,2425.8,0,122.68,4.4,60.6,2402,1029,826.4,5215.4,140.2,0,2,0.8171,17626.6,2559.5457,1000.6299,-25.7759,86.8
search_candidate_000112_0780b63a,random-phased,5,5,0,86.8,78,49,130.2,36.2899,1598,1611,1087,2107.6,0,137.96,5,78.6,2930,2818,1844.2,4080.2,146.6,0,3,0.5559,21436.8,987.6734,454.3584,30.855,86.8
centered_candidate_000477_31f707c9,centered-gaussian,5,5,0,86,75,56.8,120,28.3478,1604.8,1559,1261,1960.4,0,130.34,5,80.2,2724.4,2616,1908.4,3600.2,143.4,0,2.6,0.5811,20117.6,747.4962,308.7714,42.6261,86
centered_candidate_000158_bfbb5ab4,centered-gaussian,5,5,0,85.6,92,68.6,98.6,14.2913,1634,1615,1424.8,1858.2,0,138.48,5,81.4,2979.4,3044,2659.8,3247.6,144.2,0,2.8,0.6116,20835.2,280.6939,212.6114,61.4544,85.6
centered_candidate_000477_a5893d84,centered-gaussian,5,5,0,85.4,87,56,113.4,25.2872,1594.8,1658,1237.2,1906.2,0,141.94,5,77.8,2970.8,3018,2235.8,3623.6,146.4,0,2.6,0.5676,19675.4,623.9761,297.2698,43.3564,85.4
centered_candidate_000512_a42490d2,centered-gaussian,5,5,0,85.4,82,49.2,125,37.4945,1581.8,1641,1061.6,2055.6,0,130.04,5,78.8,2841,3190,1668.8,3727.4,147.2,0,2.6,0.5613,20296,1065.0497,500.4671,30.4527,85.4
centered_candidate_000410_c816e53b,centered-gaussian,5,5,0,85.2,93,70,94,13.0445,1619.4,1704,1459.2,1715.8,0,151,4.8,79.8,3152.4,2970,2765,3653.2,147,0,2.8,0.5485,20358.2,409.2709,132.94,63.4777,85.2
search_candidate_000393_a1003dc3,random-phased,5,5,0,85.2,95,52.8,112.8,26.9028,1621.8,1751,1209.4,1949.2,0,146.62,5,79.8,3090,3040,2248.8,3879.2,151.6,0,3,0.519,21099.4,738.9503,333.9266,39.3486,85.2
centered_candidate_000079_c39f7f18,centered-gaussian,5,5,0,85,103,45.8,113,31.4197,1590.4,1834,1005.6,2018.4,0,126.62,5,79.8,2636.4,3020,1434.4,3579.6,144.4,0,2.2,0.6989,18650.2,980.8785,470.039,30.0901,85
search_candidate_000262_5c26d404,random-phased,5,5,0,85,39,32.6,178.2,84.907,1479.6,951,853.8,2546.2,0,147.4,4.4,71.2,2633.8,1473,1230.2,5025.4,142.6,0,2,0.7352,17604.6,2112.8354,926.677,-9.8535,85
centered_candidate_000239_23840f20,centered-gaussian,5,5,0,84.8,86,58.4,111.4,23.4214,1576.2,1516,1238,1950.2,0,147.46,5,75.2,3124.6,3112,2367.4,3856.4,144.6,0,2.4,0.5951,18678.4,657.3841,314.1168,46.6893,84.8
centered_candidate_000438_7ff38e2c,centered-gaussian,5,5,0,84.8,83,48.4,122.8,33.0055,1571.4,1667,1065,2012,0,138.54,5,76,2776.8,3013,1858,3537.4,141.4,0,2.6,0.5987,19993.8,754.212,427.2997,31.8973,84.8
centered_candidate_000488_62cb2204,centered-gaussian,5,5,0,84.6,88,56.4,111.6,24.3113,1620.4,1585,1276,1978.2,0,137.14,5,80.8,3004.2,2870,2341,3721.8,146,0,3,0.5772,21614.4,624.6469,308.9703,44.2443,84.6
centered_candidate_000228_dc911820,centered-gaussian,5,5,0,84.4,91,62.6,104.2,18.8,1614,1632,1290.4,1950.6,0,138.3,4.8,81.4,2920.6,2890,2224,3624.4,144.8,0,2.8,0.5789,20734,631.6846,297.9832,53.2,84.4
search_candidate_000107_1a341f05,random-phased,5,5,0,84.4,76,41.8,132.8,41.0687,1501.6,1584,964.2,1971.8,0,148.1,5,75,2873.6,3000,1538,4043.2,205,0,3,0.8286,24981,1133.8553,462.9223,21.2656,84.4
centered_candidate_000165_bcd68912,centered-gaussian,5,5,0,84.2,68,43,132.6,41.0239,1586.6,1533,962.6,2168,0,129.86,5.2,77.6,2762.6,2530,1452.2,4048,143.8,0,2.4,0.666,19276.6,1197.0059,555.7995,22.4881,84.2
search_candidate_000176_f9790505,random-phased,5,5,0,84.2,94,42.8,120.8,34.7241,1580.6,1748,1033.2,2033,0,166.46,4.8,75,3489,3760,2045.8,4788.2,155.6,0,2.8,0.5012,19861.2,1223.9077,447.5608,25.438,84.2
centered_candidate_000051_0d0319b3,centered-gaussian,5,5,0,84,83,64,105,20.1196,1578.2,1584,1311.4,1833.2,0,130.28,5,78.2,2681,2739,2118.4,3187.8,143.2,0,2.8,0.5987,21095,529.9936,267.6366,53.9402,84
centered_candidate_000318_6da3c945,centered-gaussian,5,5,0,84,81,65.4,106.2,21.4663,1585.2,1577,1379.8,1792.6,0,140.06,5,77.4,2861.2,2787,2306,3469,145.6,0,2.6,0.6387,20051.2,559.8348,210.9582,54.6669,84
search_candidate_000148_a4f000f1,random-phased,5,5,0,84,83,55.2,113.2,27.2397,1525,1551,1115.8,1899,0,119.88,4.8,77.6,2468.6,2608,1691.2,3130,150,0,2.4,0.6545,18948.8,737.1778,387.1759,41.5802,84
centered_candidate_000020_5cf5f262,centered-gaussian,5,5,0,83.8,57,36.6,159.4,71.3706,1523.8,1274,982.4,2314.8,0,138.88,4.8,73.4,2563,2188,1512.2,3993.6,140.4,0,2.8,0.5964,20665.2,1368.7947,738.2889,0.9147,83.8
centered_candidate_000039_338ff60a,centered-gaussian,5,5,0,83.8,84,58.4,112.2,25.111,1547.8,1523,1297.6,1834.8,0,144.66,4.8,74.8,3117.6,3066,2556,3699.2,144,0,2.6,0.5086,19298,569.9563,253.9224,45.8445,83.8
centered_candidate_000181_f76370ed,centered-gaussian,5,5,0,83.8,98,42.4,118,34.1549,1560.8,1778,1010,1989.6,0,130.84,5,76.8,2643.6,3296,1441.6,3553.8,144.4,0,2.6,0.6079,20388.4,987.7349,446.4632,25.3225,83.8
centered_candidate_000417_6ef6a35c,centered-gaussian,5,5,0,83.8,80,47.6,125.8,38.5819,1567.4,1582,1066.6,2082,0,136.92,4.8,77.6,2870.4,2863,1876.8,3826.6,142.8,0,2.6,0.5938,19774.8,978.0676,492.4752,28.3091,83.8
centered_candidate_000045_b997c0cd,centered-gaussian,5,5,0,83.6,101,41,120.6,36.6366,1531,1790,930.4,2032.6,0,128.68,5,74.6,2585,3150,1320,3627.8,143.4,0,2.4,0.6784,19424,1060.1785,505.1871,22.6817,83.6
centered_candidate_000258_a41d9584,centered-gaussian,5,5,0,83.6,84,47.4,121.4,34.0447,1565.2,1605,1031.4,2077.8,0,127.1,4.8,78.6,2603.2,2851,1554,3475.8,138,0,2.4,0.6176,19250,930.076,469.5029,30.3777,83.6
search_candidate_000316_7807506a,random-phased,5,5,0,83.6,90,44.6,121,34.0094,1503,1644,925.6,2017,0,126.42,5,75.4,2590.8,3161,1337.8,3595.4,170.8,0,2.8,0.7207,22326.8,1033.927,484.9317,27.5953,83.6
centered_candidate_000107_c34120ba,centered-gaussian,5,5,0,83.4,85,53,112.2,26.1503,1605.4,1603,1212.2,1999.2,0,131.18,5,80.4,2610,2579,1837.2,3381.6,143.2,0,2.6,0.6257,19769.8,678.6319,346.4509,39.9248,83.4
centered_candidate_000370_23178939,centered-gaussian,5,5,0,83.4,63,44.6,136.6,45.1336,1530.4,1328,1028.4,2171.2,0,129.66,4.6,77,2662.2,2280,1544.4,4074.2,140.6,0,2.4,0.5701,18854,1220.9718,548.4427,22.0332,83.4
centered_candidate_000111_fbf815a9,centered-gaussian,5,5,0,83.2,66,45,135.8,43.8652,1510.6,1316,1018.8,2165.4,0,131.74,4.6,74.6,2609.6,2192,1599,3924.4,136.4,0,2.4,0.5849,18937.2,1064.0697,551.2385,23.0674,83.2
centered_candidate_000253_9bfffc2c,centered-gaussian,5,5,0,83.2,83,52.6,113.2,29.6944,1591.4,1686,1151.2,1937,0,139.78,4.8,79.2,2866.8,3132,1764.6,3675.2,143,0,2.2,0.6429,18239.6,1013.7557,420.9744,37.7528,83.2
centered_candidate_000274_9aec39dc,centered-gaussian,5,5,0,83.2,72,55.6,118.4,28.4703,1573.2,1557,1158,2019.4,0,134.38,5,77.4,2822.4,2912,2003.4,3655.4,145.2,0,3.2,0.5162,22587.2,752.5989,381.5544,41.3648,83.2
centered_candidate_000341_858bdf74,centered-gaussian,5,5,0,83.2,71,57.8,120.6,33.072,1614.2,1460,1290.6,2069.6,0,139.56,5,80,2915,2625,2217.8,3832.4,145.8,0,2.6,0.603,19987.8,809.1657,379.7006,41.264,83.2
search_candidate_000306_19cd1f78,random-phased,5,5,0,83,83,67.6,97.4,14.5739,1622,1682,1422.4,1767.6,0,130.4,5,82.6,2867.8,2970,2391.6,3229.4,149.2,0,3.2,0.6495,22666.2,428.1249,178.872,60.313,83
centered_candidate_000003_3c68cd76,centered-gaussian,5,5,0,82.8,88,61.6,101,18.0155,1569.6,1633,1346,1754.6,0,142.06,5,76,2983.8,3080,2589.6,3338,146.2,0,2.8,0.5393,20747.4,345.1727,186.8717,52.5922,82.8
centered_candidate_000154_25642dc1,centered-gaussian,5,5,0,82.8,65,52.6,121.8,31.7011,1560.6,1394,1231,1973.4,0,141.68,4.8,76.4,3081.6,2880,2307,3948.4,143.2,0,2.6,0.5736,19771.6,729.4432,339.9992,36.7494,82.8
centered_candidate_000404_b48638b6,centered-gaussian,5,5,0,82.8,86,64.8,98.6,16.0175,1616.4,1668,1373.2,1823.6,0,133.98,5,81.2,2739.4,2685,2279,3305.6,146.2,0,2.6,0.5794,20159.2,511.9596,204.2397,56.7913,82.8
search_candidate_000066_63506e09,random-phased,5,5,0,82.8,87,67.8,92.6,14.1195,1652,1741,1437.2,1793.8,0,151.16,4.8,82.6,3303,3625,2420,3978.2,144.6,0,2.8,0.5695,20098.8,711.7643,178.5833,60.7403,82.8
search_candidate_000334_9c27b0eb,random-phased,5,5,0,82.6,79,61.4,106.4,21.2471,1601.4,1562,1376.4,1856.4,0,152.32,5,77.6,3150,3194,2424.4,3786.2,153,0,2.6,0.5378,19199.2,667.4989,244.6513,50.7764,82.6
centered_candidate_000308_764e2f79,centered-gaussian,5,5,0,82.2,72,48,123,33.4628,1571.2,1452,1146.4,2057.8,0,133.44,5.2,76,2749.6,2400,1775.4,3888,144.2,0,2.6,0.6132,20056.6,945.452,404.1254,31.2686,82.2
centered_candidate_000390_0eb37ae4,centered-gaussian,5,5,0,82.2,83,61.6,102.8,19.8837,1628.4,1584,1384,1901.8,0,139.78,5,81,2868.4,2658,2365.4,3540.8,143,0,2.6,0.6056,20244.4,554.9604,258.5116,51.6582,82.2
search_candidate_000457_e7234a46,random-phased,5,5,0,82.2,77,60.8,106.6,21.4234,1603.2,1588,1270.2,1946.2,0,140.22,5,80,2860.4,2916,2008.4,3664.8,154.4,0,2.8,0.5418,20612.2,745.8865,308.9909,50.0883,82.2
centered_candidate_000105_2094560c,centered-gaussian,5,5,0,82,67,57.2,122.4,37.4326,1548.6,1493,1235,1963.8,0,138.34,5,74.8,2872.6,2670,2215.8,3743.2,144.6,0,2.8,0.5186,20756.2,788.3128,381.7688,38.4837,82
centered_candidate_000289_63e0a9cb,centered-gaussian,5,5,0,82,81,39.2,125.6,38.2988,1523,1559,955,2071.2,0,134.14,4.6,75.4,2586.8,2689,1540.8,3564,137.2,0,2.4,0.6166,19106,889.8686,493.8984,20.0506,82
search_candidate_000055_4d3334f6,random-phased,5,5,0,82,95,46.4,110,28.7541,1553.4,1754,1010.4,1966.8,0,125.46,4.8,79,2475.2,3102,1352.4,3230.2,147.2,0,2.4,0.6047,19719.4,889.5346,436.274,32.0229,82
search_candidate_000157_0db4bf2c,random-phased,5,5,0,82,86,53.6,110,25.227,1587.6,1673,1229.2,1924.4,0,147.42,4.8,79,2905.4,3080,2112.8,3698,155.2,0,2.4,0.5561,18626.6,732.3747,313.5555,40.9865,82
centered_candidate_000069_8d1c3fc4,centered-gaussian,5,5,0,81.8,79,53.8,110.4,24.9592,1532.8,1533,1171.8,1886.2,0,131.08,5,74.6,2675,2836,1880,3383,143.4,0,2.4,0.603,19205,674.0006,316.8939,41.3204,81.8
centered_candidate_000141_63537ace,centered-gaussian,5,5,0,81.8,65,55.4,118.2,29.0475,1565.8,1354,1232.8,2004.6,0,139.9,4.8,77.4,2955.2,2807,2310.8,3719.6,144.6,0,2.4,0.5652,19042,630.8919,356.6003,40.8762,81.8
centered_candidate_000173_4f0eb307,centered-gaussian,5,5,0,81.8,84,47.8,115.8,30.2483,1541.6,1615,1083,1970.8,0,140.52,4.8,75,2813.8,2918,1972,3577.6,141.8,0,2.4,0.6113,18666.8,709.5414,392.7211,32.6758,81.8
centered_candidate_000179_f096716c,centered-gaussian,5,5,0,81.8,66,54.2,122.4,35.7626,1576.4,1386,1288.6,2019.4,0,135.78,4.8,78.6,2603.2,2244,2116.8,3397.4,141,0,3,0.5396,21473.8,691.4291,381.2126,36.3187,81.8
centered_candidate_000196_cfa137b5,centered-gaussian,5,5,0,81.8,72,43.4,122.8,35.5888,1560.8,1448,1043,2088.2,0,134.78,4.8,77.8,2799.8,2427,1563.8,4121.8,144.2,0,2.4,0.6692,19297.4,1159.2181,474.5909,25.6056,81.8
centered_candidate_000327_f3e2345e,centered-gaussian,5,5,0,81.8,91,63,94.6,14.9586,1578.4,1647,1396.4,1702.8,0,141.96,4.8,78,2963.8,2993,2675.8,3251.6,143.8,0,2.4,0.5923,18950,255.7306,161.417,55.5207,81.8
centered_candidate_000475_3810b5b3,centered-gaussian,5,5,0,81.8,82,35.4,133.6,45.2787,1547,1622,858.4,2248,0,131.24,4.8,77,2601.6,2582,1251.8,4082.4,141.8,0,2.2,0.697,18618.2,1276.9183,621.5439,12.7607,81.8
centered_candidate_000519_2d51d8ef,centered-gaussian,5,5,0,81.8,60,49.2,130.4,39.7915,1572.2,1286,1168.6,2178.4,0,140.92,4.8,77.6,3025.4,2488,2149,4241.4,143.2,0,2.2,0.6294,18046.2,983.5224,492.7346,29.3043,81.8
search_candidate_000158_9fe19e1b,random-phased,5,5,0,81.8,91,51.2,104.2,25.9183,1579.2,1727,1118.2,1907.6,0,130.24,5,79.8,2784.6,2938,1719.6,3631.2,155.4,0,2,0.6762,17103.4,913.7355,401.9753,38.2408,81.8
search_candidate_000049_04efe883,random-phased,5,5,0,81.6,81,60.2,106.2,21.5555,1614.2,1691,1306.2,1910.4,0,146.78,4.8,80.4,3126.6,3371,2302.4,3843.4,145.4,0,2.6,0.5909,19507.2,687.8182,275.608,49.4222,81.6
search_candidate_000193_d7caaac1,random-phased,5,5,0,81.6,41,33.2,171.8,88.7685,1395.2,959,886.2,2326.6,0,130.76,4.4,68.4,2174.8,1276,1104.6,4129.2,153,0,2.2,0.7588,19243,1854.6865,881.0127,-11.1842,81.6
centered_candidate_000089_4e98dde3,centered-gaussian,5,5,0,81.4,89,49.6,110.2,27.0599,1558.6,1723,1091.8,1947,0,131.5,5,78,2623.6,2956,1718,3398,156.2,0,2,0.8449,18708,764.8513,384.0274,36.07,81.4
centered_candidate_000105_9c3f7058,centered-gaussian,5,5,0,81.4,56,34,156.4,70.1815,1385.6,1226,801.4,2195.6,0,127.1,4.6,65.4,2292.6,1850,1089.2,4012.4,139,0,2.2,0.6994,18452.8,1604.6549,741.8465,-1.0907,81.4
centered_candidate_000234_5b2abf6d,centered-gaussian,5,5,0,81.4,77,55.4,111.6,25.5703,1547.4,1546,1198,1912.2,0,136.78,4.8,76,2799.8,2720,1997,3718.2,140.4,0,2.6,0.5765,19281.2,777.8955,317.3601,42.6149,81.4
centered_candidate_000515_c13fafcc,centered-gaussian,5,5,0,81.4,79,57.8,108.8,23.2603,1573.8,1564,1296.4,1887,0,134.6,4.8,78.8,2822.4,2796,2243,3513.2,142.6,0,2.6,0.5389,19987.6,612.5117,274.7664,46.1699,81.4
search_candidate_000081_5f1da15f,random-phased,5,5,0,81.4,86,58.8,99.2,21.1811,1596.2,1652,1234,1890.2,0,152.08,4.8,78.8,3180.6,3425,2513.6,3635.2,153,0,3,0.4692,21187.6,582.3668,336.6211,48.2094,81.4
centered_candidate_000345_29fabcbf,centered-gaussian,5,5,0,81.2,86,55.2,103.2,24.49,1539.4,1620,1168.2,1820.2,0,136.34,4.8,75.6,2663.4,2770,1947,3239.4,142,0,2.6,0.5715,19990.8,644.3845,347.8313,42.955,81.2
centered_candidate_000203_26f453c9,centered-gaussian,5,5,0,81,82,45.4,115.2,30.8998,1513.2,1584,1036.6,1926.2,0,135.6,4.8,73.6,2699,2966,1755.2,3474.6,142,0,2.8,0.541,20884.6,769.8098,397.9334,29.9501,81
centered_candidate_000025_65fbfa25,centered-gaussian,5,5,0,80.8,80,39,123.8,37.2473,1527.6,1591,945.8,2070.4,0,136.78,5,73.4,2826.6,3188,1524.8,3842.8,144.2,0,2.2,0.717,18404.6,1068.5653,494.4996,20.3764,80.8
centered_candidate_000161_28360f33,centered-gaussian,5,5,0,80.8,61,33.2,142.6,50.0696,1484.2,1365,782.4,2286.2,0,128.16,4.6,73.6,2529.6,2288,1032.6,4180,139.8,0,2,0.716,17599.6,1387.5285,668.8986,8.1652,80.8
centered_candidate_000447_8623839c,centered-gaussian,5,5,0,80.8,60,51.6,125.4,36.4165,1500.4,1195,1122,2070.4,0,128.78,4.8,74,2553.4,2345,1702.4,3571.6,145.2,0,2.6,0.5933,20245.2,840.048,454.3913,33.3918,80.8
centered_candidate_000175_95007f8a,centered-gaussian,5,5,0,80.6,80,57.4,102.4,21.0675,1598.4,1594,1273.6,1902.4,0,139.08,5,79,2909.4,3079,2102.4,3558.6,144.8,0,2.6,0.5327,19931.8,666.4751,307.8478,46.8662,80.6
search_candidate_000315_3b4ccba6,random-phased,5,5,0,80.6,81,70.8,89.2,8.5229,1567.4,1580,1417.6,1698.6,0,137.16,4.8,79,2820.8,2802,2464.8,3173,153.4,0,2.8,0.5207,20405,323.2877,126.8678,66.5385,80.6
centered_candidate_000241_6ae601da,centered-gaussian,5,5,0,80.4,76,50,111.4,27.354,1512.6,1534,1097.2,1874.8,0,136.34,4.8,74.2,2883.8,3110,1888.6,3712.8,149.2,0,2.2,0.6149,18299,820.8382,355.6322,36.323,80.4
centered_candidate_000442_6d60ca02,centered-gaussian,5,5,0,80.4,63,57.8,112.6,25.7029,1537.4,1309,1280.4,1919.8,0,130.18,4.8,77.4,2557.6,2126,1995.8,3355.6,150.4,0,2.4,0.7914,19872,635.8228,304.0241,44.9485,80.4
centered_candidate_000083_3db26882,centered-gaussian,5,5,0,80.2,73,48,113.6,29.5865,1535.2,1502,1013,2018,0,133.56,4.8,76.4,2723.8,2708,1672.2,3657.4,147.6,0,3.2,0.518,22850,928.9442,460.5837,33.2068,80.2
centered_candidate_000167_77d3baee,centered-gaussian,5,5,0,80,84,45.2,114.2,30.6398,1595.2,1647,1032.2,2148.2,0,140.86,4.8,79.8,3052.6,3208,1753.6,4375.4,143.4,0,2.4,0.5663,18860.6,1174.6188,491.9628,29.8801,80
centered_candidate_000217_c26093c1,centered-gaussian,5,5,0,80,81,54,105,24.6739,1544.6,1565,1131.4,1916.8,0,132.86,4.8,76.4,2695.4,2770,1747.4,3548,138.4,0,2.8,0.6256,20877.4,894.8362,386.1257,41.6631,80
search_candidate_000080_1f779240,random-phased,5,5,0,80,94,53.2,97,21.918,1523.4,1561,1198.8,1772.4,0,148.54,4.8,73,3120.6,3279,2505.2,3579.4,148,0,2.8,0.5005,20475.4,537.4661,297.8749,42.241,80
centered_candidate_000215_ecd20282,centered-gaussian,5,5,0,79.8,86,45,111,29.4713,1525.8,1581,1048.8,1943,0,138.26,4.8,74.4,2922.2,3065,1918.8,3841.6,142.8,0,2.6,0.5658,19609.6,850.2005,403.6263,30.2643,79.8
centered_candidate_000229_691b6db7,centered-gaussian,5,5,0,79.8,87,56.2,101,20.1534,1572.4,1719,1294.8,1778.2,0,132.4,4.8,79.4,2647.2,2896,2027.6,3147.6,144,0,2.8,0.5417,20697,506.8804,224.7003,46.1233,79.8
centered_candidate_000254_85bc2a9f,centered-gaussian,5,5,0,79.8,79,50.2,111.4,27.0806,1548.8,1628,1161,1902.8,0,134.52,5,75.6,2689.6,3053,1808.8,3387.4,143.2,0,2.8,0.5352,20684.2,720.2504,327.9594,36.6597,79.8
centered_candidate_000432_498e541f,centered-gaussian,5,5,0,79.8,69,55.4,112.4,27.0954,1546.2,1487,1211.8,1951,0,133.2,4.8,76.8,2634.8,2150,1933.2,3693.8,141.4,0,3,0.6135,21786.8,870.89,343.1218,41.8523,79.8
search_candidate_000204_2c41c71f,random-phased,5,5,0,79.6,81,59,99.8,17.9956,1538.8,1561,1253.2,1838,0,133.82,4.8,77.8,2539.2,2570,1999.2,3128,158.4,0,3.2,0.5082,22694.4,543.5371,263.5173,50.0022,79.6
search_candidate_000449_98d204e1,random-phased,5,5,0,79.6,40,37.4,154.2,64.5619,1446.8,974,901.4,2367.8,0,142.88,4.4,69.6,2546.4,1670,1508.8,4255.2,140,0,2.2,0.6946,18135.4,1424.4556,775.9612,5.119,79.6
centered_candidate_000488_40877080,centered-gaussian,5,5,0,79.4,82,65.2,91,12.8779,1609.8,1625,1393.4,1789.6,0,143.42,4.8,80.8,2969.6,3118,2372.6,3447.6,145.2,0,3,0.5701,21652,539.9173,197.7831,58.7611,79.4
search_candidate_000196_d9157ac2,random-phased,5,5,0,79.4,56,38.4,133.4,43.6468,1507.2,1345,962.4,2138.6,0,156.98,4.6,71.8,2916,2690,1840.2,4161.8,148.8,0,2.6,0.5359,18916.6,1032.7553,528.5294,16.5766,79.4
search_candidate_000301_b3c7ee20,random-phased,5,5,0,79.4,46,30.2,161.6,75.216,1398.8,1121,779,2312.4,0,134.58,4.6,67.2,2338,1549,902,4609.6,155.8,0,1.4,0.9475,15045,2078.3543,810.2954,-7.408,79.4
centered_candidate_000023_70b2243d,centered-gaussian,5,5,0,79,70,43,120,35.0257,1479.6,1392,978,2013.4,0,121.8,5,72.2,2385.6,2374,1375,3377.4,144.8,0,2.2,0.7421,19140.2,923.0509,477.9877,25.4871,79
centered_candidate_000222_78896a4d,centered-gaussian,5,5,0,79,88,35.4,117.6,36.775,1461.6,1622,858.6,1973.2,0,126.38,4.6,72,2575.8,2957,1330,3606.8,137.4,0,3,0.5343,21722.4,1022.3585,500.125,17.0125,79
centered_candidate_000350_5a19ed7f,centered-gaussian,5,5,0,79,91,42.2,113,32.5146,1469.6,1667,946.4,1911.8,0,129.26,4.6,72.4,2499,3127,1323.6,3383.4,139.4,0,2.4,0.6338,19060.4,960.896,437.1973,25.9427,79
centered_candidate_000378_9b9ab10b,centered-gaussian,5,5,0,79,91,42.2,113,32.5146,1469.6,1667,946.4,1911.8,0,129.26,4.6,72.4,2499,3127,1323.6,3383.4,139.4,0,2.4,0.6338,19060.4,960.896,437.1973,25.9427,79
search_candidate_000480_bfbfc177,random-phased,5,5,0,79,60,32.4,149.8,66.1967,1411.4,1250,778.4,2295.2,0,129.06,4.6,68,2359.4,1780,974,4428.2,143.4,0,2.4,0.7053,19626.2,1897.2057,811.6683,-0.6983,79
centered_candidate_000101_8c3c31f3,centered-gaussian,5,5,0,78.8,72,63.4,101,19.8232,1557.6,1551,1335.8,1791.2,0,134.4,5,76.4,2688.8,2591,2216.4,3278.8,142.6,0,2.8,0.5858,20702.2,501.8005,227.8821,53.4884,78.8
centered_candidate_000381_d81cdf37,centered-gaussian,5,5,0,78.8,74,41,126,41.3831,1481.4,1491,974.2,2043,0,130.64,4.6,73.4,2567.4,2362,1704,3698.2,141.2,0,2.6,0.5561,19977,1037.1645,495.8188,20.3085,78.8
centered_candidate_000460_303ff124,centered-gaussian,5,5,0,78.6,77,52,102.2,24.1711,1538.6,1652,1063.8,1906.6,0,132.84,5,75.4,2641.6,3031,1542.8,3392.4,145.8,0,2.4,0.7073,19702.8,923.377,408.5421,39.9145,78.6
centered_candidate_000131_0926796a,centered-gaussian,5,5,0,78.4,56,52.2,115.6,30.3355,1544.8,1262,1198.6,2040.4,0,135.52,4.8,76.6,2639.4,2181,1971.2,3545.4,142.4,0,2.8,0.6277,21002,733.7238,398.2228,37.0323,78.4
centered_candidate_000444_6124a128,centered-gaussian,5,5,0,78.4,76,42.4,115.2,31.96,1489,1466,1001.2,1976.2,0,126.46,4.8,73.4,2467.4,2161,1682.4,3363.6,141.6,0,2.6,0.6028,20186.6,759.4658,428.6724,26.42,78.4
search_candidate_000221_a635ef7e,random-phased,5,5,0,78.4,76,58.8,98,17.8617,1533.8,1491,1263.8,1830.6,0,129.44,5,76.4,2628,2450,2077.6,3274,153.8,0,2.2,0.6104,17941.2,542.3224,269.1694,49.8692,78.4
centered_candidate_000093_8fb6ab3b,centered-gaussian,5,5,0,78,49,34.8,141,50.3309,1488.8,1246,905.2,2235,0,131.84,4.6,73.8,2675.6,1966,1454.4,4299.2,140.2,0,2.6,0.5346,19969.2,1305.4681,602.9731,9.6345,78
centered_candidate_000114_8d0e4a5f,centered-gaussian,5,5,0,78,84,41,109.4,30.7506,1474.6,1582,933.8,1908.6,0,124.86,4.8,72.6,2518,2776,1402.2,3400,142.6,0,2.8,0.5876,21007,945.6327,449.6579,25.6247,78
centered_candidate_000154_a6730bfd,centered-gaussian,5,5,0,78,62,37.8,124.2,39.0384,1462,1275,874.8,2110.8,0,130.04,4.6,71.8,2666.6,2097,1310.6,4202.4,139.6,0,2.4,0.7422,19237.8,1322.1511,554.7068,18.2808,78
centered_candidate_000382_44b6eb47,centered-gaussian,5,5,0,78,72,51,110.4,27.1956,1539.8,1591,1175.8,1906.8,0,138.28,4.8,75.8,2806.4,2787,1940,3688.8,143,0,2.8,0.586,20581.4,772.7563,331.6585,37.4022,78
search_candidate_000288_213c0944,random-phased,5,5,0,77.6,64,45.4,125.6,45.0626,1438.6,1285,1054.6,1985,0,133.14,4.6,71.8,2581,2245,1718.6,3864.8,163.8,0,2.8,0.6771,22172,1196.7093,503.5957,22.8687,77.6
search_candidate_000206_83cf53a0,random-phased,5,5,0,77.4,82,43.6,107.8,28.4084,1478.8,1682,950.8,1889.4,0,134.62,4.8,72.8,2621.4,2746,1458.8,3688,156.8,0,2.8,0.62,21609,984.9799,425.685,29.3958,77.4
centered_candidate_000082_178d2349,centered-gaussian,5,5,0,77.2,88,42.4,107,29.1712,1523,1735,978.4,1965.6,0,133.02,4.8,75.6,2672,2920,1500.8,3748.4,145,0,2,0.6329,17097.6,995.5628,446.2421,27.8144,77.2
centered_candidate_000306_07c7e18e,centered-gaussian,5,5,0,77.2,74,47.6,107.8,26.4832,1534.4,1501,1098,1973,0,141.64,4.8,75,2888.8,2912,2087.2,3685.2,143.8,0,2.8,0.4995,20631.8,702.0252,385.6214,34.3584,77.2
search_candidate_000454_8c75f20a,random-phased,5,5,0,77.2,79,51.6,103.4,24.9912,1540,1585,1145.8,1927,0,139.5,4.6,77.4,2948.2,2910,2007.2,3966,145.4,0,3,0.5167,21468.8,906.8681,373.4295,39.1044,77.2
centered_candidate_000141_085cc5af,centered-gaussian,5,5,0,77,85,42.4,106.6,29.1959,1455.6,1551,1011.4,1814.4,0,130.1,4.6,71.4,2523,2820,1468.8,3356.4,140,0,2.6,0.6289,20259.2,857.1096,369.8587,27.8021,77
centered_candidate_000494_03ae9df9,centered-gaussian,5,5,0,77,72,53.4,102.2,21.8815,1512.6,1489,1144.8,1887.4,0,136.6,4.8,74,2734.6,2394,1873.6,3736.2,143.4,0,2.8,0.5528,20272,839.3468,328.0869,42.4593,77
centered_candidate_000508_c32d573d,centered-gaussian,5,5,0,77,79,37.2,121.8,40.1945,1457.8,1610,879,2013.4,0,123.3,4.6,72.8,2398.4,2637,1201.2,3586,140.6,0,2,0.6919,17524.2,1103.0004,523.1877,17.1027,77
centered_candidate_000428_5125cffd,centered-gaussian,5,5,0,76.8,92,36.8,108.8,32.884,1522.2,1741,921.2,1991.4,0,130.46,4.6,77,2666,3339,1302.2,3621,140.8,0,2.2,0.6212,18338.2,1089.724,496.7218,20.358,76.8
search_candidate_000046_95e98524,random-phased,5,5,0,76.8,72,59.2,99.4,19.6713,1573,1540,1295,1887.6,0,145.72,4.8,77.6,3165.4,3311,2524.8,3759.8,144,0,2.6,0.4967,19159.6,565.1041,268.676,49.3644,76.8
search_candidate_000409_fb4d354c,random-phased,5,5,0,76.8,74,53.8,100,20.7403,1536.4,1518,1223.4,1841.8,0,133.7,5,75.6,2742.2,2822,2023.8,3375.6,148.4,0,2.8,0.5808,20466.8,602.643,280.089,43.4299,76.8
centered_candidate_000204_b9a4e316,centered-gaussian,5,5,0,76.6,70,28.6,136.4,54.3382,1434.8,1491,703.6,2219.2,0,134.7,4.6,69.2,2630.6,2689,1106.6,4243.6,142.4,0,2.2,0.711,18120.6,1442.4649,726.2075,1.4309,76.6
centered_candidate_000291_633a19fe,centered-gaussian,5,5,0,76.6,59,30.8,131.4,45.0804,1416.6,1215,769,2159.8,0,120.6,4.6,69.8,2352.8,2165,967.6,3793.4,139.8,0,2.2,0.6874,18442.8,1255.4485,621.2779,8.2598,76.6
search_candidate_000184_104a9acc,random-phased,5,5,0,76.6,74,57.4,98.6,18.5968,1495.2,1473,1201.2,1813.2,0,123.14,4.8,75.2,2634.4,2918,1903,3247.4,146.8,0,3,0.5404,21711.4,608.6321,271.7656,48.1016,76.6
search_candidate_000494_c17c36e5,random-phased,5,5,0,76.6,77,55.4,98.4,19.1896,1506,1527,1218,1799.6,0,139.62,4.8,73.2,2923.6,2926,2357.6,3499,145.4,0,2.2,0.6386,17831.2,514.1613,260.9421,45.8052,76.6
centered_candidate_000366_77f447ed,centered-gaussian,5,5,0,76.2,64,48,110,27.8883,1468.2,1340,1066.4,1925.2,0,137.48,4.6,71.8,2706.2,2662,1795.6,3658.8,144.6,0,2.4,0.6167,18650.8,818.657,383.9242,34.0558,76.2
centered_candidate_000052_53cd3017,centered-gaussian,5,5,0,76,79,59.6,88.6,14.1563,1515,1553,1281,1712.8,0,126.96,4.8,75.6,2509.4,2514,1937,3065,140.2,0,2.4,0.6729,19119.6,581.2815,219.8099,52.5219,76
centered_candidate_000202_318f3558,centered-gaussian,5,5,0,76,39,32.6,143,53.2015,1389.4,906,804.8,2241,0,120.54,4.4,68.8,2396.2,1281,1063,4364.2,138,0,2.2,0.6484,18152.8,1561.007,677.0479,5.9992,76
centered_candidate_000220_655eede9,centered-gaussian,5,5,0,76,84,45.8,102.2,25.5656,1505.8,1646,1020.8,1911.2,0,127.2,4.6,76,2516.8,2728,1513.2,3411.2,138.2,0,2.6,0.6279,19954,887.6131,410.1192,33.0172,76
centered_candidate_000442_a6c9dec6,centered-gaussian,5,5,0,76,87,54,92.2,17.7313,1479.6,1591,1196,1705,0,136.28,4.6,72.4,2722.8,2958,1939.2,3373.2,138.8,0,2.2,0.6119,17877.6,645.4187,232.678,45.1343,76
centered_candidate_000225_7c111922,centered-gaussian,5,5,0,75.8,83,50.4,96.2,21.1603,1472.8,1603,1086,1753.4,0,127,4.6,73.6,2380.6,2518,1528.8,3112.6,140.8,0,2.2,0.7209,18537.6,719.6459,319.6845,39.8198,75.8
centered_candidate_000323_fa6137ef,centered-gaussian,5,5,0,75.8,71,45,110.8,30.1689,1536.2,1551,1087.8,2001.6,0,140.62,4.6,76.8,2789.4,2702,1824.6,3903.8,142.8,0,2.6,0.6029,19778,1017.6633,436.2483,29.9156,75.8
search_candidate_000061_f4e43478,random-phased,5,5,0,75.8,74,50.4,102.4,24.1859,1472,1539,1042.2,1850.4,0,133.56,4.6,72.6,2675.8,2823,1746.4,3457.8,142.4,0,2,0.6521,17068.8,864.4067,370.5979,38.307,75.8
search_candidate_000203_f3ba5363,random-phased,5,5,0,75.8,83,61.8,85.8,11.1606,1511.8,1606,1317.6,1651.8,0,138.04,4.6,75.6,2846.8,2828,2385.6,3331.6,146.8,0,2.8,0.5451,20331.8,420.5703,155.201,56.2197,75.8
centered_candidate_000003_e24020a9,centered-gaussian,5,5,0,75.6,67,48.4,108.4,27.7892,1517.4,1489,1104.4,1943.6,0,138.72,4.6,75.4,2837.6,2728,2066.2,3656.2,141.2,0,2.2,0.6516,17804.4,711.9445,376.8058,34.5054,75.6
centered_candidate_000019_8ddf5b3c,centered-gaussian,5,5,0,75.6,42,34.2,145.2,61.5942,1389,973,834.6,2274.8,0,131.62,4.4,67.6,2410.4,1468,1188.2,4343.6,144,0,2,0.7913,17679.6,1613.7671,761.4757,3.4029,75.6
centered_candidate_000061_aa4b74bb,centered-gaussian,5,5,0,75.6,85,45.2,102,25.4763,1519,1710,1099,1840.4,0,126.48,5,75.2,2496.8,2887,1806.8,2986,145.6,0,2.4,0.6099,19285.6,559.8233,339.9653,32.4619,75.6
centered_candidate_000504_57f5d575,centered-gaussian,5,5,0,75.6,84,54.6,89.4,18.0842,1515.4,1592,1231,1711,0,136.34,4.6,75.4,2676.2,2733,2173.8,3079.8,138.8,0,2.8,0.5838,20481,463.0276,253.3808,45.5579,75.6
search_candidate_000096_70e3807a,random-phased,5,5,0,75.6,76,61.6,88.4,12.093,1535.6,1597,1359.8,1659.6,0,127.74,4.8,77.8,2580,2680,2230.4,2828,145.8,0,3,0.6524,21265.8,308.7245,150.6527,55.5535,75.6
centered_candidate_000317_8d78d27e,centered-gaussian,5,5,0,75.4,70,57.2,97.6,18.413,1528.2,1462,1269.2,1832.4,0,134.3,4.8,75.8,2640.6,2665,2214,3105.6,142.6,0,2.8,0.5714,20826.8,428.3744,270.021,47.9935,75.4
search_candidate_000105_e0f4d1b9,random-phased,5,5,0,75.4,75,59.2,90,14.5685,1531.4,1585,1287.6,1728.4,0,142.26,4.8,76.4,2724.8,2860,2190.4,3146.4,159.4,0,2.6,0.5834,19770,439.1876,203.4459,51.9158,75.4
centered_candidate_000161_b3979cb4,centered-gaussian,5,5,0,75.2,64,46,112.6,31.6695,1451.8,1299,1057.6,1928.4,0,133.5,4.6,71,2741.2,2546,1982.4,3612.4,142.2,0,2.4,0.631,18949,760.355,405.5675,30.1652,75.2
centered_candidate_000358_4b490a42,centered-gaussian,5,5,0,75.2,68,45.8,110.8,29.8624,1494.6,1468,1045.6,1975.4,0,139.98,4.6,73.4,2811.2,2457,1845,4070.8,141.4,0,2.4,0.6201,18472.8,1043.5609,416.3122,30.8688,75.2
centered_candidate_000274_a2b485bf,centered-gaussian,5,5,0,75,86,50.4,90.6,21.3073,1474.4,1587,1166.4,1671.4,0,139.34,4.6,71.8,2657.4,2833,2025.4,3135.6,141.4,0,2.4,0.6421,19313,568.5964,284.1469,39.7464,75
centered_candidate_000514_5dd069ef,centered-gaussian,5,5,0,75,74,59.8,93.6,16.8167,1466.6,1370,1283.6,1732.8,0,126.38,4.8,72.2,2368,2192,1971.2,2927.4,144.6,0,2.2,0.6651,18673.4,476.8367,240.7402,51.3917,75
centered_candidate_000182_72829c52,centered-gaussian,5,5,0,74.8,80,50,96.2,21.2358,1491.6,1641,1067.4,1821.2,0,137.92,4.6,73.6,2872.2,3180,1935.6,3556.4,142.2,0,2.4,0.6161,18668.8,813.9613,348.7243,39.3821,74.8
centered_candidate_000490_546049fa,centered-gaussian,5,5,0,74.8,81,41.8,99.6,28.8333,1473.2,1661,905,1845.2,0,121.42,4.8,73.4,2514.2,2910,1510.4,3104.8,142.4,0,2.8,0.5568,21168.2,952.6683,506.2452,27.3833,74.8
centered_candidate_000402_40b73754,centered-gaussian,5,5,0,74.6,84,38.2,105,29.8168,1430,1489,891.4,1920.8,0,122.48,4.8,69.6,2359.6,2582,1275.6,3345.4,141.8,0,2.8,0.5722,21168.4,917.1714,454.4592,23.2916,74.6
search_candidate_000463_7c535671,random-phased,5,5,0,74.6,73,65.6,84.2,8.4522,1513.8,1540,1389,1617.4,0,127.52,4.8,76.2,2519.2,2497,2400.8,2662,146,0,3.6,0.5246,24097.6,127.8521,106.2777,61.3739,74.6
centered_candidate_000195_b0a23643,centered-gaussian,5,5,0,74.4,76,49.4,100.2,23.4913,1496.4,1528,1135.4,1836.4,0,130,4.8,74,2561,2740,1741.8,3271,142.6,0,2.2,0.6425,18178.6,713.0663,323.291,37.6544,74.4
centered_candidate_000362_74660f75,centered-gaussian,5,5,0,74.4,78,39.8,106.6,30.2893,1418.6,1485,910,1857.4,0,126.32,4.6,69.4,2470.6,2922,1408.6,3171.8,141,0,2.6,0.5957,19998,885.4171,436.9451,24.6554,74.4
search_candidate_000032_1b988a82,random-phased,5,5,0,74.4,79,54.4,90.2,17.7268,1482.4,1616,1151.8,1706.4,0,126.18,4.6,76.2,2450,2690,1880,2800,155.8,0,3.2,0.5815,22455.2,498.8787,286.6863,45.5366,74.4
search_candidate_000321_4a7bb272,random-phased,5,5,0,74.4,78,51,96.4,20.3627,1477.2,1576,1185.6,1731.6,0,138.64,4.8,71.4,2818.6,2997,2207.8,3378.6,147.4,0,2.8,0.5805,20758,528.1627,247.7768,40.8186,74.4
centered_candidate_000031_a7aff260,centered-gaussian,5,5,0,74.2,76,44,102,26.187,1462.4,1570,1020,1821.6,0,133.78,4.6,71.8,2628.4,2763,1645.2,3412.2,141,0,2.4,0.6081,18982.4,906.2434,378.3568,30.9065,74.2
centered_candidate_000138_6d359d48,centered-gaussian,5,5,0,74.2,55,44.2,119,37.1935,1411.6,1226,947.8,2006.4,0,120.62,4.6,69.4,2235.6,1888,1422.2,3249.6,137.4,0,2.2,0.683,18559.4,852.6853,494.3224,25.6032,74.2
centered_candidate_000175_9d49adcc,centered-gaussian,5,5,0,74.2,48,30.8,142.6,61.6714,1355.4,1043,767.6,2225.8,0,120.06,4.4,66.6,2218,1650,1060.6,3857,140.8,0,2,0.7782,17679.2,1385.3879,752.5707,-0.0357,74.2
centered_candidate_000248_3c2da1ab,centered-gaussian,5,5,0,74.2,68,47.6,107,27.7806,1468.6,1475,1110.6,1836.4,0,141.18,4.8,70,2748,2677,1979.6,3643,143.8,0,2.8,0.6126,20610.8,768.8399,319.7478,33.7097,74.2
centered_candidate_000279_e027250b,centered-gaussian,5,5,0,74.2,81,56.8,84.6,16.2407,1449.8,1584,1175,1603.6,0,136.5,4.6,70.6,2775.4,3014,2113.8,3209.2,144,0,2.4,0.5416,18856.8,617.21,248.4201,48.6797,74.2
centered_candidate_000295_9a5714ad,centered-gaussian,5,5,0,74.2,65,47.6,106,26.5134,1407.2,1374,1006,1816.6,0,122.58,4.4,70.6,2421.8,2252,1567.8,3339,142.2,0,2.2,0.7414,18361.2,827.4944,371.1029,34.3433,74.2
centered_candidate_000381_c15b8d83,centered-gaussian,5,5,0,74.2,82,57,87.4,13.9054,1460.6,1577,1228.8,1632.2,0,130.44,4.6,72.2,2592.2,2683,2021.6,3092,140.6,0,2.2,0.5661,17734.2,483.3506,186.4195,50.0473,74.2
search_candidate_000247_5f79c6ac,random-phased,5,5,0,74.2,73,62,88.6,12.7342,1478,1460,1310.8,1673,0,121.34,4.8,74.6,2315.6,2338,2073,2549.2,149.2,0,2.6,0.6616,19953.6,211.2388,169.7422,55.6329,74.2
centered_candidate_000424_cfeb4e0c,centered-gaussian,5,5,0,74,65,37.8,113.6,33.663,1425.2,1321,911.6,1973,0,122.82,4.6,70.8,2207.2,1936,1168.6,3372,143.6,0,1.8,0.7552,16960.6,983.5888,470.8747,20.9685,74
centered_candidate_000297_14bbb7d6,centered-gaussian,5,5,0,73.8,70,48.8,100,22.6486,1515.2,1554,1104.6,1886.8,0,136,4.6,76,2785,2853,1958.2,3496.6,142.2,0,2.2,0.594,17857.4,702.855,349.0819,37.4757,73.8
centered_candidate_000299_a0bc0c31,centered-gaussian,5,5,0,73.8,80,58.6,86,12.4161,1475.6,1581,1232.8,1673,0,136.94,4.6,72.4,2752,2842,2178.6,3353,140.6,0,3,0.5573,21664.8,548.1226,201.2716,52.3919,73.8
search_candidate_000325_e3199561,random-phased,5,5,0,73.8,77,64,82.4,8.3042,1498.8,1534,1345.2,1643.8,0,135.4,4.6,75.2,2791.6,2717,2581,3039.2,146.8,0,2.8,0.6042,20569.6,204.4765,133.6614,59.8479,73.8
centered_candidate_000221_72d1f1c8,centered-gaussian,5,5,0,73.6,77,40.4,107.6,30.4276,1421.2,1494,929.2,1897,0,125.18,4.6,70.2,2361,2576,1351.8,3307.4,144,0,2.4,0.7039,19288.4,884.9468,433.283,25.1862,73.6
search_candidate_000297_00a68770,random-phased,5,5,0,73.6,70,60.8,88.4,12.3061,1486.4,1449,1316.8,1686.4,0,141.76,4.6,73.2,2792.4,2844,2434,3152.2,147.6,0,2.6,0.5982,19750.4,338.8809,165.3101,54.647,73.6
centered_candidate_000098_8b824339,centered-gaussian,5,5,0,73.4,61,40,123,45.872,1370.6,1294,892.6,2000.8,0,125.6,4.2,68,2497,2421,1384.4,3860,136.6,0,2.4,0.6436,18630.8,1242.7391,575.3624,17.064,73.4
centered_candidate_000067_58e893f9,centered-gaussian,5,5,0,73.2,81,40,104.8,29.4306,1464.2,1631,950.8,1903.4,0,135.14,4.6,72,2733.4,2557,1710.6,3815,142.8,0,2.4,0.6889,19119.4,932.1523,428.9053,25.2847,73.2
centered_candidate_000219_5485e5e4,centered-gaussian,5,5,0,73.2,80,41.2,103.2,28.2163,1447,1637,947.6,1856.2,0,130.08,4.6,70.8,2507.8,2740,1449.4,3484,136.4,0,2.6,0.5687,19590.2,920.6675,412.4546,27.0918,73.2
centered_candidate_000411_ce54802c,centered-gaussian,5,5,0,73.2,77,53.6,88,17.5431,1498.4,1569,1223.4,1691.8,0,142.82,4.6,73.4,2818.4,3052,2236.8,3239,140.6,0,2.6,0.5297,19771.8,465.9994,249.0362,44.8285,73.2
centered_candidate_000464_a15b67e0,centered-gaussian,5,5,0,73.2,82,42.6,98.2,25.5453,1459.2,1589,974.6,1856.4,0,124.28,4.6,73.6,2494.8,2529,1433,3514.8,144.4,0,2.2,0.6918,18118.6,945.7091,411.0452,29.8274,73.2
search_candidate_000189_a59f4b7b,random-phased,5,5,0,73.2,67,47.4,101.8,24.1363,1471.8,1487,1042.8,1870,0,129.88,4.6,73.8,2379.4,2240,1562,3232.2,145.2,0,2.2,0.6357,18209.8,747.6025,367.6071,35.3319,73.2
search_candidate_000266_1d3516d5,random-phased,5,5,0,73.2,58,51.6,107,28.4493,1478.4,1283,1204.8,1904.4,0,140.68,4.6,72.6,2823,2642,2016.8,3890,146,0,3,0.4987,21062.2,965.5709,352.1617,37.3754,73.2
centered_candidate_000017_6d8342a3,centered-gaussian,5,5,0,73,72,41.4,109.4,31.6291,1410.6,1474,939.6,1890.4,0,132.66,4.4,68.8,2522.4,2657,1517.4,3503.2,136.2,0,2.4,0.6587,19110.8,879.3872,428.3137,25.5854,73
centered_candidate_000423_2c245b28,centered-gaussian,5,5,0,73,67,50.8,103.8,28.0642,1466.4,1428,1166.8,1833.4,0,126.54,4.8,72.2,2355.2,2126,1777.2,3179.8,142.2,0,2.4,0.5894,19033.8,735.5965,319.54,36.7679,73
search_candidate_000481_b40eb29a,random-phased,5,5,0,73,78,50.8,90.6,18.3303,1444.6,1567,1108.8,1687.2,0,122.86,4.4,74,2454.6,2500,1820.8,3021.4,144.2,0,3.2,0.5755,22588.4,538.5416,275.6611,41.6348,73
centered_candidate_000143_765d2745,centered-gaussian,5,5,0,72.8,79,52,89.4,16.9044,1458.8,1547,1166.6,1691,0,130.66,4.6,72.2,2636.8,2664,2045,3204.2,141,0,2.6,0.6447,19635.6,512.4379,237.3355,43.5478,72.8
centered_candidate_000486_c4815325,centered-gaussian,5,5,0,72.8,63,49.2,102,24.2767,1439.6,1351,1094.6,1830.4,0,132.58,4.4,71.2,2436.4,2270,1701.6,3265.4,136,0,2.6,0.6225,19778.8,720.194,332.8204,37.0616,72.8
centered_candidate_000120_0b7e0279,centered-gaussian,5,5,0,72.6,81,53.4,84.2,17.1301,1461.8,1608,1144.8,1637.6,0,131.18,4.6,72.4,2538.8,2903,1736.8,3044.2,140.8,0,2.6,0.5255,20013.6,699.9307,301.9314,44.835,72.6
centered_candidate_000483_41040057,centered-gaussian,5,5,0,72.6,50,42.2,118.4,36.9897,1395.8,1128,938.8,2031,0,123.08,4.6,68.2,2382,1740,1276.6,3936.8,140.2,0,2.4,0.6795,19496.4,1250.0443,512.546,23.7051,72.6
search_candidate_000478_fafa8485,random-phased,5,5,0,72.6,66,47.2,101.2,25.1523,1446.2,1440,1051.6,1828.2,0,142,4.4,71.2,2755.4,3013,1887.8,3418,145.8,0,3,0.5764,21425,748.5866,367.2282,34.6238,72.6
centered_candidate_000068_99366c34,centered-gaussian,5,5,0,72.4,64,49.2,99.4,22.615,1438.2,1298,1126.4,1816.6,0,127.72,4.4,72,2358,2170,1726.4,3095,136.6,0,2.4,0.6356,18991.4,608.0615,314.8621,37.8925,72.4
centered_candidate_000090_92cbf0b9,centered-gaussian,5,5,0,72.4,79,30.4,112.8,36.4889,1407.8,1568,773.6,1957,0,122.46,4.6,69.6,2239.4,2834,1079.2,3050.4,143.2,0,2.2,0.765,18942.2,922.1943,526.0021,12.1555,72.4
centered_candidate_000289_1959cb6c,centered-gaussian,5,5,0,72.4,62,41.6,110.2,32.0911,1424.2,1310,989,1923.6,0,134.16,4.4,70,2550.2,2397,1607.8,3492.6,138.8,0,2.2,0.6513,17528,878.4883,433.4579,25.5544,72.4
centered_candidate_000312_926b11cb,centered-gaussian,5,5,0,72.4,56,35.8,124.2,43.5688,1395.6,1172,833.6,2138.8,0,125.9,4.4,69.2,2351.8,2055,1210,3789.2,141,0,2.4,0.6649,19134.8,1224.2884,608.7333,14.0156,72.4
centered_candidate_000354_a926cf43,centered-gaussian,5,5,0,72.4,56,43.2,118.2,41.1854,1423,1243,1063.8,1962.4,0,142.78,4.4,68.8,2831,2406,1950,4154.8,142.6,0,2.6,0.5815,19460.8,1177.9691,490.7036,22.6073,72.4
centered_candidate_000049_b2d0077f,centered-gaussian,5,5,0,72.2,60,49,105.4,27.6362,1470.2,1278,1148,1949.8,0,142.4,4.6,71.6,2773.2,2518,2134,3654.8,144.6,0,3.2,0.5514,22302.6,749.7867,396.402,35.1819,72.2
search_candidate_000380_8347ff58,random-phased,5,5,0,72.2,73,60.6,82.4,10.7963,1503.8,1547,1313.8,1643.8,0,137.62,4.8,74,2809.2,2830,2454.6,3116.6,146.4,0,3.2,0.5286,22546,305.8911,174.7529,55.2019,72.2
search_candidate_000402_0cbb4ecf,random-phased,5,5,0,72.2,83,46.6,90.6,20.6533,1412.4,1495,1016,1730.6,0,119.68,4.4,71.8,2345.2,2560,1523,2995.8,142.6,0,2.6,0.7049,19733.4,703.8345,332.2647,36.2733,72.2
centered_candidate_000132_888bc65d,centered-gaussian,5,5,0,72,50,34.2,127.8,46.1952,1315.4,1136,764.4,2019.6,0,117.1,4.4,64.2,2102,1740,903.4,3642.4,142.8,0,1.4,0.8924,15304.6,1273.8325,580.224,11.1024,72
search_candidate_000027_bc5e1247,random-phased,5,5,0,72,74,52,90.4,17.0529,1472.6,1516,1174.6,1744.4,0,142.22,4.6,72.4,2803.8,2680,2108.8,3528.4,149.6,0,2.8,0.529,20212.4,630.4057,252.1306,43.4736,72
search_candidate_000170_4bcf19c4,random-phased,5,5,0,72,81,47.8,90.6,19.5141,1410.2,1539,1052,1678.6,0,137.02,4.4,69.4,2691.6,2810,1975.6,3317.2,149,0,2.8,0.556,20481.2,617.6256,290.0479,38.043,72
centered_candidate_000042_7cac8f55,centered-gaussian,5,5,0,71.8,66,30.6,115.6,37.6106,1359.2,1279,748.8,1994.8,0,115.56,4.4,67.8,2144.2,1812,966.2,3457.6,139.6,0,2.4,0.7063,19881.6,1113.7927,550.8609,11.7947,71.8
centered_candidate_000345_04ab08c5,centered-gaussian,5,5,0,71.8,72,50.4,95.2,20.5173,1507,1578,1174.8,1818.6,0,142.02,4.8,73.4,2854.6,2997,2048.6,3596.6,144.8,0,2.6,0.5564,19431.2,683.1028,286.6057,40.1413,71.8
search_candidate_000270_c23ffa80,random-phased,5,5,0,71.8,84,48.4,86.6,18.8934,1376.6,1539,999.6,1624.8,0,113.44,4.4,70,2208.4,2446,1420.8,2794.4,143.2,0,2.2,0.6635,17930.8,645.1027,312.7597,38.9533,71.8
search_candidate_000140_fa9f5658,random-phased,5,5,0,71.6,75,57.8,82.8,11.342,1466.4,1530,1262,1630,0,125.78,4.6,74.8,2607.2,2586,2402.6,2830.6,150.8,0,2.8,0.6192,20303.8,204.6445,165.8645,52.129,71.6
search_candidate_000515_1d097238,random-phased,5,5,0,71.6,87,44.8,90.6,21.5369,1426,1678,998.2,1705.2,0,129.5,4.4,71.4,2555.6,3054,1521.4,3298.2,142.6,0,2.4,0.6184,19042.6,825.2814,338.4701,34.0315,71.6
centered_candidate_000094_e838c610,centered-gaussian,5,5,0,71.4,79,31,113,38.082,1353.4,1555,707,1963.4,0,113.66,4.6,66.2,2110.2,2248,848.6,3421,138.6,0,1.8,0.8324,17175.4,1163.352,580.5148,11.959,71.4
centered_candidate_000235_357aaeac,centered-gaussian,5,5,0,71.4,78,49.4,89.2,18.3259,1470,1625,1128,1697.4,0,132.9,4.4,74,2600,2464,1870.8,3320.4,137.8,0,2.8,0.52,20818.4,671.2868,283.8352,40.237,71.4
centered_candidate_000288_d155ed8c,centered-gaussian,5,5,0,71.4,75,50.6,88.4,18.0732,1455.6,1461,1139.2,1729,0,129.3,4.6,72,2393.2,2453,1676.8,3040.6,137.8,0,2.8,0.6434,20748.8,633.9645,288.4189,41.5634,71.4
centered_candidate_000302_1f573238,centered-gaussian,5,5,0,71.4,82,29,108,35.0805,1381,1624,684.8,1925.2,0,122.56,4.4,69,2283.2,2500,927.4,3501,144.2,0,2.4,0.6672,19463,1139.2679,561.5158,11.4598,71.4
search_candidate_000018_0f3f1bef,random-phased,5,5,0,71.4,73,42.8,100.2,25.3503,1449.4,1501,1012.2,1881.8,0,126.92,4.6,72.6,2285.6,2290,1438.8,3166.6,144.8,0,3,0.5823,21997.2,762.4179,385.7857,30.1248,71.4
centered_candidate_000005_ef6a99cf,centered-gaussian,5,5,0,71.2,77,45.8,92.6,20.9036,1403.8,1569,1065.8,1630,0,130.68,4.4,69,2389.8,2585,1518,3141.6,138.6,0,2.2,0.6986,18245.8,732.0919,272.1789,35.3482,71.2
centered_candidate_000415_8989c700,centered-gaussian,5,5,0,71.2,60,48.8,101,24.9912,1409,1295,1064,1816.8,0,132.86,4.4,69.2,2637.6,2607,1897.4,3410,140,0,2.4,0.584,18734.8,723.052,349.2071,36.3044,71.2
search_candidate_000373_2b086006,random-phased,5,5,0,71.2,75,43,96.6,23.6677,1431.2,1509,1050.8,1748.2,0,129.22,4.6,70.6,2622.2,2384,1839.4,3467.8,143.4,0,2.6,0.6079,19455.4,734.8778,313.2618,31.1662,71.2
centered_candidate_000152_65da8265,centered-gaussian,5,5,0,71,56,39.4,110,32.4099,1387.2,1298,911,1916,0,138.98,4.4,66.4,2708,2592,1557.4,3924.8,140.2,0,2.4,0.5811,18750.6,1043.4928,447.7961,23.1951,71
centered_candidate_000307_63d6db9e,centered-gaussian,5,5,0,71,82,45.4,89.6,20.4255,1456.2,1657,1058.6,1722.8,0,139,4.4,72.2,2752.8,3135,1764.6,3503.2,140.6,0,2.8,0.5421,20391.6,794.0064,316.7127,35.1873,71
centered_candidate_000344_c4d787a7,centered-gaussian,5,5,0,71,75,48,90.6,19.0473,1436,1443,1093.4,1765.4,0,137.16,4.4,70.8,2631,2910,1956.2,3165.8,140.4,0,2.2,0.5659,17619.6,549.0126,296.5063,38.4763,71
centered_candidate_000505_2a6d7158,centered-gaussian,5,5,0,71,74,60.2,78.6,10.3344,1431.2,1490,1286,1517,0,130.18,4.8,69.2,2512,2762,2072.6,2769.2,145.2,0,2.4,0.6609,19098,360.8839,134.7938,55.0328,71
search_candidate_000486_abeb1d19,random-phased,5,5,0,70.8,76,45,93.4,21.4607,1365,1447,1014.4,1663.4,0,117.62,4.6,68.2,1872.6,1910,1371.6,2352.2,154.8,0,2,0.8403,17859.2,430.4712,290.1593,34.2697,70.8
centered_candidate_000091_cd20b1e9,centered-gaussian,5,5,0,70.6,73,45.4,93.2,21.6942,1419.4,1513,1048.6,1713.8,0,122.28,4.6,70.6,2228.8,2270,1615,2756.6,141,0,2.6,0.6602,19999.4,539.9905,309.7151,34.5529,70.6
centered_candidate_000412_c6806612,centered-gaussian,5,5,0,70.6,62,42.4,108.6,33.2,1399,1328,1014.4,1852,0,136.06,4.6,66.8,2520.6,2558,1701.2,3371.2,143,0,2.6,0.5514,20140.4,792.5543,387.1207,25.8,70.6
search_candidate_000187_f1e21c0c,random-phased,5,5,0,70.6,63,53,92,17.5568,1401.4,1271,1153.4,1708.6,0,130.68,4.4,69.4,2479.8,2402,1983.8,2994.8,144,0,2.8,0.644,20432.2,448.3152,254.1831,44.2216,70.6
search_candidate_000201_8bccd5a6,random-phased,5,5,0,70.6,70,52.2,91,17.9176,1396.2,1450,1132.4,1660.4,0,125.56,4.8,68.6,2269.4,2193,1724,2872.4,160,0,2.8,0.6872,22066.6,510.9844,243.774,43.2412,70.6
search_candidate_000462_5dd90256,random-phased,5,5,0,70.6,60,48,99.2,23.1828,1419.8,1271,1095,1832.4,0,131.36,4.6,69.8,2505.2,2084,1957.6,3331.2,147.4,0,2.8,0.5961,20362,664.132,333.5562,36.4086,70.6
centered_candidate_000098_83a777f1,centered-gaussian,5,5,0,70.4,78,43,93.4,23.8126,1391.8,1504,995.4,1716.4,0,129.42,4.6,67.2,2442.2,2688,1614.2,3094.8,141.8,0,2.6,0.5904,20216.6,675.1549,336.7809,31.0937,70.4
centered_candidate_000503_c2eb51ed,centered-gaussian,5,5,0,70.4,61,44.2,103,28.8694,1375.6,1318,955.6,1821,0,125.14,4.4,67.6,2411,2512,1470.6,3256.6,138,0,2.2,0.7092,18570.2,843.8367,407.7816,29.7653,70.4
search_candidate_000350_7bcb2dbf,random-phased,5,5,0,70.4,37,31.6,142.6,70.3778,1331.8,940,870.8,2183.4,0,129.48,4.2,66,2161.4,1338,1144,4021.6,151.4,0,2.4,0.7841,19729.6,1807.1467,831.7022,-3.5889,70.4
centered_candidate_000043_57191dc3,centered-gaussian,5,5,0,70.2,77,33.2,106.2,32.6399,1372.8,1502,830.6,1875.6,0,125.32,4.4,67.6,2393.2,2530,1202.8,3525.6,140.4,0,2,0.7058,17216.6,1023.3931,466.4999,16.8801,70.2
centered_candidate_000092_1eb627dd,centered-gaussian,5,5,0,70,65,29.2,118.2,41.2165,1338.2,1316,726,2007.6,0,118.18,4.4,66,2205.6,2233,962.2,3501.4,141.2,0,2,0.7669,17389.8,1133.4118,579.3991,8.5917,70
centered_candidate_000197_b3937335,centered-gaussian,5,5,0,70,55,40,107.6,30.7701,1382.6,1219,917.4,1919,0,122.76,4.4,69,2264.2,1877,1184,3540,141.4,0,2.2,0.6946,18934.8,1051.2744,448.2578,24.6149,70
search_candidate_000230_3288ae1e,random-phased,5,5,0,70,88,36,95.2,27.8855,1426.8,1709,900.6,1825,0,128.72,4.4,72.6,2266.2,2739,1218.2,3070.6,150.6,0,3.2,0.5358,22950.8,856.403,431.902,22.0573,70
search_candidate_000253_fe15836c,random-phased,5,5,0,70,73,53.2,85.6,14.3805,1404.6,1494,1163.8,1596,0,122.6,4.6,70,2266.8,2301,1847,2714.4,147,0,3,0.6395,21880.4,401.1366,197.2821,46.0097,70
centered_candidate_000046_40cae7cd,centered-gaussian,5,5,0,69.8,57,44.6,102,26.4832,1385.4,1202,983.2,1884.4,0,126.24,4.4,68.6,2356.6,2101,1595.4,3260.2,140.8,0,2.6,0.6519,20347.2,744.5808,413.2174,31.3584,69.8
centered_candidate_000168_15edf8e4,centered-gaussian,5,5,0,69.6,85,37.4,94.6,26.2876,1400.4,1638,917.2,1771,0,127.18,4.4,69.6,2244.6,2591,1278,3042.6,139.8,0,2.2,0.6695,17737,796.1313,393.596,24.2562,69.6
centered_candidate_000520_23e8590f,centered-gaussian,5,5,0,69.6,62,37.8,108.8,32.5122,1332.4,1233,832.6,1903,0,122.16,4.2,66,2217,1989,1250.4,3332.6,137.8,0,2.2,0.7958,18833.8,923.5161,474.3777,21.5439,69.6
search_candidate_000171_6a2841ce,random-phased,5,5,0,69.6,60,46.6,97,22.8788,1391.6,1281,1079.8,1751,0,131.28,4.4,68.6,2512.8,2080,1835.8,3382.4,143.8,0,2.4,0.5762,18744.2,714.416,302.4458,35.1606,69.6
centered_candidate_000376_cc78b446,centered-gaussian,5,5,0,69.4,79,35.4,99.4,28.5489,1405.4,1579,877,1868.6,0,127.66,4.4,69.8,2405.6,2747,1401.4,3224,138.2,0,2.6,0.5621,19832.6,818.9033,447.2639,21.1255,69.4
centered_candidate_000045_d541f8d3,centered-gaussian,5,5,0,69,53,44.2,106.6,31.7994,1389.2,1252,1005.6,1870.6,0,128.66,4.6,67.2,2522.8,2139,1714.6,3577.8,141,0,2.2,0.7136,18138.6,887.1975,411.8181,28.3003,69
centered_candidate_000360_0eaa6a44,centered-gaussian,5,5,0,69,79,44.2,87.2,20.5426,1390.6,1563,1020.4,1630.4,0,129,4.4,68.8,2476.6,2688,1748.2,3002.8,141.8,0,2.4,0.5793,18987.8,668.3989,308.1549,33.9287,69
search_candidate_000384_33fe3d59,random-phased,5,5,0,69,77,54,80.4,12.3612,1428,1549,1195.8,1592.4,0,129.16,4.6,71.4,2466.4,2570,2006.4,2891.6,151.4,0,3.6,0.5406,24418.2,401.1013,185.5834,47.8194,69
centered_candidate_000271_62c63452,centered-gaussian,5,5,0,68.8,60,45.4,96,22.7104,1437.8,1314,1126.2,1814.2,0,136.8,4.4,71.2,2652.4,2717,2055,3217.4,139.4,0,3,0.5493,21505,547.2804,316.6054,34.0448,68.8
search_candidate_000040_5d5eac0b,random-phased,5,5,0,68.6,70,56.4,80,10.5376,1394.4,1445,1194.4,1572.2,0,124.3,4.6,69.8,2345.6,2520,1843.6,2755.4,154.8,0,3.2,0.5549,22627.2,409.4204,169.0557,51.1312,68.6
search_candidate_000050_d8509296,random-phased,5,5,0,68.6,62,52.4,89.4,16.8119,1402.8,1300,1192.6,1665.6,0,128.54,4.4,70.6,2437.2,2137,1864.8,3145,148.6,0,2.8,0.6267,20883,584.1217,214.9748,43.994,68.6
search_candidate_000133_a6ef7541,random-phased,5,5,0,68.4,58,43.8,101.4,28.5699,1419.2,1280,1000.2,1923.2,0,137.12,4.4,70.6,2504.8,2148,1526.8,3710.2,149,0,2.6,0.6096,19527,1022.9216,429.8211,29.515,68.4
search_candidate_000161_d97c1a00,random-phased,5,5,0,68.4,76,28.4,108,36.8217,1266.2,1413,672.4,1800.8,0,107.92,4.2,63.8,1839,1850,870,2861.6,145.8,0,2.2,0.7063,18432.6,891.4088,506.2171,9.9891,68.4
search_candidate_000249_a4e4bfaa,random-phased,5,5,0,68.4,63,58.4,81.8,10.9654,1373.6,1314,1212.2,1570.8,0,124.54,4.4,69.4,2284.6,2320,1998,2547.2,154,0,2.6,0.6275,19464.8,242.3647,160.851,52.9173,68.4
centered_candidate_000074_a7f81c25,centered-gaussian,5,5,0,68.2,74,47.6,83.6,17.0458,1413.8,1551,1059.4,1666.2,0,133.64,4.4,70,2743.8,3123,1842.2,3390.6,141.4,0,2.2,0.5489,17716.2,722.7042,289.7498,39.0771,68.2
centered_candidate_000330_964fc94c,centered-gaussian,5,5,0,68.2,74,49.2,84.8,15.9298,1389.2,1462,1133.4,1608.8,0,129.32,4.6,67.2,2409.2,2668,1852.8,2794.6,141,0,2.4,0.5974,19096.6,453.2087,212.056,41.2351,68.2
search_candidate_000014_737dec67,random-phased,5,5,0,68.2,69,61.6,74.4,5.671,1391.4,1406,1239.8,1538.2,0,120.08,4.6,69.6,2352.4,2529,1914,2696.8,147.6,0,2.8,0.6358,20869.4,357.9612,131.1832,58.7645,68.2
search_candidate_000394_ff539f63,random-phased,5,5,0,68.2,71,58,76.8,8.727,1417.2,1480,1247.4,1545,0,132.34,4.6,69.8,2588.4,2712,2351.4,2767.8,148.6,0,3,0.5551,21395.4,193.4307,138.6599,53.6365,68.2
search_candidate_000403_d053ac9e,random-phased,5,5,0,68.2,76,42.4,87.2,21.3579,1376.4,1539,953.4,1670.2,0,137.12,4.4,67.4,2537.6,2891,1558.6,3214,152.4,0,2.4,0.6508,18997.8,847.1837,348.1124,31.721,68.2
centered_candidate_000099_24dbfddf,centered-gaussian,5,5,0,67.8,66,33.2,105,31.9212,1342.4,1374,818.8,1864.4,0,117.58,4.2,68,2141.4,2247,1083.2,3189.2,139.6,0,1.8,0.8144,16835,932.5791,461.8024,17.2394,67.8
centered_candidate_000398_c5cc812c,centered-gaussian,5,5,0,67.8,73,47.8,83.4,16.5699,1407.8,1426,1102.6,1664,0,138.68,4.4,68.6,2632.4,2779,2023.4,3072.6,140.6,0,2.4,0.5641,18607.4,528.9339,269.3142,39.5151,67.8
centered_candidate_000049_68f5715a,centered-gaussian,5,5,0,67.6,74,47.2,83.8,16.7404,1343.6,1517,1040.4,1533,0,121.36,4.4,66.2,2126.4,2330,1663.2,2412.4,140.6,0,2.6,0.6617,20130.8,411.0502,241.4312,38.8298,67.6
centered_candidate_000334_95f9ef0f,centered-gaussian,5,5,0,67.6,66,43.2,93,21.9509,1383.6,1345,999.6,1782.4,0,122.16,4.4,69.2,2198.6,2394,1362.6,2936.6,138.8,0,2.4,0.5869,19104.8,697.3099,344.0469,32.2246,67.6
search_candidate_000025_8d15d915,random-phased,5,5,0,67.6,61,46.8,96.6,26.6053,1386.8,1289,1106.2,1781.2,0,132,4.4,68.2,2316.8,2052,1612.8,3264,142.6,0,2.4,0.6206,18926.2,818.8085,351.1731,33.4974,67.6
centered_candidate_000144_67b043cd,centered-gaussian,5,5,0,67.4,73,46.6,85.2,17.3505,1390.8,1545,1004.6,1703.6,0,136.5,4.4,67.6,2499.8,2551,1939.8,3053,141,0,2.6,0.5915,19530.8,490.8126,316.6641,37.9247,67.4
centered_candidate_000244_b35df280,centered-gaussian,5,5,0,67.2,76,40.8,86.8,21.5165,1378.6,1600,953.2,1644,0,116.26,4.4,69.8,2103.6,2517,1297.8,2598,138.6,0,2.4,0.6409,19180.6,662.8335,346.2552,30.0417,67.2
centered_candidate_000164_298f1e2a,centered-gaussian,5,5,0,67,58,39.2,99.8,27.0333,1362.2,1290,922.8,1826.4,0,130.46,4.4,66.6,2432.2,2338,1442.8,3443.4,143.6,0,2.6,0.6136,19774.6,939.7707,409.175,25.6833,67
search_candidate_000023_a8947591,random-phased,5,5,0,66.8,76,42.2,84.4,20.1336,1319.8,1424,907.8,1637.8,0,116.58,4.4,66.2,1862,1860,1205.4,2455,151.8,0,1.8,0.7964,16930.8,589.7182,345.6006,32.1332,66.8
search_candidate_000078_0f3bbc50,random-phased,5,5,0,66.8,41,30,123.4,46.2489,1276,1072,731.4,1984.2,0,132.72,4.2,61,2117.2,1550,904,3837.6,148.8,0,2.2,0.7205,18318.8,1441.2076,580.8924,6.8756,66.8
search_candidate_000007_7659ef26,random-phased,5,5,0,66.6,64,46.2,89,19.252,1430.2,1353,1091.4,1810.8,0,141.42,4.4,71.4,2794.4,3009,1925.2,3549,152.8,0,2.8,0.5926,20380,744.6695,328.7597,36.574,66.6
search_candidate_000135_314d7935,random-phased,5,5,0,66.6,63,54.8,80.6,12.2082,1415.8,1325,1239.8,1646.4,0,128.08,4.4,72,2389.8,2260,1928,2915.6,148.6,0,2.8,0.5592,20302.8,439.245,186.5298,48.6959,66.6
centered_candidate_000028_65da1187,centered-gaussian,5,5,0,66.2,55,43.6,96.4,24.5715,1365.6,1235,1038.4,1763.4,0,127.6,4.4,66.8,2326.8,2144,1871.2,2923.2,137,0,2,0.6815,17166.8,505.6866,332.6918,31.3142,66.2
centered_candidate_000420_f3443f00,centered-gaussian,5,5,0,66.2,52,39.6,102.4,29.3012,1352.6,1224,960,1819.6,0,130.42,4.4,65.6,2420,2142,1574.8,3417.6,140.6,0,2.8,0.6423,20869.2,824.3912,385.5228,24.9494,66.2
centered_candidate_000453_f9bf8d98,centered-gaussian,5,5,0,66.2,74,30.6,99.4,30.6163,1345,1471,803.6,1833,0,121.28,4.4,66.2,2140.8,2282,1165.2,3046.8,137.8,0,2.2,0.6976,18314.4,828.2399,457.1481,15.2918,66.2
centered_candidate_000457_9431eb86,centered-gaussian,5,5,0,66.2,59,48.8,89.8,21.72,1390.6,1305,1110.4,1732,0,133.86,4.2,69.2,2645.2,2650,1911,3341.8,136.4,0,2,0.6709,16938.2,672.8255,306.5261,37.94,66.2
search_candidate_000154_14e8dc1b,random-phased,5,5,0,66.2,72,53.2,75,10.4575,1378.6,1450,1134,1577.8,0,120.74,4.6,68.4,2252.6,2390,1841.6,2539.6,145.2,0,2.8,0.6447,20639,344.8383,201.3252,47.9712,66.2
centered_candidate_000102_fe4f47f6,centered-gaussian,5,5,0,66,76,31.4,98.4,30.6268,1317.6,1525,757.8,1786.2,0,115.16,4.4,64.8,2100,2451,1006.4,3057,136.2,0,1.8,0.757,16712.2,920.6891,463.7558,16.0866,66
search_candidate_000308_8e68454b,random-phased,5,5,0,66,63,43.8,94.2,25.9538,1321.6,1256,1030.6,1683.8,0,120.7,4.2,66.2,2336,2088,1611.2,3295.8,142,0,2.2,0.6561,18046.2,878.0125,334.4414,30.8231,66
centered_candidate_000155_c95577d4,centered-gaussian,5,5,0,65.8,57,42.4,95.4,24.0948,1338.2,1244,977.8,1743.8,0,121.16,4.4,65.6,2172.8,2160,1375.6,2952.2,136.6,0,2.2,0.6948,17950.6,694.7476,339.4203,30.3526,65.8
centered_candidate_000331_1cac4839,centered-gaussian,5,5,0,65.8,57,35.6,102,29.6675,1332.4,1348,882,1793.8,0,122.48,4.2,66.2,2176,2362,1255.8,3012.8,135.4,0,2.2,0.6426,18054.2,781.3524,402.1306,20.7663,65.8
centered_candidate_000380_c4f90870,centered-gaussian,5,5,0,65.8,57,42.4,95.4,24.0948,1338.2,1244,977.8,1743.8,0,121.16,4.4,65.6,2172.8,2160,1375.6,2952.2,136.6,0,2.2,0.6948,17950.6,694.7476,339.4203,30.3526,65.8
centered_candidate_000453_82e4b154,centered-gaussian,5,5,0,65.8,74,44,82.6,17.5545,1307,1397,967.8,1604,0,126.5,4.4,62.6,2298,2528,1627,2870.2,142,0,2.8,0.6381,20715.6,562.359,284.2823,35.2228,65.8
search_candidate_000103_6509e01f,random-phased,5,5,0,65.8,56,53,85.8,16.216,1348,1215,1156.2,1620.8,0,119.84,4.4,67.2,2247.6,2039,1908.2,2725.2,142,0,2.4,0.6383,18634.8,390.5471,218.847,44.892,65.8
centered_candidate_000416_36088cae,centered-gaussian,5,5,0,65.6,70,39,91,23.0183,1384.2,1423,942,1828.6,0,124.38,4.4,69,2266,2222,1355.6,3214.4,137.4,0,2.2,0.6357,18287.4,820.7321,392.4688,27.4909,65.6
centered_candidate_000386_44ee71d6,centered-gaussian,5,5,0,65.4,63,47.2,86.2,20.2247,1387.8,1382,1079.4,1702.4,0,127.42,4.2,70,2356,2386,1636.6,3096.4,135,0,2.2,0.6255,17868.8,717.6687,325.5251,37.0876,65.4
centered_candidate_000450_59a5b4a8,centered-gaussian,5,5,0,65.4,59,31.6,106.4,34.7943,1312.4,1295,757.8,1890,0,121.88,4.2,65.2,2349.6,2578,957.8,3648.4,140.6,0,2.2,0.6807,18106,1188.323,497.8745,14.2029,65.4
search_candidate_000075_5ac1924e,random-phased,5,5,0,65.4,64,60.6,71.4,5.3141,1338.8,1294,1242,1475,0,116.08,4.2,68.4,2164.6,2130,2057,2298.2,140.8,0,2.8,0.6167,21027,111.4928,113.6264,57.9429,65.4
centered_candidate_000235_2ff40a64,centered-gaussian,5,5,0,65,53,39,102.4,32.1932,1294.6,1208,831,1846,0,113.8,4.2,65.2,1961,1650,1074.6,3113,141.8,0,1.8,0.8772,17372.2,975.1055,469.727,22.9034,65
search_candidate_000348_7a5f5005,random-phased,5,5,0,65,70,46.4,80.6,15.2709,1403.6,1552,1059.4,1649.2,0,141.2,4.4,68.6,2507.6,2673,1710.8,3168.8,144.6,0,2.6,0.6094,19838.6,678.2349,276.7082,38.7646,65
centered_candidate_000046_cc4885cf,centered-gaussian,5,5,0,64.8,56,46.2,89.8,21.1981,1368.6,1278,1038.6,1754,0,125,4.4,68,2252.8,2266,1777.8,2738,140.6,0,2.6,0.626,19768.8,473.2811,329.6153,35.6009,64.8
centered_candidate_000145_5a7d332c,centered-gaussian,5,5,0,64.8,64,28.8,104.6,35.8742,1243.2,1314,690.2,1782.2,0,118.88,4,61,2131,2187,1000,3277.4,136.6,0,1.8,0.6577,16142.4,1054.6015,508.2745,10.8629,64.8
centered_candidate_000195_9b84e590,centered-gaussian,5,5,0,64.8,66,46.6,82,15.7404,1367.2,1358,1100.4,1616.6,0,135.22,4.2,67.6,2534.6,2402,1908,3181.8,140.4,0,2.6,0.5733,19719.2,590.2327,236.2976,38.7298,64.8
centered_candidate_000454_ce84f0b7,centered-gaussian,5,5,0,64.8,61,54,78.6,12.254,1347.8,1298,1153.8,1586.4,0,133.48,4.2,66.2,2499.6,2327,2161.8,3004.6,140,0,2.2,0.5911,17425.2,448.8258,204.7451,47.873,64.8
centered_candidate_000072_581a698c,centered-gaussian,5,5,0,64.6,56,43.6,89,20.6359,1324.6,1160,973,1738.2,0,126.84,4.2,65.4,2335,2295,1560.2,3144.6,139.8,0,2.2,0.7507,18046.8,749.8221,348.8705,33.2821,64.6
centered_candidate_000109_e244e371,centered-gaussian,5,5,0,64.6,64,45.4,84.4,17.2696,1349.2,1281,1051.2,1659,0,132.52,4.2,66.4,2418.2,2367,1820.2,3038.6,139,0,2.6,0.6259,19680.2,538.1061,273.5284,36.7652,64.6
centered_candidate_000182_b4f3e055,centered-gaussian,5,5,0,64.6,53,41.8,93.6,23.5338,1325.6,1191,920.8,1802.6,0,118.44,4.4,65.8,2073.6,1995,1273.6,2929.4,143.2,0,2,0.6658,17472.4,731.4538,400.8654,30.0331,64.6
centered_candidate_000393_26ba3ba1,centered-gaussian,5,5,0,64.6,61,40.6,95,27.1116,1360.2,1384,1028.4,1730.2,0,129.54,4.2,67.4,2409.4,2583,1665,3137.6,134.6,0,2,0.6604,16799.8,680.8267,339.1733,27.0442,64.6
search_candidate_000388_b3be9404,random-phased,5,5,0,64.6,77,40.2,83.4,20.006,1315.6,1513,932.4,1605.6,0,122.42,4.2,65.4,2368.8,2775,1544.2,2995,140,0,3,0.5862,21585.2,667.9408,314.9074,30.197,64.6
centered_candidate_000183_d937ef35,centered-gaussian,5,5,0,64.4,58,41,96.6,28.7026,1309.4,1339,915.8,1744.8,0,122.98,4,66,2168.2,2203,1359.6,3024.2,137.6,0,2.2,0.6904,17688.2,773.7755,399.3207,26.6487,64.4
centered_candidate_000362_2a96b472,centered-gaussian,5,5,0,64.4,59,54.2,79.2,13.3806,1358,1281,1217.8,1559.2,0,122.52,4.2,68.6,2223.8,2127,1887.8,2641.4,136.4,0,2.2,0.5801,17965.6,353.8765,176.1704,47.5097,64.4
centered_candidate_000447_e4e6ccd9,centered-gaussian,5,5,0,64.4,64,40.2,89.4,21.6758,1305,1333,952.6,1662.2,0,128.88,4,64.6,2388,2455,1666.8,3114.2,137.4,0,3,0.5981,21370.4,647.6224,314.5867,29.3621,64.4
centered_candidate_000137_a53d3016,centered-gaussian,5,5,0,64.2,66,34.4,93.2,26.187,1250.4,1337,773.4,1675.2,0,114.86,4,62.8,2013.6,2456,950.6,2855.2,141.4,0,1.6,0.8603,16433.6,872.6371,401.3002,21.3065,64.2
centered_candidate_000414_fd90bf1f,centered-gaussian,5,5,0,64.2,58,41.2,89,21.4234,1318.2,1354,973.2,1628.2,0,123.18,4.2,65,2222.4,2306,1420,2943.2,134.4,0,2.2,0.6643,17834.2,677.3093,290.8006,30.4883,64.2
search_candidate_000149_93e499ea,random-phased,5,5,0,64.2,80,35.6,84.4,22.8771,1269.6,1590,750.2,1616.6,0,109.98,4.2,64.2,1908.6,2410,866.8,2672.6,145,0,2.2,0.7356,18171.4,835.3101,415.7257,24.1615,64.2
centered_candidate_000138_483444e8,centered-gaussian,5,5,0,64,64,39,90.8,23.143,1337.6,1331,915.2,1772.4,0,128.08,4.2,66.2,2384.4,2516,1456.8,3251,138,0,2.6,0.5922,19699,790.3879,376.4925,27.4285,64
search_candidate_000013_07ff0767,random-phased,5,5,0,64,66,39,88.6,22.0182,1298.6,1397,919.4,1643.6,0,126.84,4,64.6,2412.2,2474,1724,3126.2,138.4,0,3,0.5738,21433.4,640.887,323.4728,27.9909,64
search_candidate_000214_e091eec6,random-phased,5,5,0,64,56,42.4,90.6,22.28,1368.2,1295,1020.8,1761.2,0,138.12,4.4,67.6,2537.2,2368,1930.6,3237.2,157.4,0,3,0.6557,22086.2,580.1053,334.871,31.26,64
search_candidate_000254_ceae38a6,random-phased,5,5,0,64,43,28.8,121,53.0961,1208.8,951,730.6,1946.4,0,125.34,4.4,56.6,2017.8,1210,929.4,3871.6,159.2,0,2.2,0.753,18588,1698.4407,663.0552,2.2519,64
centered_candidate_000059_0c07d6fc,centered-gaussian,5,5,0,63.8,65,33,97.4,29.5797,1271.2,1395,725.8,1778.6,0,118.6,4.2,62.4,2165.6,2404,887.2,3388.2,139.8,0,2,0.7064,17346.8,1116.1768,470.6253,18.2101,63.8
centered_candidate_000103_f63ab5b8,centered-gaussian,5,5,0,63.8,70,33.6,91,25.5374,1319.2,1404,830.4,1771.8,0,118.6,4.2,66.2,2162.2,2485,1064.4,3080,137.6,0,2.4,0.6369,19166.2,902.6039,419.384,20.8313,63.8
centered_candidate_000333_9ded7dde,centered-gaussian,5,5,0,63.8,64,44.4,81,17.1628,1336.4,1359,1019.6,1600.4,0,125.1,4.2,66.8,2255,2476,1561.6,2751.4,140,0,2.4,0.6807,19103.2,613.6207,278.1903,35.8186,63.8
centered_candidate_000262_54b7ba4c,centered-gaussian,5,5,0,63.6,61,46,84,19.3763,1334.6,1304,1072.6,1633.2,0,126.06,4.2,66.4,2259.4,2198,1746.4,2825,138.8,0,2.4,0.6396,18958.4,524.0296,283.1167,36.3119,63.6
centered_candidate_000349_c852ca75,centered-gaussian,5,5,0,63.4,47,30.8,114.6,47.5083,1251.4,1085,772.8,1953.2,0,114.58,4.2,61.2,1925,1609,885.6,3388.4,136.8,0,2.2,0.7011,18257,1329.0028,648.6881,7.0458,63.4
centered_candidate_000238_651dfb72,centered-gaussian,5,5,0,63.2,62,42.4,84.4,18.7019,1345.6,1307,1034.8,1656,0,131.16,4.2,66.2,2453.8,2386,1643.6,3249.2,136,0,2.4,0.6588,19096.2,713.3836,278.1644,33.0491,63.2
centered_candidate_000320_bdd197fc,centered-gaussian,5,5,0,63.2,55,44.2,90.6,24.7257,1367.6,1313,1074.2,1724,0,130.94,4.2,68,2296.6,2200,1694,3030.6,135.2,0,2.2,0.6643,17814.4,660.5524,328.4245,31.8372,63.2
search_candidate_000056_01a86df3,random-phased,5,5,0,63.2,64,49.8,75.6,13.0752,1311.2,1344,1059.6,1542,0,122.7,4,66.8,2328.4,2371,1721.6,2906,142,0,3,0.6031,21524,561.1419,234.7649,43.2624,63.2
search_candidate_000295_a404b7a7,random-phased,5,5,0,63.2,62,44.2,83,17.2905,1329.2,1309,1036.2,1627,0,130.68,4.2,65.4,2488.6,2439,1827.4,3171.2,140.8,0,2.4,0.618,18877.6,602.1729,261.1302,35.5548,63.2
centered_candidate_000142_cd3b796e,centered-gaussian,5,5,0,63,41,28.2,115.2,43.5201,1244,974,742.6,1948.4,0,120.88,4.2,59.4,2130.8,1835,945.6,3657.4,135.2,0,2,0.7385,17210.2,1327.1956,585.8399,6.4399,63
search_candidate_000121_2b3e3c0f,random-phased,5,5,0,63,63,36.2,92.8,25.9152,1256.2,1333,848,1662.2,0,119.24,4.2,63,2153.6,2236,1164.4,3211.6,158.2,0,2,0.808,18258.2,942.9245,369.1154,23.2424,63
search_candidate_000164_4aad9956,random-phased,5,5,0,63,59,51.2,79.4,14.6287,1325.2,1225,1167,1567,0,123.24,4.2,66,2064,1926,1741.6,2500,137,0,2.6,0.5971,19974,361.0933,205.3547,43.8856,63
search_candidate_000520_65a1d5f2,random-phased,5,5,0,63,67,48.6,73.6,12.083,1340.8,1442,1093.8,1514.2,0,124.2,4.4,66.2,2240.2,2276,1919.2,2528.8,142.2,0,3,0.6358,21519.8,308.6256,202.7712,42.5585,63
centered_candidate_000009_b01cba2b,centered-gaussian,5,5,0,62.8,49,37.6,100.6,32.554,1232,1207,842.6,1681.6,0,125.06,4,59.2,2216.6,2218,1223.4,3265.6,135.6,0,2.2,0.6528,17986,932.2662,393.0679,21.323,62.8
search_candidate_000094_863f2955,random-phased,5,5,0,62.8,69,47.4,73.4,12.8748,1352.8,1479,1077.4,1534,0,124.48,4.4,67.6,2210.6,2250,1751.6,2636.2,146.2,0,3.2,0.6033,22371.8,404.759,228.6967,40.9626,62.8
search_candidate_000102_f35c8327,random-phased,5,5,0,62.8,65,46.4,78.4,14.1901,1361,1344,1116.4,1614.8,0,131.14,4.4,66.8,2578.4,2615,1979.4,3177,142.4,0,2.8,0.5587,20164.4,528.1263,218.9502,39.3049,62.8
centered_candidate_000031_91f1606b,centered-gaussian,5,5,0,62.6,63,44.8,79.4,15.5512,1313,1354,1004,1575,0,127.4,4.2,64.4,2345,2695,1560.2,2896.8,138,0,2.8,0.5572,20512.4,644.9015,259.4687,37.0244,62.6
centered_candidate_000176_38899b1d,centered-gaussian,5,5,0,62.6,65,38.4,86.6,21.341,1288.4,1281,928.2,1666,0,123.68,4,64,2204.2,1939,1451.2,3120.6,133.8,0,2.4,0.6131,19297.2,749.9337,325.6732,27.7295,62.6
centered_candidate_000469_78ba4ad3,centered-gaussian,5,5,0,62.6,53,36.8,98.6,31.7024,1295.6,1334,846,1776,0,120.22,4,65.8,2147.6,1980,1323.4,3091.2,140.2,0,2.6,0.6754,20090.8,850.5195,445.0391,20.9488,62.6
centered_candidate_000500_87a82dbc,centered-gaussian,5,5,0,62.4,56,40.4,91.2,25.4606,1361,1303,1010,1784.2,0,131,4.2,67.4,2278.6,1920,1766,3106.8,133.6,0,2.2,0.659,17926.2,735.1216,385.2028,27.6697,62.4
search_candidate_000071_7db9c342,random-phased,5,5,0,62.2,59,34.2,91,25.0631,1280.8,1208,850,1731.6,0,109.82,4.2,64.8,1781.6,1656,930.4,2677.4,139,0,1.8,0.7933,16622.6,770.0812,393.4623,21.6684,62.2
search_candidate_000074_86d3af53,random-phased,5,5,0,62.2,54,31.4,99,30.2483,1285.8,1319,826.4,1741.8,0,122.2,4.2,63.6,2081,2218,1052,3064.6,143.6,0,2.2,0.7541,18552.6,893.5596,405.6399,16.2758,62.2
search_candidate_000453_297350b6,random-phased,5,5,0,62.2,70,37.2,83.2,20.5563,1288.4,1416,926.4,1590.2,0,129.42,4.2,64.2,2300.8,2490,1649.4,2844.8,159.2,0,2.4,0.663,19903.8,554.5403,298.2352,26.9219,62.2
search_candidate_000489_e95f3917,random-phased,5,5,0,62.2,57,43.8,82.8,17.3597,1290.8,1231,1020.6,1565,0,124.36,4.2,63.2,2283.8,2042,1825.8,2854.8,138.6,0,2.4,0.6765,18438.2,468.5725,248.1374,35.1201,62.2
search_candidate_000186_9ba22180,random-phased,5,5,0,62,54,53.4,77.2,13.3116,1304.8,1200,1173.4,1516.6,0,127.94,4.2,64.4,2394.4,2148,2100,2839.2,144.8,0,2.6,0.6063,19447.8,352.0992,176.0732,46.7442,62
search_candidate_000244_8957680c,random-phased,5,5,0,62,51,42.4,86.8,20.3273,1332.6,1228,1008,1705.2,0,137.02,4.2,65.2,2592.4,2254,1950.6,3407.6,144.6,0,2.4,0.5659,18572.6,661.167,311.0277,32.2363,62
search_candidate_000370_c07c88f1,random-phased,5,5,0,62,59,46.2,81.8,18.6976,1322.8,1212,1060.6,1679.6,0,128.54,4.2,65.2,2309.4,2176,1835,2845.2,138.8,0,2.6,0.6192,19595.4,454.368,323.3422,36.8512,62
search_candidate_000491_84bb8544,random-phased,5,5,0,62,62,31.8,91.2,26.1457,1296.2,1304,811,1754.8,0,132.1,4,63.8,2364.8,2380,1288,3366.4,138.8,0,2.2,0.6862,18258.2,967.8782,418.0552,18.7271,62
centered_candidate_000078_f6f944a0,centered-gaussian,5,5,0,61.8,66,40,81.6,18.6805,1299.4,1373,936.6,1626,0,129.8,4,64,2349.4,2515,1516.8,3087.2,134,0,2.2,0.6744,18049.6,699.8184,309.8946,30.6598,61.8
centered_candidate_000142_c3a27435,centered-gaussian,5,5,0,61.8,42,32.4,102.6,32.5908,1214.8,1006,751.2,1805.6,0,112.38,4,60.2,1946.4,1635,920.2,3164.6,137.8,0,2,0.8092,18036,999.7807,477.0939,16.1046,61.8
search_candidate_000036_183c6eb5,random-phased,5,5,0,61.8,48,39.2,92.2,24.359,1294.4,1129,876,1818.6,0,107.94,4.2,66.8,1935.6,1655,1211.2,2804.4,144,0,2.2,0.7108,18706.2,715.8555,424.8645,27.0205,61.8
search_candidate_000039_014dbd23,random-phased,5,5,0,61.8,60,45.2,79.6,15.5486,1321.4,1272,1071,1581.8,0,132.42,4.2,64.2,2431.8,2455,1802,3048.4,136.4,0,2.6,0.5828,19606.4,635.9523,235.7139,37.4257,61.8
search_candidate_000092_5563fb4a,random-phased,5,5,0,61.8,55,47.6,79,14.2183,1302,1247,1097.8,1530.2,0,122.32,4.4,63.8,2191,2334,1723.6,2587,145.8,0,2.6,0.6523,19963,400.9973,191.7707,40.4909,61.8
centered_candidate_000147_be8ec324,centered-gaussian,5,5,0,61.6,56,33.4,97.4,31.2384,1230.2,1191,752,1796.2,0,111.3,4,61.6,1969.2,1790,928.8,3201.2,136.6,0,1.8,0.7912,16338.8,1038.1927,494.313,17.7808,61.6
search_candidate_000052_0bbd07df,random-phased,5,5,0,61.6,63,27.8,94.8,29.7698,1266.2,1384,713,1753,0,122.04,4.2,64,2142.8,2148,1029.6,3256,162.8,0,2,0.7656,18149.8,979.8511,465.7361,12.9151,61.6
search_candidate_000225_362df10c,random-phased,5,5,0,61.6,65,37.4,84.8,20.9151,1270,1333,878.4,1638,0,125.1,4,63,2380,2505,1677.2,3102,140.8,0,2.8,0.5949,20566.8,658.6844,335.5694,26.9425,61.6
search_candidate_000399_e7dfdb14,random-phased,5,5,0,61.6,55,34,98.8,33.0491,1245.6,1222,815.6,1770.2,0,116.86,4,63.6,1924.8,1640,1159.8,2983.6,153,0,2.4,0.6285,19782.4,907.2643,470.7274,17.4755,61.6
search_candidate_000404_6953811c,random-phased,5,5,0,61.6,55,39.2,91,24.9608,1317,1260,910.4,1804.6,0,121.06,4.2,66.6,2035.4,1670,1299.6,3106.4,144.6,0,2.2,0.7026,18379.6,919.7795,420.9922,26.7196,61.6
centered_candidate_000009_acaba5b5,centered-gaussian,5,5,0,61.4,63,47,73.8,12.2082,1352.2,1344,1090.6,1588.8,0,136.82,4.2,66.2,2503.2,2700,1907,3011.8,137.4,0,3,0.4832,21410.6,495.4228,229.5094,40.8959,61.4
centered_candidate_000117_d7c0baa7,centered-gaussian,5,5,0,61.4,57,33.8,95.4,30.2628,1274.4,1244,840.4,1770.8,0,117.48,4,64.2,2052.8,2003,1119.2,3120.8,135.8,0,1.8,0.7507,16529.6,960.8204,437.8286,18.6686,61.4
centered_candidate_000152_5801d218,centered-gaussian,5,5,0,61.4,48,33.4,99.2,30.6894,1286.4,1180,791.2,1866.2,0,123.64,4.2,63,2174.2,1943,1046.4,3472,138.2,0,2.4,0.677,19473.2,1095.9397,480.5882,18.0553,61.4
search_candidate_000067_8e7b527e,random-phased,5,5,0,61.4,58,47,76,13.2906,1329.8,1224,1084.6,1615.2,0,134.68,4.2,65.4,2454.4,2234,1807,3197.6,144.6,0,2.4,0.6808,19384.8,621.7577,240.6096,40.3547,61.4
search_candidate_000141_b2ec655a,random-phased,5,5,0,61.4,57,39.6,86.2,20.6359,1284.8,1286,926.8,1646,0,127.78,4,64.2,2377.2,2144,1724.8,3186.2,144.2,0,3.2,0.5666,22282.6,657.5048,318.611,29.2821,61.4
search_candidate_000442_33caec71,random-phased,5,5,0,61.4,63,46.4,76.6,14.2352,1289.4,1318,1037.8,1537.4,0,118.06,4,65.6,2075,2354,1510.4,2464,138.4,0,2.8,0.628,20528,454.2229,237.9904,39.2824,61.4
centered_candidate_000249_bcccf92d,centered-gaussian,5,5,0,61.2,44,28,110.8,42.5131,1207.4,1013,693.2,1900,0,107.58,4.2,59,1884.2,1386,795.4,3381.6,137.6,0,1.8,0.8453,16757.8,1226.4346,580.7797,6.7435,61.2
centered_candidate_000486_68f496d6,centered-gaussian,5,5,0,61.2,41,37.2,99.2,30.6686,1208.6,875,864.6,1758,0,115.4,4,58.8,1939.6,1321,1062.8,3158.2,132.8,0,2.6,0.6427,19995.8,973.0171,434.7673,21.8657,61.2
search_candidate_000110_32607d8a,random-phased,5,5,0,61.2,50,38,90.8,24.0533,1310.6,1149,977.4,1735.8,0,132.14,4,65.6,2351.2,1917,1673.2,3264.2,143.6,0,2.4,0.5743,18459.8,732.7811,345.2938,25.9734,61.2
search_candidate_000255_6817e2b6,random-phased,5,5,0,61.2,61,48.4,73.4,12.4964,1275.2,1289,1067,1469,0,121.44,4,64,2186,2343,1676.4,2553.4,139.4,0,2.8,0.597,20550.4,471.2252,208.3424,42.1518,61.2
centered_candidate_000281_eb453e34,centered-gaussian,5,5,0,61,62,44,77.4,14.7241,1267.4,1261,1014.8,1534.2,0,120.8,4.2,61.8,2046.6,2032,1641.4,2485.6,136.8,0,2.6,0.6505,19872,395.5748,230.5945,36.6379,61
search_candidate_000304_852a486b,random-phased,5,5,0,61,62,42.6,79.4,17.47,1278.4,1306,985.4,1548.2,0,120.92,4,64.4,2265.6,2362,1579.4,2866,139.6,0,2.4,0.6932,18666.8,618.0209,269.4837,33.865,61
centered_candidate_000201_31c625ab,centered-gaussian,5,5,0,60.8,61,32.2,89.6,25.1905,1261.2,1332,785,1703.4,0,115.26,4,63.4,2069.2,2222,951.6,3112.8,134.6,0,2,0.7525,17425,951.295,405.5546,19.6048,60.8
centered_candidate_000406_4a347f4c,centered-gaussian,5,5,0,60.8,48,38,95.8,30.9929,1210.2,1188,836.6,1670.4,0,120.68,4,58.2,1929.4,1670,1145.4,3004.6,133.8,0,1.6,0.765,15756.2,926.8706,415.3242,22.5035,60.8
search_candidate_000397_e69a1d29,random-phased,5,5,0,60.8,42,35.8,96.6,28.4633,1238.4,997,798.2,1828,0,118.22,4,62.6,1897.4,1363,1108.8,2991.6,150.4,0,2.4,0.6216,19536,873.2055,472.0528,21.5683,60.8
search_candidate_000476_abf56168,random-phased,5,5,0,60.8,65,40.2,80.8,18.28,1297.4,1392,936.8,1612.6,0,129.38,4,64.6,2397,2670,1709.4,2934.4,139.4,0,3,0.5773,21032.4,555.8327,300.1397,31.06,60.8
centered_candidate_000435_0e58a836,centered-gaussian,5,5,0,60.6,63,48.8,72.4,10.8738,1295.2,1372,1072.4,1486,0,119.64,4.2,64.6,2035.4,2208,1557.4,2462.4,139.4,0,2.8,0.6107,21098.4,413.7456,186.2551,43.3631,60.6
search_candidate_000183_9603a3ae,random-phased,5,5,0,60.6,61,43.8,79.4,17.1418,1288.2,1324,1021.6,1558.4,0,139.74,4,62.4,2528.4,2582,1801.6,3272.4,142.4,0,2.8,0.5944,20068.2,671.2799,252.8544,35.2291,60.6
centered_candidate_000438_95d1cef3,centered-gaussian,5,5,0,60.4,57,31.4,96.6,32.01,1221,1261,745.6,1749.4,0,119.44,4,60,2115.8,2363,923.6,3316.6,140.4,0,1.6,0.7436,15387,1105.4316,478.7663,15.395,60.4
search_candidate_000484_cb461009,random-phased,5,5,0,60.4,60,38.6,84.6,20.9533,1268,1299,930.8,1606,0,127.48,4,63.4,2300.8,2367,1590.4,2996.4,148.6,0,2.8,0.5411,20426,624.1094,298.8531,28.1234,60.4
centered_candidate_000322_fabc20ed,centered-gaussian,5,5,0,60.2,48,30.6,97.8,30.7727,1239.6,1074,805,1774.6,0,122.4,4.2,59.4,2079.8,1773,1079,3268.8,137.6,0,2.4,0.7333,19371.2,1006.5027,448.7011,15.2136,60.2
centered_candidate_000421_08257900,centered-gaussian,5,5,0,60,62,45.4,73.8,12.853,1240.2,1198,1026.4,1479.2,0,113.24,4,62,1924.2,1714,1586.8,2384,133.6,0,2.4,0.6363,19371.8,367.5532,206.5937,38.9735,60
search_candidate_000240_a172f778,random-phased,5,5,0,60,53,37,91.4,27.247,1209.2,1192,809.4,1692.6,0,113.56,4,61.4,1955.8,1943,1007.6,3053.2,154,0,2,0.8969,18480,964.727,436.8182,23.3765,60
centered_candidate_000413_3301b44c,centered-gaussian,5,5,0,59.8,60,47.2,72.8,12.2703,1233.2,1224,1027.8,1454.4,0,116.88,4,61.2,1877,1851,1649.8,2124,137.2,0,2,0.8135,17549,210.1419,194.3352,41.0649,59.8
search_candidate_000303_c2e6724f,random-phased,5,5,0,59.8,66,39.6,77.2,16.8095,1281,1368,938.4,1581.6,0,128.28,4,63.6,2272,2696,1536.4,2774.2,140.4,0,2.6,0.5372,19548.6,586.6253,286.524,31.1952,59.8
search_candidate_000299_8df6f6d3,random-phased,5,5,0,59.6,41,39.4,93.6,28.0756,1191.4,965,905.8,1627,0,126.56,3.8,58,2118.2,1707,1422.2,3070.2,141.8,0,2.6,0.6855,20069.2,760.1461,346.5196,25.3622,59.6
centered_candidate_000422_b26fe84b,centered-gaussian,5,5,0,59.4,66,31.2,82.6,23.0963,1256.4,1382,800.6,1633.8,0,122.46,4,61.8,2203,2449,1188.4,3104,132.8,0,2,0.6737,17278.6,855.9776,372.5413,19.6518,59.4
centered_candidate_000426_375b667b,centered-gaussian,5,5,0,59.4,51,48.2,79,18.8743,1307.6,1196,1132.6,1586.8,0,121.8,4.4,64,2086.2,1939,1709.6,2585.6,139,0,2,0.6626,17451.4,410.7205,251.2486,38.7628,59.4
centered_candidate_000166_cb915d1b,centered-gaussian,5,5,0,59.2,59,25.8,92.4,29.4238,1209.2,1226,633.8,1760,0,117.7,4,59.2,2101.4,2419,850,3143.4,137.8,0,2,0.6552,17333.2,1024.7674,502.3606,11.0881,59.2
search_candidate_000448_c13ffba4,random-phased,5,5,0,59.2,58,29.2,94.6,32.5908,1217.4,1230,767,1697.4,0,124.5,4,61.6,2087,1921,1104.6,3209.4,166.2,0,2,0.9501,19707.2,989.8071,428.9665,12.9046,59.2
centered_candidate_000245_1b514760,centered-gaussian,5,5,0,59,44,35.8,89.2,24.7548,1221.6,1149,825.2,1642.8,0,116.1,4,60,1889.8,1829,1158.4,2604.8,132.4,0,1.8,0.7524,16447.4,646.2586,362.57,23.4226,59
centered_candidate_000419_e3f18a7e,centered-gaussian,5,5,0,59,57,32.6,86.8,23.8076,1242,1306,833,1632.4,0,120.68,4,61,2113.2,2030,1122.6,3127.6,133,0,2.2,0.7202,18230,885.4101,354.0774,20.6962,59
search_candidate_000070_dfce7cb2,random-phased,5,5,0,59,55,41.6,78.4,16.3218,1215.6,1200,967.8,1458.6,0,118.78,4.2,58.6,2080.2,2109,1567.2,2582.6,142,0,2.4,0.676,19157.8,445.6121,217.2064,33.4391,59
search_candidate_000502_a9929b9c,random-phased,5,5,0,59,49,47.4,78.2,15.9625,1272.8,1160,1109.6,1523,0,123.66,4.2,62.6,2222,1981,1742.8,2867.6,142.8,0,2.8,0.5616,20276,519.4871,211.3305,39.4188,59
search_candidate_000518_993ad917,random-phased,5,5,0,59,51,49.4,73.8,11.7813,1268.8,1178,1146.4,1454.2,0,124.4,4.2,62.2,2219.4,1981,1926,2664.4,143.4,0,2.8,0.62,20540.2,352.7609,149.4836,43.5093,59
centered_candidate_000282_3924c625,centered-gaussian,5,5,0,58.8,60,39.4,78,17.1511,1269,1396,921.6,1543,0,125.08,4.2,61.6,2223.8,2675,1368,2763.4,138,0,2.4,0.6746,18985.6,691.1895,290.5897,30.8245,58.8
search_candidate_000123_0fba3b82,random-phased,5,5,0,58.8,63,43,72,13.0138,1272.2,1298,1016,1502.4,0,122.02,4.2,62.6,2222.2,2039,1796.2,2719.8,140.4,0,2.4,0.6954,18878.4,420.1573,215.728,36.4931,58.8
search_candidate_000239_95e08bfc,random-phased,5,5,0,58.8,56,48.8,70.8,9.8468,1275.2,1209,1131.4,1455.8,0,125.34,4.2,63.6,2235.8,1950,1829.6,2773,153.2,0,2.8,0.6701,20711.8,440.0897,146.4109,43.8766,58.8
centered_candidate_000081_32284257,centered-gaussian,5,5,0,58.6,61,46.6,68.4,10.1311,1191.2,1248,970.8,1374.4,0,111.04,4,59.2,1785.8,1878,1369.2,2163.6,141,0,2.4,0.6749,19557,367.3159,185.5041,41.5344,58.6
search_candidate_000281_2e107e7c,random-phased,5,5,0,58.6,61,41.8,73.6,15.2394,1281.6,1295,1013.6,1532.8,0,129.26,4,63.8,2322.6,2220,1797.2,2912.6,142,0,2.2,0.5755,17058,524.6167,242.9688,34.1803,58.6
centered_candidate_000043_03a6e0f6,centered-gaussian,5,5,0,58.4,49,36.6,89,26.6953,1250,1229,883.6,1664.6,0,125.32,4,61.2,2114.6,2172,1410,2894.4,135.6,0,2.4,0.6828,19097.8,703.7896,364.7328,23.2523,58.4
centered_candidate_000085_bb5068fb,centered-gaussian,5,5,0,58.4,49,36.8,90.2,29.0489,1178.2,1087,846.4,1610.8,0,116.2,4,57.2,1946.8,1734,1294.6,2827.4,140.4,0,1.8,0.8314,17021.2,826.026,387.7114,22.2755,58.4
centered_candidate_000237_9a28f15a,centered-gaussian,5,5,0,58.4,57,34,84,22.0055,1249.4,1254,837.8,1655.8,0,122.46,4,61.8,2060.6,2026,1254.2,2870.2,137.2,0,1.8,0.7503,16608.2,719.1702,361.3998,22.9973,58.4
centered_candidate_000424_7f6b7673,centered-gaussian,5,5,0,58.4,41,30.6,94.6,29.3912,1190.6,964,771.2,1702.6,0,114.5,4,57.8,1916.6,1638,1029,2892.6,133,0,2.4,0.6916,19336.2,838.1009,426.5366,15.9044,58.4
centered_candidate_000459_d8b3c35d,centered-gaussian,5,5,0,58.4,50,40,82.4,20.3234,1260.2,1239,956,1584.6,0,117.58,4,63.4,1892.4,1694,1268.6,2649.8,136.4,0,1.6,0.7531,15734.4,666.7037,297.0787,29.8383,58.4
search_candidate_000177_26812efe,random-phased,5,5,0,58.2,59,42,75.8,15.4065,1194.2,1214,938,1467,0,117.24,3.8,59.8,1991.2,1850,1454,2646.4,140.2,0,2.6,0.596,19531.2,539.2066,241.5048,34.2968,58.2
centered_candidate_000266_436fd5c1,centered-gaussian,5,5,0,58,38,32.4,96.8,30.8739,1208,912,830.4,1766.4,0,112.08,4,60,1821.2,1720,1087.2,2664,135.8,0,2.6,0.6961,20091.4,729.2995,442.5982,16.963,58
centered_candidate_000398_9c93cb46,centered-gaussian,5,5,0,57.8,56,44.2,74.2,14.8513,1292.8,1301,1058.8,1541.2,0,135.44,4,63.4,2481.6,2328,2024.4,3116.4,138,0,2.8,0.6029,20417,554.9698,231.8028,36.7744,57.8
centered_candidate_000466_061a1b9b,centered-gaussian,5,5,0,57.8,52,38,83.6,21.5815,1267,1117,912,1736.6,0,119.4,4,63.4,1979.2,1585,1406.8,2853.8,133,0,1.8,0.7489,16540.4,736.567,386.6714,27.2093,57.8
search_candidate_000215_9e9e4712,random-phased,5,5,0,57.8,56,42.8,73.8,14.6068,1220.6,1203,995.4,1452.6,0,119.52,4,60.2,2184,2285,1706.2,2638,139.4,0,2.8,0.5705,20580,423.8221,216.5452,35.4966,57.8
search_candidate_000287_8f3279bc,random-phased,5,5,0,57.8,49,41,78.8,17.1744,1216,1106,961.6,1514.6,0,112.76,4.2,60.6,1837.6,1825,1379.6,2279.2,150,0,2.8,0.6087,20956.2,399.7992,250.3062,32.4128,57.8
centered_candidate_000469_fd05a063,centered-gaussian,5,5,0,57.6,53,42.8,76.8,17.3966,1250,1175,1031.4,1552,0,123.16,4,61.6,2125,1850,1578,2964.4,135.2,0,2,0.7041,17301.6,754.8605,275.8253,34.1017,57.6
search_candidate_000362_61d90963,random-phased,5,5,0,57.6,62,32.8,83,23.1741,1193.8,1275,772.8,1614.8,0,113.52,3.8,60,1782.4,1866,882.8,2723.6,135.2,0,2.2,0.6386,18648.4,846.548,385.5632,21.2129,57.6
centered_candidate_000119_336434ab,centered-gaussian,5,5,0,57.4,49,34.2,89,27.4634,1208.8,1149,816,1681,0,117.08,4,59.4,1908,1762,1032.4,2938.2,136.8,0,2.4,0.5794,18815.2,882.9988,404.3377,20.4683,57.4
centered_candidate_000439_ee7baee1,centered-gaussian,5,5,0,57.4,45,41.4,81.2,18.8743,1215.2,1115,936.6,1549.2,0,118.82,4,59.2,1918,1615,1368.6,2593.6,132.4,0,2,0.7409,17566.4,561.534,273.5518,31.9628,57.4
search_candidate_000235_64a87419,random-phased,5,5,0,57.4,55,38.2,78.8,17.9844,1288.4,1221,967.8,1647.8,0,141.68,4,62.8,2497,2390,1776,3290,145.8,0,2.6,0.5569,19005.2,667.4099,300.3382,29.2078,57.4
search_candidate_000293_8b692e41,random-phased,5,5,0,57.4,48,32.4,88.2,25.1125,1223,1133,810.4,1698.6,0,125.98,4,61.4,2092.8,1650,1230.4,3175.8,160,0,2.2,0.8889,20070.6,887.2193,396.0631,19.8437,57.4
search_candidate_000041_2208317c,random-phased,5,5,0,57.2,60,39.8,75.6,16.9635,1251.8,1331,920.2,1572.6,0,127.04,3.8,62.6,2241.6,2364,1715.6,2750.8,135.2,0,2.4,0.631,18280,477.2344,296.6765,31.3183,57.2
search_candidate_000477_f882b668,random-phased,5,5,0,57,58,43,71.2,12.506,1244.2,1239,1039,1456,0,116.52,4.4,60.8,1758.6,1797,1360.4,2140.8,148.2,0,2.2,0.7393,19206.2,342.8607,184.8258,36.747,57
centered_candidate_000264_dc87eb17,centered-gaussian,5,5,0,56.8,38,30.4,98.4,34.7183,1115,898,708,1693,0,106.98,3.8,54.8,1733,1400,838.8,2918.8,137.4,0,2,0.7733,17891.2,977.022,471.9737,13.0409,56.8
centered_candidate_000453_0db2d5a0,centered-gaussian,5,5,0,56.8,41,25.2,96.2,32.1708,1149.6,987,599,1774.4,0,110.52,3.8,57.6,1744,1577,834.6,2736.8,142.4,0,2,0.7636,17893.6,842.469,522.2837,9.1146,56.8
search_candidate_000124_fa477d8a,random-phased,5,5,0,56.6,51,41.6,75.6,16.5843,1187.8,1122,919.8,1495.8,0,112.04,4,60.2,1902.4,1620,1271.6,2744.8,153,0,2.6,0.6857,20597.6,736.7077,272.8776,33.3078,56.6
search_candidate_000142_221abd8a,random-phased,5,5,0,56.6,62,40.2,71.2,14.0228,1240,1315,959.4,1501.8,0,135.8,3.8,60.6,2366.2,2170,1694,3132.4,139,0,3.4,0.4997,22808.6,654.1817,244.3997,33.1886,56.6
search_candidate_000068_bf0109bd,random-phased,5,5,0,56.4,60,31.4,78,21.7862,1152.8,1273,692.2,1505,0,104.78,4,57.8,1769.4,1946,1006.4,2370.8,145.6,0,2,0.7294,17254.4,668.7372,400.5598,20.5069,56.4
search_candidate_000327_95c6dd01,random-phased,5,5,0,56.4,52,44,72.6,13.6616,1182.2,1159,947.2,1445.6,0,111.58,4,58.6,1944.2,1865,1429.6,2515,140.8,0,2.4,0.6627,19237.6,492.7926,234.6439,37.1692,56.4
search_candidate_000514_3e7a1821,random-phased,5,5,0,56.4,36,34.4,94.6,32.549,1097.2,767,751.6,1686,0,101.7,3.8,55,1533.2,963,854.8,2675.6,144.8,0,1.8,0.8709,17462.6,974.2508,486.4621,18.1255,56.4
centered_candidate_000002_2718e4e6,centered-gaussian,5,5,0,56.2,43,36.2,82,21.3298,1200.6,1060,809.2,1671.2,0,111,4,60.4,1721.4,1336,1066,2602.8,142,0,2,0.8438,18143.2,707.4098,385.0556,25.5351,56.2
search_candidate_000343_0bde8b3a,random-phased,5,5,0,56.2,38,31.6,90.2,27.272,1185.8,945,769.8,1713.2,0,104.86,3.8,62,1661.2,1223,882,2638,146.2,0,2.4,0.7979,19854.4,808.0444,431.6273,17.964,56.2
centered_candidate_000037_10934799,centered-gaussian,5,5,0,56,44,27.6,95.8,33.8053,1155,1123,700.8,1692.2,0,110.86,4,56.2,1805.4,1767,795.6,2965.2,137.4,0,1.6,0.9151,16180.6,1003.4709,467.4993,10.6973,56
centered_candidate_000066_742796aa,centered-gaussian,5,5,0,56,50,37,79.8,19.6061,1213.8,1215,905.2,1521.2,0,118.68,3.8,61,1955.2,1883,1258.4,2699,135.6,0,2.4,0.6723,19056,636.8543,270.1654,27.1969,56
centered_candidate_000107_639f5dc0,centered-gaussian,5,5,0,56,49,42,76.8,19.5243,1227.2,1164,987.6,1533,0,124.24,4,59.6,2106.6,1870,1636.8,2775.4,133.6,0,2,0.7318,17213.6,579.2276,280.141,32.2378,56
search_candidate_000044_798952ca,random-phased,5,5,0,56,55,51.6,61.4,4.9396,1249,1250,1191.4,1311.2,0,135.48,4,61,2272.4,2180,2113.6,2471.8,148,0,2.8,0.524,20308.8,164.3053,54.8161,49.1302,56
search_candidate_000501_bc552b1f,random-phased,5,5,0,56,54,36.2,80.8,22.5122,1204.4,1158,833.6,1664.2,0,114.2,4,62,1787.4,1510,1180.6,2666,159.8,0,2.6,0.7545,21591.8,752.9238,402.2997,24.9439,56
centered_candidate_000097_3cffb220,centered-gaussian,5,5,0,55.8,61,36.4,73.6,16.6781,1201.4,1277,877,1497.8,0,114.38,4,59.4,1877.6,2061,1246.8,2459.4,136.6,0,2.2,0.6018,18363.2,549.7853,275.7634,28.0609,55.8
centered_candidate_000162_3ac7b4bf,centered-gaussian,5,5,0,55.8,37,30.6,95,32.1894,1107.6,848,733.8,1651,0,108.1,3.8,53.6,1769.8,1122,863,3037,132,0,2,0.773,17504.4,1010.3535,435.6354,14.5053,55.8
centered_candidate_000233_4411d90f,centered-gaussian,5,5,0,55.8,41,36.4,88,28.6943,1127.2,966,819.4,1587.8,0,112.84,3.8,54.6,1740.6,1630,986.2,2662.8,133.6,0,1.8,0.7851,16700.4,805.4034,400.7849,22.0529,55.8
centered_candidate_000520_16d8fb96,centered-gaussian,5,5,0,55.8,42,41,81,20.894,1192.8,971,942,1588.2,0,123.48,3.6,59.6,2090.4,1629,1482.2,3026.8,132.4,0,2,0.5854,17310.2,770.3362,315.8414,30.553,55.8
search_candidate_000165_9de27b8a,random-phased,5,5,0,55.8,54,43.8,68.2,10.7963,1208.2,1112,1023.4,1441,0,129.06,4.2,58,2276.4,1975,1840.8,2870.6,155.4,0,2.8,0.6852,21131.6,480.7592,189.5652,38.4019,55.8
search_candidate_000392_5fbaa893,random-phased,5,5,0,55.8,41,26.2,94.8,32.5785,1186.2,1028,745.2,1715.6,0,134.16,3.8,56.4,2144.8,1830,1205.4,3294,138,0,2,0.6161,17154.2,1021.104,449.6169,9.9107,55.8
search_candidate_000011_2c1cf115,random-phased,5,5,0,55.6,53,40.2,73.6,15.0546,1180.4,1247,947,1404.4,0,119.68,3.8,58.2,2148.2,2228,1697,2610.6,136.6,0,2.6,0.6026,19715.6,425.6268,211.0863,32.6727,55.6
search_candidate_000231_dbde087c,random-phased,5,5,0,55.6,56,41.6,71.4,14.3192,1199.6,1174,981.4,1434.8,0,124.08,4,58.6,2006.4,2018,1544.8,2446.4,145.8,0,3,0.5959,21437,417.6777,214.8047,34.4404,55.6
search_candidate_000326_0b9c8e9d,random-phased,5,5,0,55.4,54,35.8,78.4,20.4313,1205.6,1104,932.8,1557.2,0,134.28,3.8,58.2,1979.4,1737,1450,2633.2,139.8,0,2.6,0.6627,19660.8,543.4161,290.3795,25.5843,55.4
centered_candidate_000184_700f5479,centered-gaussian,5,5,0,55.2,40,39,81.8,21.3579,1132,923,879.4,1526.6,0,113.5,3.6,56.2,1845.4,1435,1311.8,2645.6,131.8,0,2.2,0.6437,18089.6,635.8662,316.1835,28.321,55.2
search_candidate_000017_54e8b669,random-phased,5,5,0,54.8,61,43,63.2,9.4106,1223.8,1324,1033.4,1347.2,0,120.42,3.8,62.4,1966.8,2010,1708,2170.8,142.6,0,2.4,0.678,18952.8,226.3708,152.4039,38.2947,54.8
search_candidate_000134_eee1cb85,random-phased,5,5,0,54.8,54,36.6,74,16.606,1179.8,1174,893.2,1477,0,122.74,3.8,58.6,2050.2,2050,1474,2687.6,145.2,0,2.2,0.6627,17658.4,551.6232,256.6425,28.297,54.8
search_candidate_000506_8ecf1bf9,random-phased,5,5,0,54.4,50,43.4,67.4,11.0381,1218,1146,1013.6,1449.6,0,117.12,4,60.8,2039.2,1869,1636.6,2537.6,139.4,0,2.6,0.5927,19752.6,406.3547,199.921,37.8809,54.4
search_candidate_000021_2ba4ed2e,random-phased,5,5,0,54.2,39,36.8,86.4,30.9606,1115,946,873.8,1537.2,0,110.06,3.6,56.2,1681.8,1251,1207.4,2585.2,139,0,2,0.716,17427.6,883.6437,405.9975,21.3197,54.2
search_candidate_000470_f1cc746b,random-phased,5,5,0,54.2,54,39.4,70.8,14.3722,1211,1150,935,1541.2,0,119.48,3.8,61,1915.6,1860,1264,2619.8,137.2,0,2.6,0.586,20014.4,599.0922,274.2357,32.2139,54.2
centered_candidate_000070_38594841,centered-gaussian,5,5,0,54,38,37.4,85.2,29.141,1136.8,911,865.6,1590.6,0,119.18,3.8,54.4,1886.8,1489,1345.4,2784.6,132,0,2.4,0.7045,18994.6,789.9955,392.6863,22.8295,54
centered_candidate_000402_6e99f64d,centered-gaussian,5,5,0,54,53,42.4,68.6,13.3566,1196,1183,1023.2,1384,0,118.26,4,58.2,1787.2,1787,1346,2264.2,133.4,0,1.8,0.7177,16686.4,443.2933,174.8977,35.7217,54
search_candidate_000296_1c8ea76c,random-phased,5,5,0,54,53,38.4,71.8,15.582,1193.2,1249,911.6,1475.4,0,119.94,3.8,59.8,2004.2,1970,1491.2,2627.6,140,0,2.4,0.6036,18677.4,557.6775,262.4282,30.609,54
search_candidate_000312_95f05b4b,random-phased,5,5,0,54,48,38.8,72.4,15.1261,1179.4,1134,912,1472.4,0,121.04,4,57.2,2021.4,1856,1696.4,2435.2,141.6,0,2.4,0.6811,19079.8,334.9206,249.4503,31.2369,54
search_candidate_000376_b1a6ed35,random-phased,5,5,0,54,55,39.4,69.2,13.3116,1138.8,1230,895.2,1352.6,0,112.56,3.8,57.2,1823.4,2012,1408,2141,147,0,2.4,0.5889,19275.4,335.5387,209.2897,32.7442,54
centered_candidate_000087_23828c9d,centered-gaussian,5,5,0,53.8,30,29.4,91.8,30.1025,1125.8,849,729.2,1676.6,0,107.12,4,54.6,1608,1080,920.4,2602.8,136.8,0,2.2,0.6995,18535,789.6308,439.3556,14.3488,53.8
centered_candidate_000222_65ef6ff1,centered-gaussian,5,5,0,53.8,60,29,77.4,21.9945,1127.8,1227,740.4,1499.2,0,111.48,3.8,55.2,1769.8,1949,893.4,2613.4,134.2,0,1.8,0.7511,16716,771.076,346.7953,18.0027,53.8
search_candidate_000037_a72cdf27,random-phased,5,5,0,53.8,54,39.6,69.8,14.3443,1164.8,1198,948.2,1382.4,0,119.46,3.8,57.2,2027,2151,1609.8,2407.2,136.8,0,2.4,0.68,18901.8,360.8706,198.7354,32.4278,53.8
search_candidate_000346_6c6c8020,random-phased,5,5,0,53.8,47,41.2,70.2,13.3477,1175.4,1120,983.2,1392,0,122.88,4,56.6,2107,1968,1860.4,2427.4,142,0,2.6,0.6459,19545.8,258.5769,183.1432,34.5262,53.8
search_candidate_000471_b9237453,random-phased,5,5,0,53.8,39,33.6,85,26.2404,1112,912,807.6,1575.6,0,113.7,3.8,54.2,1742.2,1291,1059.6,2771.4,141.4,0,2,0.7571,17618,880.5906,397.6436,20.4798,53.8
search_candidate_000509_984f478a,random-phased,5,5,0,53.8,39,35,85.8,29.0062,1188.8,1062,909.2,1577.4,0,124.52,3.8,59.6,1805.6,1601,1268,2503.6,149.2,0,2.6,0.6339,20323.8,614.6624,347.2644,20.4969,53.8
centered_candidate_000375_dc238363,centered-gaussian,5,5,0,53.6,59,27,78.8,23.6525,1119.2,1248,664.8,1503.2,0,110.42,3.6,56.6,1793.2,1926,937.2,2617.6,139.6,0,2,0.7629,17887.4,758.4894,384.0247,15.1738,53.6
search_candidate_000367_ba2383fa,random-phased,5,5,0,53.4,40,30.4,82.8,24.0799,1089.6,814,744.4,1565.8,0,100.18,3.8,54.6,1482.8,980,868.6,2357.4,140.8,0,2,0.8409,18249.8,700.6778,387.5175,18.3601,53.4
search_candidate_000411_4ae5e88e,random-phased,5,5,0,53.4,52,41.4,64.8,10.9289,1174.4,1163,989.6,1348.4,0,118.42,3.8,58.4,2099.8,2069,1755,2452.8,138.6,0,2.4,0.6449,18733.4,318.182,166.032,35.9356,53.4
centered_candidate_000183_e7d33c35,centered-gaussian,5,5,0,53.2,56,32.2,71.6,17.5431,1222,1265,867.6,1535.6,0,121.4,4,60.2,2058.2,2131,1362.8,2725.4,135.8,0,2.4,0.5784,18912.2,608.9267,296.9209,23.4285,53.2
search_candidate_000113_ffed610e,random-phased,5,5,0,53.2,40,32.8,80.8,22.1847,1149.8,1014,789,1573.6,0,109.9,3.8,57.8,1713.6,1506,971.2,2570.4,138.6,0,1.8,0.8073,16995,710.5594,353.851,21.7077,53.2
search_candidate_000283_38d8727a,random-phased,5,5,0,53.2,57,41.4,61,10.4384,1130,1181,983,1224,0,112.38,3.8,57.2,1876,1934,1596.2,2079.4,153.2,0,2,0.8828,18306,255.2176,135.6731,36.1808,53.2
search_candidate_000482_8239a1d1,random-phased,5,5,0,53.2,48,35.6,74.6,17.5431,1256.6,1181,913,1652.2,0,135.94,3.8,62.2,2083.2,1735,1391.2,2999.8,136.8,0,2.4,0.7181,19122.4,754.5392,329.1885,26.8285,53.2
search_candidate_000132_55ae11e0,random-phased,5,5,0,53,39,35.2,85.2,31.5531,1120.6,913,807.8,1650.8,0,113.2,3.6,56.4,1735.4,1230,1108,2855,140.4,0,2.2,0.6791,17704.6,1057.3922,500.0442,19.4234,53
centered_candidate_000007_9d206def,centered-gaussian,5,5,0,52.8,52,41.2,63.2,10.6283,1139.2,1209,890.4,1333,0,111.64,3.8,56.2,1690.8,1899,1106.8,2159,134,0,2.2,0.7881,18303.2,474.3144,202.5936,35.8859,52.8
centered_candidate_000062_d525816f,centered-gaussian,5,5,0,52.8,41,36.4,77.2,19.4874,1099.8,988,826.4,1474,0,112.3,3.6,54.6,1834.2,1684,1186.2,2720.8,137.6,0,1.8,0.6877,16456.8,811.5877,317.2812,26.6563,52.8
search_candidate_000162_2b7c1266,random-phased,5,5,0,52.8,57,43,60,7.8333,1189,1205,1025.6,1337.2,0,117.58,3.8,59.2,1805,1923,1459,2081.8,132.6,0,2,0.6717,17036.8,280.4375,141.7956,39.0834,52.8
search_candidate_000424_11e69668,random-phased,5,5,0,52.8,59,33.2,69.2,16.216,1180.8,1253,812.2,1525.6,0,116.72,4,58,1788.8,2021,1024,2428.2,140,0,2.6,0.7254,20097.4,631.0282,316.123,25.092,52.8
centered_candidate_000363_100c09fc,centered-gaussian,5,5,0,52.4,39,33.4,79.2,21.341,1142.6,901,817.2,1600,0,108.22,3.8,57.6,1774.6,1303,1012,2815.8,139,0,2.2,0.7144,18817,831.0072,365.686,22.7295,52.4
centered_candidate_000284_2294eb45,centered-gaussian,5,5,0,52.2,36,21.6,96,36.6737,1065.8,896,537,1709.8,0,104.48,3.6,53,1699.4,1230,649.2,3056.8,136.2,0,2,0.7987,17350.6,1095.0824,529.5687,3.2632,52.2
search_candidate_000211_c081c34f,random-phased,5,5,0,52.2,56,25.4,78.8,24.669,1097,1197,711.4,1426,0,109.62,3.6,54.8,1621.4,1716,979.6,2210,136.6,0,2.2,0.736,18220.2,569.2415,334.6323,13.0655,52.2
centered_candidate_000155_9b957132,centered-gaussian,5,5,0,51.8,40,33.6,77.4,20.7017,1130.2,972,806.4,1542.6,0,120.34,3.6,55.6,1938.6,1640,1159,2848.8,134.4,0,2.6,0.5978,19591.8,758.6302,335.423,23.2492,51.8
centered_candidate_000157_6c1c6647,centered-gaussian,5,5,0,51.8,48,42.6,64.8,11.5827,1165.6,1091,1050.8,1354.2,0,119.84,4,56,1871.6,1771,1552,2274.2,136.2,0,2.4,0.6456,19228.6,343.8183,172.9134,36.8086,51.8
search_candidate_000166_d331e97c,random-phased,5,5,0,51.8,58,39,62,10.6471,1188.4,1294,971.6,1356.8,0,124.98,3.6,60.4,1930.6,1809,1540.4,2355.2,141.6,0,2.6,0.5583,19623.4,367.2708,178.3397,33.6765,51.8
centered_candidate_000406_c8867534,centered-gaussian,5,5,0,51.6,55,25.4,78.2,23.8629,1118.4,1138,667.2,1597.2,0,103.46,3.8,56.2,1631,1603,797,2524.8,136,0,1.8,0.8766,17212.4,764.7465,416.8561,13.4685,51.6
search_candidate_000451_f6ef849e,random-phased,5,5,0,51.6,42,20.8,93.8,38.2758,1037.2,927,582.2,1622.4,0,104.94,3.6,51.8,1484.6,1180,725.2,2611.2,147.8,0,2.2,0.7437,19196.4,1054.6149,525.9416,1.6621,51.6
centered_candidate_000478_8c6b473c,centered-gaussian,5,5,0,51.4,55,33.8,66.6,14.6096,1143.4,1264,838.8,1380,0,116,3.8,56.4,1747.6,1959,1143.2,2177.6,137.6,0,2.2,0.6749,18322.6,500.2034,246.3117,26.4952,51.4
centered_candidate_000375_9bafca2c,centered-gaussian,5,5,0,51.2,52,28.6,72.8,19.4669,1165.6,1241,760.6,1513.2,0,108.34,4,57.8,1724.8,1691,1013.6,2398,134.4,0,2.2,0.7521,18392.4,619.6468,335.206,18.8666,51.2
centered_candidate_000489_9cf5054c,centered-gaussian,5,5,0,51.2,52,36.8,66.8,13.7753,1149,1132,893.4,1449,0,112.6,3.8,57,1708.6,1592,1255.4,2303.6,133.4,0,2.2,0.6834,18027.4,511.5923,259.8361,29.9123,51.2
search_candidate_000286_88b6272a,random-phased,5,5,0,50.8,46,31.8,74.2,20.282,1180.2,1187,912.2,1472.2,0,115.62,3.8,60,1766.4,1693,1328,2281.8,141.8,0,2.2,0.7983,18630,451.1344,269.4182,21.659,50.8
search_candidate_000043_99910967,random-phased,5,5,0,50.6,39,36.4,73.8,19.3349,1085.6,942,839.6,1438,0,103.76,3.6,56,1486.4,1208,1072.8,2104.4,146.4,0,2,0.6902,17717.8,518.2419,284.7438,26.7325,50.6
centered_candidate_000308_3883883e,centered-gaussian,5,5,0,50.4,42,36.8,71,18.0289,1092.6,976,833.8,1431.4,0,114.76,3.6,53.4,1749.6,1698,1172.4,2318.2,133,0,2,0.7891,17184,535.3147,283.0792,27.7856,50.4
centered_candidate_000373_77307e2b,centered-gaussian,5,5,0,50.4,42,36.8,71,18.0289,1092.6,976,833.8,1431.4,0,114.76,3.6,53.4,1749.6,1698,1172.4,2318.2,133,0,2,0.7891,17184,535.3147,283.0792,27.7856,50.4
search_candidate_000519_c609e484,random-phased,5,5,0,50.4,51,37.2,62.6,11.2534,1051,1120,841.6,1217.8,0,110.8,3.6,53.8,1595.6,1650,1048,2108.8,164.8,0,1.8,0.8507,18251.4,466.3533,169.5146,31.5733,50.4
centered_candidate_000080_10889d01,centered-gaussian,5,5,0,50.2,43,37.6,66.8,13.3327,1121.8,1082,865.6,1413.8,0,112.9,3.8,54.8,1721.8,1555,1244,2299.6,133.4,0,2.4,0.6699,18789.2,471.8485,243.8577,30.9337,50.2
search_candidate_000051_d71dcc2e,random-phased,5,5,0,50.2,40,29,79.4,23.693,1097,939,774.8,1532.2,0,112.54,3.6,55,1596.6,1334,1027.6,2390,141,0,2.4,0.6548,19067.4,654.0824,350.0623,17.1535,50.2
search_candidate_000264_73657dcf,random-phased,5,5,0,50.2,62,28,65,17.5886,1043,1176,688.2,1301.8,0,102.5,3.4,54.4,1435.4,1606,916,1840.4,149,0,2.4,0.7338,19947.8,422.6988,285.5766,19.2057,50.2
search_candidate_000274_3f38c084,random-phased,5,5,0,50,30,18.4,101.2,48.5798,994,775,501.6,1711.2,0,91.46,3.6,49.4,1435.4,919,596.8,2773.2,136,0,2,0.8448,18299.8,1257.7265,682.304,-5.8899,50
search_candidate_000456_99c62760,random-phased,5,5,0,50,45,37.2,66.6,13.5647,1134.6,1116,902.2,1393.8,0,111.72,3.8,56.8,1638.8,1554,1128,2204.6,140.4,0,2.6,0.6537,19929,476.1191,219.4216,30.4177,50
search_candidate_000144_62f8aee0,random-phased,5,5,0,49.8,42,39.4,68.4,18.1373,1094.2,981,912.8,1392,0,129.82,3.4,54,2058.6,2007,1451.8,2788.2,147.4,0,2.6,0.6799,20385.4,674.7108,276.7999,30.3314,49.8
centered_candidate_000050_24bbfd28,centered-gaussian,5,5,0,49.6,42,33.2,69,16.28,1109.8,986,812.4,1450.4,0,108.9,3.6,56.2,1648.4,1473,1091.2,2251.4,135.2,0,2,0.8372,17737.8,526.1599,289.5903,25.06,49.6
search_candidate_000022_9a47b955,random-phased,5,5,0,49.6,35,33.2,75.6,20.8288,1099.2,897,854.4,1486.2,0,107.3,3.6,55.6,1562,1278,1116.8,2236.2,135.8,0,2,0.6927,17446.2,567.9489,313.7294,22.7856,49.6
search_candidate_000505_25f122e6,random-phased,5,5,0,49.6,42,30.6,73.4,19.4587,1092.6,1023,752.6,1481.4,0,111.16,3.6,54.6,1677,1612,1052,2336.4,138,0,1.8,0.8398,16793.2,566.1328,325.8328,20.8707,49.6
search_candidate_000385_af17aeb7,random-phased,5,5,0,49.4,38,27.6,80,25.0408,1103.2,939,736.4,1608.4,0,106.1,3.6,56.2,1613.2,1376,896.8,2573.2,136.4,0,1.8,0.8206,17047.4,818.0835,416.8949,15.0796,49.4
search_candidate_000099_6d9094e4,random-phased,5,5,0,49.2,48,42.2,56.8,6.4312,1135.2,1155,995.2,1257.6,0,120.52,3.8,55.2,1849.8,1923,1624.8,2038.4,137.4,0,2.6,0.6825,19868,187.504,117.0938,38.9844,49.2
centered_candidate_000339_e48897af,centered-gaussian,5,5,0,49,38,30.2,76.8,23.1689,1066.6,906,731,1526.6,0,109.06,3.6,52.2,1613.4,1314,906.4,2555.6,131.4,0,1.4,0.8875,15245.6,765.8108,374.5699,18.6155,49
search_candidate_000163_4afe1dba,random-phased,5,5,0,48.8,36,26.4,84.8,33.9553,1091,938,708.4,1634.6,0,115.04,3.6,53.6,1660,1440,885.6,2690.4,134.4,0,2.4,0.7181,19048.8,921.4285,497.7795,9.4224,48.8
search_candidate_000497_90d64475,random-phased,5,5,0,48.8,40,29.2,74.6,21.1225,1034.8,944,736.8,1397.2,0,101.44,3.6,51,1454.2,1347,874,2129.6,132.8,0,2,0.7696,17500.4,571.264,305.0603,18.6388,48.8
centered_candidate_000301_86b599ee,centered-gaussian,5,5,0,48.6,37,28.2,76.8,22.5973,1047.2,871,774.4,1419.4,0,106.7,3.6,51.2,1488,1230,1040.8,2079.8,132.8,0,1.6,0.8585,15690.4,474.8469,297.522,16.9013,48.6
centered_candidate_000038_d8c95cb7,centered-gaussian,5,5,0,48.2,38,31.2,74.8,24.3836,1053.2,842,775.6,1497.2,0,103.74,3.8,52,1521.6,1086,1011.6,2387.2,144.6,0,3,0.6511,22616.2,738.4856,379.1413,19.0082,48.2
centered_candidate_000171_42a99e87,centered-gaussian,5,5,0,48,39,28,77.2,27.7777,1023.8,917,666.6,1486.6,0,108.1,3.4,50.4,1630.6,1360,908.8,2640.2,131.6,0,2,0.7265,17207.4,962.2961,445.2691,14.1112,48
search_candidate_000191_6f7fa81e,random-phased,5,5,0,47.6,42,38.4,60.8,10.632,1063.4,986,902.8,1262.8,0,116.58,3.4,52.6,1778.2,1825,1231.2,2312,134.4,0,2.2,0.6715,17864.2,478.7076,164.5911,33.084,47.6
search_candidate_000289_e0377890,random-phased,5,5,0,47.6,37,33.4,71.6,22.4286,1102.8,964,862,1451.4,0,128.36,3.4,53.8,1836.6,1401,1205.8,2805.8,133.2,0,2.2,0.7049,17916.2,830.9331,293.9356,22.1857,47.6
search_candidate_000338_ae8eb452,random-phased,5,5,0,47.4,49,33.8,60,11.5343,1090.4,1079,882,1302.4,0,132.26,3.6,55.4,1970.6,1990,1700.8,2210,179.8,0,2,0.8756,20324.4,233.2755,191.0441,28.0329,47.4
centered_candidate_000149_37cbc205,centered-gaussian,5,5,0,47.2,50,30.4,64,15.4195,1078.2,1188,737.4,1390.2,0,109.98,3.8,52.4,1681.4,1917,947,2317.2,137,0,2.2,0.7135,18672.6,613.866,297.86,22.6903,47.2
centered_candidate_000361_61098924,centered-gaussian,5,5,0,47.2,41,36.4,63.8,15.2499,1060.2,932,883,1344.8,0,107.6,3.6,52,1504,1406,1270.4,1846,130,0,1.8,0.773,16614.2,303.7604,249.4349,28.775,47.2
search_candidate_000415_ed002986,random-phased,5,5,0,47.2,50,37.2,55.8,8.2801,1103.4,1181,921.4,1250.8,0,115.66,3.6,54.6,1633.8,1592,1262.4,2016.6,133.4,0,2.4,0.6455,18634.2,332.0822,150.7801,33.06,47.2
search_candidate_000265_e27ecfb2,random-phased,5,5,0,47,41,31,65.2,15.4013,1087,983,823.2,1390.4,0,121.5,3.4,53.6,1866,1619,1099.2,2684.6,132.2,0,1.8,0.7259,16191.6,725.1276,256.3334,23.2994,47
search_candidate_000060_309cfb05,random-phased,5,5,0,46.4,42,35.6,60.8,12.0266,1052,998,853.2,1305,0,109.84,3.6,51.2,1460.8,1489,1128,1818,131.2,0,2,0.6917,17391,322.7268,222.4671,29.5867,46.4
search_candidate_000236_432bc2ed,random-phased,5,5,0,46.4,50,35,56,9.3936,1008,1094,815.8,1156.2,0,97.5,3.6,50.8,1438.8,1517,1108,1740.8,143.4,0,2.2,0.7791,18742.8,281.4146,156.2524,30.3032,46.4
search_candidate_000374_46c07327,random-phased,5,5,0,46.4,41,40.4,57.4,10.346,1100.2,1027,938.4,1345.2,0,109.28,3.6,57,1558.8,1404,1308.8,1969.4,148.6,0,1.8,0.8404,17173,389.39,222.2561,35.227,46.4
centered_candidate_000373_126887eb,centered-gaussian,5,5,0,46.2,42,26.4,67.2,18.1373,1027,951,659.2,1418.6,0,110.08,3.4,50.4,1720.2,1531,900.2,2611,130.2,0,1.6,0.7676,15637.2,763.7904,336.7414,17.3314,46.2
search_candidate_000086_f8e6423d,random-phased,5,5,0,46,44,29,63.6,15.3232,1053,1038,768.4,1345,0,112,3.6,52.4,1681.6,1659,1016,2363,145.6,0,2.2,0.7308,18615,590.8944,254.0087,21.3384,46
search_candidate_000267_14999934,random-phased,5,5,0,46,37,33.4,68,21.0808,1047.2,925,855.8,1365.2,0,111.56,3.4,52.8,1585,1410,1159,2200.4,139.8,0,2.6,0.6591,20053.4,538.5172,296.1901,22.8596,46
search_candidate_000360_d75276c7,random-phased,5,5,0,46,36,34.4,67.6,21.0238,969.4,844,765.6,1306,0,98.14,3.4,48.6,1280.8,1061,878,1908.8,140,0,1.2,0.9843,14494.4,573.9977,316.9502,23.8881,46
search_candidate_000365_84f95fbe,random-phased,5,5,0,46,51,37,52.2,7.1554,1104.6,1194,902.2,1261.8,0,114.04,3.6,55.4,1604.8,1660,1242.4,1954,136,0,2.4,0.6543,19038.6,333.5784,164.9928,33.4223,46
search_candidate_000387_03b96018,random-phased,5,5,0,46,40,30.6,66,17.6295,1104.8,945,806.2,1497.2,0,119.52,3.6,54.2,1854.8,1589,1056,2775.6,132.8,0,2.2,0.6488,18609.2,778.614,322.7162,21.7852,46
search_candidate_000401_396423c9,random-phased,5,5,0,46,41,38,56.8,8.7407,981.4,936,850.6,1138,0,112.48,3.4,50.2,1564.6,1590,1294,1859.6,170.2,0,2.2,0.9656,20712,269.1688,129.0141,33.6296,46
search_candidate_000233_2c076f02,random-phased,5,5,0,45.8,36,29.4,72,24.4246,1088.4,946,862.6,1458,0,119.62,3.4,54.6,1699.8,1448,1151.4,2523.6,136.2,0,1.8,0.722,16399.4,773.8983,353.1485,17.1877,45.8
search_candidate_000033_ad79c7f3,random-phased,5,5,0,45.4,43,34.6,59.4,12.5475,1066.8,1027,852.8,1334.2,0,115.76,3.8,51.8,1788.6,1580,1314.8,2415.6,147.8,0,2.2,0.7262,19180.2,533.2083,243.0114,28.3262,45.4
centered_candidate_000173_b27c1c0f,centered-gaussian,5,5,0,45.2,39,27.4,69.6,22.3553,1029.2,937,730,1430,0,119.14,3.4,49.8,1872.2,1679,1033.6,2883,136,0,2.4,0.6687,18733,902.5757,379.2938,16.2223,45.2
search_candidate_000167_27df5c9d,random-phased,5,5,0,45.2,35,31.2,69,22.0943,1056,913,811.8,1436.6,0,102.74,3.4,54.6,1449.2,1285,980.2,2108.6,134.6,0,2,0.7355,17792.8,586.4682,332.4683,20.1528,45.2
search_candidate_000461_b03fbe5d,random-phased,5,5,0,45.2,41,31.6,60.8,13.0445,999.6,887,789.2,1262.8,0,100.34,3.4,50.6,1350.8,1440,946,1696.4,137.6,0,2.2,0.7454,18583.4,333.8421,215.3347,25.0777,45.2
search_candidate_000440_9f5b6b85,random-phased,5,5,0,45,40,26,66.2,18.4824,1038.8,966,686.8,1416.4,0,110.48,3.4,52.6,1478.6,1360,908,2101.8,141.4,0,1.8,0.8288,16686.4,566.7767,342.1078,16.7588,45
centered_candidate_000051_228a112e,centered-gaussian,5,5,0,44.8,35,30.8,64,15.4324,996.6,830,726.2,1356.4,0,103.16,3.4,49.6,1464.4,1242,915.8,2089.4,134.4,0,2,0.6897,17492.4,532.4617,288.9662,23.0838,44.8
search_candidate_000109_5bde077f,random-phased,5,5,0,44.8,38,29.8,63.4,15.4195,1017.2,932,731.2,1345.8,0,103.34,3.6,50.6,1305.2,1260,806,1793.6,141.4,0,1.8,0.9066,17091.2,440.132,274.9905,22.0903,44.8
search_candidate_000369_d8e81596,random-phased,5,5,0,44.6,40,34.4,59.6,14.0513,1039.6,934,911.8,1268.8,0,115.3,3.4,51,1581,1300,1165.8,2240.4,132.6,0,2,0.7481,17406.6,569.1017,218.0354,27.3743,44.6
search_candidate_000128_43c316e8,random-phased,5,5,0,44.4,42,37,54.6,9.6457,1018,971,877.2,1205.2,0,113.16,3.2,51.2,1656.8,1438,1258.4,2234,134.4,0,2.2,0.6583,17935.2,473.749,170.7337,32.1771,44.4
search_candidate_000359_15d92ccf,random-phased,5,5,0,44.4,40,36.4,55.2,8.6394,968.8,891,829.2,1145.6,0,108.6,3.4,48.8,1545.8,1190,1172,2146.6,158.2,0,1.8,0.9972,18537.6,477.471,145.692,32.0803,44.4
centered_candidate_000296_f1bc9d07,centered-gaussian,5,5,0,44,37,31.6,62.8,17.47,974.2,877,742.8,1292,0,101,3.4,48.6,1382.4,1218,865.8,2041.6,138.4,0,2,0.7722,17679.8,556.1664,282.9038,22.865,44
search_candidate_000398_d9542169,random-phased,5,5,0,43.6,43,31.8,55.6,10.9105,963.8,979,737,1168.2,0,89.46,3.6,48.8,1125.6,1170,818,1393.2,143.6,0,2,0.8447,17831.2,262.1401,195.3903,26.3447,43.6
centered_candidate_000325_27bdb5b3,centered-gaussian,5,5,0,43.2,40,36.4,51.8,6.9685,1022,971,916.4,1157.6,0,113.4,3.4,49.8,1547.8,1557,1283,1797.4,130.2,0,2.2,0.6993,18262,227.1118,109.7324,32.9157,43.2
search_candidate_000276_8b562086,random-phased,5,5,0,43,40,33.8,55.2,11.1355,1025.4,977,862.6,1238.8,0,111.18,3.2,53,1424.6,1370,1152,1759.2,141.2,0,1.8,0.7398,16746.8,298.8723,198.7346,28.2322,43
centered_candidate_000494_9359d9e8,centered-gaussian,5,5,0,42.6,39,36.8,50.8,6.6212,964,906,800,1164.4,0,104.38,3.4,48,1464.6,1425,1118.8,1868.4,144.8,0,1.6,0.9571,17087,366.5,166.5137,33.4894,42.6
search_candidate_000156_65511004,random-phased,5,5,0,42.6,38,34.4,53.4,8.6856,957.8,885,772.6,1189.2,0,94,3.4,48.8,1249.6,1202,923.2,1601.2,140.4,0,2.2,0.7603,18679.4,316.901,192.2908,30.0572,42.6
centered_candidate_000044_ba4e61b8,centered-gaussian,5,5,0,42.4,39,33.2,53.2,9.0907,949.2,985,771.2,1111.8,0,96.76,3.4,47.6,1260.6,1315,930.4,1537.8,140,0,1.8,0.8349,17333.4,276.6345,153.8836,28.6547,42.4
search_candidate_000127_87b928e1,random-phased,5,5,0,42.2,37,33.6,55.2,11.3561,939.6,884,796.6,1149.8,0,103.86,3.2,46.4,1302.8,1232,990.8,1724,133.8,0,2.2,0.732,17894.4,377.9812,194.2232,27.922,42.2
centered_candidate_000194_5184bab9,centered-gaussian,5,5,0,42,41,24,60.6,16.0748,961.8,870,599.2,1362.6,0,101.96,3.2,48.4,1455.2,1196,763.6,2278.8,131.6,0,1.8,0.7779,16969.6,677.0047,338.39,15.9626,42
search_candidate_000012_ac5d35d3,random-phased,5,5,0,42,41,28.4,58.2,14.7377,988.4,919,798.4,1242.6,0,107.84,3.4,48.2,1522.4,1378,1073.2,2103.8,131.2,0,2,0.7526,17277.8,521.0046,225.5168,21.0311,42
search_candidate_000219_da588a8c,random-phased,5,5,0,41.4,40,28.4,55.4,13.1393,932.8,928,702,1153.2,0,97.3,3.2,48.8,1278.4,1221,889.6,1684.6,151.4,0,2,0.8128,18821,359.6491,224.5737,21.8304,41.4
search_candidate_000487_96195052,random-phased,5,5,0,41.2,42,26.4,55.6,12.8125,1049,1087,761.2,1322,0,116.08,3.4,52.6,1641.8,1760,1033.2,2199.2,137.4,0,1.8,0.7108,16079,515.3043,247.1267,19.9938,41.2
centered_candidate_000207_f116fa6b,centered-gaussian,5,5,0,41,40,26.2,57.8,15.7099,958.2,943,679.8,1261.4,0,104.68,3.2,47.6,1338.2,1310,846.4,1869.6,130,0,2.2,0.6919,18079.2,469.1935,284.2051,18.3451,41
search_candidate_000073_a234aef2,random-phased,5,5,0,40.8,29,27,64.8,21.0751,898,700,684.4,1291.8,0,94.8,3.4,44,1204.2,939,766,1899,141.6,0,1.6,0.8668,16616.6,621.8609,363.1005,16.4624,40.8
search_candidate_000377_26a54912,random-phased,5,5,0,40.8,33,29.6,56.2,12.3191,990.4,912,792.6,1222,0,100.92,3.4,51.2,1343.2,1130,984.4,1809.4,146.6,0,2.6,0.6362,20575.4,377.5327,193.4018,23.4405,40.8
search_candidate_000354_bc96903c,random-phased,5,5,0,40.6,40,30,52.8,10.9105,931.8,869,764.4,1141.4,0,107.8,3.2,46.4,1398.6,1342,932.6,1886.6,144.6,0,2.2,0.7767,18811.8,420.1926,170.4669,24.5447,40.6
centered_candidate_000390_37125715,centered-gaussian,5,5,0,40.4,50,21.6,54.2,15.1605,939.8,1106,559.2,1228.4,0,99.1,3.4,45.8,1362.4,1473,663.4,2036.6,131.6,0,1.8,0.811,16778.2,609.0831,306.3452,14.0198,40.4
search_candidate_000059_096cdca0,random-phased,5,5,0,40.4,34,28.4,58.2,15.1341,929,776,760.4,1216.2,0,109.56,3.4,44,1429.6,1109,963.2,2119.6,139.6,0,1.4,0.9081,15528,555.6123,242.2329,20.833,40.4
search_candidate_000412_56dda4cf,random-phased,5,5,0,40.4,33,28.4,57.2,13.6616,956,906,744.2,1218,0,96.54,3.4,48.4,1237.6,1230,882.8,1650.6,139.6,0,1.8,0.8273,17037.8,365.0537,221.7485,21.5692,40.4
search_candidate_000389_39634b3e,random-phased,5,5,0,40.2,40,34.6,46.4,5.6356,971,947,849.4,1118.6,0,102.66,3.2,49.8,1355.2,1297,1103.2,1641.8,136.8,0,2.2,0.7294,18390.6,249.4758,141.4496,31.7822,40.2
search_candidate_000019_63cf7971,random-phased,5,5,0,39.8,40,32,48.8,8.0598,946.2,936,825.6,1092.6,0,109.2,3.2,48.8,1423.8,1210,1062,1977.8,157.8,0,1.8,0.8349,17601.4,489.0711,131.3307,27.9701,39.8
search_candidate_000450_bdad17f1,random-phased,5,5,0,39.8,34,29.2,55.2,12.9677,926,873,792,1111,0,101.58,3.2,46.2,1249.2,1100,930.4,1686,135.8,0,2.2,0.715,18232.8,378.4317,163.8621,22.7162,39.8
search_candidate_000205_48e38a5a,random-phased,5,5,0,39.6,38,24,55.4,14.1223,894,893,599.8,1161.2,0,99.14,3.2,44.4,1212.4,1269,825,1538,140.2,0,1.8,0.8574,17398,326.6647,254.3006,16.9388,39.6
search_candidate_000320_d739888b,random-phased,5,5,0,39.4,36,27.2,53,11.8423,911.8,858,664,1171.2,0,98.28,3.2,45.8,1240.6,1196,814,1722.2,138,0,2.2,0.6868,18309.8,427.8325,232.7285,21.2789,39.4
centered_candidate_000023_bf25e724,centered-gaussian,5,5,0,39.2,40,32.8,45.8,5.98,889.8,835,782.6,1039.4,0,102.98,3.2,42.2,1303.8,1172,920,1787,127.6,0,2,0.7248,17272.2,399.0461,122.0007,29.81,39.2
centered_candidate_000178_b27333b9,centered-gaussian,5,5,0,39,37,30,49.6,9.716,897.8,882,713.2,1094.6,0,101.5,3.2,43.6,1325.4,1319,879.2,1784.8,132.4,0,1.4,0.8404,14993.8,447.3569,190.0846,25.142,39
search_candidate_000192_4799a86f,random-phased,5,5,0,39,35,24.2,56,14.5465,906.8,860,604,1221.4,0,88.32,3.2,47.6,1139.6,1044,710,1643.6,142.8,0,2.4,0.6861,19896.6,432.2062,284.842,16.9268,39
search_candidate_000259_e5e2d2e1,random-phased,5,5,0,39,40,33.2,43.8,5.0596,882.4,879,785.8,986.4,0,90.88,3.2,44.6,1075.6,1140,912,1199.2,137.4,0,2,0.8107,18134.8,132.172,92.6166,30.6702,39
search_candidate_000341_da1fd3ea,random-phased,5,5,0,39,36,26.2,54.8,14.7513,948.8,901,699.6,1240.8,0,106.8,3,48.4,1368.2,1186,905.6,1960.4,132.6,0,2.4,0.6947,19255.8,502.1348,267.6262,18.8244,39
search_candidate_000031_bbe3b501,random-phased,5,5,0,38.8,40,36,41.2,2.4,888.8,884,854.4,925.2,0,101.08,3,45,1217.4,1240,1086,1319.2,138.8,0,1.4,0.9045,15669.6,116.3918,34.0963,34.8,38.8
search_candidate_000057_8fc9f7e0,random-phased,5,5,0,38.4,34,32.8,48.2,9.3509,929,867,812.8,1100.8,0,106,3.2,46,1331.2,1276,1106,1600,137.2,0,2.4,0.6383,19039,235.2483,145.2432,28.1245,38.4
search_candidate_000175_28a363cc,random-phased,5,5,0,38.4,42,27.4,47.8,9.2434,922.6,911,776.6,1073.2,0,103.38,3.4,45.8,1253.8,1312,1029,1427.2,150.2,0,1.4,1.0041,16229,195.7451,135.3582,22.7783,38.4
search_candidate_000198_5fbdb2c6,random-phased,5,5,0,38.4,38,32.8,43.8,5.0833,970,909,849.2,1138,0,106.62,3.2,49.4,1387.2,1315,1145.8,1663.2,137.8,0,1.8,0.7664,16695,229.7733,140.455,30.2583,38.4
search_candidate_000054_51286bc0,random-phased,5,5,0,38.2,36,31.4,46.4,7.0257,936.2,905,768,1124.4,0,113.72,3.2,44.8,1429.4,1449,1082.4,1755.2,131.6,0,2.2,0.6907,18094.8,315.8136,167.1459,27.8872,38.2
search_candidate_000076_23e1c6d6,random-phased,5,5,0,38.2,35,32.2,47.6,9.02,891.4,845,781.2,1050.8,0,100.76,3.2,43.2,1215.4,1110,949.2,1544,131.4,0,1.4,0.9414,15312.6,273.7047,143.0589,27.69,38.2
centered_candidate_000423_15f1f9b0,centered-gaussian,5,5,0,38,37,30.6,46.6,7.4833,883.8,826,716.4,1095.4,0,98.16,3.2,43.2,1305.8,1148,887.6,1867.4,133.4,0,1.6,0.8332,16013.8,489.7176,181.9982,26.8583,38
centered_candidate_000474_1ba4ac31,centered-gaussian,5,5,0,38,39,26.2,49.2,10.139,882.4,946,641.6,1089.8,0,99.6,3.4,41.4,1281,1264,783.8,1805,133.2,0,1.2,0.9423,14421.4,450.9984,201.6934,21.1305,38
search_candidate_000363_452e5536,random-phased,5,5,0,38,31,27.4,55.8,16.6373,961.6,814,721.2,1333.2,0,98.92,3.4,48.8,1266.4,1030,792,1971.2,140,0,2,0.8054,17923.8,616.451,316.9969,19.0813,38
centered_candidate_000185_a64ec26a,centered-gaussian,5,5,0,37.8,40,30,44.4,6.4622,865.6,878,719.4,1018.8,0,92.06,3.2,43.4,1141.4,1092,927.2,1408.4,140,0,1.8,0.8445,17771.8,227.2634,140.1094,26.7689,37.8
search_candidate_000339_a2feb985,random-phased,5,5,0,37.8,38,30.2,46,7.2774,925.8,910,832.2,1044.8,0,86.7,3.2,48.8,1042,1040,922,1170,134.8,0,2,0.6832,17943.8,110.1635,109.3442,26.5613,37.8
centered_candidate_000139_54fc24da,centered-gaussian,5,5,0,37.6,33,30.4,48.2,8.6163,907.8,862,765.2,1102,0,102.74,3.2,44.2,1340.2,1424,898.8,1798.6,130.4,0,2,0.7779,17451.4,421.8675,166.8729,26.0919,37.6
search_candidate_000062_768917a2,random-phased,5,5,0,37.6,35,24.6,53.4,14.0513,928,895,766.6,1120.6,0,95.4,3,49.4,1209,1220,966,1457.6,139,0,1.6,0.8561,16332.6,240.2948,178.2695,17.5743,37.6
search_candidate_000084_00ad35e5,random-phased,5,5,0,37.6,40,32.4,41.6,4.2237,902.8,897,823.6,979,0,98.34,3,46.6,1176,1246,938,1369.2,137.2,0,1.8,0.8676,16938.6,203.5367,73.8035,30.2881,37.6
search_candidate_000342_80609e00,random-phased,5,5,0,37.6,35,31,47,8.1388,917,901,813.8,1050.8,0,91.24,3.2,47.2,1174.8,1159,1006.6,1374.6,133.2,0,1.8,0.7784,16731.6,183.5826,122.0737,26.9306,37.6
search_candidate_000435_70ebb775,random-phased,5,5,0,37.4,40,28.2,44.8,8.1878,946.8,1005,779.6,1084.4,0,117.12,3.2,46.2,1385,1430,1073,1658,141.8,0,1.8,0.8749,16886,261.1513,137.3891,24.1061,37.4
search_candidate_000275_b1356096,random-phased,5,5,0,37.2,31,29.4,49.2,9.6208,865.2,780,762.2,1029,0,96.26,3.2,43.2,1209,1179,888,1582,144.4,0,1.6,0.93,17141.4,317.4221,134.5844,24.5896,37.2
search_candidate_000330_aeca9254,random-phased,5,5,0,37,39,24.2,50.2,12.083,861.6,853,650.8,1106,0,96.8,3.2,41.8,1195.4,1110,783.6,1725,134.2,0,2,0.8455,17671.4,488.5053,222.5925,18.1585,37
search_candidate_000082_71df0428,random-phased,5,5,0,36.8,38,31.2,42,4.8744,895.4,881,792,1015.2,0,96.14,3.2,45,1119.4,1056,966.6,1292,136.6,0,2,0.765,17873,148.7785,100.6153,28.7628,36.8
search_candidate_000126_3d145ee2,random-phased,5,5,0,36.8,35,23.4,52.4,13.4521,902.8,843,687.6,1159.4,0,100.98,3,46.2,1270.2,1143,830.8,1828,136.6,0,2,0.8676,17795.6,474.1461,232.4774,16.6739,36.8
search_candidate_000356_da885e4c,random-phased,5,5,0,36.8,31,26.8,53.2,15.715,937.6,833,764,1194.6,0,91.34,3.4,47.8,1145,929,896,1577.6,135.6,0,2,0.9051,18298.4,383.0227,217.8611,18.9425,36.8
search_candidate_000243_595da24b,random-phased,5,5,0,36.6,35,29.6,44.8,6.9166,867.6,848,757,993.4,0,95.2,3.2,44,1124,1060,942,1324,147.8,0,2,0.8311,18602.2,174.1953,108.5202,26.1417,36.6
search_candidate_000263_c84be6ef,random-phased,5,5,0,36.6,33,31.8,44.4,6.8877,853.6,779,769,988.4,0,94.42,3.2,44,1156.6,977,920.4,1546,158.6,0,1.8,0.9876,18673,337.2557,107.6282,28.3562,36.6
search_candidate_000413_a64672bc,random-phased,5,5,0,36.6,37,33,39.6,3.1369,875.6,884,813.2,935.4,0,93.26,3,44.8,1147.4,1140,1000,1303,132,0,2.2,0.719,18491.2,133.3966,57.2524,31.4316,36.6
search_candidate_000077_d0027e29,random-phased,5,5,0,36.4,26,22.4,58.6,19.106,974.8,826,681.2,1382,0,128.98,3.2,46.6,1458.6,990,920,2319.8,140.6,0,1.8,0.8353,16580.8,697.2229,344.3756,12.847,36.4
search_candidate_000349_4a6e17c1,random-phased,5,5,0,36.4,36,29,44.6,6.9742,855.4,817,733.8,1010.2,0,81.58,3.2,44.2,1002.8,935,841,1209.6,137,0,2,0.7095,18153.4,167.0131,126.9419,25.5129,36.4
search_candidate_000058_2e0b9a4a,random-phased,5,5,0,36.2,36,24.8,48.4,11.6,859.8,892,607.4,1084,0,87.74,3,45.2,1078.4,1080,770.8,1380.6,139.4,0,2.4,0.5797,18972.4,293.0287,217.645,19,36.2
search_candidate_000223_97bbb0fc,random-phased,5,5,0,36.2,35,34.4,38.6,1.9391,862.2,877,813.2,903,0,93.88,3,44.4,1133.4,1176,994,1239.2,140,0,1.8,0.8544,16812.6,115.4151,41.9209,33.4305,36.2
search_candidate_000245_e2c1f85d,random-phased,5,5,0,36.2,34,24,51.4,12.9368,880.8,882,725.6,1052,0,91.88,3.2,45.4,1173.2,1150,899.4,1486.2,145,0,2.2,0.7064,18987.2,284.253,156.7806,17.5316,36.2
search_candidate_000313_bc9ee0a6,random-phased,5,5,0,36.2,35,30.8,42.8,5.6,862.4,797,764.2,1003.6,0,86.92,3.2,43.8,1034.6,996,903.4,1181.2,135.8,0,1.8,0.76,16623.2,124.8641,115.4653,28,36.2
search_candidate_000421_7d224e5d,random-phased,5,5,0,36.2,36,31.8,40.8,3.9699,914.2,870,835.8,1032.4,0,97.68,3,48.6,1209.4,1189,1024,1427.6,144.6,0,2.2,0.7381,18788,195.9077,105.2965,29.8151,36.2
search_candidate_000431_161f51f9,random-phased,5,5,0,36,33,27.4,47.4,9.5079,849.6,816,732,1006.2,0,88.22,3.2,43.6,1025.4,1010,863.2,1204.4,146.6,0,2,0.7094,18319.4,156.422,140.9746,22.6461,36
search_candidate_000433_bbc97478,random-phased,5,5,0,35.4,36,32.4,38.2,2.5768,865,873,788.8,936,0,96.24,3,44.2,1181,1080,1016.8,1394,138.2,0,2,0.8555,18005.6,173.1104,69.0478,31.1116,35.4
search_candidate_000503_fe7b6b46,random-phased,5,5,0,35.4,29,26.2,50.6,13.98,934,839,760.6,1191.8,0,110.62,3.2,46.6,1413.2,1208,970.2,2043.8,142.8,0,1.8,0.9123,17348.6,581.9379,234.3945,19.21,35.4
search_candidate_000002_f5c2041d,random-phased,5,5,0,35.2,34,27.4,44,7.6785,901.8,868,785.2,1055.8,0,89.04,3.2,46.8,1066.4,1090,879.4,1259.2,135.4,0,2,0.822,17923.2,173.1134,130.6253,23.5607,35.2
search_candidate_000364_bbd7b7e3,random-phased,5,5,0,35.2,36,30.8,39.6,4.1183,915.6,946,840.2,973.6,0,97.9,3,49,1223.4,1190,1058,1392,146.4,0,2,0.7672,18139,151.4854,61.4186,28.7409,35.2
search_candidate_000152_fd9b9418,random-phased,5,5,0,35,39,27.2,39.6,6.7231,855.8,888,675.6,994.8,0,93.02,2.8,44.8,1117.8,1131,874.6,1349,132,0,1.8,0.7178,16373.8,237.8011,164.0541,23.8385,35
search_candidate_000001_cac99885,random-phased,5,5,0,34.8,32,21.8,50.4,12.9522,888.2,857,663.2,1170,0,95.6,3,46.4,1136,980,802,1618,139,0,1.8,0.8276,16996.6,411.0766,252.7706,15.3239,34.8
search_candidate_000118_2ba636e5,random-phased,5,5,0,34.8,27,12.6,65.8,28.1453,852.6,836,393.4,1379.2,0,101.22,3,41.8,1310.2,1260,461,2315.2,132.4,0,2.2,0.7467,18682.8,901.6013,468.826,-1.4727,34.8
search_candidate_000136_bc62bee2,random-phased,5,5,0,34.6,33,28.2,41,5.9867,865.2,864,748.4,967.8,0,105.56,3,42.4,1233.2,1192,925.2,1539,134.6,0,1.8,0.8043,16690.4,276.9039,106.6122,25.2067,34.6
search_candidate_000445_46cf1449,random-phased,5,5,0,34.6,34,24.4,46,10.1114,870.2,852,686.8,1073.4,0,88.24,3,46.2,1110,1020,874,1420.6,139.4,0,1.6,0.8778,16571,277.7834,198.9235,19.3443,34.6
search_candidate_000500_eb3b7398,random-phased,5,5,0,34.6,37,28.2,39.6,5.1614,813.2,807,724.6,897.2,0,88.66,3,41.2,1030,1000,836.8,1236.2,137.8,0,2,0.7272,17671.4,176.3848,78.349,25.6193,34.6
search_candidate_000145_77300a51,random-phased,5,5,0,34.4,33,22.6,47.8,11.9264,890.2,899,667.2,1107.2,0,99.86,3,45.6,1160.6,1200,840,1457.8,136,0,1.6,0.9204,16026,306.9095,226.6393,16.6368,34.4
search_candidate_000464_89e28bcd,random-phased,5,5,0,34.4,38,25.4,40,7.9145,808.8,896,605.6,940,0,87.76,2.8,41.8,1021.8,1078,755.2,1225,131.8,0,1.6,0.8212,16181,229.1675,170.9543,21.4427,34.4
search_candidate_000268_b55accd5,random-phased,5,5,0,34.2,32,28.4,42.2,6.8527,861.4,828,751.8,1009.6,0,82.26,3.2,44.8,986.8,1000,845.6,1138,136.6,0,2,0.8487,18317.4,136.978,128.0212,24.9736,34.2
search_candidate_000307_37f34213,random-phased,5,5,0,34.2,34,29.2,39.8,5.0359,877.2,859,740.8,1017.6,0,98.22,3.2,43.4,1169.4,1040,903.8,1500,136.2,0,1.6,0.8619,15944.6,272.0394,122.5421,26.6821,34.2
search_candidate_000174_0bf27eaf,random-phased,5,5,0,34,38,26,39,6.5422,876.4,926,741.6,970.4,0,100.86,2.8,45.4,1231.4,1291,916,1513.6,132.6,0,2,0.7926,17807.4,268.4277,114.596,22.7289,34
search_candidate_000455_62eaf56e,random-phased,5,5,0,34,34,27.4,40.4,5.831,835,836,681.8,979.8,0,99.94,3,40.4,1179.2,1278,909.2,1362,129.8,0,2,0.6993,17124.2,234.8637,133.139,24.4845,34
search_candidate_000516_ca07453a,random-phased,5,5,0,34,34,30,37.6,3.5214,937.2,950,892.4,968.8,0,123.4,3,45.2,1402.8,1440,1246.4,1552.8,131.4,0,2,0.7801,17160,139.1825,42.0352,28.2393,34
search_candidate_000190_1bc55b14,random-phased,5,5,0,33.6,38,23.2,40.2,9.0907,835.6,909,625.2,969.2,0,90.1,2.8,44,1096.8,1263,731.6,1328.6,134.4,0,2,0.663,17163.6,308.9074,192.1152,18.6547,33.6
search_candidate_000426_1eaec8ad,random-phased,5,5,0,33.6,36,24.4,41.6,7.7356,827.2,807,658.6,996.6,0,102.12,3,40.8,1121.8,1168,826.8,1389.8,143.6,0,2,0.8764,18333.8,248.1374,153.141,20.5322,33.6
search_candidate_000168_90708e6f,random-phased,5,5,0,33.4,32,31,37.2,3.3823,869,851,814.6,944.2,0,92.88,3,45.2,1074,1033,959.8,1211.6,137,0,2.2,0.7833,18734,113.5024,69.5327,29.3088,33.4
search_candidate_000237_0097b56f,random-phased,5,5,0,33.4,34,28.4,38.4,4.4542,865.2,873,782.8,940.8,0,86.62,3,46,1036.8,1091,937,1105.2,137.6,0,2,0.8397,18504.8,79.1692,75.2367,26.1729,33.4
search_candidate_000139_0f45b5b5,random-phased,5,5,0,33.2,32,28.4,39.2,5.0359,850.2,829,743.2,970.8,0,94.24,3,43.6,1137.6,1102,936,1377.2,138.2,0,2,0.7306,17874.4,231.1689,107.6799,25.8821,33.2
search_candidate_000329_85b595be,random-phased,5,5,0,33.2,30,23.8,45.8,11.5135,858.2,846,658.4,1062.4,0,96.12,3,43.4,1132.8,1130,853.4,1423.2,133,0,1.8,0.8579,16504.6,291.1902,195.3565,18.0433,33.2
search_candidate_000212_ac8d608d,random-phased,5,5,0,32.8,28,24.2,44.4,9.3252,885.2,803,741.6,1078,0,88.64,3.2,46.8,1066.6,932,850,1350.6,145.4,0,2.2,0.7264,19456.4,230.559,154.225,19.5374,32.8
search_candidate_000496_f0e7b1fc,random-phased,5,5,0,32.8,34,29.4,35,2.9933,862.8,870,814.4,913.8,0,93.34,3,45,1070,1040,977.2,1190.2,140.2,0,2,0.8657,18321,111.4612,46.2575,27.9033,32.8
search_candidate_000008_5d15fe32,random-phased,5,5,0,32.4,32,26,38.2,5.8856,801,866,582.8,975.2,0,94.24,2.8,41,1088.6,1040,716,1485.4,138.4,0,1.8,0.7833,16947,355.7626,189.6017,23.0572,32.4
search_candidate_000414_73dc71e9,random-phased,5,5,0,32.4,36,23.2,39.2,7.4189,926.4,973,753.2,1051.4,0,109.3,2.8,48.8,1272,1240,1058,1496,136.8,0,2.4,0.6712,19447.8,205.8543,148.7059,19.4906,32.4
search_candidate_000153_ddb80cd9,random-phased,5,5,0,32.2,30,29,36.8,3.6551,823,794,739.8,922.6,0,86.06,3,42,956.6,890,855.2,1102,130.6,0,2,0.7569,18030.4,116.0614,81.9146,27.1724,32.2
search_candidate_000098_fc5f8dab,random-phased,5,5,0,32,34,27,35.6,4.0497,799.4,835,675.4,901.6,0,94.24,3,40.4,1042.2,1126,796,1240,147.2,0,1.4,0.9639,16229.8,200.0984,101.1822,24.9752,32
search_candidate_000250_b25c3f25,random-phased,5,5,0,32,26,21.2,47.2,13.0231,841.4,835,602.8,1083,0,85.76,3,45,1059.8,1081,734,1363.2,144.2,0,2.4,0.7924,20169.6,277.721,216.8913,14.6885,32
search_candidate_000284_9fcc5f2d,random-phased,5,5,0,32,35,20.8,40,9.6125,833.4,915,578.4,994.8,0,87.2,2.8,44.2,1083.8,1240,709.6,1313.2,131,0,1.6,0.902,16163.4,333.6887,239.6427,15.9938,32
search_candidate_000323_f02831f5,random-phased,5,5,0,32,36,24,38.2,6.603,799.6,862,684.4,883,0,89.84,3,39.8,947,1010,754,1106,134,0,1.4,0.9383,15770.6,157.6579,92.9787,20.6985,32
search_candidate_000344_2f91d8bc,random-phased,5,5,0,31.8,33,26.4,35.8,5.1147,773.6,807,616.6,896.2,0,80.52,2.8,41,935.8,938,738.4,1121.4,137.6,0,2,0.7486,18392,181.8982,141.285,23.8427,31.8
search_candidate_000452_39f3a82b,random-phased,5,5,0,31.8,25,20.2,48.8,14.8782,837.2,779,626,1099,0,85.7,3,43.8,1011,860,732,1421,135.4,0,1.8,0.864,17421.8,350.6052,231.1289,12.7609,31.8
search_candidate_000459_3ed17c6f,random-phased,5,5,0,31.6,32,24.4,38.6,6.2801,839.2,879,695.8,963,0,92.18,3,43.6,1085.6,1213,821.6,1282.6,142.4,0,1.8,0.8273,17096.6,212.9174,118.8586,21.2599,31.6
search_candidate_000010_ee374644,random-phased,5,5,0,31.4,33,24.4,37.8,5.9532,759,783,642.6,861.2,0,78.58,3,38.8,897.8,890,757.8,1037.2,138.2,0,1.6,0.9203,16590.4,123.3116,97.1247,21.4234,31.4
search_candidate_000122_5bfaf0b0,random-phased,5,5,0,31.4,31,23.2,40,7.3919,808.4,767,687.4,948.4,0,91.18,2.8,41.8,1041.4,974,871.2,1244,133.8,0,2,0.8118,17884.2,167.3411,116.6424,19.5041,31.4
search_candidate_000352_9cd0e26a,random-phased,5,5,0,31.2,32,24.8,36.6,5.4185,819.8,811,674.6,981.6,0,86.94,2.8,43.6,1000.4,920,804.4,1288.8,135.2,0,1.8,0.9192,17492.4,261.1127,144.2351,22.0908,31.2
search_candidate_000197_3df29005,random-phased,5,5,0,31,31,24.6,37.2,5.5498,789.6,789,731.4,852.6,0,89.12,3,39.8,998.2,911,856.4,1177,139.8,0,2.2,0.7984,19170,147.9451,54.294,21.8251,31
search_candidate_000371_2697e14f,random-phased,5,5,0,30.8,29,25.2,37.6,5.6356,924.4,906,803.2,1059.8,0,118.76,3,45.2,1361,1265,966,1844,130.4,0,2.4,0.6519,18628.8,442.0905,123.804,22.3822,30.8
search_candidate_000182_c88656a7,random-phased,5,5,0,30.6,35,23.2,35.6,5.8856,828.8,853,736.2,910.6,0,88.88,2.8,43.6,1026.6,1030,925.2,1134,130.2,0,1.8,0.8324,16868.4,94.648,79.202,20.2572,30.6
search_candidate_000429_51ddeb2e,random-phased,5,5,0,30.6,29,24.4,37.6,5.8856,846.2,837,767.6,943,0,95.7,3,43,1084.8,1076,943.4,1243.6,135,0,1.6,0.9171,16326,135.1464,84.6579,21.4572,30.6
search_candidate_000465_38974717,random-phased,5,5,0,30.6,31,23.4,37.8,6.6212,841.8,817,756,934.8,0,91.04,2.8,44.6,1053,1013,918,1209.2,132.8,0,1.8,0.7591,17005.4,129.6056,81.3594,20.0894,30.6
search_candidate_000512_fb587045,random-phased,5,5,0,30.6,33,19,40.8,9.6457,732.6,844,498.8,911.2,0,84.12,2.6,38.4,935,960,649.6,1204.6,136,0,2.2,0.7093,18898,244.8477,190.8796,14.1771,30.6
search_candidate_000083_1aa11688,random-phased,5,5,0,30.4,27,19.6,45,12.9707,793.8,768,603.4,1008.6,0,90.04,2.8,42,1041.6,893,776,1413,145,0,1.6,0.9546,17166,314.7129,185.7583,13.1146,30.4
search_candidate_000472_0e2cb1a8,random-phased,5,5,0,30.2,28,27.4,34.8,4.02,899.2,893,779.4,1040,0,98.2,3,47.4,1247.4,1136,996.4,1594.6,138.6,0,2.2,0.7689,18487.2,318.1425,128.7018,25.39,30.2
search_candidate_000490_4ca6e2e5,random-phased,5,5,0,30.2,30,25.4,35.6,4.6648,844,906,685.6,976.2,0,95.04,3,43,1085.8,1210,785.6,1322,135.4,0,2.2,0.7997,18848.8,243.6197,131.6313,23.0676,30.2
search_candidate_000504_ccff4012,random-phased,5,5,0,30,28,25.2,35.6,4.6904,864.4,848,726.4,1014,0,103.58,3,43.6,1208.8,1379,929.6,1401.6,138.4,0,2.6,0.6875,19857.8,224.8959,126.6216,22.8548,30
search_candidate_000111_c41c5376,random-phased,5,5,0,29.8,31,18.4,41.4,10.5717,769.4,740,539.8,1023,0,81.42,2.8,40.4,947.6,900,642,1287.8,134.2,0,1.6,0.8578,15837,308.8576,229.5915,13.1142,29.8
search_candidate_000151_1ed93c16,random-phased,5,5,0,29.8,31,21.4,37,6.9971,750,789,594.8,864,0,79.22,2.8,39.4,897,919,719.2,1048.6,136.2,0,1.8,0.9214,17539.6,149.376,137.987,17.9014,29.8
search_candidate_000335_6d03c3eb,random-phased,5,5,0,29.8,30,26.4,33,2.9257,811,806,731.2,888.4,0,84.3,3,42.4,966.6,986,896.6,1016.4,138.4,0,1.8,0.8672,17259,60.9347,75.5725,24.9371,29.8
search_candidate_000386_06677c71,random-phased,5,5,0,29.8,26,23.4,38.2,6.7941,748.2,708,599.4,923.2,0,78.94,3,38,841.8,770,642,1087.4,137.6,0,1.6,0.8701,16245.6,204.355,144.2046,20.0029,29.8
search_candidate_000351_bb1cf253,random-phased,5,5,0,29.6,27,20,39.6,8.9577,870.8,868,791,964.6,0,99.3,2.8,46.4,1164.4,1140,995.2,1362.6,139.2,0,2.2,0.7628,18695.8,179.6737,84.9221,15.5212,29.6
search_candidate_000069_fd8a4705,random-phased,5,5,0,29.4,33,19.2,38.2,8.593,775.4,902,526.6,958.8,0,102.64,2.6,39,1029.6,1090,665.2,1378,135.8,0,1.6,0.8296,15963.2,320.5006,200.0946,14.9035,29.4
search_candidate_000146_6570ff9a,random-phased,5,5,0,29.2,30,21,37.2,7.2498,834.6,825,721.4,952.8,0,94.48,2.8,44.2,1078,991,873.2,1323.6,138.8,0,1.8,0.8714,17703.8,204.6392,101.5965,17.3751,29.2
search_candidate_000229_207ef426,random-phased,5,5,0,29.2,29,22.2,35.8,6.2097,814.8,762,698.4,958.8,0,108.14,2.8,39.6,1080.6,1002,858,1344.2,132.2,0,1.8,0.8216,16587.8,216.9457,117.7071,19.0952,29.2
search_candidate_000438_69b45990,random-phased,5,5,0,29.2,30,19.6,37.6,8.6348,823.8,859,622.2,984,0,106.48,2.8,40.8,1145.8,1180,806.8,1429,133.8,0,1.6,0.8013,16193.8,310.106,179.0904,15.2826,29.2
search_candidate_000291_9b133b6a,random-phased,5,5,0,29,28,23,35.4,5.5498,837.6,823,721.4,967.4,0,88.9,2.8,44.6,1016.4,946,901.6,1196,130.6,0,2,0.7292,17727.8,156.8357,125.2639,20.2251,29
search_candidate_000282_3b1163d9,random-phased,5,5,0,28.6,30,21,36,7.0314,773.4,773,665.8,873.8,0,87.12,2.8,40,935.8,940,839.6,1028,134.6,0,1.4,0.9229,15626.4,95.2185,101.3836,17.4843,28.6
search_candidate_000434_cd1626d3,random-phased,5,5,0,28.6,30,24,32.2,3.8262,791.4,786,659.4,934.8,0,85.52,2.8,42,991.4,920,782,1268.8,137,0,2.2,0.7952,19009,245.3729,139.4197,22.0869,28.6
search_candidate_000005_c014fc2c,random-phased,5,5,0,28.4,30,17.6,38.6,9.265,833.2,878,589,1053.2,0,118.52,2.6,41,1230,1176,846.8,1638.4,132.8,0,2.2,0.6774,18604.8,351.8568,205.0028,12.9675,28.4
search_candidate_000085_0d418a04,random-phased,5,5,0,28.4,30,20.8,35,6.4684,756.8,821,599.6,862.2,0,98.14,2.8,36.8,1036,1070,792,1250,134.8,0,1.6,0.8633,16094.6,204.0196,135.3224,17.5658,28.4
search_candidate_000427_18c3e4da,random-phased,5,5,0,28.4,32,18.4,36.2,8.0647,782.8,775,651.4,929,0,85.54,2.6,43,957.6,910,827.4,1132.8,139.8,0,1.6,0.8462,16723.4,155.4742,124.8269,14.3676,28.4
search_candidate_000185_7e19ce5f,random-phased,5,5,0,28.2,30,20.8,34.6,6.1449,737,782,590,867.8,0,80.34,2.6,39.4,897.8,860,755,1079.8,132.8,0,1.8,0.7827,16951.4,153.9369,124.9544,17.7275,28.2
search_candidate_000366_31029cc9,random-phased,5,5,0,28.2,27,22.2,36,7.2498,767.6,798,647.8,859.8,0,87.02,2.8,40.2,921,900,776,1070,140.8,0,1.8,0.8705,16984.6,138.0724,109.0992,18.5751,28.2
search_candidate_000209_3216ed1e,random-phased,5,5,0,28,26,24.8,32.6,3.8471,751.4,783,673.4,809.8,0,76,3,39,845.6,855,745.2,934,138,0,2,0.7215,18504.6,93.997,63.162,22.8765,28
search_candidate_000443_85736377,random-phased,5,5,0,28,33,16.8,36,8.9219,771.4,874,575.6,899.2,0,85.7,2.6,41.2,1011.8,1090,757.2,1205.6,131.2,0,2.4,0.7545,19393.4,207.4458,156.6954,12.3391,28
search_candidate_000097_db8e36ce,random-phased,5,5,0,27.8,27,22.4,33.2,4.9153,761.8,805,624,864.2,0,83.06,2.8,39.8,980.6,1011,798.2,1140.8,134.6,0,1.8,0.7374,17144.6,158.7987,116.9537,19.9424,27.8
search_candidate_000305_ed2e9ccb,random-phased,5,5,0,27.8,28,21.4,34.2,5.9127,790.8,857,635.4,894.6,0,81.14,2.8,42.8,938.8,970,756,1092.2,137.2,0,1.8,0.7597,17420.6,151.4614,130.4368,18.4437,27.8
search_candidate_000436_724e1fca,random-phased,5,5,0,27.6,28,23.2,31.6,3.7202,815.6,892,698.2,892,0,84.22,2.8,44.2,996.8,1020,879.2,1094.4,135.4,0,2,0.7705,18195,97.5672,93.9885,21.3399,27.6
search_candidate_000444_8b08859b,random-phased,5,5,0,27.6,30,20.6,33.2,5.678,859.8,888,747,966.4,0,93.42,2.8,46,1092.2,1110,922,1246.4,132.2,0,1.8,0.8271,16773.4,144.1644,98.838,17.761,27.6
search_candidate_000511_3d23ad9d,random-phased,5,5,0,27.6,27,21.4,34,5.7131,804.6,841,686.6,890.2,0,87.66,2.8,43,1006.8,990,838,1171.6,138.2,0,1.6,0.8831,16136.6,150.4691,100.1571,18.5434,27.6
search_candidate_000418_22b6cdec,random-phased,5,5,0,27.4,28,21.2,32.6,5.3516,641.2,642,527.8,742.8,0,69.66,2.8,31.6,742.8,718,594.4,899.8,130.4,0,1.8,0.8313,17201,135.6192,100.1587,18.5242,27.4
search_candidate_000298_66fcf0c6,random-phased,5,5,0,27,24,21.4,34,5.7966,777.2,735,668.4,914.6,0,87.4,2.6,42,996.6,993,848,1150,136,0,1.8,0.824,16987.4,133.0347,111.3955,18.5017,27
search_candidate_000437_d53354ae,random-phased,5,5,0,27,22,20.2,36.8,7.8486,719.6,584,558,955,0,82.96,2.4,39.4,915,745,702.8,1228.2,136.4,0,1.8,0.9045,17411.4,248.8767,187.5661,16.2757,27
search_candidate_000256_20a166da,random-phased,5,5,0,26.6,30,19.2,32.4,6.0531,684,730,497.2,848.8,0,74.76,2.6,36,803.2,770,610.4,1022.8,132.4,0,2,0.7191,17942.8,183.0392,157.5424,16.1735,26.6
search_candidate_000357_09c6a161,random-phased,5,5,0,26.6,25,23.2,31.4,4.4091,801.2,734,719.6,915.4,0,92.28,2.8,41.2,1010.4,977,856,1178.2,129.8,0,1.6,0.8628,16073,143.841,93.1523,20.9955,26.6
search_candidate_000391_ce52acce,random-phased,5,5,0,26.6,30,17.2,34,7.7356,766.2,847,611.4,854.8,0,100.04,2.6,38.2,1033.6,1100,768,1236.8,127.8,0,1.6,0.8648,15797.2,226.6183,134.333,13.3322,26.6
search_candidate_000114_1e886685,random-phased,5,5,0,26.4,25,21.4,32,4.9639,813.6,868,655,943.4,0,100.78,2.8,40.8,1072.4,1063,813.4,1360.8,129.2,0,2,0.7668,17591.4,246.7279,131.5304,18.9181,26.4
search_candidate_000310_9dcc997a,random-phased,5,5,0,26.4,28,18.6,33.6,6.7112,718.2,742,623.2,797.8,0,83.42,2.6,38,880.6,840,772,1019.8,137.6,0,1.8,0.8273,17640,119.2201,77.8933,15.2444,26.4
search_candidate_000439_fc1db493,random-phased,5,5,0,26.4,27,24.4,28.2,1.7436,761.8,761,686.2,835.8,0,83.34,3,39,901,872,776.6,1028.6,139.4,0,1.8,0.8879,17649.4,116.0362,65.7857,23.5282,26.4
search_candidate_000328_d7f879b6,random-phased,5,5,0,26.2,25,21.6,31.4,4.4452,805.6,832,705.2,881.8,0,86.74,2.8,44,981.2,930,859,1122.6,144,0,2.2,0.7905,19380,119.2634,85.3056,19.3774,26.2
search_candidate_000485_938cac94,random-phased,5,5,0,26.2,27,18.6,33.6,6.6753,727.2,715,578,874,0,79.94,2.6,38.6,874,870,693.4,1062.4,130.2,0,1.6,0.8718,16246.4,176.8966,137.0072,15.2623,26.2
search_candidate_000269_38bf88d8,random-phased,5,5,0,26,30,18.4,31.2,6.0663,754,803,593.8,895,0,94.28,2.6,38.8,1000.8,1067,724,1251.2,133.4,0,1.2,0.9378,14662,235.5142,134.9281,15.3668,26
search_candidate_000271_a9b221b9,random-phased,5,5,0,26,28,18.8,31.2,6.3246,778.4,813,579,931.8,0,85.32,2.8,41.6,964.2,946,711.2,1205.8,140.2,0,2,0.8234,18575.6,227.0202,173.7189,15.6377,26
search_candidate_000160_919f9ad8,random-phased,5,5,0,25.8,21,16,39.4,11.0526,731.4,627,507.6,1020.6,0,103.1,2.6,36,1047.4,920,676,1470,138.8,0,2,0.8675,18072,361.5863,237.8189,10.4737,25.8
search_candidate_000333_e083183b,random-phased,5,5,0,25.8,29,16.2,34,7.985,745.6,809,553.6,916.4,0,98.54,2.6,38,988.2,1020,743.8,1229.4,139.6,0,2.4,0.6715,19674.6,216.277,163.9593,12.2075,25.8
search_candidate_000372_16fb5c3d,random-phased,5,5,0,25.8,26,19,33.6,6.9685,790.2,740,695.6,918.8,0,83.62,2.6,43,958.2,946,855,1074,127.6,0,1.4,0.8794,15037.2,101.7888,107.9007,15.5157,25.8
search_candidate_000137_51eff266,random-phased,5,5,0,25.6,30,16,33,7.9145,764,849,566.2,903.2,0,89.5,2.6,40.2,980,1104,728,1138.4,130.6,0,2.2,0.6741,18426.4,206.5488,158.8647,12.0427,25.6
search_candidate_000228_c0fdd259,random-phased,5,5,0,25.6,24,21.4,31.4,5.004,778,782,671.2,878.4,0,87.1,2.6,41.8,978,960,805.2,1153.2,131,0,1.6,0.8938,16263.2,154.5626,95.5761,18.898,25.6
search_candidate_000120_2acb9abd,random-phased,5,5,0,25.4,26,18,33,6.6813,658.8,754,486.4,773.2,0,77.96,2.6,34,847.8,917,641,1005.4,136.8,0,2,0.9004,18434.6,171.3784,137.1049,14.6593,25.4
search_candidate_000241_dd8431b6,random-phased,5,5,0,25.4,27,19.2,30.6,5.0833,764,773,630.8,889.6,0,88.38,2.6,41.2,973,910,834.4,1145.6,138.6,0,1.6,0.813,16349,143.1447,115.7705,16.6583,25.4
search_candidate_000332_f8bf7b9a,random-phased,5,5,0,25.4,26,17.2,33,7.9649,783.2,821,602.8,916.2,0,90.1,2.8,41.2,964.4,940,684,1249.2,139.8,0,1.6,0.9334,16646.6,266.9484,166.2341,13.2175,25.4
search_candidate_000417_4ef40d4d,random-phased,5,5,0,25.2,24,20.4,30.8,4.6217,769.2,732,641.2,916.2,0,99.22,2.6,39.4,1013.8,927,854,1216.8,134,0,1.8,0.8113,16915.6,164.9853,122.1661,18.0892,25.2
search_candidate_000006_5bd18b81,random-phased,5,5,0,24.8,25,19.2,30.4,4.9558,791.2,782,739.6,850.8,0,94.94,2.6,42,983,932,912,1093.8,133.8,0,1.6,0.8362,16062,94.6023,51.3747,16.7221,24.8
search_candidate_000467_db9cde77,random-phased,5,5,0,24.8,25,21,29,3.7094,746.6,757,674.6,818.2,0,82.12,2.6,40.2,906.2,920,794.4,1012,131.8,0,1.6,0.9118,16609.8,96.4456,65.1294,19.1453,24.8
search_candidate_000224_82a6ff34,random-phased,5,5,0,24.6,27,16.2,32,7.0597,717.2,769,564.4,832.8,0,81.1,2.6,38,891.4,915,735,1019.2,132.2,0,2,0.8394,18061.8,143.7757,131.7747,12.6701,24.6
search_candidate_000088_259c4ae0,random-phased,5,5,0,24.4,23,20.8,28.6,3.4986,723.2,796,571.4,835.8,0,88.68,2.6,37.4,888,920,676,1086,133.6,0,1.8,0.7882,16940,183.4557,122.2708,19.0507,24.4
search_candidate_000425_c108b486,random-phased,5,5,0,23.8,28,15.6,29.2,6.6453,753,788,608.6,884.2,0,87.58,2.6,39.8,948.6,952,775.6,1114.6,130.6,0,1.6,0.8923,16405,166.5024,126.881,12.2774,23.8
search_candidate_000020_75a1d3cd,random-phased,5,5,0,23.6,20,18.8,30.6,5.6071,679.8,699,544.2,816.6,0,94.24,2.4,34.6,915.4,800,716.4,1175,136,0,1.6,0.8956,16314.6,211.2436,124.7612,15.9964,23.6
search_candidate_000419_7fd66329,random-phased,5,5,0,23.4,24,17,29.2,6.086,761.8,834,579,885,0,98.76,2.8,37.8,962.6,1010,700.4,1194.8,135.4,0,1.4,0.8658,15298,232.5817,153.968,13.957,23.4
search_candidate_000003_830a19fc,random-phased,5,5,0,23.2,23,17,30.2,6.0133,741.2,849,522.6,899.8,0,88.9,2.6,39.2,962.6,1070,676,1193.8,135.6,0,1.8,0.8581,17210,233.8184,174.5078,13.9933,23.2
search_candidate_000143_be9b9cff,random-phased,5,5,0,23.2,21,19.4,28.8,4.7074,749.6,740,582.6,918.8,0,97.02,2.4,39.8,988.2,950,774,1222.4,134,0,1.6,0.8583,16205.6,200.2622,148.4218,17.0463,23.2
search_candidate_000317_0434f374,random-phased,5,5,0,23.2,20,17.4,31.2,6.4312,730.8,662,625.4,871.2,0,105.78,2.4,36.6,1051.2,961,904,1255.2,132.6,0,1.6,0.8783,16058,166.2473,113.4115,14.1844,23.2
search_candidate_000336_68c679f1,random-phased,5,5,0,23,28,11.4,32.4,9.5917,672.6,806,402.6,878.6,0,79.96,2.6,34.8,865.2,1012,520.4,1134,133.6,0,2.2,0.8398,18893.4,281.0626,221.1575,6.6042,23
search_candidate_000178_147bf57f,random-phased,5,5,0,22.8,20,18.4,29.8,6.2418,688.4,655,592,810.4,0,102.32,2.2,35.6,961,914,783.4,1166.8,137.2,0,2.2,0.8187,19189.8,172.3346,106.9591,15.2791,22.8
search_candidate_000331_c60cec73,random-phased,5,5,0,22.8,24,18.6,26,3.4293,720.6,746,623.6,791.8,0,105.42,2.6,35,1005.6,1086,835.2,1134.8,138,0,1.8,0.8148,17311,137.9008,83.6913,16.8854,22.8
search_candidate_000375_53726cc4,random-phased,5,5,0,22.6,22,19.8,26,3.0067,709.6,714,663,753.6,0,91.7,2.4,38.6,925,885,850,1028,145.6,0,1.6,0.9626,16792.4,86.3713,40.3415,18.2967,22.6
search_candidate_000493_481d1d29,random-phased,5,5,0,22.6,26,11.8,31.4,9.3081,610.4,713,343.4,788.2,0,70.72,2.4,32.6,699.6,755,450,881.8,133.4,0,1.8,0.9043,17348.4,233.3038,231.4957,7.146,22.6
search_candidate_000499_e7c3da8f,random-phased,5,5,0,22.4,22,19.4,25.8,2.8705,754.8,742,636.2,882.6,0,95.7,2.4,41,993.2,950,792.4,1230,138.4,0,2,0.8122,17684.8,225.1599,123.4915,17.9647,22.4
search_candidate_000318_a6b6b4f1,random-phased,5,5,0,22.2,21,17.4,27.4,4.6648,662.4,635,544.6,783.8,0,82.26,2.4,35.6,833.2,867,690,948.2,138.6,0,1.6,0.997,16915.8,124.8061,108.6565,15.0676,22.2
search_candidate_000430_93b04221,random-phased,5,5,0,21.6,23,9.4,32,10.2489,689.4,751,388,934.8,0,84.02,2.4,37.4,872,890,557.6,1169.6,136.6,0,1.8,0.7737,16923.4,276.2868,250.8287,4.2755,21.6
search_candidate_000200_b096f852,random-phased,5,5,0,21.2,21,16.6,26.4,4.9153,633.2,544,480.8,833.2,0,76.22,2.2,34.8,811,710,611,1054.2,129.8,0,1.4,0.8812,15248,202.369,161.413,14.1424,21.2
search_candidate_000213_d2db36a3,random-phased,5,5,0,21.2,21,13.8,28.2,6.4622,661.4,662,493.4,818.4,0,106.62,2.4,31.6,924.2,1003,753.8,1044,139,0,1.8,0.9476,17691.2,136.788,147.5257,10.5689,21.2
search_candidate_000517_be8b326f,random-phased,5,5,0,21.2,21,20,22.8,1.4697,685.2,717,524.2,837,0,89.42,2.2,37,941.6,1030,683.6,1163.6,130.6,0,1.6,0.8138,15741,215.8931,138.9567,19.2652,21.2
search_candidate_000100_e9df37d3,random-phased,5,5,0,21,21,17.8,24.2,2.8284,729,755,662.8,779.8,0,91.16,2.4,39.4,951.6,920,895.8,1026,134.8,0,1.4,0.9065,15614.2,60.3344,53.3104,16.3858,21
search_candidate_000119_90dba44d,random-phased,5,5,0,20.8,20,13.4,28,6.9685,619.8,581,428.4,812,0,87.88,2.4,30.4,793.4,800,529.6,1025.6,130,0,1.6,0.926,16379,229.6272,178.0723,9.9157,20.8
search_candidate_000458_740f4e4a,random-phased,5,5,0,20.6,20,15.2,26,5.2,573.4,591,448,671.2,0,90.4,2.4,26.6,759.2,840,538,910.8,134.4,0,1.6,0.9037,16617.8,193.5132,111.9636,12.6,20.6
search_candidate_000188_934ee9ac,random-phased,5,5,0,19.8,16,13.2,30.2,9.7447,616,521,497.2,813,0,99.02,2.2,29.8,846.6,660,599.6,1249.6,130.4,0,1.4,0.9385,15540.2,356.0953,171.5739,8.3276,19.8
search_candidate_000038_356d54ee,random-phased,5,5,0,19.6,14,13.4,30,8.6856,630,618,487.6,776.4,0,84.34,2.2,33.2,788.8,790,596,982.4,127.8,0,1.8,0.7842,17033,172.6898,132.4553,9.0572,19.6
search_candidate_000009_b61ed1c5,random-phased,5,5,0,19.2,17,14.2,25,4.9153,630.8,574,494.2,802,0,89.92,2.4,32.6,821,787,648,1010.8,144,0,1.8,0.81,17754.2,161.6713,138.8026,11.7424,19.2
search_candidate_000423_1ed29826,random-phased,5,5,0,18.6,14,11.2,29,8.4048,654.6,616,496.4,831.6,0,91.78,2.4,33.2,885.4,902,652,1098.8,132.8,0,2.2,0.702,18749.8,199.7675,149.0713,6.9976,18.6
search_candidate_000222_c27e0afe,random-phased,5,5,0,18.4,17,14.2,23.6,4.4091,632.2,633,523.2,741.8,0,91.94,2.2,32.6,817.4,825,702,925,131.4,0,1.4,0.964,15965.8,117.7227,102.7529,11.9955,18.4
search_candidate_000441_0cb6b729,random-phased,5,5,0,18.2,19,10.4,25,6.5544,566.4,566,376.8,752,0,86.28,2.4,27,679.2,687,433,924.2,135,0,1.4,0.9294,15877.6,216.1485,166.1428,7.1228,18.2
search_candidate_000234_613204bc,random-phased,5,5,0,14.6,11,10,21.8,5.8172,525.2,506,461.2,614.6,0,88,2.2,24.4,640.2,630,545.2,746.8,127,0,1.4,0.9103,15547.4,89.7918,82.5431,7.0914,14.6
search_candidate_000079_420a2939,random-phased,5,5,0,11,12,7.8,13.6,2.6077,485.6,519,389.8,557.2,0,78.08,1.8,26.2,588,610,482,678,128.6,0,1.2,1.0143,14650.6,87.7268,78.5254,6.4962,11
