candidateId,strategyVariantId,runs,scenarioCount,bossKillRate,avgExp,medianExp,p10Exp,p90Exp,expStdDev,avgScore,medianScore,p10Score,p90Score,completionRate,avgSurvivalTimeSeconds,avgLevel,avgKills,avgDamageDealt,medianDamageDealt,p10DamageDealt,p90DamageDealt,avgDamageTaken,damageWindowPassRate,avgDamageWindowViolationCount,avgMaxDamageWindowRatio,damageSafetyPenalty,damageDealtStdDev,scoreStdDev,consistencyScore,generalFitnessScore
centered_candidate_000025_ffa8ee34,centered-gaussian,5,5,0.8,3904.4,2671,928.6,7690,3170.2655,26480.8,20134,7813,49198.2,0.8,486.76,35.6,1387.6,184251.6,59004,23333,433850.6,355.4,0,5.4,0.7335,38910.2,204809.3308,19373.3521,-656.5328,3904.4
general_top1-phased_2b9968fc,top1-phased,5,5,0.8,3904.4,2671,928.6,7690,3170.2655,26480.8,20134,7813,49198.2,0.8,486.76,35.6,1387.6,184251.6,59004,23333,433850.6,355.4,0,5.4,0.7335,38910.2,204809.3308,19373.3521,-656.5328,3904.4
centered_candidate_000153_3763ffdb,centered-gaussian,5,5,0.8,3409,2170,799.4,6732.4,2735.516,23625.4,17311,7036,43711.4,0.8,474.26,33.4,1228.6,150843.8,48124,19523.8,355659.6,349,0,4.4,0.8491,34413.6,168641.9575,16897.8825,-568.358,3409
centered_candidate_000091_c8dd2b77,centered-gaussian,5,5,0.8,3036,3311,1197.4,4492.8,1615.5163,21368.2,23952,9413,30273.2,0.8,415.82,32.8,1103.6,90057.2,97217,26920,144065.2,373.8,0,5.4,0.7228,39810.4,53159.2712,10572.5298,389.6419,3036
general_top1-phased_87f59066,top1-phased,5,5,0.8,3036,3311,1197.4,4492.8,1615.5163,21368.2,23952,9413,30273.2,0.8,415.82,32.8,1103.6,90057.2,97217,26920,144065.2,373.8,0,5.4,0.7228,39810.4,53159.2712,10572.5298,389.6419,3036
general_top5-average-phased_f0f79e74,top5-average-phased,5,5,0.6,4931,7544,50.8,8653,4026.4504,32152.4,49576,1148.4,55197.8,0.6,592.44,37,1708.2,361888.2,412932,2175.8,732284.8,310.4,0,4,0.668,29991.8,331799.0207,25461.2011,-1962.4252,4931
centered_candidate_000177_cc45e3c0,centered-gaussian,5,5,0.6,4728,7648,150.8,7828.4,3718.5387,31259.6,50260,2096.4,50729.2,0.6,617.02,37.6,1644.6,365878.4,555241,4604.8,635128.6,248,0,3.8,0.5377,26340.4,296051.4374,23643.2498,-1708.4693,4728
centered_candidate_000111_f6829998,centered-gaussian,5,5,0.6,4711,7656,115,7835,3746.7854,31236.2,50380,1885.4,50926.8,0.6,602.66,37.2,1652,314394.8,356614,3548,604795.8,268.2,0,4.2,0.5928,29756.8,269275.6176,23892.2295,-1758.3927,4711
centered_candidate_000159_18a8fdd0,centered-gaussian,5,5,0.6,4701.2,7708,53.6,7848,3793.9551,30978.8,50724,1228.2,50832.4,0.6,593.64,36.4,1634.2,391227.2,453163,2218.8,751274.4,220.6,0,3.2,0.5404,22692.4,335509.9967,24269.1587,-1843.3776,4701.2
centered_candidate_000035_65a0b678,centered-gaussian,5,5,0.6,4687.8,7699,63.6,7802.6,3770.6616,30913.6,50591,1261.2,50634.2,0.6,591.48,36.6,1635.2,369646.2,538572,2173,669940.6,278.8,0,4.4,0.5922,30365.8,307756.7158,24135.935,-1821.7308,4687.8
general_top1-phased_1d249943,top1-phased,5,5,0.6,4659.2,7635,56,7782,3756.145,30739,49984,1224,50620.8,0.6,596.44,36.2,1625.6,376095.2,481343,2283.6,729079.2,272.6,0,3.4,0.6632,25707.8,330891.7659,24067.3744,-1822.0725,4659.2
search_candidate_000176_30c25bf4,random-phased,5,5,0.6,4659.2,7635,56,7782,3756.145,30739,49984,1224,50620.8,0.6,596.44,36.2,1625.6,376095.2,481343,2283.6,729079.2,272.6,0,3.4,0.6632,25707.8,330891.7659,24067.3744,-1822.0725,4659.2
centered_candidate_000062_e051d390,centered-gaussian,5,5,0.6,4526,4412,1195.8,7646.8,2893.6969,30504.4,29707,9476.2,50012,0.6,583.62,39.6,1609.4,228981.8,139796,30236.8,487082.8,359,0,5.4,0.6239,37144.6,209315.5545,18325.4718,-251.0485,4526
centered_candidate_000181_45f1d488,centered-gaussian,5,5,0.6,4233.2,4163,64.8,8581,3770.7975,27999.4,28643,1381.6,54987,0.6,514.4,34.4,1477.6,325316.8,119992,2434.4,800527,278.4,0,4.2,0.614,30167.2,383771.8491,23743.5614,-1820.5988,4233.2
centered_candidate_000182_3e76d1c0,centered-gaussian,5,5,0.6,4141.2,4900,151.6,7738.2,3405.2619,27685.8,32910,2111.6,50564,0.6,546.8,35.2,1451.2,279914.4,162551,4727,626257.6,272,0,4.2,0.5095,28487.6,281255.4625,21757.3849,-1551.0309,4141.2
centered_candidate_000083_0257a6ec,centered-gaussian,5,5,0.6,4006,4250,154.6,7725,3371.4061,26834.2,29194,2159.6,50161.4,0.6,533.54,34.4,1409,236379.6,138000,4470.6,530792.6,311.2,0,3.8,0.7095,28631.2,238220.3215,21378.8188,-1531.103,4006
centered_candidate_000039_da811b94,centered-gaussian,5,5,0.6,3999.6,4334,73.2,7769.4,3439.7893,26659.6,29074,1543.8,50599.8,0.6,516.88,33.6,1399.6,306954.6,139821,3087.4,731884.8,270.8,0,4.6,0.6042,32248.8,341501.0155,21944.1331,-1646.6947,3999.6
centered_candidate_000020_b0b653f6,centered-gaussian,5,5,0.6,3971.2,2813,41,8634.8,3849.4771,26484.4,21147,936,55536.2,0.6,498.64,32.2,1400.4,228435.6,69002,1682.4,563549.2,259.4,0,3.8,0.5562,27130.2,267259.008,24331.5799,-1883.7385,3971.2
centered_candidate_000044_c792efd8,centered-gaussian,5,5,0.6,3795.4,3137,53.6,7867.2,3507.7882,25517,22921,1206.6,51158.8,0.6,508,32,1340,276615.2,73972,2302.6,662439,243.4,0,4.4,0.5808,29916,309488.4938,22352.8016,-1700.2941,3795.4
centered_candidate_000101_de412f6a,centered-gaussian,5,5,0.6,3765.4,3534,1396.6,6281.2,2425.2698,25932.8,25013,10818.6,41520,0.6,503.6,36.4,1360.8,157061.6,93595,38269.6,337108.8,371.8,0,5.6,0.728,40380.4,170240.1068,15449.6787,183.9651,3765.4
centered_candidate_000188_e4431a25,centered-gaussian,5,5,0.6,3752.4,2954,114.6,7785.6,3437.905,25310.2,21714,1630.2,50629.2,0.6,516.34,32.6,1327.4,239358,74140,3203.2,567045,292.6,0,4.6,0.5457,31980.4,262809.5052,21876.9774,-1604.3525,3752.4
centered_candidate_000120_02c1c23e,centered-gaussian,5,5,0.6,3718,2960,97.4,7717.6,3426.5757,25372.2,22035,1752.2,50645.4,0.6,510.64,32.4,1333.8,253556.2,63553,3206.2,616599.2,238.2,0,4.2,0.5955,28673,288312.9035,21918.1402,-1615.8879,3718
general_top10-average-phased_d9cfd300,top10-average-phased,5,5,0.6,3704.8,2953,82.2,7710.8,3427.8857,25229,21885,1680,50489.2,0.6,511.48,32.2,1329.6,245709.4,66949,3174.6,594360.4,286.2,0,4.6,0.5513,32283,277098.9295,21868.4238,-1631.7429,3704.8
centered_candidate_000001_baa99748,centered-gaussian,5,5,0.6,3691.4,2027,363.4,7788,3391.6526,25172,16377,3669,50547.4,0.6,526.44,33.4,1314.2,249998.8,49272,7441.6,598203,272.8,0,4.2,0.6858,30596.4,280118.6825,21204.5704,-1332.4263,3691.4
centered_candidate_000133_ddf6050a,centered-gaussian,5,5,0.6,3395.8,2919,1088,6149.4,2562.3125,23788,21648,8932.4,40694,0.6,483.24,34,1248,122183.8,71833,25143.2,267931,365.2,0,5.4,0.7301,38628,134232.3374,16093.6805,-193.1563,3395.8
centered_candidate_000109_39a007f5,centered-gaussian,5,5,0.6,3061.6,2593,131.4,6878.6,3457.6301,20979,19969,1717.6,44357,0.6,426.48,29,1093.4,197830,59770,3501.8,539168.2,293.6,0,5,0.5761,34457,328897.5918,21114.0323,-1597.4151,3061.6
centered_candidate_000075_96f27b86,centered-gaussian,5,5,0.6,2945.6,2064,163,6784.4,3382.91,20476,16867,2123,44107.6,0.6,432.14,28.4,1068.4,207083.8,44551,4628.4,572661.6,284.6,0,5.2,0.4697,35025.6,348879.3893,20806.7397,-1528.455,2945.6
centered_candidate_000168_652938c3,centered-gaussian,5,5,0.6,2644.2,2343,55.2,5854.4,2818.0338,18736.6,18344,1191.6,39247.6,0.6,407.16,26.6,977,150982.8,49910,1899.6,406730.8,274.4,0,3.8,0.6146,29102.4,241933.9704,18116.3204,-1353.8169,2644.2
centered_candidate_000158_f33360d5,centered-gaussian,5,5,0.6,2198.4,2955,848.8,2970.8,1130.9816,16498.2,21563,7141,21877.2,0.6,385.44,27.6,848.6,53901.2,64546,20625.4,78658,333,0,4.8,0.7129,35712,28314.4301,7955.071,283.3092,2198.4
centered_candidate_000173_436d68da,centered-gaussian,5,5,0.6,1983.4,1919,80.2,3926.8,1716.0705,14650.2,15427,1646.8,27270.6,0.6,340.44,24,751.6,55854,38934,3250.2,117490.6,304.4,0,4.2,0.6427,32230.2,51528.3003,11445.4592,-777.8352,1983.4
centered_candidate_000096_a3cec2d5,centered-gaussian,5,5,0.6,1333.2,1906,51.4,2409.8,1088.5661,10925.4,15364,1234,18882.2,0.6,303.02,19.6,555.6,31393,40465,2059.2,58806.6,261.2,0,3.8,0.7837,30094,25986.1824,8132.9312,-492.8831,1333.2
centered_candidate_000164_7cbb560a,centered-gaussian,5,5,0.4,4342.4,3309,1164.4,7763.6,3003.4192,29209.8,22673,9099.4,50626.6,0.4,577.58,38.2,1540.2,253853,79121,28357,574675.8,323.6,0,4.8,0.6569,33366.8,255630.2462,19036.6416,-337.3096,4342.4
centered_candidate_000125_b8e92955,centered-gaussian,5,5,0.4,4008.2,4306,44.2,7825.2,3481.4008,26558.6,28884,1038.8,50914.6,0.4,511.42,33.2,1399.4,328820.2,131591,1777,780876.6,242.8,0,3.8,0.7403,26976.2,360558.5787,22321.9901,-1696.5004,4008.2
centered_candidate_000006_56edd876,centered-gaussian,5,5,0.4,3916.8,4013,44.2,7750.6,3441.5869,25912.4,26623,1043.2,50419.2,0.4,507.14,32.8,1366,234920.4,105420,1639,551220,297.6,0,3.8,0.6872,29261.2,252951.9627,22060.0144,-1676.5934,3916.8
centered_candidate_000167_f4466adc,centered-gaussian,5,5,0.4,3839.2,3468,125.2,7752.2,3405.7814,25902.4,24784,1959.2,50399.6,0.4,532.18,33.2,1368,227062.2,83658,3975.4,527138.2,299,0,5,0.5035,34225,242914.4651,21637.373,-1577.6907,3839.2
centered_candidate_000009_e0c10428,centered-gaussian,5,5,0.4,3688,2720,36.2,7827.8,3515.9516,24689.6,20155,912.6,50765.6,0.4,500.14,31.2,1305,231671.4,59605,1645.4,554860.8,295.6,0,4.2,0.6809,30699.2,259891.6423,22391.7706,-1721.7758,3688
centered_candidate_000127_e79ea11a,centered-gaussian,5,5,0.4,3615,2161,119.4,7825.6,3515.7788,24451.6,16645,1912.8,50772,0.4,526.48,31.6,1282.6,270651.2,50560,4469,654394.8,250.6,0,4,0.4883,28698.6,308311.2996,22145.3405,-1638.4894,3615
search_candidate_000026_d8683858,random-phased,5,5,0.4,3480.6,238,82.4,8547.2,4096.9513,22917,2988,1586.4,54394.4,0.4,466.38,28.2,1202.8,135349.4,6622,2895.2,343562,222.6,0,3.8,0.4721,25985.8,164682.1695,25496.0299,-1966.0757,3480.6
centered_candidate_000154_9f11250d,centered-gaussian,5,5,0.4,3436.8,2730,777.8,6918.2,3212.1523,23508.2,20141,6793,44274.2,0.4,470.6,33.2,1232.4,207539.4,61202,17053.6,546796,332.4,0,4.8,0.7067,35075.4,329069.7103,19320.1682,-828.2762,3436.8
centered_candidate_000012_11e6f031,centered-gaussian,5,5,0.4,3357.4,3644,560.8,6253.6,2633.6996,23086.6,25346,5013.6,41416.2,0.4,480.86,33,1206.2,161875.4,117660,13138.4,371195.8,325.4,0,4.2,0.7422,32237.4,192693.1045,16804.8119,-756.0498,3357.4
centered_candidate_000077_e89f8d85,centered-gaussian,5,5,0.4,3262.2,2735,61.8,7284.2,3476.3249,22025.6,20481,1339.8,46659.4,0.4,422.1,29.6,1161,165367.8,64692,2373.6,432505.8,300,0,4.6,0.7024,33195.6,244676.785,21399.7102,-1676.3624,3262.2
centered_candidate_000019_aef0bdb1,centered-gaussian,5,5,0.4,3214.6,212,61.2,7883.4,3797.1236,21547.2,2796,1261,51259.2,0.4,457.46,26.8,1134.2,356338.4,6123,2361.6,923835.4,231.6,0,3.8,0.5608,27807.6,448765.1115,24163.0087,-1837.3618,3214.6
centered_candidate_000192_9ccf2476,centered-gaussian,5,5,0.4,3196.6,234,47.8,7827.2,3780.9083,21344.6,2964,1178.4,50702,0.4,458.8,26.6,1120.8,225631.6,5671,2293,567597.8,232.2,0,4.4,0.5383,29522,273525.6076,23970.8687,-1842.6541,3196.6
centered_candidate_000024_10c4e2be,centered-gaussian,5,5,0.4,3185.2,376,72.6,7715.2,3686.347,21622,3996,1558.6,50496.2,0.4,470.26,27.4,1136,163525.4,9515,2751.4,407909.2,214.2,0,2.8,0.6286,21053.6,195220.8392,23541.7794,-1770.5735,3185.2
centered_candidate_000176_97f4790c,centered-gaussian,5,5,0.4,3184.6,182,82.2,7796,3757.7304,21424.4,2672,1681.4,50519.6,0.4,473.14,26.8,1126.2,203483.4,6140,3444,515036.4,242.6,0,4,0.5093,26330,247231.1512,23744.7194,-1796.6652,3184.6
centered_candidate_000094_4a3bc03e,centered-gaussian,5,5,0.4,3184,73,50.4,7891.6,3827.487,21283.8,1646,1098.4,51356,0.4,443.8,25.8,1120.4,182107.2,3799,2109,475157.4,181.2,0,3.4,0.4923,22822.2,232417.1947,24470.5997,-1863.3435,3184
centered_candidate_000124_4d26287d,centered-gaussian,5,5,0.4,3181.4,116,48.8,7887.2,3809.8791,21354.8,1959,1108.4,51500.2,0.4,442,25.8,1129.4,195669,3765,1945.2,509411.6,205.8,0,3.6,0.5843,25770.4,248474.2801,24439.2329,-1856.1396,3181.4
centered_candidate_000160_43641c56,centered-gaussian,5,5,0.4,3175.2,88,69.8,7848.4,3795.0256,21282.4,1676,1476.2,51057.2,0.4,440.88,26.2,1125,341032.2,2878,2586.4,876700.2,241,0,4,0.6135,28522,423835.9215,24169.2761,-1827.7128,3175.2
centered_candidate_000071_f1f1fc62,centered-gaussian,5,5,0.4,3158.6,198,85,7724.2,3717.4794,21286.6,2755,1688,50214.2,0.4,460.76,26.6,1120.8,205112.6,5333,3271.4,514880.6,236,0,4,0.5909,27765,247666.2584,23563.445,-1773.7397,3158.6
centered_candidate_000135_10574c0b,centered-gaussian,5,5,0.4,3157.4,65,55,7811.8,3795.212,21088,1389,1250.8,50772.8,0.4,441.18,25.6,1109.8,210239.8,2830,2258,540689.4,187,0,3.2,0.5624,22566.8,261313.2894,24234.0864,-1842.606,3157.4
centered_candidate_000126_bcb3361d,centered-gaussian,5,5,0.4,3154,283,61.6,7701.6,3694.7116,21246,3216,1253.6,50251.4,0.4,457.86,26.6,1119.8,173887,7116,2047.2,441510.2,249.4,0,4.6,0.5831,32127.4,212020.6196,23640.2509,-1785.7558,3154
centered_candidate_000121_d8e1d846,centered-gaussian,5,5,0.4,3147,95,57.8,7768,3765.0412,21097.8,1710,1256,50565.4,0.4,436.8,25.8,1115.8,280098.8,3070,2081.8,721152.4,232.2,0,3.4,0.6406,25797.8,348815.404,24058.1018,-1824.7206,3147
centered_candidate_000076_fd2d7e92,centered-gaussian,5,5,0.4,3139.8,76,51.8,7764.2,3772.0088,21039.6,1491,1199,50672,0.4,440.04,25.8,1106.4,236152.4,2632,2242.4,594707.2,183.2,0,3,0.5827,20598,287400.7929,24175.9128,-1834.2044,3139.8
centered_candidate_000128_b2de9750,centered-gaussian,5,5,0.4,3131.4,2705,953.2,5791.6,2487.8781,22169.2,19926,8052.6,38809.2,0.4,480.28,32.6,1162.6,107235.6,58524,20187.2,242272.2,342.2,0,5.2,0.6678,36999.6,125160.6152,15738.8348,-290.739,3131.4
centered_candidate_000187_65906aa9,centered-gaussian,5,5,0.4,3131.4,65,59.6,7740.8,3759.6715,21008.2,1436,1341.4,50457.6,0.4,442,25.6,1111.6,212270.4,3148,2423.2,533401.6,240.2,0,4,0.5912,28513.6,257543.7691,24040.806,-1820.2357,3131.4
general_top10-median-phased_af412d8f,top10-median-phased,5,5,0.4,3123.2,97,51.8,7728.4,3743.6848,20970.4,1820,1188.4,50393.2,0.4,444.5,25.8,1104.4,201547.4,3348,2144.8,510680,207.6,0,3.6,0.4539,24861.2,246002.8955,23958.6305,-1820.0424,3123.2
general_topN-median-phased_1d0538b8,topN-median-phased,5,5,0.4,3123.2,97,51.8,7728.4,3743.6848,20970.4,1820,1188.4,50393.2,0.4,444.5,25.8,1104.4,201547.4,3348,2144.8,510680,207.6,0,3.6,0.4539,24861.2,246002.8955,23958.6305,-1820.0424,3123.2
centered_candidate_000069_f3cef500,centered-gaussian,5,5,0.4,3121,166,40.8,7682.4,3721.4836,20952.8,2442,983.4,50212.6,0.4,463.74,26,1103.4,215917.4,5933,1973.4,542655,256,0,5,0.4508,32932.4,261578.9353,23864.0303,-1819.9418,3121
centered_candidate_000005_d2926b29,centered-gaussian,5,5,0.4,3113.6,63,39.8,7719.8,3755.0665,20710.2,1319,951,50187.8,0.4,433.04,25.2,1093.4,279157.6,2158,1533.4,726583,240.8,0,3.8,0.54,26413.4,353889.667,24049.4183,-1837.7333,3113.6
centered_candidate_000134_50d1b978,centered-gaussian,5,5,0.4,3095.8,91,61,7649.6,3703.4619,20972.4,1726,1376.8,50198.4,0.4,443.7,25.8,1111,151400,3425,2559.2,374507.2,236.2,0,4,0.643,28456.8,181870.5913,23831.9777,-1790.731,3095.8
centered_candidate_000081_be7f9313,centered-gaussian,5,5,0.4,2999.4,3131,68.8,6239.8,2852.6066,20656.8,22399,1420,41331.2,0.4,427.16,28.8,1085,179773.6,77059,2665.2,467909,303.8,0,5.2,0.584,36352.8,266825.5911,18359.7042,-1357.5033,2999.4
centered_candidate_000125_1d5b7225,centered-gaussian,5,5,0.4,2917.8,3044,72.8,6100.4,2818.2779,20284.2,22560,1544,40313.2,0.4,426.28,28.8,1065.6,93268.2,76475,2847.4,211942.8,317.2,0,4.2,0.6294,30932.4,105784.1134,18015.7028,-1336.339,2917.8
centered_candidate_000118_5edb04ba,centered-gaussian,5,5,0.4,2877.4,2592,86.6,6207,2861.3779,19992.2,19792,1442.4,40959.4,0.4,424.02,28.2,1047.6,143528,66701,2791.2,362535.8,283.6,0,4.2,0.6208,30939,194960.2584,18254.5002,-1344.0889,2877.4
general_top10-average-phased_ad350d3b,top10-average-phased,5,5,0.4,2859.8,2470,45.4,6258,2887.3813,19642,18786,1077.2,41004.6,0.4,417.24,27.6,1028.6,137457.6,61072,1934,346106.4,309.6,0,3.4,0.7958,29129.6,181148.8206,18410.7515,-1398.2906,2859.8
centered_candidate_000031_0b7d5b88,centered-gaussian,5,5,0.4,2846.2,1757,51.2,6842.6,3487.1647,19479.6,13859,1172.6,44349.4,0.4,402.98,26.8,1023.6,173280.2,40446,2065.4,477085.4,297.6,0,4.4,0.6843,33335,285913.225,21486.0846,-1692.3823,2846.2
centered_candidate_000173_5a2a8dc0,centered-gaussian,5,5,0.4,2795.6,1530,120.2,6417.8,2928.8299,19511,13133,1916.4,42234.8,0.4,440.08,27.8,1018.8,173474.2,32290,4312.8,466966.6,292.6,0,4.4,0.6101,32098.4,260061.5332,18551.6091,-1344.215,2795.6
centered_candidate_000060_f289efc0,centered-gaussian,5,5,0.4,2773.8,1879,49.6,6301.6,2904.021,19307.8,15248,1116.2,41715.8,0.4,406.32,27.2,1010,153600.4,36399,1688.2,409987,248,0,4.6,0.6465,32096.4,225506.1265,18658.4664,-1402.4105,2773.8
centered_candidate_000102_6cb088e6,centered-gaussian,5,5,0.4,2741.2,2292,54,6062,2827.1921,19218.6,18114,1320.6,40230.4,0.4,415.06,27.2,1009.4,128054.8,60648,2425.2,322334.2,290,0,4.4,0.713,33235.6,172020.2154,18173.2408,-1359.5961,2741.2
centered_candidate_000013_55fe6cef,centered-gaussian,5,5,0.4,2714.4,2678,82.4,5844.6,2808.5389,19019.2,20168,1641.4,38711.8,0.4,417.96,27.2,996.6,103518.2,61792,3228.6,255291.6,299.6,0,4.6,0.6302,33517.4,140177.1218,17828.2626,-1321.8694,2714.4
centered_candidate_000129_70a745ac,centered-gaussian,5,5,0.4,2705.2,2754,54,5813.4,2811.746,18978.2,20100,1195.6,39042.8,0.4,414.8,27,994.4,157022,66636,2189.2,413621.8,281,0,4.8,0.568,33406.4,243596.3555,18112.8996,-1351.873,2705.2
centered_candidate_000061_985bb198,centered-gaussian,5,5,0.4,2639.6,206,77.4,6758.4,3269.3563,17905,2713,1499,43907.8,0.4,384.3,24.4,933,162179.2,5620,2807.8,440611,244.2,0,4.2,0.5356,29088.4,233148.6687,20612.3712,-1557.2782,2639.6
centered_candidate_000014_3eec3e6a,centered-gaussian,5,5,0.4,2568,409,57.8,6483,3109.3571,17660.8,4382,1319.6,42661.6,0.4,389.14,24.6,919.2,155328.4,9780,2358,430166,242.8,0,3.8,0.6387,26763.4,241034.4507,19857.2663,-1496.8786,2568
centered_candidate_000123_7f135b7d,centered-gaussian,5,5,0.4,2556.4,2244,67.6,5773.8,2928.2992,17800.4,16688,1429.6,38163,0.4,406.1,26,920,136959.6,49375,2623.2,366313.6,247,0,4,0.6978,29303.2,218512.4368,18476.7366,-1396.5496,2556.4
centered_candidate_000143_8c81de85,centered-gaussian,5,5,0.4,2549.4,113,64.6,6901.8,3657.0939,17158.8,2021,1462,44132.2,0.4,362.2,22.8,895.4,380871,3663,2927.8,1122937.8,227,0,4,0.4966,28180.6,722536.1566,22334.4475,-1763.9469,2549.4
centered_candidate_000198_89784f08,centered-gaussian,5,5,0.4,2536.2,2319,49.6,5676,2857.6344,17928.2,17971,1217.4,37833.6,0.4,405.4,25.8,935.6,131863.4,50322,2188.4,351964,256,0,4,0.7732,29838.4,210814.8614,18142.1636,-1379.2172,2536.2
centered_candidate_000156_8b8729f1,centered-gaussian,5,5,0.4,2529.8,2016,63.2,5768.2,2849.3668,18078.6,16077,1465.2,38687.2,0.4,408.34,25.8,949.2,123356.6,51155,2636.2,322783,263.8,0,3.6,0.7308,28662.2,186815.0633,18067.0457,-1361.4834,2529.8
centered_candidate_000042_1fbcff36,centered-gaussian,5,5,0.4,2506.4,244,57,6413.4,3102.3075,17237.4,3267,1240.2,42198.4,0.4,375.48,23.6,901.2,128797.2,6268,1957.8,351625.6,244.6,0,3.6,0.7179,26941,188932.2567,19810.042,-1494.1538,2506.4
centered_candidate_000145_76de88ff,centered-gaussian,5,5,0.4,2502.6,125,50.4,6462.8,3139.6975,17173.8,2124,1243.6,42599.6,0.4,370.36,23.2,898.2,100403.8,4064,2164,266051,226.2,0,3.6,0.6424,26426.8,134145.624,20143.8101,-1519.4487,2502.6
centered_candidate_000034_0e27531f,centered-gaussian,5,5,0.4,2482.2,70,46.4,6455.8,3153.649,16959.2,1546,1100,42517.6,0.4,355.96,22.8,888.8,256982,2574,1769,727922,233,0,3.2,0.7983,24869.2,419536.9875,20256.1892,-1530.4245,2482.2
centered_candidate_000140_6b0f0142,centered-gaussian,5,5,0.4,2164.4,52,34,5823,3000.0158,15114,1212,889.6,39154.2,0.4,339.34,20.6,791.8,117817.6,2011,1316.4,336416.6,219.8,0,3.2,0.7397,24860.8,199606.0068,19525.9117,-1466.0079,2164.4
centered_candidate_000115_5003b90e,centered-gaussian,5,5,0.4,2115.8,224,70.2,5633.8,2957.9909,15087.8,2828,1524,37902,0.4,374.76,21.6,787.2,101764.6,6594,2882.8,285825,264.8,0,4.4,0.657,32149.2,168695.6696,18893.4087,-1408.7954,2115.8
centered_candidate_000059_008404e6,centered-gaussian,5,5,0.4,2085,337,54.8,5551,2968.7144,14783.6,3887,1254.8,37095.8,0.4,372.52,21.4,764.6,162327.6,7841,2854.6,469925.4,236,0,3.8,0.5313,27160,296080.6217,18818.1193,-1429.5572,2085
centered_candidate_000087_b9cc8ed4,centered-gaussian,5,5,0.4,2070.6,102,57.2,5618,3008.9841,14622.2,1793,1224.6,37651.4,0.4,347.28,20.6,761.6,100609,3124,2171.2,287710.2,223.6,0,3.2,0.6046,24658.4,174536.8826,19181.7026,-1447.2921,2070.6
centered_candidate_000127_1273a95b,centered-gaussian,5,5,0.4,2070.4,87,45.6,5635.8,3014.2312,14522,1675,1076.6,37632.8,0.4,344.32,20.2,758.2,125947,2708,1767.8,362896.2,239.8,0,4.2,0.7012,30397.8,221847.1111,19214.4435,-1461.5156,2070.4
centered_candidate_000001_b2e358b0,centered-gaussian,5,5,0.4,2055.6,283,46,5495,2925.6115,14704.8,3543,1088,37188,0.4,357.54,21,766.6,95865.6,7182,1899.4,271539.6,231.4,0,3.4,0.6747,25864,163542.8244,18858.746,-1416.8057,2055.6
centered_candidate_000188_a464453a,centered-gaussian,5,5,0.4,1973.4,94,49.2,5414,2966.5167,14065.8,1803,1161.8,36527,0.4,340.48,19.8,734.4,72264.2,3227,1820.4,203763.2,226,0,3.8,0.6426,28124.2,120049.2656,18965.8505,-1434.0584,1973.4
centered_candidate_000150_6e5d9283,centered-gaussian,5,5,0.4,1938.4,2444,217,3447.8,1442.0877,14355.8,17778,2556.2,24571,0.4,360.12,24.8,733,48088.8,57211,5238.4,89296.4,313.2,0,5,0.6224,34770,37812.7385,9808.7576,-504.0439,1938.4
centered_candidate_000106_367ac6b5,centered-gaussian,5,5,0.4,1933,2385,197,3554.8,1516.884,14306,18230,2356.2,24778.8,0.4,345.68,24.6,733.6,51635,59021,4617.6,100694.2,315.8,0,4.2,0.755,32427.8,44974.3829,10117.5607,-561.442,1933
centered_candidate_000015_70b31e49,centered-gaussian,5,5,0.4,1763,2233,84,3289.8,1439.9957,13071.8,17619,1617.8,22539.6,0.4,327.38,22.6,666.4,50940.4,52145,3000.4,104431.6,288,0,3.8,0.834,30067.8,46859.8686,9542.4789,-635.9978,1763
centered_candidate_000172_55066b2e,centered-gaussian,5,5,0.4,1734.2,2284,73.8,3256.2,1456.4331,12862.2,16296,1435,23294.6,0.4,324.56,22.4,656.4,50786.8,51349,2488.2,104908.8,307.4,0,4.4,0.8563,34172.8,47359.7105,9875.7588,-654.4165,1734.2
centered_candidate_000034_9a3070cc,centered-gaussian,5,5,0.4,1679,2291,94.6,2960,1313.9682,12889.2,17846,1742.2,21544.4,0.4,328.84,22.4,663,41781.4,53976,3269.8,75423.6,289.4,0,4.4,0.7111,32581.6,32501.1767,9164.1244,-562.3841,1679
centered_candidate_000108_ff723f8a,centered-gaussian,5,5,0.4,1675.6,2018,41.4,3275.4,1461.1665,12681.4,16290,989.8,23301.8,0.4,319.86,21.4,655.4,41967,45248,1781.6,84231.4,296,0,4.4,0.7473,32806.4,37159.7232,10087.1963,-689.1832,1675.6
centered_candidate_000185_321d94f9,centered-gaussian,5,5,0.4,1650,1603,193.8,3376,1551.5926,12617.8,13555,2445.8,23708.2,0.4,344.28,22.6,639.4,50040.8,32208,5333.4,116561.8,282.8,0,4.4,0.6687,32177.8,61352.8302,10071.6617,-581.9963,1650
centered_candidate_000079_7b759928,centered-gaussian,5,5,0.4,1615.8,2193,42.6,2921.4,1311.6253,12509.6,17335,1078.4,21665.4,0.4,321.48,21.4,646.2,38775,47060,2037,71472.4,275.2,0,5,0.6238,35202.8,31256.6236,9454.9059,-613.2127,1615.8
centered_candidate_000022_e89356e9,centered-gaussian,5,5,0.4,1545.8,72,54,3934,1888.4805,11423.2,1487,1213.4,27466.8,0.4,277.1,18.4,591.4,53373.6,3044,2273.4,140063.2,258.8,0,4.2,0.5981,30429.6,70498.4648,12689.4573,-890.2402,1545.8
centered_candidate_000171_f743ea5c,centered-gaussian,5,5,0.4,1525.2,2177,66,2713.8,1215.3469,11838.8,16659,1428.4,20109,0.4,315.78,21,606.4,35516.8,49065,2580.6,62612,285.2,0,4.8,0.6964,34635.2,27390.4232,8592.5538,-541.6735,1525.2
centered_candidate_000042_33879f86,centered-gaussian,5,5,0.4,1523.2,2094,58.4,2744,1221.2575,11871.4,16668,1284,20316.4,0.4,315.48,20.8,610.2,37253.2,44055,2319.8,68926.4,279.2,0,3.8,0.7837,29962.8,29748.6198,8735.9222,-552.2287,1523.2
centered_candidate_000063_4c5ab92d,centered-gaussian,5,5,0.4,1504,2335,35.4,2579.6,1203.2448,11732,18168,886,19484.8,0.4,306.24,20.4,606.4,35755.6,52620,1363.8,62016,289.4,0,3.4,0.8571,29892,28246.7171,8856.0877,-566.2224,1504
centered_candidate_000038_4e23a5de,centered-gaussian,5,5,0.4,1472.4,1778,169.2,2694.2,1130.0334,11812.4,14182,2554.2,20185,0.4,327.56,21.8,603.4,33887,38129,4720.8,62741,287.6,0,4.2,0.8363,32632,25884.4082,7852.278,-395.8167,1472.4
centered_candidate_000092_713ea95d,centered-gaussian,5,5,0.4,1422.8,1695,73.6,2707.2,1175.0754,11322,13562,1489.6,20424.2,0.4,313.16,20.4,579.6,34553.8,35833,2895.8,68405,273,0,3.8,0.7773,30131.6,29442.0798,8442.8435,-513.9377,1422.8
centered_candidate_000055_49cee387,centered-gaussian,5,5,0.4,1377,1886,43.2,2497.2,1115.1951,11051.8,15883,983,18847.4,0.4,298.84,19.6,570.2,31744.2,40915,1532.6,58415,266.6,0,3.6,0.8381,29676.2,25577.8054,8277.1076,-514.3975,1377
centered_candidate_000080_6cedff4c,centered-gaussian,5,5,0.4,1249,1906,71,2102.2,962.5281,10446.8,15184,1559.6,16944.2,0.4,308,19.2,537.4,28057.4,39183,2982.2,47608.2,269.4,0,3.2,0.842,27781.4,20666.751,7251.9206,-410.2641,1249
centered_candidate_000186_8cd2d1b6,centered-gaussian,5,5,0.4,1215.4,1649,38.8,2199.6,982.6258,9924.6,13941,916.4,16987.4,0.4,291.56,18.4,505.2,25686.8,33500,1339.8,46443.6,256.6,0,3.8,0.7172,29462.2,20403.5881,7427.0179,-452.5129,1215.4
centered_candidate_000191_dd649bee,centered-gaussian,5,5,0.4,1184,92,40.2,2928,1390.3227,9308.8,1739,985.2,21753.2,0.4,260.12,16,478.8,29409.8,3310,1782.2,71589.6,244.2,0,3.4,0.7505,27201.2,33553.0598,9946.1482,-654.9613,1184
centered_candidate_000159_ac5f0bc0,centered-gaussian,5,5,0.4,1116.2,53,36.2,2741.8,1316.412,8860.8,1292,866.6,20693.4,0.4,247.5,15.4,454.8,26605.4,2199,1258,64296.6,229,0,3.6,0.7258,27757.4,30622.3732,9609.1441,-622.006,1116.2
centered_candidate_000190_f29bd0cb,centered-gaussian,5,5,0.4,1086.2,99,35.6,2721.6,1293.5235,8575.2,1793,917.8,20181.8,0.4,249.54,15.6,433.2,24878.6,3346,1437.8,61792,231,0,3.2,0.8642,25938.2,29223.3191,9196.2987,-611.1617,1086.2
centered_candidate_000142_7ca55511,centered-gaussian,5,5,0.4,1083.8,278,47.4,2541,1178.4769,8936,3617,1130.6,19488.8,0.4,267.5,16.4,456,28751.8,7146,1956,67153.6,242.2,0,3.8,0.661,28839.2,30830.1205,8574.495,-541.8384,1083.8
centered_candidate_000147_7767866c,centered-gaussian,5,5,0.4,1083.4,162,77.2,2633.4,1226.5611,8886.4,2462,1547.6,19928.4,0.4,267.38,16.4,451.8,25499,4757,2978.2,61353.8,240.8,0,3.6,0.7018,27672.4,28460.3403,8757.719,-536.0806,1083.4
centered_candidate_000050_20714f88,centered-gaussian,5,5,0.4,866.4,61,46.6,2124.2,1003.7768,7346.4,1233,1061.2,16897.4,0.4,236.68,14,370.2,20031.4,1919,1642,48408,215.6,0,3,0.8126,24399.2,22593.4686,7647.2475,-455.2884,866.4
centered_candidate_000176_44bb5159,centered-gaussian,5,5,0.4,807,61,44.6,2006.6,948.8437,6982,1417,1085.4,16049.8,0.4,239.62,13.6,349.4,18370.2,2576,1839.4,44854.8,213.8,0,3.2,0.7033,25539.2,20984.8502,7187.8167,-429.8219,807
centered_candidate_000085_f4619789,centered-gaussian,5,5,0.2,3572.8,2933,1258.8,6328.6,2467.1504,24756.2,21446,10154.4,41556.4,0.2,504.26,35.6,1304.8,185481.2,79203,28789.2,442408.4,329.2,0,4.6,0.603,33177.6,236993.0313,15358.0237,25.2248,3572.8
centered_candidate_000113_4079869f,centered-gaussian,5,5,0.2,3288.4,2361,184.8,7282,3325.1732,22321.8,17983,2496.4,46846.2,0.2,449.74,30.8,1181.4,221117,50192,4931.8,591998,337.6,0,5,0.766,37211,330939.9241,20621.147,-1477.7866,3288.4
centered_candidate_000156_a03f9c33,centered-gaussian,5,5,0.2,3102,3618,89.8,6229,2852.3971,21030.6,25071,1600.2,40812,0.2,435.1,29.8,1103,183574.4,91660,3130,466442.6,301.4,0,4.4,0.5936,31344.4,259456.5071,18272.8308,-1336.3985,3102
centered_candidate_000189_57e453e8,centered-gaussian,5,5,0.2,3092.8,1623,66.6,7355.2,3503.2925,20838,13042,1467,47073.8,0.2,414.86,28.4,1102.4,182809,33955,2644,498669.8,311.4,0,4.4,0.7039,31970.8,284423.9948,21615.2138,-1685.0463,3092.8
centered_candidate_000200_3813eee4,centered-gaussian,5,5,0.2,2985.2,2947,70.8,6289,2869.3917,20554,21219,1447,41535.8,0.2,430.26,28.6,1085,131042.6,78689,2638.6,318845.6,279.4,0,3.6,0.6959,28405.4,166769.7244,18369.6489,-1363.8959,2985.2
centered_candidate_000054_efb1eecb,centered-gaussian,5,5,0.2,2928.6,1896,722,5942.6,2619.7955,20563.2,14721,6281.8,39367.8,0.2,462.46,30.8,1074.2,135530.2,39159,15495.6,343424.8,302.4,0,4.4,0.8046,32651.6,191725.3452,16527.1262,-587.8977,2928.6
centered_candidate_000162_7a28e04d,centered-gaussian,5,5,0.2,2909.2,417,188.2,7373.4,3628.6529,19380.2,4428,2279,46747.4,0.2,407.42,26.6,1014.6,221418.6,10185,4832.6,625999.4,279,0,4.6,0.6197,31845.2,371561.862,22154.5097,-1626.1264,2909.2
centered_candidate_000123_4df6587e,centered-gaussian,5,5,0.2,2842.2,2952,32,6041,2857.8153,19598.2,21407,880.6,40055.6,0.2,410.56,27.4,1034.2,152821.8,79739,1382.6,389511.4,271.4,0,4.2,0.7558,30558.8,219482.3514,18386.5688,-1396.9077,2842.2
centered_candidate_000037_76507829,centered-gaussian,5,5,0.2,2835.8,2204,59.2,6298.2,2893.2287,19591.4,16878,1313,41486.4,0.2,418.2,27.4,1032.8,202423.8,48758,2208.2,543136.6,267.8,0,4.2,0.6701,30847.8,303410.9024,18478.9245,-1387.4143,2835.8
centered_candidate_000013_1cc38f3f,centered-gaussian,5,5,0.2,2830.4,2224,57.8,6282,2888.8599,19438.2,16854,1289,41237,0.2,419.44,27.4,1019.8,141707.8,54300,2354.6,361045.8,260.6,0,3.4,0.7547,26843.8,189397.3621,18435.2034,-1386.6299,2830.4
centered_candidate_000197_ff94c36b,centered-gaussian,5,5,0.2,2792.4,2827,140.4,5888.2,2802.0844,19520.4,20678,1950.6,39209.2,0.2,443.44,28,1024.4,112174.4,59877,4541.6,280984,273.4,0,4.8,0.5502,32054,157910.1681,17856.8705,-1260.6422,2792.4
centered_candidate_000055_2d8cf413,centered-gaussian,5,5,0.2,2726.2,2851,64.4,5805.6,2803.2296,19099.2,20844,1392.8,38847.4,0.2,419.56,27.4,1005.4,130488.6,62591,2600.4,336732.4,269.2,0,4.2,0.6197,30870,194235.7561,18043.7392,-1337.2148,2726.2
centered_candidate_000195_9ab393aa,centered-gaussian,5,5,0.2,2704.4,2688,66.2,5868.8,2879.0918,18729.6,19229,1437.4,38910.4,0.2,420.18,27.2,979.2,96459,56187,3131,235709.8,274.6,0,3.8,0.7263,29834,124967.7275,18320.6365,-1373.3459,2704.4
centered_candidate_000032_8af90c30,centered-gaussian,5,5,0.2,2691.8,1574,54.6,6577.6,3446.5,18506.2,12630,1288.8,42707.2,0.2,396.24,25.8,974.2,234839,28079,2246.8,672743.8,256,0,4,0.6887,29058.8,423393.9001,21258.0735,-1668.65,2691.8
centered_candidate_000078_c13ef8d7,centered-gaussian,5,5,0.2,2681.6,1244,266,6164.6,2843.4163,18698.8,9848,3019.8,40806.2,0.2,437.16,27.8,974.6,188321.8,24510,6283.4,522995.8,297,0,5,0.5598,33650.2,312380.6526,18013.9978,-1155.7081,2681.6
centered_candidate_000027_6e7b82a5,centered-gaussian,5,5,0.2,2676.8,106,62.8,7151.6,3669.487,17898.2,1823,1387.4,45732.6,0.2,359.04,23.6,948,195589,3374,2361,563104.2,264.2,0,3.6,0.624,28042.4,342162.7887,22608.7605,-1771.9435,2676.8
centered_candidate_000172_1bdbe689,centered-gaussian,5,5,0.2,2638.6,1820,40.4,6095.2,2911.8285,18302.2,14212,1011.2,40317.2,0.2,409.1,26,963.4,133107.4,34195,1811.8,358890.6,287.2,0,3.6,0.7757,28988.8,205622.7895,18582.4506,-1415.5143,2638.6
centered_candidate_000152_24a8a763,centered-gaussian,5,5,0.2,2521.8,1783,64.4,5842,2855.8729,17729,14436,1387.2,38690.4,0.2,409.94,25.6,931.8,175524.6,37547,2788.2,486938.6,275.8,0,4.4,0.611,31525.6,296115.6248,18084.0786,-1363.5365,2521.8
centered_candidate_000040_ca149642,centered-gaussian,5,5,0.2,2512.2,1838,43.8,5822.6,2869.2796,17479.2,13818,1029,38736.6,0.2,400.18,25.4,915.2,130716.8,37480,1678.2,353941.6,275.6,0,4,0.7565,30369.6,208467.0895,18283.5423,-1390.8398,2512.2
centered_candidate_000114_eb469cff,centered-gaussian,5,5,0.2,2507.4,84,40.2,6864.2,3690.6916,16788,1621,985.4,44061,0.2,345.28,22,888.6,204271.6,2713,1690.6,596319.8,247.2,0,3.6,0.7643,27285.8,374245.6728,22712.5731,-1805.1458,2507.4
centered_candidate_000091_c77f14b7,centered-gaussian,5,5,0.2,2453.2,113,50.6,6385.6,3132.0488,16694.8,1819,1173.6,41856.8,0.2,368.14,22.6,877,177099.2,3816,2366.2,501867,222,0,2.8,0.6987,22648.2,292922.8502,20010.8481,-1515.4244,2453.2
centered_candidate_000170_6011bfd7,centered-gaussian,5,5,0.2,2451.2,1507,48.6,5796.2,2831.4731,17376,12548,1073.2,38952,0.2,397.32,25,916.2,99350,29310,1697.6,264407.4,262.4,0,3.8,0.6101,27705.4,149555.0653,18279.036,-1367.1366,2451.2
centered_candidate_000057_6b71d00e,centered-gaussian,5,5,0.2,2440.4,116,60.2,6619.6,3531.0589,16696.6,1931,1272.2,43232,0.2,350.18,22.2,886,206564.8,3307,2052.2,602534.6,236.2,0,3.6,0.6165,26689.2,378722.0758,22132.0898,-1705.3295,2440.4
centered_candidate_000015_64239081,centered-gaussian,5,5,0.2,2425,413,72.8,6189.8,3032.923,16779.6,4437,1422,40760.2,0.2,378.04,23.8,880,124905.8,9115,2657,344187.8,247.4,0,4.4,0.6062,30260.8,192290.7355,19262.5517,-1443.6615,2425
centered_candidate_000069_24aa05d3,centered-gaussian,5,5,0.2,2407.2,2800,709.6,3776.2,1402.944,17480.4,20763,6152.6,26063.6,0.2,389.16,28.8,913.8,60714.8,67334,14532,101094.4,352,0,5.2,0.8966,38357,38530.427,9340.3552,8.128,2407.2
centered_candidate_000072_512e8517,centered-gaussian,5,5,0.2,2398,1702,61.2,5617.8,2838.8736,16811,13703,1231.6,37183.6,0.2,400.18,24.6,880.2,91044.2,34171,2162.6,237515.8,283,0,3.8,0.7083,28977,133687.4249,18009.2112,-1358.2368,2398
centered_candidate_000154_17bd7766,centered-gaussian,5,5,0.2,2365,1096,71.4,5795.2,2900.0619,16770,9389,1496,38670.4,0.2,393.8,24.6,879.4,161461.2,20358,2622.2,456114,257.2,0,4.6,0.7448,32427.2,279008.0247,18354.6133,-1378.6309,2365
centered_candidate_000144_8984e2fb,centered-gaussian,5,5,0.2,2349,76,60.6,6172.4,3067.7501,16253.6,1509,1357.8,40961.6,0.2,358.96,22.2,859.6,138439,2928,2180.4,385097.8,241.6,0,3,0.7823,24705.4,214425.9965,19763.2644,-1473.275,2349
centered_candidate_000076_99ef9b05,centered-gaussian,5,5,0.2,2330.6,109,42.2,6123.8,3043.6433,16172.4,1922,1040.4,40823.2,0.2,360.3,22.2,853.4,104382,3665,1842,290486.8,226.4,0,3.4,0.6574,25671.4,163202.7494,19710.2653,-1479.6216,2330.6
centered_candidate_000145_ce6f705f,centered-gaussian,5,5,0.2,2318.4,92,62.2,6086.8,3026.8375,15989,1692,1309.2,40320.4,0.2,367.56,22.2,842.8,134077.6,3514,2567.2,377813,270,0,3.8,0.7911,28645,218796.6975,19512.1464,-1451.2187,2318.4
centered_candidate_000133_953ef498,centered-gaussian,5,5,0.2,2301.4,49,43.4,6091,3046.4514,15695.6,1199,1036.6,40201.2,0.2,351.06,21.6,822.6,146140.6,2223,1832,409363.4,221.4,0,3.4,0.6672,25683.2,230771.6631,19695.007,-1479.8257,2301.4
centered_candidate_000080_468fda89,centered-gaussian,5,5,0.2,2300.8,482,51,6226.2,3545.584,15660.6,4473,1218.6,40202.8,0.2,364.32,22.2,814.6,132080.2,10041,2248.6,380570.6,234.4,0,4.2,0.5951,28874.2,239968.6425,21759.8363,-1721.792,2300.8
centered_candidate_000131_ed8814d7,centered-gaussian,5,5,0.2,2297,87,60,6050.6,3025.8266,16028.6,1812,1329.6,40305,0.2,359.26,22.2,849,122436.6,3040,2183.4,340590.4,258.6,0,4.2,0.6231,30539.4,190404.2352,19476.9542,-1452.9133,2297
centered_candidate_000194_5eb78650,centered-gaussian,5,5,0.2,2289.4,95,54.2,6079.8,3084.9437,15902.6,1722,1199.2,40449.4,0.2,359,21.8,839,80834.6,3512,2156.4,222466.8,225.2,0,2.8,0.6704,22751.4,122918.4885,19849.0202,-1488.2719,2289.4
centered_candidate_000122_f433e175,centered-gaussian,5,5,0.2,2286,64,43.2,6096.8,3098.069,15814.8,1406,1072.6,40536,0.2,352.02,21.6,834.6,105243,2531,1733.8,297196.6,224.6,0,4,0.5683,27281.4,172536.6485,19971.8273,-1505.8345,2286
centered_candidate_000011_0864041c,centered-gaussian,5,5,0.2,2271.4,295,158.6,5844.6,2940.2589,16044.4,3479,2281.4,38926.2,0.2,401.68,23.6,838,81977.2,7652,4883.8,221028.6,273.4,0,4.4,0.5939,31472.2,121959.794,18672.9597,-1311.5294,2271.4
centered_candidate_000195_bc2d1676,centered-gaussian,5,5,0.2,2265.2,128,61.8,6299.6,3599.7308,15324,2160,1390.8,40392.8,0.2,351.46,21,803,141709.4,4156,2730.8,411642.6,247.8,0,3.8,0.704,29150.6,259713.6894,22096.3615,-1738.0654,2265.2
centered_candidate_000059_3514903e,centered-gaussian,5,5,0.2,2244,1522,61,5374.2,2840.358,15822.8,12160,1338.4,35801.4,0.2,396.76,23.8,820.8,124176.8,28534,2400.4,344904.8,258,0,3.2,0.6368,25742.2,213235.6681,18148.1214,-1359.179,2244
centered_candidate_000064_5875ec7f,centered-gaussian,5,5,0.2,2229.6,516,74,5736.4,2921.4001,15789.4,4866,1487.8,38528.8,0.2,378.72,23,827.4,109323.8,10698,2700.8,305398.8,246.8,0,4,0.5851,29566.4,179963.8556,18746.8766,-1386.7001,2229.6
centered_candidate_000090_9224c8b7,centered-gaussian,5,5,0.2,2219.8,87,62.2,5916.2,3030.0153,15287.6,1671,1349,38929.8,0.2,357.6,21.6,798.8,129163.6,3399,2550,366556.2,232.4,0,3,0.6689,23575.8,216554.9344,19286.6113,-1452.8077,2219.8
centered_candidate_000111_a676477f,centered-gaussian,5,5,0.2,2213.6,66,43.2,5924.4,3034.4595,15351.4,1431,1073.8,39353.4,0.2,347.44,21,808.6,206098,2739,1769,599141,210,0,3.4,0.7034,24625.4,371969.4025,19457.5187,-1474.0298,2213.6
centered_candidate_000022_d1f6115b,centered-gaussian,5,5,0.2,2208,469,40.8,5727,2915.3689,15553.6,4637,1015,38453,0.2,372.34,22.2,818.2,136049.4,10684,1646,385844.2,256.8,0,4,0.7291,29771,231819.7847,18787.2769,-1416.8844,2208
centered_candidate_000003_4e0ae01b,centered-gaussian,5,5,0.2,2200.8,81,43.4,5876.2,3002.4485,15322.4,1654,1019.8,39257.8,0.2,350.08,21.2,806,123763.4,2922,1724.2,353369.4,210.8,0,3,0.5931,23015.4,211010.089,19438.3918,-1457.8242,2200.8
centered_candidate_000041_b638d7cd,centered-gaussian,5,5,0.2,2199.6,56,52.2,5899.4,3036.4775,15261.6,1311,1191,39175.8,0.2,350.66,21.2,804.2,133147.2,2580,2037.8,381116.8,242.8,0,3.4,0.6481,26234.8,228825.2272,19438.4871,-1466.0387,2199.6
centered_candidate_000163_033bf3d6,centered-gaussian,5,5,0.2,2185.4,217,68.6,5791.8,2996.561,15326.2,2834,1392.2,38526,0.2,371.76,22,799.8,147235.6,6135,2698.8,422677,219.2,0,3.6,0.5761,25595.2,259430.7623,19075.0125,-1429.6805,2185.4
centered_candidate_000193_32e9ba69,centered-gaussian,5,5,0.2,2170.2,90,54.2,5814.6,3004.4718,15037.2,1659,1255.4,38467.4,0.2,353.7,21.2,788.6,106970.8,3288,2158.4,302260.8,242.2,0,3.8,0.6624,27888,176980.882,19169.4811,-1448.0359,2170.2
centered_candidate_000175_0d2b4e11,centered-gaussian,5,5,0.2,2166.2,80,65.4,5797.8,2995.6778,14927,1536,1365,38212,0.2,356.62,21.4,778.2,97381.4,2848,2476.4,270592.4,244.2,0,3.8,0.6135,27066,152059.0079,19125.3819,-1432.4389,2166.2
centered_candidate_000180_f1ee93c1,centered-gaussian,5,5,0.2,2158.4,329,69.2,5662.4,2929.0583,15377.8,3983,1306,38148.2,0.2,371.04,22.2,808.4,97794.8,8573,2284,273577.6,241.4,0,4.4,0.5716,31269.8,160942.2521,18840.5682,-1395.3292,2158.4
centered_candidate_000105_51b2b383,centered-gaussian,5,5,0.2,2139.2,85,62.6,5743.6,2990.5264,15099.8,1575,1336.4,38615,0.2,353.3,21.2,795.2,129150.4,3112,2566,369273.4,216.4,0,3.4,0.5748,24762.8,222540.1831,19268.4051,-1432.6632,2139.2
centered_candidate_000087_5dd8200d,centered-gaussian,5,5,0.2,2128.6,81,64.8,5707.2,2963.427,14764,1642,1405.2,37774.8,0.2,353.4,21.2,770.8,157781,2940,2266.4,455102.8,239.4,0,3.6,0.7411,26939.8,278772.831,19012.1313,-1416.9135,2128.6
centered_candidate_000149_0cf65df5,centered-gaussian,5,5,0.2,2121.2,44,32,5749.2,3005.4784,14752.4,1058,856.8,38526.2,0.2,341.2,20.4,775,126002.2,1994,1301,360956.8,205,0,3,0.6706,22680.4,215798.7775,19480.9944,-1470.7392,2121.2
search_candidate_000055_7047d3bd,random-phased,5,5,0.2,2081.6,337,44.6,5606,3073.9694,14592.6,3660,1043.4,37286.2,0.2,366.38,21,761,48495.4,8291,1816.6,130345.2,233,0,3.4,0.6013,25214.2,72520.5352,19456.6023,-1492.3847,2081.6
centered_candidate_000093_6d85b943,centered-gaussian,5,5,0.2,2066.2,104,63.6,5571.2,2947.5579,14710.2,1857,1315.4,37655.4,0.2,351.82,21,775.6,101411.4,3497,2468.4,287529.4,237.6,0,3,0.7529,24525,171082.5461,19039.3309,-1410.179,2066.2
centered_candidate_000106_ca76d90d,centered-gaussian,5,5,0.2,2063.6,233,82,5525.6,2966.231,14436.8,2830,1565.8,36614,0.2,370.74,21.4,746.2,144739.2,6525,2921,416492.4,228,0,3.8,0.5922,26306,258196.5503,18858.1973,-1401.1155,2063.6
centered_candidate_000004_7203a359,centered-gaussian,5,5,0.2,2058.8,250,67.6,5501.4,2930.7009,14624.6,3039,1362.8,37006,0.2,363,21.2,767.4,106442,6494,2481.8,300697.2,250.6,0,3.6,0.7432,27593.8,179089.007,18810.8951,-1397.7504,2058.8
centered_candidate_000082_83a86269,centered-gaussian,5,5,0.2,2032.4,316,57.4,5455.2,2980.9038,14473.6,3790,1251.4,36552.2,0.2,366.18,21,755.2,108056,8276,2258.8,308097,212,0,3.6,0.5688,26110.6,189586.8192,18924.1683,-1433.0519,2032.4
centered_candidate_000136_ee41c1bb,centered-gaussian,5,5,0.2,2025,117,27.4,5898.6,3785.9073,13402.6,1937,720,37364.2,0.2,296.04,17.4,703,209109.4,3394,1025.2,622431,201.6,0,3.6,0.6568,26653,411614.6915,23196.1974,-1865.5537,2025
centered_candidate_000178_5b399a77,centered-gaussian,5,5,0.2,2020,2612,783.8,2783,1036.9962,15220.6,19304,6988.4,20067.2,0.2,377.94,26.6,788.8,46207.8,60618,16917.4,64663.2,326.4,0,4.6,0.7815,34899.6,23954.0061,7180.5424,265.3019,2020
centered_candidate_000146_66e1b263,centered-gaussian,5,5,0.2,2006.6,112,43.6,5846.6,3784.9699,13393,2046,1021.4,37052.2,0.2,306.56,17.6,701.4,157733.8,3816,1517,467627.8,202.6,0,3.6,0.6054,25302,308590.4379,23163.5164,-1848.885,2006.6
centered_candidate_000158_b940ff3e,centered-gaussian,5,5,0.2,1978.4,106,49.4,5492.6,3115.9698,13849,1832,1121.2,36464.4,0.2,338.94,19.4,724.8,143162.2,3307,2039.8,418760.4,202.6,0,3.2,0.5561,23765.4,267341.7786,19674.1591,-1508.5849,1978.4
centered_candidate_000056_1028a35a,centered-gaussian,5,5,0.2,1975.4,63,40.2,5751.8,3661.9579,13313.2,1249,1015.2,37016.4,0.2,305.2,17.4,701.8,208502.2,2610,1684,619948,217.2,0,4.2,0.6048,29084,409171.6787,22661.8856,-1790.7789,1975.4
centered_candidate_000141_323ed60b,centered-gaussian,5,5,0.2,1963.8,87,31.2,5741.4,3703.9213,13240.6,1695,804.8,37014.2,0.2,294.86,17,699.6,206267,3262,1086.6,613816.2,196,0,3.4,0.5814,24915.4,405532.2096,23041.1388,-1820.7607,1963.8
centered_candidate_000102_b2a7ac7b,centered-gaussian,5,5,0.2,1959.8,142,52.8,5684.4,3686.5827,13291.8,2204,1179.4,36471.4,0.2,333.66,17.6,691.8,126475.2,5745,2039.8,371904.6,177.6,0,3.2,0.4748,21852.8,244255.5308,22772.5461,-1790.4914,1959.8
centered_candidate_000048_b4af07c0,centered-gaussian,5,5,0.2,1955.4,341,155,5161,2883.3991,13955.6,3695,2125,34612.4,0.2,390.12,21.2,719,98181.4,8397,4486.2,277356.4,239.8,0,4.6,0.5291,31267.2,172092.1779,18433.7911,-1286.6996,1955.4
centered_candidate_000174_f8d1346a,centered-gaussian,5,5,0.2,1948.4,88,67.6,5689.8,3736.3193,13045.8,1693,1474,35952.6,0.2,293.7,16.6,689.4,205858.8,2922,2703.8,611911.8,206.6,0,3.4,0.5819,25190.6,405954.14,22834.1155,-1800.5596,1948.4
centered_candidate_000026_d5e607ef,centered-gaussian,5,5,0.2,1939,90,61.4,5663.8,3708.078,13087,1599,1308.8,36271.6,0.2,293.1,16.6,693.6,158175.8,3206,2306.6,468986.2,201.8,0,3.2,0.6116,24470.6,310369.2985,22936.0368,-1792.639,1939
centered_candidate_000187_06d6fd89,centered-gaussian,5,5,0.2,1936.6,95,60.6,5340.6,2988.4148,13741.6,1686,1350.8,35833.4,0.2,348.98,19.6,718.4,85446,3230,2549.2,244394.4,206.6,0,3.6,0.5131,25646.2,150043.6307,19055.1362,-1433.6074,1936.6
centered_candidate_000108_2f9abdf8,centered-gaussian,5,5,0.2,1932.4,90,27.4,5685.6,3733.9539,12777.8,1581,774.6,36033.2,0.2,275.08,16,676,178079,2635,1122.4,530577,202.4,0,3,0.6467,23840.4,351950.143,22986.7055,-1839.5769,1932.4
centered_candidate_000018_e771c5d4,centered-gaussian,5,5,0.2,1892.4,531,53.8,5096.4,2994.5225,13250.2,4773,1231.4,33756,0.2,349.16,20,681,115065.4,10707,2356,332195.2,215.8,0,3.6,0.6448,26398.8,213306.394,18966.282,-1443.4613,1892.4
centered_candidate_000003_956af534,centered-gaussian,5,5,0.2,1885.8,59,34,5568.2,3675.6218,12541,1316,836.8,35550.6,0.2,271.66,15.4,666.4,209199,2320,1126.2,624348.4,197.6,0,3.4,0.6938,25545.6,414863.8911,22895.151,-1803.8109,1885.8
centered_candidate_000082_3b6a148f,centered-gaussian,5,5,0.2,1882.2,2320,93.6,3509.6,1522.704,13925.6,17968,1733,24238.8,0.2,337.56,23.6,724.6,51785,51435,3190,104795.2,311.8,0,3.4,0.9765,29074.4,45634.8964,10104.6437,-667.752,1882.2
centered_candidate_000155_64880207,centered-gaussian,5,5,0.2,1855.2,1687,110,3813.8,1652.1706,13776.8,14072,1976,26158.4,0.2,334.36,23.4,717,48582.6,35250,3488.8,107230.2,306.4,0,4.8,0.7104,35789.8,48953.5799,10739.6103,-716.0853,1855.2
centered_candidate_000184_7c01c2cb,centered-gaussian,5,5,0.2,1848.8,366,46.8,4542.2,2133.1724,13123.2,4067,1146,30459.4,0.2,307.44,21,682.4,64174.2,8595,2232.2,164174.8,282.4,0,4.6,0.6882,32998.4,80186.1344,13765.2505,-1019.7862,1848.8
centered_candidate_000155_973022a7,centered-gaussian,5,5,0.2,1765,220,51.2,5005.8,3139.5162,12481.2,3021,1196,33243.8,0.2,336.12,17.8,646.4,126781.8,7026,2162,371339,173.4,0,3.6,0.4802,24043.2,242787.2903,20045.8294,-1518.5581,1765
centered_candidate_000064_86b310a6,centered-gaussian,5,5,0.2,1761.8,250,88.6,4922.4,3070.1904,12355,3070,1528.2,32313,0.2,338.62,18,637.4,124776.8,7019,2684.8,364352.6,203.2,0,3.6,0.5773,25487.4,237638.1079,19289.8323,-1446.4952,1761.8
centered_candidate_000018_c47e8250,centered-gaussian,5,5,0.2,1760.4,1638,50.6,3659,1609.0742,13068,13448,1119,25450.8,0.2,316.34,22.2,680,50784.4,34259,1902.8,112870.2,293.8,0,3.2,0.8574,28311.4,50647.221,10765.4819,-753.9371,1760.4
centered_candidate_000119_e4253136,centered-gaussian,5,5,0.2,1754.8,82,47.6,4982.4,3002.7946,12277.8,1647,1087.8,33089.2,0.2,318.96,17.6,638.6,95967.8,3019,1726.2,280633.6,209.4,0,3.6,0.5707,26178.8,180538.7796,19234.8021,-1453.7973,1754.8
centered_candidate_000070_826db93b,centered-gaussian,5,5,0.2,1734.2,2819,39,2895,1384.5788,12981,20391,944.6,21445,0.2,318.06,22,677.8,40075.8,63908,1308,67209.6,300.2,0,4,0.6691,29388,31640.9234,9833.6049,-653.2894,1734.2
centered_candidate_000190_fb5ae48a,centered-gaussian,5,5,0.2,1725.6,114,95.2,4859.8,2974.5824,12364.8,1921,1674,32685.2,0.2,322.22,18.2,644,126505.6,3608,3101.4,370880.2,202.4,0,3.8,0.5969,26486.2,241413.7726,19095.6727,-1392.0912,1725.6
centered_candidate_000184_ad277213,centered-gaussian,5,5,0.2,1693.4,87,57.8,4860.4,3049.3775,11957.4,1668,1309.8,32272.6,0.2,338.54,17,620.8,95665.2,3577,2600,279210.8,212,0,3.6,0.4303,23980.4,180967.6125,19322.2302,-1466.8888,1693.4
centered_candidate_000165_a645560d,centered-gaussian,5,5,0.2,1686.4,92,55.6,4848.8,3062.7264,11901.6,1846,1203.4,32196.8,0.2,315.72,16.6,619.8,123797.6,4036,2182.4,364380.6,173.4,0,3,0.6091,21493.2,238833.972,19461.8929,-1475.7632,1686.4
centered_candidate_000147_ed3874c6,centered-gaussian,5,5,0.2,1681.4,75,54.6,4852,3070.2067,11807.2,1633,1246.2,32113,0.2,315.16,16.6,613.8,100160.6,3599,2429.4,293525,184.8,0,3.6,0.5768,25472.8,191462.6909,19499.3672,-1480.5033,1681.4
centered_candidate_000137_7be00ffb,centered-gaussian,5,5,0.2,1678.8,103,40.2,4837.2,3047.2919,11814.2,1915,944.6,32219.4,0.2,311.44,16.6,615.8,143824,3963,1573.8,425158.4,189.8,0,3.2,0.6787,23755.8,279053.1218,19446.9054,-1483.4459,1678.8
centered_candidate_000008_c70bd003,centered-gaussian,5,5,0.2,1673.2,194,61.2,4774.6,3058.8019,11897.8,2532,1311.4,31890.8,0.2,332.42,16.8,617.8,98048.2,6240,2309,286029.8,182.2,0,3.6,0.5648,24604.2,186984.639,19600.8867,-1468.201,1673.2
centered_candidate_000027_18e81485,centered-gaussian,5,5,0.2,1669,334,58,4109,1932.0526,12089.2,3608,1264.6,27970.6,0.2,301.86,20,623.6,58377.4,8083,2433.2,149876.6,251.4,0,4,0.629,29526.4,74055.9744,12589.7266,-908.0263,1669
centered_candidate_000073_e7bd6ac8,centered-gaussian,5,5,0.2,1661,189,66.6,4715.8,2983.8139,11852.4,2474,1423,31527.8,0.2,324.76,17,617.6,126459.6,5889,2414,371349.4,204.2,0,3.4,0.5877,24065.6,243689.9552,19044.9179,-1425.3069,1661
centered_candidate_000058_57d8c5e3,centered-gaussian,5,5,0.2,1660,89,38.6,4816.2,3080.1882,11690,1739,937.8,32151.6,0.2,300.08,16.2,611.4,101683.8,3309,1372.8,299744.4,178.4,0,3,0.6624,22332.4,196284.009,19774.4921,-1501.4941,1660
centered_candidate_000051_47ec554b,centered-gaussian,5,5,0.2,1652.2,126,78.6,4738.6,3050.8203,11747.8,2008,1561,31549,0.2,314.62,16.6,612.4,112464.6,3564,2729.8,330597.6,183.2,0,3.6,0.4976,24759,217152.7866,19511.7001,-1446.8102,1652.2
centered_candidate_000116_d2c3d110,centered-gaussian,5,5,0.2,1645.4,75,56,4760.4,3044.7236,11719.4,1551,1312.2,31881.6,0.2,308.28,16.4,612.6,100099.4,2630,2492.8,294194.6,175.4,0,3.2,0.5223,23127.6,192577.9025,19504.3358,-1466.3618,1645.4
centered_candidate_000178_e3f92251,centered-gaussian,5,5,0.2,1645,41,36.4,4785,3033.327,11472,1023,900.2,31892.2,0.2,304.18,15.8,598.6,82081.2,2142,1370.8,241309.8,191.8,0,3,0.6869,23087.8,156817.884,19512.795,-1480.2635,1645
centered_candidate_000180_82f65884,centered-gaussian,5,5,0.2,1645,111,43.2,4762.4,3057.6105,11596,2010,1029.2,31709.4,0.2,310.8,16.2,602.8,105495.6,3780,1708.4,310595.4,170,0,2.8,0.5562,20525.6,203598.4793,19605.3557,-1485.6053,1645
centered_candidate_000093_08607ceb,centered-gaussian,5,5,0.2,1635.6,79,47.8,4752.2,3063.514,11523,1693,1124.8,31551,0.2,307.84,15.8,604,153440.6,3095,2088.6,454674.8,197.6,0,3.4,0.6144,24664.4,300183.067,19519.8329,-1483.957,1635.6
centered_candidate_000021_1e176ee2,centered-gaussian,5,5,0.2,1634.4,76,38.8,4792.8,3146.8647,11365.6,1589,930,31703,0.2,278.66,15,597,121103.6,2841,1380,359326.4,152.2,0,2.6,0.6108,19974.8,237874.2193,20200.921,-1534.6323,1634.4
centered_candidate_000137_330f0891,centered-gaussian,5,5,0.2,1632.6,1827,60,3314,1516.528,11845,14811,1271.8,22061.4,0.2,317.76,21.2,602.2,56197,39664,2208.8,133039.8,306.4,0,3.8,1.0557,32177.4,70203.6384,9636.1726,-698.264,1632.6
centered_candidate_000045_04b4b05d,centered-gaussian,5,5,0.2,1632,116,55.6,4734.6,3089.624,11419.2,1871,1295,31151.8,0.2,296.48,15.6,599,171477.2,3203,2480.2,508647.8,196.6,0,3.2,0.5801,24188,336790.4083,19570.1912,-1489.212,1632
centered_candidate_000079_cd27fc43,centered-gaussian,5,5,0.2,1631,64,62.8,4720.6,3022.2979,11587,1398,1373.4,31574.4,0.2,313.16,16,608.6,107433.4,2740,2517.6,316044,207.4,0,3.8,0.5241,26153,207026.5478,19376.4684,-1448.349,1631
centered_candidate_000143_9459f277,centered-gaussian,5,5,0.2,1628,76,38.4,4751.8,3080.0612,11450.6,1570,910.4,31729,0.2,292.26,15.4,603.6,70640.6,2610,1278,207530.2,190,0,3,0.6991,23097.2,135593.6246,19776.8014,-1501.6306,1628
centered_candidate_000043_a5dc02c5,centered-gaussian,5,5,0.2,1626.6,72,64.4,4707.2,3025.5637,11551.4,1557,1360.8,31410.2,0.2,303.92,16.4,603.8,110985,2846,2164.6,327269.6,196.6,0,2.8,0.6682,21522.4,215034.7933,19336.4166,-1448.3819,1626.6
centered_candidate_000007_c63729e8,centered-gaussian,5,5,0.2,1624.2,60,37.4,4741.8,3060.3363,11368,1276,905.6,31560.8,0.2,289.82,15.6,597.6,107351.4,2386,1398.6,317609.6,204.2,0,3.6,0.621,26484.2,208942.6971,19569.3847,-1492.7681,1624.2
centered_candidate_000168_50ea3da8,centered-gaussian,5,5,0.2,1621,88,50.6,4725.2,3087.6051,11335.4,1714,1158.8,31183.4,0.2,294.6,15.4,592,116775.6,3353,2257.8,344843.6,165.6,0,3.2,0.5573,22716.2,227728.9699,19649.5603,-1493.2025,1621
centered_candidate_000031_9115bf80,centered-gaussian,5,5,0.2,1620.2,104,34.6,4734,3098.0707,11282,1894,898.6,31230.4,0.2,283.46,15.2,592.4,123616.8,3434,1375.8,366395.6,180.2,0,3,0.6205,22669.6,242286.6043,19725.5415,-1514.4354,1620.2
centered_candidate_000098_0c4c3fb6,centered-gaussian,5,5,0.2,1617,65,40.8,4738.6,3100.1379,11261.8,1453,963.8,31301.4,0.2,293.1,14.8,592.4,94021.4,3224,1652.6,277211.6,180.2,0,3.4,0.5603,24134.6,182606.8602,19728.6341,-1509.2689,1617
centered_candidate_000114_397b1ddf,centered-gaussian,5,5,0.2,1615.2,84,57.6,4701.4,3070.979,11405.6,1628,1349,31201.2,0.2,295.52,15.4,599.8,170128,3110,2178.8,505133.8,179,0,3.2,0.6199,23202,334618.0461,19607.0021,-1477.8895,1615.2
centered_candidate_000141_e93cc8a1,centered-gaussian,5,5,0.2,1611.2,2161,69.8,2877.2,1282.7415,12363.4,16823,1464.8,21132.6,0.2,321.7,21.8,640.6,40047.6,51191,2583.8,72261,281,0,3.8,0.6988,29139,31505.0191,9010.8198,-571.5708,1611.2
centered_candidate_000009_d4b3d8f1,centered-gaussian,5,5,0.2,1610.2,51,34.2,4746,3128.9186,11092,1177,884.6,31232.4,0.2,272.72,14.4,584,119859.4,1999,1244.6,356357.6,167,0,2.6,0.6452,20347.4,236207.7625,20041.7008,-1530.2593,1610.2
centered_candidate_000097_b4383e0c,centered-gaussian,5,5,0.2,1609.8,91,59.4,4679.4,3063.6602,11355.8,1733,1299,31027.6,0.2,298.08,15.2,595.8,160832.6,3325,2489.2,476700.8,164.2,0,3.4,0.5251,23338.8,315706.0882,19588.1647,-1472.4301,1609.8
centered_candidate_000084_a97655cb,centered-gaussian,5,5,0.2,1609,81,40.2,4711.4,3091.0706,11165.4,1631,949.2,31037.8,0.2,283.58,14.8,587.2,112538,2901,1525.6,333355.6,183,0,3,0.6524,22616,220451.0811,19726.2878,-1505.3353,1609
centered_candidate_000142_ebf71b82,centered-gaussian,5,5,0.2,1608,67,57,4694.2,3075.5362,11282.8,1487,1272.8,31035.6,0.2,289.06,15.4,592.6,90971.8,2986,2086.8,267807,189.6,0,3.2,0.6291,23198.4,176615.6109,19628.62,-1480.7681,1608
centered_candidate_000183_db1b6e93,centered-gaussian,5,5,0.2,1607.8,94,50,4665.4,3019.0654,11328.8,1702,1137.2,31017,0.2,309.32,15.4,594.4,124889,3199,1872.6,369039.6,202.8,0,3.2,0.678,24244.2,242844.0092,19298.3079,-1459.5327,1607.8
centered_candidate_000199_bd6cdfca,centered-gaussian,5,5,0.2,1607.6,73,50.8,4695.2,3074.2625,11290.4,1532,1183,31126.8,0.2,287.64,15.4,592.4,126239.8,2996,1912.4,373919.8,178.4,0,2.8,0.5253,21500.4,247366.2518,19661.5989,-1486.3312,1607.6
centered_candidate_000200_55da04a9,centered-gaussian,5,5,0.2,1605.6,75,56.2,4683,3064.7514,11334.4,1578,1221.4,31195.6,0.2,284.44,15.4,594.8,86329.6,2600,1763.8,254582.6,158.2,0,2.6,0.6119,19969.8,167843.8283,19696.4104,-1476.1757,1605.6
centered_candidate_000110_f9f0a321,centered-gaussian,5,5,0.2,1604.8,95,69.6,4643,3021.2057,11466.2,1844,1492.4,31002.4,0.2,300.86,15.8,603.6,73712,3503,2863.4,214703.8,190.8,0,3.2,0.604,23490.4,140666.3732,19367.0546,-1441.0029,1604.8
centered_candidate_000196_f9e06d3e,centered-gaussian,5,5,0.2,1604.6,79,56.8,4669.2,3047.808,11325.8,1706,1217.8,31012.4,0.2,293.12,15.4,595.4,61369.4,3404,2002.4,178751.2,184.2,0,3,0.599,21443.6,116973.9536,19490.1753,-1467.104,1604.6
centered_candidate_000086_e414f80b,centered-gaussian,5,5,0.2,1602.2,59,43.8,4705,3099.4096,11099,1314,1080.8,30918.4,0.2,285.24,14.6,581.4,132609.6,2407,1909.6,393522.4,160.4,0,3,0.5349,21803.2,260788.3565,19774.8749,-1505.9048,1602.2
centered_candidate_000186_fca2cff5,centered-gaussian,5,5,0.2,1599.4,84,70.4,4629.8,3004.9872,11302.4,1669,1460,30676,0.2,318.46,15.6,590,82222,3322,2643.6,240167.4,199.6,0,3.4,0.509,24022.4,156939.2259,19133.5239,-1432.0936,1599.4
centered_candidate_000161_fe4f6522,centered-gaussian,5,5,0.2,1599,1587,55.8,3333.6,1502.6197,11913,12404,1239.8,23296,0.2,314.24,21,612.4,43581.4,33960,2098.2,96646,290,0,4.2,0.7219,32357,45080.6399,9914.7305,-695.5099,1599
centered_candidate_000151_a615c419,centered-gaussian,5,5,0.2,1591.2,55,39.8,4677.8,3080.9174,11045.4,1231,938.8,30961.6,0.2,271.58,14.6,581,93026.4,1809,1350.2,275851,164.4,0,2.8,0.6164,21045.6,182575.695,19826.1219,-1500.6587,1591.2
centered_candidate_000068_fb2e7fea,centered-gaussian,5,5,0.2,1584.6,51,42,4660,3072.7069,11041.4,1185,983,30955.8,0.2,272.78,14.6,580,121753.8,1963,1378.2,361942.2,151.6,0,2.8,0.5616,20618.6,240055.8202,19873.1982,-1494.3534,1584.6
centered_candidate_000110_d0b449d6,centered-gaussian,5,5,0.2,1584,58,35,4657.2,3060.0589,11089.2,1326,927.4,31023,0.2,281.98,14.6,584.6,100465.8,2381,1536.6,297488.2,172.4,0,3.2,0.6144,23459.6,196649.4318,19756.7798,-1495.0294,1584
centered_candidate_000017_bf5dfa5f,centered-gaussian,5,5,0.2,1583.8,78,48.4,4627,3033.6452,11208.2,1592,1134.8,30956.4,0.2,283.64,15.2,591.2,97956.8,2917,1740,289376.2,184.4,0,2.4,0.6505,19899.6,191156.8956,19634.1762,-1468.4226,1583.8
centered_candidate_000067_7e3f514c,centered-gaussian,5,5,0.2,1583.6,42,39.2,4660.6,3062.7559,10983.4,968,951,30896.8,0.2,279.18,14.4,578,127650.6,1870,1528.6,379393.6,175.4,0,2.8,0.6389,21108.8,251383.1692,19708.115,-1492.178,1583.6
centered_candidate_000099_3b882bfe,centered-gaussian,5,5,0.2,1577.6,61,42.2,4628.4,3041.2334,11053.6,1322,1046.2,30789.8,0.2,281.86,14.8,582.8,95103.6,2613,1582.8,281301,190.2,0,3.2,0.6459,23496.2,185966.3195,19624.5247,-1478.4167,1577.6
centered_candidate_000130_a8d4cb06,centered-gaussian,5,5,0.2,1574.2,42,37.8,4636.6,3052.4284,10941,1061,893.4,30793.2,0.2,276.62,14.4,574,115814.2,2176,1325.8,343979.4,154.6,0,2.6,0.5969,19548.4,227897.9039,19691.7614,-1488.4142,1574.2
centered_candidate_000104_68767f09,centered-gaussian,5,5,0.2,1511.4,165,86.6,3759.4,1778.0923,11039.8,2273,1714.2,25736.8,0.2,302.42,19,564.8,46660.2,5456,3070.2,118000.4,270.4,0,4.2,0.5763,30405.2,57157.7581,11628.2966,-802.4462,1511.4
centered_candidate_000149_5669c07b,centered-gaussian,5,5,0.2,1498.8,2117,95,2652,1172.4512,11596.4,16576,1756.4,19059,0.2,319.9,21.4,594.4,38918.6,53177,3059.6,69785,286.6,0,4.2,0.7427,32555.4,30493.6821,8044.1887,-491.2256,1498.8
centered_candidate_000011_0bf45460,centered-gaussian,5,5,0.2,1456.2,590,42.8,3426.4,1570.2828,10891.8,5931,1140.2,23631.6,0.2,292.54,19.2,561.4,51922.4,11754,2181.2,132830.8,288.4,0,4,0.8056,31053.8,67102.9872,10253.4206,-742.3414,1456.2
centered_candidate_000198_d30f2ba6,centered-gaussian,5,5,0.2,1456.2,1846,48.6,2699.8,1191.392,11464.4,15193,1148.8,20087.2,0.2,315.24,20.4,595.2,31359.2,36943,1907.6,58998.4,272.2,0,5,0.6043,34148.8,25396.4216,8603.569,-547.096,1456.2
centered_candidate_000170_d558474f,centered-gaussian,5,5,0.2,1445.8,252,45,3559.6,1673.3739,10600.6,3030,1093.8,24619.2,0.2,288.92,18.4,541.4,41571.6,6945,1929.6,104002.8,255.6,0,3.8,0.6949,28000,49681.1918,11110.9953,-791.6869,1445.8
centered_candidate_000028_2d03cd72,centered-gaussian,5,5,0.2,1437,81,35.8,3668.6,1764.832,10604.4,1683,890.6,25614.8,0.2,264.88,17.6,550.6,39087,2837,1418.2,101408.6,236.4,0,3.2,0.7124,25043.8,50057.3949,11873.6062,-846.616,1437
centered_candidate_000078_f27601d8,centered-gaussian,5,5,0.2,1433,148,37.8,3575.2,1696.5293,10565.2,2341,937.8,24844.6,0.2,272.62,18,546.4,40713.4,4745,1597.4,103956.6,263.6,0,3.6,0.7342,28483.8,50579.356,11347.1843,-810.4646,1433
centered_candidate_000024_bbdcd663,centered-gaussian,5,5,0.2,1364,1587,63.2,2618,1136.3526,10869,13359,1293.6,19534.8,0.2,310.24,19.6,563.6,30014,28846,2358.6,60386.2,272.4,0,4.4,0.643,31547.2,25901.7119,8142.2162,-504.9763,1364
centered_candidate_000007_fd13576a,centered-gaussian,5,5,0.2,1344.6,339,88.2,3235.2,1498.3904,10397,3637,1749.2,23131.6,0.2,295.28,18.8,532.2,37705.4,7738,3677.4,92880.8,245.8,0,4,0.6196,28691.4,44556.3844,10092.3025,-660.9952,1344.6
centered_candidate_000169_3d76d429,centered-gaussian,5,5,0.2,1337.4,105,45.4,3465.4,1706.5134,10001.8,1954,1117,24192.6,0.2,262.3,17.4,515.6,39473,3106,1675.6,105112.8,245.8,0,3,0.8659,24932.4,54992.3888,11300.4756,-807.8567,1337.4
centered_candidate_000032_3d172a1a,centered-gaussian,5,5,0.2,1296.8,360,33.2,3062.6,1423.0364,9911.4,4030,846.8,22157.6,0.2,277.22,18,507.6,32284.2,8574,1387.8,75547.4,257.6,0,4,0.6997,29508.4,35029.4344,9898.3773,-678.3182,1296.8
centered_candidate_000063_f04ac39e,centered-gaussian,5,5,0.2,1274.8,128,96.8,3216,1551.476,9886,2177,1899.2,22861.8,0.2,277.52,17.4,511.8,38031.2,4067,3672,98299.8,251.6,0,3.8,0.7136,28679,50547.9948,10318.1581,-678.938,1274.8
centered_candidate_000049_380fc0dc,centered-gaussian,5,5,0.2,1265.8,1546,61.8,2362.6,1028.7502,10089,13228,1356.4,17563.2,0.2,308.26,19,514.2,31250.4,30961,2728.2,60636.4,259.4,0,4.6,0.6274,33013,25663.028,7340.1894,-452.5751,1265.8
centered_candidate_000049_4e954ae8,centered-gaussian,5,5,0.2,1260.4,110,46.8,3093.2,1465.9941,9725,1962,1091.8,22393.6,0.2,264.04,16.8,505.4,36007,3741,1834.6,89821.8,238.6,0,3.6,0.7058,27723.2,42562.1158,10203.0089,-686.197,1260.4
centered_candidate_000097_c619d391,centered-gaussian,5,5,0.2,1247.2,1837,48.6,2172.8,986.6139,9955.6,13980,1096.8,17038.2,0.2,297.88,18.8,508.8,27453.2,41565,1862.6,46793.6,262.4,0,4.2,0.7558,31144,21087.5933,7329.8368,-444.7069,1247.2
centered_candidate_000010_b91753bb,centered-gaussian,5,5,0.2,1199.4,105,46.2,2920.2,1389.4997,9438,1973,1185.6,21545.2,0.2,273.08,16.8,489.4,28917.8,4177,2271.8,68285.8,256.8,0,4.2,0.6279,30054.8,31862.1405,9785.5989,-648.5499,1199.4
centered_candidate_000016_bfa2bbc1,centered-gaussian,5,5,0.2,1176,85,33.2,2872,1378.2283,9105.2,1621,837.2,21104.8,0.2,247.92,16,475,31073,2598,1211.2,76275.4,262.2,0,3.4,0.9326,28235.6,36155.6706,9797.8638,-655.9141,1176
centered_candidate_000074_f2d77b60,centered-gaussian,5,5,0.2,1162.2,92,42.8,3056.8,1550.3337,8961.2,1766,1065.6,21877.2,0.2,258.18,15.8,461.6,30602.2,3546,1808.6,80839.2,233.4,0,3.4,0.7209,26785.6,42737.9578,10423.9141,-732.3668,1162.2
centered_candidate_000073_6ea91a42,centered-gaussian,5,5,0.2,1131,71,56.8,2790.2,1321.2523,8902.8,1554,1320.8,20400.4,0.2,258.46,16.2,458.8,30085.2,2532,2324.6,75451.4,244.2,0,3,0.7552,25395.4,36018.1356,9221.584,-603.8261,1131
centered_candidate_000002_db436780,centered-gaussian,5,5,0.2,1106.4,80,38,2703.6,1291.0364,8763.2,1581,993,20175,0.2,250.8,15.8,453.2,25017.6,2781,1535.2,60194,233.2,0,3.6,0.7029,26841.4,28236.4523,9246.2029,-607.5182,1106.4
centered_candidate_000002_442e2b52,centered-gaussian,5,5,0.2,1066,66,44.2,2653.4,1259.5431,8401.2,1340,1051.8,19646.4,0.2,254.42,15.4,430,25665.4,2868,1773.8,61974.8,229.6,0,3.6,0.6487,27232.2,28962.0199,8949.6966,-585.5715,1066
centered_candidate_000179_27d3c956,centered-gaussian,5,5,0.2,1059,87,38.4,2660.6,1266.384,8472.4,1679,928.8,19940.6,0.2,253.6,15.2,437.8,25245,3355,1495.6,63062.2,224,0,3.8,0.6554,28192.6,30027.2743,9086.7126,-594.792,1059
centered_candidate_000037_7f7b02fe,centered-gaussian,5,5,0.2,1043.6,150,74.6,2519,1170.9004,8560.2,2338,1509.2,19120.4,0.2,265,16,441.4,24656.6,4492,2810.6,58688,243.2,0,3.4,0.7538,26828.2,26912.7235,8387.5851,-510.8502,1043.6
centered_candidate_000112_b7c251b5,centered-gaussian,5,5,0.2,1029.6,115,47.4,2883.6,1763.624,7781,1851,1093.6,20023.8,0.2,233.52,13.8,396.6,39474.2,3368,1938,111879.2,218.8,0,3,0.7855,24711.6,70144.9548,11434.5286,-834.412,1029.6
centered_candidate_000197_6597bd2a,centered-gaussian,5,5,0.2,979.4,88,58.2,2481.8,1196.6441,8012.2,1784,1314.6,18681.2,0.2,258.48,15.2,410,21780.6,3348,2381,53920.8,238.2,0,3.2,0.6473,24830,25986.432,8473.7225,-540.122,979.4
centered_candidate_000163_35e40d93,centered-gaussian,5,5,0.2,973,91,68.4,2758.4,1773.5857,7448,1625,1476,19163.6,0.2,220.24,12.8,383.8,34517.8,3327,2874.8,97333.2,204.4,0,4,0.5298,28172.8,62608.9109,11566.9277,-818.3929,973
centered_candidate_000107_ddf4648f,centered-gaussian,5,5,0.2,971,106,73.4,2406.2,1135.9678,7953.2,1901,1534.8,18123.6,0.2,259.16,15.4,404.8,23953.4,3528,2560.4,59240.6,240.2,0,3.8,0.6164,27696.4,28324.7312,8048.4969,-494.5839,971
centered_candidate_000062_fe087f28,centered-gaussian,5,5,0.2,964.2,90,60.8,2312.4,1093.589,8042.2,1767,1420.2,17776,0.2,255.4,15.2,414,22284,3509,2440.4,51532.8,229,0,3.8,0.6323,28683.2,23852.1462,7948.1094,-485.9945,964.2
centered_candidate_000150_db550a69,centered-gaussian,5,5,0.2,961.6,76,50,2437.6,1171.5659,7860.8,1479,1091.2,18531,0.2,250.84,14.6,403.2,23490.6,2870,1977,59593.8,219,0,3.4,0.769,26934.6,29361.306,8441.043,-535.7829,961.6
centered_candidate_000138_c7e3aa1b,centered-gaussian,5,5,0.2,956.4,62,41.2,2326.2,1111.7044,7862.2,1304,1009.8,18041,0.2,246.8,14.6,405.2,22319.2,2630,1583.8,53273.2,224.6,0,4,0.6216,29231.8,24932.3806,8248.6764,-514.6522,956.4
centered_candidate_000021_d3dd9e55,centered-gaussian,5,5,0.2,919,61,44.8,2260.8,1070.7409,7772.4,1303,1041,17943,0.2,245.14,14.4,404,22038.4,2664,1590,53456.4,223.6,0,3,0.819,24895.4,24933.0594,8156.3361,-490.5704,919
centered_candidate_000077_039b2326,centered-gaussian,5,5,0.2,895.6,50,38.6,2598.4,1700.213,6701,1191,929.2,17987.2,0.2,198.86,11.6,343.2,27261.8,2009,1412,78317.4,203.8,0,3.2,0.7072,24158.8,50879.3448,11235.5864,-811.5065,895.6
centered_candidate_000100_f2cf5775,centered-gaussian,5,5,0.2,895.2,82,50,2273.6,1097.7618,7461.2,1673,1268,17273.4,0.2,254.12,14.4,379.2,22165.8,3375,2425.6,55245.8,220.2,0,2.8,0.7697,23374,26863.3791,7768.1234,-498.8809,895.2
centered_candidate_000047_ab56f788,centered-gaussian,5,5,0.2,838.4,56,37.6,2423.6,1579.8296,6433.2,1302,932.4,17131.4,0.2,197.3,11,331.4,24287.2,2185,1497.2,69173.2,192.4,0,2.8,0.6913,22295.2,44591.7841,10620.2412,-752.3148,838.4
centered_candidate_000029_8ff9297e,centered-gaussian,5,5,0.2,832.8,57,39,2404.2,1566.1288,6427.2,1244,937,17125.2,0.2,195.6,11,332.4,23638.2,2000,1497.6,67343.2,197.4,0,3.4,0.6827,25231,43427.9184,10602.7353,-744.0644,832.8
centered_candidate_000193_d313d788,centered-gaussian,5,5,0.2,760.4,57,52.6,2087.4,1210.5796,6298,1368,1236.6,15634.6,0.2,222.2,12.2,317.6,18779.6,2475,1908,50280.4,196,0,3.4,0.6986,25119,29057.3147,8414.0222,-552.6898,760.4
centered_candidate_000103_abf4e292,centered-gaussian,5,5,0.2,759.4,85,56,2130.8,1353.5683,6172.2,1690,1196.8,15610.6,0.2,210.64,11.6,313.8,23695.6,3770,2031.2,65481,200,0,3,0.6214,23508.2,41401.1907,9249.1805,-620.7841,759.4
centered_candidate_000148_91999e83,centered-gaussian,5,5,0.2,724.4,88,52.6,2016.8,1252.9627,6048.2,1735,1253.8,15032.8,0.2,219.1,11.6,306.4,18822.6,3184,2031,50990.2,199.4,0,3.2,0.6703,24271.2,31270.6935,8591.1337,-573.8813,724.4
centered_candidate_000103_e3b2d650,centered-gaussian,5,5,0.2,687.6,67,32,1953.2,1234.932,5690.8,1475,859.4,14670.8,0.2,193.66,10.8,290,19929.8,2386,1269.8,55874.6,188.2,0,3,0.7175,23431.6,35131.6266,8615.5984,-585.466,687.6
search_candidate_000008_a1b4dcf5,random-phased,5,5,0.2,685.6,72,38.6,1647.6,777.9873,6076.8,1522,959.8,13471.6,0.2,227.16,12.6,306.8,13589,2150,1229.6,31813,215.6,0,2.8,0.7029,22884.4,14734.531,6012.5137,-350.3937,685.6
centered_candidate_000016_f48421cb,centered-gaussian,5,5,0.2,684.6,76,66,1909.8,1220.2302,5881.2,1633,1431.6,14575.6,0.2,204.94,11,303,20057.4,2830,2464.2,54820.6,189,0,3.2,0.5861,24410.6,34534.3667,8630.3022,-544.1151,684.6
centered_candidate_000033_0dd2957f,centered-gaussian,5,5,0.2,681.2,41,36.2,1955.4,1256.1236,5550,1038,918.6,14576.8,0.2,185.66,10.4,283.6,18512.2,1624,1427,52304.8,192,0,2.8,0.7331,22833.4,33442.0984,8805.9374,-591.8618,681.2
centered_candidate_000030_c3e8f0d3,centered-gaussian,5,5,0.2,658.2,66,49.8,1812.8,1085.9977,5638.2,1449,1127.2,13954.2,0.2,216.24,11,284.4,16118.8,2581,2035.8,42793.6,191,0,3.8,0.6125,26852,25241.2745,7695.7024,-493.1988,658.2
centered_candidate_000039_f5648982,centered-gaussian,5,5,0.2,646.8,78,35,1833.2,1175.787,5370.2,1596,850.2,13780.8,0.2,198.44,10.2,272,15787.8,3304,1328.8,43017.2,190,0,3.4,0.6315,24606.2,26837.2767,8256.0188,-552.8935,646.8
centered_candidate_000040_fa6897d2,centered-gaussian,5,5,0.2,643.4,65,29.4,1829.4,1162.2973,5364.8,1346,808.2,13897.8,0.2,191.66,10.2,273,15401.8,2588,1217,42416.2,189.2,0,2.8,0.783,22913.8,26485.8717,8254.0217,-551.7487,643.4
centered_candidate_000113_6ad95c9e,centered-gaussian,5,5,0.2,639.6,52,37.2,1823.4,1170.8456,5270,1206,892.6,13669.8,0.2,190.18,10.2,265.6,15572.8,2550,1372,42832.4,186.4,0,3.2,0.6364,23890,26913.9325,8249.1804,-548.2228,639.6
centered_candidate_000119_c692ebbb,centered-gaussian,5,5,0.2,637.8,64,39.2,1813,1167.6759,5400,1420,964.4,13858.6,0.2,197.6,10,278.2,17554.6,2631,1620,48473.6,200.2,0,3,0.7102,23388.8,30599.9285,8302.7303,-544.6379,637.8
centered_candidate_000132_b109ebba,centered-gaussian,5,5,0.2,625.8,37,32.2,1778,1106.7732,5289.2,910,817.2,13789.2,0.2,198.9,10.2,267.6,15164.4,1483,1129.6,41970.8,187.8,0,3.6,0.6461,26477.8,25397.3808,7979.4787,-521.1866,625.8
centered_candidate_000029_357bed75,centered-gaussian,5,5,0.2,612.6,128,37.8,1662,993.2405,5393.4,2030,926.8,13137.6,0.2,205.5,11,271.8,15855.4,3572,1500.4,42188.2,194.2,0,2.8,0.6906,23321,24972.5287,7147.4012,-458.8202,612.6
centered_candidate_000164_4ed99ced,centered-gaussian,5,5,0.2,607,76,48.4,1697.6,1083.6084,5248.6,1476,1120.4,13141,0.2,193.52,10.2,267,15855.6,2718,1884,42974,183.4,0,3.2,0.7122,24393,26974.1133,7800.432,-493.4042,607
search_candidate_000018_e6467705,random-phased,5,5,0.2,603.6,89,37.4,1444,674.43,5616.2,1664,978.2,12268.8,0.2,235.14,11.8,281.8,11834,3264,1807.4,26256.4,203.8,0,4,0.5015,26983,11644.2309,5397.4168,-299.815,603.6
centered_candidate_000075_31bd155e,centered-gaussian,5,5,0.2,601.2,77,47.8,1683.4,1075.9833,5177.8,1546,1135,12920.8,0.2,196.18,10.4,260.4,14237.4,2781,2080.2,37977.6,187.6,0,3.4,0.6607,25490,23589.502,7657.3954,-490.1917,601.2
general_top10-median-phased_03338617,top10-median-phased,5,5,0.2,596.4,48,35.6,1698,1086.0034,5090.4,1161,882.6,13138.8,0.2,187.58,9.8,260.2,14445.6,1890,1216.6,39977.2,195.6,0,2.8,0.8112,23216.4,24928.4774,7822.3891,-507.4017,596.4
general_topN-median-phased_2b32916a,topN-median-phased,5,5,0.2,596.4,48,35.6,1698,1086.0034,5090.4,1161,882.6,13138.8,0.2,187.58,9.8,260.2,14445.6,1890,1216.6,39977.2,195.6,0,2.8,0.8112,23216.4,24928.4774,7822.3891,-507.4017,596.4
centered_candidate_000162_96902ced,centered-gaussian,5,5,0.2,590.4,95,43.8,1583.2,907.1685,5315.8,1779,1030.8,12761.2,0.2,216,11.2,265.2,13896.2,3257,1907.6,35509.6,196.8,0,3.4,0.6114,25610.2,19815.3045,6697.0434,-409.7842,590.4
centered_candidate_000046_d5942849,centered-gaussian,5,5,0.2,582.8,38,29.4,1679.6,1090.6338,4925.2,899,794.4,13033.8,0.2,177.16,9.4,250.4,13877.4,1610,1039,38976.4,172.6,0,2,0.9109,18850.8,24834.5772,7991.4614,-515.9169,582.8
centered_candidate_000038_6b2de4c5,centered-gaussian,5,5,0.2,576.4,68,45,1615.8,1030.4078,5018.4,1494,1091.8,12486,0.2,195.84,10,254,14466.2,2682,1882,38897.2,196.4,0,2.6,0.7381,21683.4,24264.319,7369.1169,-470.2039,576.4
centered_candidate_000166_8b73c93c,centered-gaussian,5,5,0.2,532.2,86,59.2,1454.8,915.9935,4872.4,1696,1328.4,11647.2,0.2,202.02,9.8,246.2,12677,3264,2416.6,32394,181.2,0,3.2,0.6369,23641.6,19435.629,6691.0582,-398.7968,532.2
centered_candidate_000005_4850c091,centered-gaussian,5,5,0.2,530.8,102,37.4,1465.6,922.0584,4827.8,1908,895.8,11858.8,0.2,186.36,9.8,245.2,12300.6,3118,1362.4,32703.8,180.6,0,2.8,0.7214,22333.2,20064.7006,6838.2424,-423.6292,530.8
centered_candidate_000035_36780f55,centered-gaussian,5,5,0.2,522.6,83,51.8,1432.6,895.4759,4822.6,1661,1171.2,11638,0.2,203.9,10,241.6,13541.2,3173,2314.6,35148.6,181.8,0,3.4,0.4981,24517.4,21217.4305,6601.3636,-395.9379,522.6
centered_candidate_000020_23f09a97,centered-gaussian,5,5,0.2,518,161,58.2,1300.6,700.9759,5000,2296,1239.8,11197.6,0.2,215.68,11,248,12029.2,4897,2303,28448.4,183,0,2.8,0.7247,21858.4,14913.9603,5513.8369,-292.2879,518
general_top5-average-phased_62277e71,top5-average-phased,5,5,0.2,474,116,39.8,1244.4,708.907,4598.6,2081,968.6,10674.8,0.2,216.98,10.2,225.8,10356.2,4283,1593.4,24781.6,185.8,0,3.2,0.5866,24261.8,12918.3113,5555.1906,-314.6535,474
centered_candidate_000109_9fbfadf9,centered-gaussian,5,5,0.2,468.2,79,39.4,1286.8,802.3205,4409.2,1544,983.4,10700.4,0.2,180.56,9.4,221.8,11205.8,2709,1396.2,29521,179,0,2.4,0.8601,21153.8,17835.4429,6074.2252,-361.7602,468.2
centered_candidate_000139_416faebe,centered-gaussian,5,5,0.2,466.6,91,47.6,1265.2,786.0386,4515.6,1753,1187.6,10650.2,0.2,198.42,9.4,228,11490.2,3246,2396.4,28869.2,180.2,0,2.6,0.679,21160.8,17220.2524,6004.6966,-345.4193,466.6
centered_candidate_000088_fa7de62c,centered-gaussian,5,5,0.2,465.8,89,53,1253.2,774.4819,4438.6,1662,1185.2,10454.4,0.2,190.94,9.6,222.4,10898.6,2874,2122.6,27609.6,189,0,2.8,0.8299,23287.2,16456.4297,5892.5692,-334.2409,465.8
centered_candidate_000088_454f0495,centered-gaussian,5,5,0.2,448.8,85,65.2,1196.6,741.1927,4428.4,1661,1416.8,10242.6,0.2,196.14,9.4,223.2,10901.2,3052,2462.8,27290.8,178.8,0,3.2,0.6828,24500,16262.6607,5755.5032,-305.3963,448.8
centered_candidate_000023_895926e9,centered-gaussian,5,5,0.2,443.6,82,48.6,1203.4,751.8847,4255.6,1651,1115,10043.2,0.2,190.1,9,212.6,9574.4,2969,1892.2,23966.2,171.8,0,2.4,0.7671,20292.6,14132.6204,5659.9022,-327.3424,443.6
centered_candidate_000041_f9d0b840,centered-gaussian,5,5,0.2,434.8,81,39,1186.4,734.1282,4258.8,1646,950.8,10226.6,0.2,186.68,9,215,11444.2,3041,1564.8,29861.2,176.4,0,2.4,0.7044,20524.6,17953.7002,5715.2353,-328.0641,434.8
centered_candidate_000100_5e46f185,centered-gaussian,5,5,0,1862.8,358,34.8,4461.4,2110.0832,12993.4,3819,858,29840.8,0,294.76,20.8,682,58184.2,7905,1323.2,140515.2,285.2,0,4.2,0.6089,31837.4,66944.7323,13684.0501,-1020.2416,1862.8
centered_candidate_000177_62779ffe,centered-gaussian,5,5,0,1600.4,1887,55,3139.8,1395.4311,12072,14885,1264.8,22255.4,0,326.92,21.4,628.8,38869.4,46127,2833,75196.6,289.4,0,4.4,0.7047,32144.8,33259.2526,9475.181,-642.7155,1600.4
centered_candidate_000094_4cbad12f,centered-gaussian,5,5,0,1485.4,160,38.4,3732,1776.6692,10949.2,2338,938.8,26053.4,0,278.48,18.2,577.4,37437.8,4711,1662.6,94945.6,260,0,4,0.5972,29090,45854.2654,11960.9164,-849.9346,1485.4
centered_candidate_000135_1dd99192,centered-gaussian,5,5,0,1471,84,56.2,3637.8,1730.9841,10924.8,1681,1272.6,25521.4,0,277.88,18.2,577.6,35501.4,3246,2209.8,85961.8,262.8,0,4.2,0.571,30360,40480.0258,11694.4315,-809.2921,1471
general_top10-median-phased_84bffbcc,top10-median-phased,5,5,0,1469,1252,60.2,3265.8,1585.235,11004,9717,1333.6,22934,0,311.46,19.8,568,31871.4,22416,2164.4,73288.6,267.8,0,4.8,0.6316,33332,36627.882,10350.6672,-732.4175,1469
general_topN-median-phased_aad352e3,topN-median-phased,5,5,0,1469,1252,60.2,3265.8,1585.235,11004,9717,1333.6,22934,0,311.46,19.8,568,31871.4,22416,2164.4,73288.6,267.8,0,4.8,0.6316,33332,36627.882,10350.6672,-732.4175,1469
centered_candidate_000028_ae021816,centered-gaussian,5,5,0,1460.4,64,43.8,3626.2,1733.8965,10707.8,1340,1053.4,25337.4,0,271.42,17.6,565,36108,2883,1644.2,89622.6,251.4,0,3.8,0.706,28346.8,42412.5505,11738.1647,-823.1482,1460.4
centered_candidate_000014_11e34967,centered-gaussian,5,5,0,1440.4,66,56.6,3600,1713.9074,10600,1464,1290.2,24947.4,0,268.92,17.8,556.8,42512,2448,2168.2,108280.8,244,0,3.4,0.6946,26822.2,52171.9854,11422.8895,-800.3537,1440.4
centered_candidate_000115_7ed83bdd,centered-gaussian,5,5,0,1340,1628,103.6,2500.4,1072.0979,10351.4,13023,1872.4,17853.8,0,334.02,20.2,525,29670.4,28836,3756.8,58450.8,286.4,0,4.4,0.6096,31340,24679.398,7187.5013,-432.449,1340
centered_candidate_000116_1a80855a,centered-gaussian,5,5,0,1337,77,42.2,3322.2,1583.0786,9893.6,1529,1029.2,23248.8,0,260.26,17.2,518,33848,2637,1400.2,84572.2,258.6,0,4,0.6803,30122.4,40132.785,10690.8229,-749.3393,1337
centered_candidate_000153_d2cd8cef,centered-gaussian,5,5,0,1280.6,65,43.6,3290.6,1594.4178,9521,1409,1025.8,22909.4,0,259.42,16.6,497.2,40410,2511,1477.4,105508.6,247,0,3.2,0.7578,26176.2,52496.6655,10585.6622,-753.6089,1280.6
centered_candidate_000096_05a8d4be,centered-gaussian,5,5,0,1236.6,79,44.6,3025.8,1446.8014,9485.8,1577,1120.2,21906.8,0,261.24,16.8,498.2,31909.6,2813,1701.8,77624,248.2,0,3.2,0.8011,26346.6,36654.0662,10057.3137,-678.8007,1236.6
centered_candidate_000167_5153d7e9,centered-gaussian,5,5,0,1115.8,435,51.6,2687.2,1270.5632,8759.4,4156,1252,19584,0,285.92,17,446.4,24919.8,10092,2408.6,59146.2,239.8,0,3.6,0.7063,27473,28116.3629,8694.5648,-583.6816,1115.8
centered_candidate_000126_c20e78c6,centered-gaussian,5,5,0,1041,61,42,2592.8,1231.4676,8258,1364,1022.8,19288.6,0,248.92,15.2,432.8,23780,2428,1673.4,57553,238.8,0,3.4,0.7336,26994.6,26941.1994,8784.9365,-573.7338,1041
search_candidate_000004_46ea4438,random-phased,5,5,0,1021,413,59.6,2618.8,1485.203,8008.6,4208,1342.8,18729.2,0,264.7,15.4,410.4,20127.6,9493,2614.4,48951.4,238.2,0,5,0.4483,32582.8,26901.1863,9889.686,-683.0015,1021
centered_candidate_000026_635d659a,centered-gaussian,5,5,0,1009.4,113,66,2485.2,1166.9916,8198,1965,1363.8,18629.2,0,256.18,15.6,427.2,22538.4,3514,2171.6,54817.4,234.2,0,3.6,0.7506,26788.4,25588.2938,8257.9723,-517.4958,1009.4
centered_candidate_000148_57d324a7,centered-gaussian,5,5,0,1009.2,301,84.8,2399,1106.1156,8319.4,3321,1606.8,18191,0,283.34,16.2,430,22116.6,7774,3037.4,51451.2,248.4,0,4.6,0.6275,31591.8,23731.5077,7841.6117,-468.2578,1009.2
search_candidate_000161_a3d1561a,random-phased,5,5,0,963.8,50,38.2,2805,1838.6081,6979,1194,874,18925.6,0,191.42,11.6,366,24207,1917,1239.4,69583.8,189.4,0,2.6,0.7496,22511,45230.0712,11873.4587,-881.1041,963.8
centered_candidate_000057_d27a399f,centered-gaussian,5,5,0,960.4,44,37.2,2425.4,1158.4574,7680,1078,930.2,18221.2,0,238.5,14.4,400.6,20218.4,1524,1430.8,50259,224,0,3.2,0.7738,26259.8,23749.5224,8351.0509,-542.0287,960.4
centered_candidate_000138_248fae0d,centered-gaussian,5,5,0,943.8,83,58.8,2690.8,1738.1606,7108,1586,1329.4,18375,0,214.02,12.4,371,37411.6,2756,2478.4,106950.6,201.6,0,2.8,0.6439,22368.2,69380.118,11119.6222,-810.2803,943.8
centered_candidate_000071_7fa4c310,centered-gaussian,5,5,0,934.4,89,39.4,2413.2,1190.6137,7480.6,1713,935,17880.8,0,243.34,14.2,387.2,21447.2,3429,1414.8,54818.8,217.4,0,3.4,0.6849,26077,27450.6162,8297.3413,-555.9069,934.4
centered_candidate_000175_e634c2aa,centered-gaussian,5,5,0,915.6,78,58.4,2564.2,1573.9327,7077,1564,1361.6,17930.2,0,235.96,13.2,363.6,39548.2,3141,2700.6,112012.6,211.4,0,3,0.6666,23872.8,71146.6371,10231.5035,-728.5664,915.6
centered_candidate_000161_26d8f7af,centered-gaussian,5,5,0,915.4,93,48.8,2302.2,1099.2886,7468,1814,1089.4,17321.8,0,257.54,14.4,385.8,20409.4,3829,2010,49505.8,228.2,0,4.6,0.5077,31193.6,23122.983,7798.1447,-500.8443,915.4
centered_candidate_000067_7db6b416,centered-gaussian,5,5,0,915.2,89,48.6,2336.2,1137.4583,7240.4,1752,1091.6,17116,0,248,14.4,368.2,20856.4,3409,1705.2,52451.6,225.6,0,4,0.5883,28705.8,25693.7724,7920.677,-520.1291,915.2
centered_candidate_000010_94ed5196,centered-gaussian,5,5,0,910.2,95,30.6,2583.2,1614.0014,6866.8,1815,855.2,17804.4,0,220.16,12.6,353.6,32514.8,3963,1254.2,92338.4,210.8,0,3.4,0.6677,25890.8,58640.778,10354.5222,-776.4007,910.2
centered_candidate_000051_7cf4f53b,centered-gaussian,5,5,0,908,41,29.2,2646.6,1723.6168,6654.6,974,838.6,18017.8,0,195.64,11.4,347.2,32079,1565,1239.8,93132.6,195.2,0,2.6,0.7484,22232,60500.4417,11106.4609,-832.6084,908
centered_candidate_000006_0a9dd02b,centered-gaussian,5,5,0,901.2,64,39.2,2305.8,1117.5887,7350,1312,1010,17477.2,0,241.04,14,383,21832,2247,1595.6,55527,224.8,0,3.4,0.6371,25460.4,27187.9977,8029.2441,-519.5944,901.2
centered_candidate_000185_55bf8994,centered-gaussian,5,5,0,884.4,114,44,2481,1545.9877,6829.2,1925,1045.6,17439.2,0,224.68,12.6,352.6,32651.6,3437,1746.8,92324,207.4,0,3,0.6617,24121.2,58487.7608,10177.1718,-728.9938,884.4
centered_candidate_000192_d1658ee9,centered-gaussian,5,5,0,837.8,117,59.4,2329.6,1462.8172,6686.2,2027,1233,16707.4,0,234.96,12.4,346.4,22541.8,3356,2287,61412.8,209.2,0,3.2,0.6096,23943,37836.0059,9651.7896,-672.0086,837.8
centered_candidate_000068_00538666,centered-gaussian,5,5,0,836.8,115,45.2,2208,1169.0676,6766,2056,1049,16269.4,0,252.9,13.6,342.8,21615.2,4281,1720.6,56366.4,220.6,0,3.4,0.6125,25384.2,30488.0396,8022.9387,-539.3338,836.8
centered_candidate_000017_c0f25594,centered-gaussian,5,5,0,825.6,84,60.4,2337,1506.7367,6364.6,1616,1254.6,16278.8,0,207.24,11.6,331,30455.6,3141,2103.6,86285.2,205.2,0,3,0.7524,23815,55610.2226,9831.1808,-692.9683,825.6
centered_candidate_000120_561b3696,centered-gaussian,5,5,0,807.2,64,50.8,2305.2,1493.4334,6343.8,1403,1163.8,16435.4,0,206.36,11.2,333.8,27034.8,2717,2002.4,76427.6,198,0,3,0.7611,23241.8,49157.2733,10001.2186,-695.9167,807.2
centered_candidate_000107_53df2dc3,centered-gaussian,5,5,0,799,95,44.4,1914.8,902.0632,6776.2,1645,1047.6,15095.6,0,238.86,13.6,349.8,17954,2935,1686,41915.8,211.6,0,3,0.7311,24668.6,19348.0352,6736.3431,-406.6316,799
centered_candidate_000084_889a5299,centered-gaussian,5,5,0,777.4,80,38.6,2211,1412.163,6011.4,1589,985.6,15469.4,0,194.54,11.4,310.2,21012.8,2750,1392.4,58961.8,196.2,0,2.6,0.6349,22227.6,37422.739,9215.164,-667.4815,777.4
centered_candidate_000036_54e8a517,centered-gaussian,5,5,0,759.4,191,73.8,2029.4,1245.0146,6335.6,2551,1490.2,15064,0,244.96,12.6,324.8,20238.4,5687,2848.6,52417.4,218.4,0,3.8,0.5555,26633.4,31370.9978,8479.0874,-548.7073,759.4
centered_candidate_000139_7ebfca4b,centered-gaussian,5,5,0,740.6,110,54.6,1986.2,1131.2571,6247.6,1861,1229,15072.8,0,227.28,12.6,321.6,19716.2,3505,2447,51643.6,206.6,0,3.2,0.6771,24811,29581.5829,7895.6931,-511.0286,740.6
centered_candidate_000152_124c7596,centered-gaussian,5,5,0,735.6,109,79.4,1960.4,1130.884,6233.4,1934,1592.6,14766.6,0,227.24,12.8,319.6,18128.2,3447,2789.4,46838.4,206.4,0,2.8,0.7709,23131,26607.1903,7819.8032,-486.042,735.6
centered_candidate_000092_6cd402c3,centered-gaussian,5,5,0,720,96,79.8,1946.6,1167.2755,5947.8,1848,1604.2,14110.6,0,227.46,12.4,300.4,15639.8,3339,2971.6,39723.6,204.8,0,3,0.6329,23466.4,22748.7865,7672.6027,-503.8377,720
centered_candidate_000124_d0f8cc60,centered-gaussian,5,5,0,715.4,73,66.6,1970.4,1200.5363,5968.6,1589,1380.6,14644.4,0,223.36,12,306.4,20314,2899,2554.4,54650.6,206.8,0,3.2,0.6022,24433,33042.3065,8197.1792,-533.6682,715.4
centered_candidate_000095_03d27fa1,centered-gaussian,5,5,0,710.8,124,57.4,1707.6,788.9313,6118,2149,1274.8,13291.2,0,253.52,13.2,307.2,15307,4091,2578.4,34335.6,219.8,0,3.4,0.7014,26621.2,15111.2645,5683.5878,-337.0656,710.8
centered_candidate_000121_716794a0,centered-gaussian,5,5,0,689.4,298,139.2,1625.4,896.6535,5855.4,3456,2048.6,12021.4,0,259.12,13.4,284.6,18735.4,7964,4185.2,44129.8,209.4,0,4.2,0.5472,28782,24575.8193,5865.3885,-309.1267,689.4
centered_candidate_000085_bc45429b,centered-gaussian,5,5,0,686.4,65,53,1937,1240.3818,5459.6,1375,1230.8,13736.6,0,199.04,10.8,279.2,16647.2,2666,1842.8,45522.4,197,0,3.4,0.6166,25309.6,28692.1713,8187.8615,-567.1909,686.4
centered_candidate_000165_2940f69b,centered-gaussian,5,5,0,685.4,65,46.4,1934.2,1227.1549,5691.8,1369,1089.8,14502.2,0,198.86,10.6,299.6,18481.8,2800,1862.8,50635.6,191.6,0,3.2,0.6902,24164.8,31709.1074,8565.7707,-567.1774,685.4
search_candidate_000006_fbfb871e,random-phased,5,5,0,661.8,250,31.6,1529.2,694.0629,5529.8,3198,857.4,11558,0,262.16,12.8,266.6,12665.4,8223,1332.8,26813.6,228.8,0,3.4,0.6419,24863.2,11480.8558,4870.6438,-315.4315,661.8
centered_candidate_000169_42791242,centered-gaussian,5,5,0,656.4,91,44.8,1828.2,1144.9785,5569.8,1697,1162.6,13763.2,0,208.94,10.8,290,16078,3356,1951.4,42875.4,192,0,3,0.6458,23288.4,26176.0068,7876.5416,-527.6893,656.4
centered_candidate_000047_b70de94d,centered-gaussian,5,5,0,653.2,71,59.2,1829.4,1173.9232,5507.4,1478,1276,13768.4,0,199.06,11,285.6,18078.6,2648,1965.4,49594.8,194.2,0,2.6,0.7378,22086.2,31262.9091,8221.2552,-527.7616,653.2
centered_candidate_000131_4d3a262d,centered-gaussian,5,5,0,651.4,63,47.2,1810.6,1106.135,5300.4,1449,1134.4,13025.6,0,218.28,11,264.4,18890,2254,1970.4,51497.2,184.2,0,2.6,0.7939,21093.2,31174.9182,7217.2225,-505.8675,651.4
centered_candidate_000052_4556e053,centered-gaussian,5,5,0,644,80,60.8,1739.2,1014.2907,5593.8,1608,1374.2,13405.2,0,224.8,11.4,287.6,14176,3099,2393.6,36168.6,201.4,0,3.2,0.5897,24100.4,20472.5581,7164.7025,-446.3453,644
centered_candidate_000048_2aaa6412,centered-gaussian,5,5,0,643.2,88,84,1703.6,984.1125,5606.4,1667,1588,13122,0,227.14,11.8,285.8,15057.2,3441,2887.6,37927.4,204.6,0,3.4,0.6496,25647.8,21343.1345,6888.7112,-408.0562,643.2
centered_candidate_000066_00a26ccc,centered-gaussian,5,5,0,636.6,123,30,1774,1119.4691,5377.8,2107,797.8,13452.8,0,196.24,10.6,279.6,14695.4,4066,1308,39172.6,188.2,0,3.2,0.6167,23781.2,23944.9468,7818.8494,-529.7345,636.6
centered_candidate_000101_a736d4f7,centered-gaussian,5,5,0,628.8,59,48.2,1757.8,1095.9939,5298,1380,1157.4,13138.6,0,220.26,10.6,269.6,15947.4,2784,2272.6,42256.8,184.8,0,3,0.5604,22267.8,25311.2125,7463.6249,-499.7969,628.8
centered_candidate_000136_924fcdf7,centered-gaussian,5,5,0,626,234,76.4,1579.6,908.1357,5579.8,3055,1457.2,12400.6,0,240.44,12.2,280,16510.6,6755,2532,40709.2,197.6,0,3.2,0.6271,24626,23200.8545,6492.5905,-377.6678,626
centered_candidate_000060_e6b5ac0b,centered-gaussian,5,5,0,620.2,64,34.4,1761.2,1127.1004,5011.8,1338,866,12849.2,0,189.64,10,256.6,15031.4,2402,1356.2,41368.2,189.2,0,2.2,0.6956,19149,25934.0673,7662.5955,-529.1502,620.2
centered_candidate_000004_48a41a3d,centered-gaussian,5,5,0,617,67,49.6,1733,1110.0665,5234.6,1417,1113.4,13131,0,195.94,10.2,272.8,15159.8,2517,1692,41145.6,186.2,0,3.2,0.6978,24238.2,25645.3951,7776.7621,-505.4332,617
centered_candidate_000086_be7de54f,centered-gaussian,5,5,0,613,81,44.2,1718.6,1097.1405,5266.4,1578,1036.6,13210.2,0,199.52,10.2,275.6,15474.6,2913,1667.2,41901.2,188.8,0,2.8,0.6621,21889.6,26072.7904,7782.2004,-504.3702,613
centered_candidate_000044_ab16d7f3,centered-gaussian,5,5,0,609.8,120,71,1601,919.2522,5477.6,1938,1472.6,12705.8,0,219.94,11.6,281.4,14407,3504,2750.8,36187.2,199.4,0,3.6,0.6318,26798.2,20336.2514,6631.9312,-388.6261,609.8
centered_candidate_000117_97763bac,centered-gaussian,5,5,0,603.4,60,53,1663.4,1008.2342,5117.4,1363,1226.8,12438.8,0,216.98,10.8,258,14839.8,2610,2337.6,38799.4,196.4,0,3.4,0.5872,24696.8,22796.3803,6808.6191,-451.1171,603.4
search_candidate_000152_fae817a0,random-phased,5,5,0,590.4,41,37,1690.2,1094.3249,4840.6,950,913.6,12593.2,0,180.34,9.4,251.4,14746.8,1517,1357.2,41250,184.6,0,2.6,0.8178,21578,26288.2049,7643.0549,-510.1625,590.4
search_candidate_000150_52fe424d,random-phased,5,5,0,589.6,76,39,1451,681.158,5158.2,1525,948.4,11594,0,234.1,11.8,256.4,10880.8,2732,1498.6,24991.6,228.6,0,3.2,0.6871,23986.2,11174.9417,5095.2377,-301.579,589.6
search_candidate_000169_06bb3b65,random-phased,5,5,0,585.2,82,70,1519,820.5075,5292.6,1691,1421.2,12145.8,0,234.04,11.6,267.8,11833.8,3073,2607.2,28092.8,210.6,0,3.4,0.5403,24610,14020.9437,5975.4535,-340.2538,585.2
centered_candidate_000095_9fadf3b4,centered-gaussian,5,5,0,584.6,81,34.2,1644.4,1047.9562,4924.2,1575,907.6,12344.8,0,198.44,9.8,253.4,14585.8,3035,1539.4,39344.4,186,0,2.8,0.7014,21372.4,24388.4835,7234.5919,-489.7781,584.6
centered_candidate_000134_6c839b30,centered-gaussian,5,5,0,581.6,91,53.8,1557,901.6996,5157.6,1651,1191,12296.4,0,217.6,11,262.4,15866.8,3084,2368.8,41251.4,194.8,0,3,0.6322,23868.6,23851.4051,6494.6792,-397.0498,581.6
centered_candidate_000104_720c087a,centered-gaussian,5,5,0,581.4,75,67.8,1600.4,1015.3164,4918,1661,1369.6,11753.4,0,204.14,10.4,248.8,16087.2,3332,2427.6,42587.6,193.6,0,2.6,0.7179,22263.2,26304.1948,6768.0191,-439.8582,581.4
centered_candidate_000189_54c5fdaf,centered-gaussian,5,5,0,579.6,88,33.4,1616.2,1010.4919,4995.6,1619,878,12488,0,189.98,10.2,258.6,12769,2691,1332.2,34163.2,186.6,0,3,0.6315,23943.4,20712.4102,7184.6586,-471.8459,579.6
search_candidate_000166_df4e4e68,random-phased,5,5,0,577.8,88,60.2,1436.2,694.8754,4969.2,1640,1309,10886.4,0,217.06,11.8,244.2,10747.2,2799,1916.2,25196.2,220.6,0,2.8,0.7484,23007.6,11770.903,4764.2333,-287.2377,577.8
centered_candidate_000061_775d5b8f,centered-gaussian,5,5,0,542,71,43.6,1461.2,838.8237,5054.6,1565,1099,12064.4,0,214.68,10.6,260.8,14249.8,2535,1958.6,37039,182,0,2.8,0.6811,21672.8,20961.0482,6260.6379,-375.8119,542
search_candidate_000036_3c9cea7e,random-phased,5,5,0,523.8,165,79.4,1151.6,507.9722,4741.8,2347,1565.2,9118.8,0,258.16,12,225.8,10378.6,4938,2764.2,20889.2,241.6,0,3.8,0.5059,25376.2,8448.5131,3552.2256,-174.5861,523.8
centered_candidate_000118_10497af5,centered-gaussian,5,5,0,519,73,42,1444.2,916.1526,4597.8,1561,1027.6,11247.2,0,192.46,9.6,237.2,13544.8,2720,1735.4,36124.6,190,0,2.6,0.7193,21461.8,22282.7917,6537.7171,-416.0763,519
centered_candidate_000174_9c3b3f7e,centered-gaussian,5,5,0,495.6,51,48,1385.8,885.7197,4430.2,1256,1180.6,10850.2,0,188.46,9.4,227.6,11605.2,2290,1870.8,30663.4,183.4,0,2.4,0.8048,20274.4,18981.5476,6389.6039,-394.8599,495.6
centered_candidate_000151_678f2699,centered-gaussian,5,5,0,484.8,58,35.4,1349.4,840.7548,4347.4,1330,893.6,10710,0,186.84,9.4,222.6,11099.2,2445,1439,29157,186.6,0,2.6,0.7616,21550.4,17418.774,6078.6916,-384.9774,484.8
centered_candidate_000053_dbc65487,centered-gaussian,5,5,0,482.2,63,53.8,1304.6,784.1169,4513.8,1405,1231.8,10693.8,0,210.62,9.8,230.2,11436.8,2652,2053.4,28981,188.6,0,2.6,0.7531,20720.8,16416.2054,5834.2764,-338.2585,482.2
search_candidate_000073_eba9424d,random-phased,5,5,0,480.2,361,54.8,1051.8,497.733,4635,4059,1244.8,8955.8,0,232.08,11.6,225.6,9924.2,8358,2351.8,19854.4,202,0,3.4,0.6705,24696.4,8777.2272,3818.5937,-194.0665,480.2
search_candidate_000061_092e80d3,random-phased,5,5,0,475.8,113,69.8,1240.2,742.3803,4454,1837,1392.2,10084.2,0,197.8,10,226.8,11061.6,3342,2669.8,26966.8,189,0,3.2,0.5757,23653.2,15440.3863,5407.918,-301.3902,475.8
centered_candidate_000160_b59a1672,centered-gaussian,5,5,0,440.6,118,55.2,1125.2,624.9395,4187.4,2091,1242.8,9043.8,0,208.88,10,207.2,10261.6,3944,2130.4,24259.4,189.6,0,2.8,0.6551,22244,12606.1301,4274.783,-257.2698,440.6
centered_candidate_000083_3318f4c0,centered-gaussian,5,5,0,413.8,42,38,1155.4,731.7167,3935,1011,914.4,9779.2,0,180.6,8.4,204.4,9973.6,1740,1389.4,26571.8,178.2,0,2.4,0.7504,20185.2,16160.7496,5659.9194,-327.8584,413.8
search_candidate_000065_e8a66c1d,random-phased,5,5,0,399.2,88,49.2,1057.4,639.5659,3946.6,1782,1118.8,8942.6,0,198.94,8.8,202,8623.8,3783,2021.8,20202.8,185,0,3,0.5893,22419.2,11129.6226,4772.6447,-270.583,399.2
centered_candidate_000045_bf51dad9,centered-gaussian,5,5,0,376.4,67,62.2,998.8,618.8204,3664,1496,1338,8180,0,187.56,8.8,182.6,9266.2,2603,2246.4,22906.4,179,0,3.6,0.653,25945.6,13474.6678,4473.712,-247.2102,376.4
search_candidate_000165_123e30c0,random-phased,5,5,0,370,60,44,994.8,603.6983,3468.8,1302,1024.8,7949.4,0,179.24,8.4,172,7292.4,2105,1406,18113.2,185.8,0,2.6,0.7572,20831,10272.4364,4233.1846,-257.8491,370
search_candidate_000182_805e75c7,random-phased,5,5,0,340.6,62,35.4,923.8,571.4965,3207.8,1268,843.6,7506.6,0,178.8,8,158,7184.2,2110,1337.8,17940.2,197.4,0,3,0.666,23132.8,10285.8329,4112.4175,-250.3482,340.6
general_top10-average-phased_6e84bf9a,top10-average-phased,5,5,0,340.4,86,32.6,909.4,557.8672,3309.6,1707,860.6,7468.6,0,181.78,8.2,162.6,7182.2,3175,1159.2,17469.6,177.4,0,2.8,0.6861,22038.8,9890.5832,4005.1633,-246.3336,340.4
search_candidate_000062_e03f40cc,random-phased,5,5,0,331.4,238,102.2,655.6,302.0275,3564,3027,1654.8,6023.4,0,239.28,9.8,167,7354.4,6521,2869.8,12915.2,207.4,0,4.2,0.4582,26946.8,5129.821,2284.8691,-48.8138,331.4
search_candidate_000001_07411703,random-phased,5,5,0,310.2,48,34.2,850.6,537.4374,3083.6,1135,835.8,7322.4,0,167.56,7.6,154.6,6709.6,1850,1141.2,17215,181.8,0,2.4,0.7926,20049.6,10294.7499,4160.9193,-234.5187,310.2
search_candidate_000037_d537a6f7,random-phased,5,5,0,305,57,43.4,809,491.3203,3012.2,1268,1019.4,6681.6,0,179.22,7.8,145.4,6315.2,2247,1496.6,15201.4,176.4,0,3,0.6665,22743.4,8563.4255,3502.144,-202.2601,305
centered_candidate_000196_575b8ec7,centered-gaussian,5,5,0,275.4,83,67,675,393.9551,2999.4,1619,1429,5945.4,0,179.86,8,145.6,6695.4,2764,2512,14761,167.2,0,3,0.6111,22567.8,7876.3056,2878.3738,-129.9776,275.4
search_candidate_000104_1e0be154,random-phased,5,5,0,257.6,121,85.4,506.6,198.5846,3005.6,2034,1637.8,4928.2,0,192.22,8.6,143.6,5964.6,4285,2892,10060.8,183.2,0,3.6,0.4804,24819,3285.6635,1534.5848,-13.8923,257.6
centered_candidate_000050_1e83491b,centered-gaussian,5,5,0,243.2,58,44.2,628.4,381.4695,2692.8,1296,1130.8,5646.4,0,165.32,7,133,5532.4,2238,1887,12480,161.6,0,3,0.6524,22373,6811.4225,2907.5093,-146.5347,243.2
search_candidate_000110_ab5868ec,random-phased,5,5,0,234.4,151,127.6,424.2,181.9006,2962.8,2341,2144.2,4387.4,0,187.66,8.4,144,5876.4,4681,4138.6,8899.4,171.8,0,4,0.521,26276.8,2908.5086,1356.1024,36.6497,234.4
search_candidate_000126_d9f15b63,random-phased,5,5,0,229.4,61,30.6,595.4,351.525,2485.4,1292,749,5442,0,148.58,6.8,123,4661.6,1762,886.4,11319.4,174.6,0,2.4,0.7227,20554.6,6282.816,2769.3514,-145.1625,229.4
search_candidate_000116_2b57e401,random-phased,5,5,0,227.2,64,30,509.4,227.0396,2623.6,1257,669,5252.6,0,147.82,7.2,131.2,4847,1862,856,10311.6,165.8,0,3.2,0.678,23563,4448.2879,2136.8672,-83.5198,227.2
search_candidate_000134_bb9f0c2a,random-phased,5,5,0,223.4,78,48,504,228.9625,2484.2,1566,1071.8,4539.2,0,190.44,7.6,112.6,5368.6,2791,2102.4,10152.6,190.8,0,3.2,0.61,23255.2,3793.0799,1661.1569,-66.4813,223.4
search_candidate_000078_3e9d053d,random-phased,5,5,0,220,40,35.4,585.2,364.0071,2334.8,969,893.4,5138.6,0,153.58,6.2,114.8,4730,1280,1186,11716,172.2,0,1.8,0.8532,17511.2,6955.3174,2780.5385,-146.6036,220
centered_candidate_000030_69227642,centered-gaussian,5,5,0,216.8,194,81.6,388,150.4838,2717.6,2568,1658.8,4027.4,0,206.64,8.2,124.2,5652.6,5992,3125.8,8310.2,173.8,0,2.8,0.5629,20719.8,2404.1177,1131.9796,6.3581,216.8
centered_candidate_000144_d24e8f25,centered-gaussian,5,5,0,205,59,54.4,497.6,284.697,2438,1304,1222.4,4709.8,0,162.2,6.8,118,4859.2,2321,2189.8,9909.4,156.6,0,2.4,0.7018,19270.4,4769.5034,2145.9043,-87.9485,205
search_candidate_000154_999ecf2b,random-phased,5,5,0,198.2,88,70.2,437.2,236.1139,2517.8,1624,1444.8,4460,0,165.38,7,124.6,4953,3077,2708.8,9071.8,167,0,3.6,0.5246,24821.6,4056.799,1866.2995,-47.8569,198.2
centered_candidate_000089_e7d508f0,centered-gaussian,5,5,0,190.2,60,35.6,471,268.1868,2238.6,1337,942.8,4382.4,0,169.44,6.6,106.2,4796.8,2226,1498.6,10454.8,184.2,0,3.2,0.7898,24659.8,5265.8799,1974.355,-98.4934,190.2
search_candidate_000084_c80dbda6,random-phased,5,5,0,176.2,89,76.8,324.8,117.8429,2425.4,1790,1575.4,3637.4,0,181.74,7.2,115.4,4713.8,3157,2812,7466.6,166,0,3.6,0.4882,24992.6,2196.4638,964.1308,17.8785,176.2
search_candidate_000157_e3294f73,random-phased,5,5,0,168,50,27.6,429.4,255.7428,1952.4,1119,719.2,4087.6,0,138,6,93.6,3630.2,1395,860.2,8735.6,174.2,0,3.2,0.6712,24025.4,5003.5936,2056.9528,-100.2714,168
search_candidate_000142_c7b2d39e,random-phased,5,5,0,159.4,58,46.6,371.2,205.5516,2181.2,1260,1068,4164.4,0,145.3,6.2,109.4,3963.6,2062,1650,8075.2,157,0,2.2,0.7984,18949.2,3903.0698,1882.3066,-56.1758,159.4
search_candidate_000194_6b4e85fd,random-phased,5,5,0,158.6,76,63.8,329.4,156.5639,2205.2,1556,1318,3668,0,161.8,6.4,107.8,4190.8,2847,2450.6,7115.8,161.6,0,3.4,0.5266,23125,2560.8202,1283.1348,-14.4819,158.6
search_candidate_000185_7e5a017f,random-phased,5,5,0,157.6,85,65,291.2,106.1746,2235.8,1600,1395.4,3414,0,177.9,6.8,105.8,4417.4,3227,2636.4,6884,170,0,3,0.4796,21388.8,1971.5187,941.8657,11.9127,157.6
search_candidate_000113_d2d5f712,random-phased,5,5,0,152,163,54.8,241.6,82.348,2151.2,2367,1116.8,3020,0,199.32,6.6,99,4372.4,5230,1689.4,6607.8,187,0,3.2,0.4999,22115.8,2200.0582,851.449,13.626,152
search_candidate_000192_bf36650b,random-phased,5,5,0,150.8,88,87.4,276.4,124.6072,2208.2,1755,1666.8,3212.4,0,166.06,6.4,108,4453.6,3453,3256.8,6684.8,158.4,0,3.4,0.5403,23132.4,2192.9664,987.8013,25.0964,150.8
search_candidate_000072_5ed0d2db,random-phased,5,5,0,146.6,87,70.4,278.8,123.6036,2140.4,1731,1415.6,3256.2,0,174.32,6.4,102.8,4442.4,3292,2780.8,7145.6,171.6,0,3.6,0.5073,24302.8,2453.8044,995.3686,8.5982,146.6
search_candidate_000050_1d1180b5,random-phased,5,5,0,145,69,65,266.6,96.8318,2004,1463,1345.2,2964.6,0,179.64,6.6,94.4,4478.2,3006,2446.6,7235.4,222.4,0,2.6,1.0093,24190.6,2254.3589,763.2921,16.5841,145
search_candidate_000067_2700884c,random-phased,5,5,0,144,82,62.6,254.4,90.1221,2167.6,1587,1335.8,3251.8,0,167.92,6.6,104.2,3965.2,2860,2124,6296.8,162.8,0,3,0.5504,21402,1920.0482,896.0008,17.5389,144
centered_candidate_000089_f47fe4c4,centered-gaussian,5,5,0,142.6,119,37.2,287.4,133.3456,2018.2,2018,917,3323.4,0,156.38,6,97,4018.8,3691,1452.8,7316.2,151.8,0,2.2,0.6352,18473.2,3012.9754,1178.7596,-29.4728,142.6
search_candidate_000022_9d3aa314,random-phased,5,5,0,141,142,54.4,225.8,75.2808,2077.6,2140,1231.8,2842.2,0,201.48,6.4,92.4,4396,4090,1975.2,6914,158.4,0,3.6,0.5402,24645,2181.3508,716.6666,16.7596,141
centered_candidate_000074_4be9d594,centered-gaussian,5,5,0,140.6,62,56.4,293.4,137.9008,2084.8,1369,1250.6,3513,0,167.44,6,101,4384.6,2662,2529.2,7733.6,152.6,0,2.8,0.5899,20621.6,2993.2799,1232.523,-12.5504,140.6
centered_candidate_000058_f6e83e73,centered-gaussian,5,5,0,137.8,117,64.6,223.2,70.4483,2173.2,2021,1410.6,3007.6,0,175.6,6.4,104.6,4365.4,3919,2764.6,6251.6,153.2,0,2.8,0.6035,20856,1551.6405,705.234,29.3759,137.8
centered_candidate_000025_18eeddeb,centered-gaussian,5,5,0,134.8,63,51.2,290.4,153.7705,1937.4,1367,1131.6,3328.2,0,154.82,5.8,93.2,3637.8,2528,1826.4,6516.6,154.6,0,2.6,0.5834,20228.4,2720.9421,1353.6766,-25.6852,134.8
centered_candidate_000098_bdd5f5af,centered-gaussian,5,5,0,126,52,40.8,278.6,138.9345,1848.4,1324,953.4,3253.6,0,155.24,5.4,88.8,3778.6,2456,1561.8,7279.2,146.4,0,2.4,0.6113,19416,3126.6354,1237.5202,-28.6673,126
centered_candidate_000183_afa8b09f,centered-gaussian,5,5,0,123.6,69,47.2,241.8,97.2884,1907.6,1447,1153.4,2989.8,0,162.24,6,89.2,3819.8,2601,2049.2,6400.8,152.2,0,3,0.5187,21752.8,2081.8071,875.0775,-1.4442,123.6
centered_candidate_000112_81dc512d,centered-gaussian,5,5,0,121.8,45,37.6,278.4,147.6379,1667.6,1085,894.4,2988,0,139.64,5.4,78.4,3118.8,1450,1251,6543.6,162,0,1.8,0.8902,18092.8,3219.5956,1206.7047,-36.219,121.8
search_candidate_000075_86c176bd,random-phased,5,5,0,119.2,105,69,185.6,58.8639,1931.6,1808,1459.8,2550.4,0,161.74,6,92,3836.2,3635,2688.6,5304.2,154,0,3,0.5316,21396.6,1296.6218,561.6364,39.568,119.2
search_candidate_000051_db1687c5,random-phased,5,5,0,113.6,89,56.4,193.2,69.956,1897,1645,1246.6,2768.4,0,146.22,5.8,93.2,3324.6,3090,2030.4,4891.4,147.8,0,2.6,0.6423,20155,1393.979,766.7868,21.422,113.6
centered_candidate_000128_975298f6,centered-gaussian,5,5,0,109.4,51,34.6,241,122.6011,1707.4,1236,862.2,3021.2,0,147.86,5.2,81.6,3266.6,2441,1211.2,6245.8,144.6,0,2.6,0.6661,19817.6,2627.9973,1170.0394,-26.7006,109.4
search_candidate_000047_2d2948c1,random-phased,5,5,0,107,81,58,183.4,73.0397,1825.6,1632,1195.2,2683.6,0,147.12,5.6,89.4,3291.2,2956,1888.8,5012,148,0,2.8,0.6311,20920.4,1575.6774,796.9172,21.4801,107
search_candidate_000119_92a77a43,random-phased,5,5,0,104.2,84,40.8,196,85.1549,1710.6,1593,908.2,2765.8,0,136.44,5.2,84.8,2817.6,2410,1277,4951.8,148.6,0,2.2,0.7012,18414,1943.8582,967.152,-1.7775,104.2
centered_candidate_000105_4068b2cc,centered-gaussian,5,5,0,103.8,72,49.4,192.4,82.9395,1772.6,1582,1150.6,2645.8,0,157.22,5.6,83.6,3498.6,3126,1733.2,5808.8,147.4,0,2.6,0.5823,20131,2130.5847,800.4605,7.9303,103.8
search_candidate_000057_aa4c3fbc,random-phased,5,5,0,101,84,63,155.8,47.3667,1795.2,1611,1345,2403.8,0,158.56,5.4,87.6,3477.2,2896,2493.8,5024,153.2,0,2.8,0.5635,20358.4,1362.332,503.7731,39.3167,101
centered_candidate_000171_cea57e55,centered-gaussian,5,5,0,99.6,92,49,160,52.9097,1695,1715,1114.6,2301.2,0,150.72,5.2,81.2,3189.2,3227,1900,4510.8,143.8,0,2.8,0.5868,20843.4,1227.1726,552.9257,22.5451,99.6
search_candidate_000080_05c32079,random-phased,5,5,0,99.4,74,35.2,194,87.3192,1633.8,1479,906.6,2585.6,0,141,5.4,79.4,2875.6,2221,1345.2,5126.4,174.2,0,2.4,0.8178,20309.4,2000.8781,857.7098,-8.4596,99.4
centered_candidate_000146_59ca5bd8,centered-gaussian,5,5,0,96,41,31.6,205.2,94.0787,1606,977,838.2,2838.4,0,136.68,5,78.2,2918.2,1642,1174,5655.6,145.6,0,2.2,0.661,18678,2287.409,1023.8412,-15.4393,96
centered_candidate_000070_eea9041e,centered-gaussian,5,5,0,88.4,84,39,149.6,55.0222,1582.2,1665,893.6,2320.6,0,151.68,4.8,75.6,3096.6,3013,1331.6,5202.8,141,0,2.2,0.6718,17662.6,1914.5666,672.6555,11.4889,88.4
search_candidate_000106_9ad153c0,random-phased,5,5,0,86.6,75,57.2,126.8,34.8746,1627.8,1504,1305.2,2055.6,0,145.6,5,79.8,3106.6,2899,2448.4,3950.4,146.6,0,3.4,0.5477,23514.2,714.0741,362.114,39.7627,86.6
search_candidate_000122_5fc9854e,random-phased,5,5,0,86.4,59,36,168.6,78.0118,1493.6,1273,890.4,2375.4,0,144.88,4.6,71.8,2711.4,1920,1243.2,5064.2,149,0,2.4,0.7576,19001.4,2222.6926,815.4276,-3.0059,86.4
search_candidate_000091_facb8ebc,random-phased,5,5,0,85.2,41,37.8,177.2,91.412,1431.4,978,940,2373.8,0,150.88,4.4,67,2803,1679,1530,5185.4,146.8,0,2.6,0.5845,20042.8,2328.4751,926.1848,-7.906,85.2
search_candidate_000168_56e4d19b,random-phased,5,5,0,85.2,94,52.6,112.2,26.6863,1587,1706,1126.8,1961.4,0,141.4,5,77.4,2975,3267,1899.2,3925.8,148,0,2.6,0.602,19935.2,904.9276,375.5465,39.2568,85.2
search_candidate_000160_b60f6f65,random-phased,5,5,0,85,74,72.2,107.8,21.1566,1629,1568,1527.6,1791.4,0,140.62,5.2,80,3049.6,2890,2668.8,3605.8,151.4,0,3.2,0.5347,22543,489.4906,157.0987,61.6217,85
search_candidate_000083_6d875dc5,random-phased,5,5,0,84.6,106,48.4,108.6,28.7165,1636,1965,1077.2,1997.6,0,139.54,5,82.2,2845.4,3070,1811.8,3687.8,151,0,2.8,0.5892,21070.4,851.8508,442.0195,34.0417,84.6
search_candidate_000082_1bc9cd3a,random-phased,5,5,0,84.2,84,76.6,91.6,6.9397,1638,1652,1543.8,1720,0,133.48,5,84.2,3005.4,3105,2677,3258,158.8,0,3.2,0.5082,22341,270.5806,81.9732,73.1301,84.2
search_candidate_000094_8d498bb6,random-phased,5,5,0,84,90,57.6,107.4,22.1359,1612.8,1657,1228.6,1969.6,0,137.36,5,80.4,2954.8,3117,2002.6,3824,148.4,0,2.6,0.5764,19766,808.0593,325.9242,46.532,84
centered_candidate_000065_dc32d69c,centered-gaussian,5,5,0,82.4,100,40,116,34.5578,1586,1864,1009.2,1984.4,0,134.16,5,78.4,2712.4,3155,1603.8,3515.8,143.2,0,2.2,0.6619,18287.8,904.8774,458.8734,22.7211,82.4
centered_candidate_000099_3c8dc0a2,centered-gaussian,5,5,0,82.2,62,49,129.4,37.9231,1617.8,1438,1269.6,2098.6,0,140.66,5,79.8,2977.2,2369,2353.8,4049,141.2,0,2.6,0.657,19939.8,884.8287,393.1383,30.0385,82.2
search_candidate_000139_b5e9add9,random-phased,5,5,0,81.6,90,65.6,93.2,12.8623,1598.6,1665,1393.6,1764,0,135.72,4.8,81.2,2888.2,2993,2690.6,3030,148.2,0,2.8,0.5609,20509.8,158.3305,166.9965,59.1688,81.6
search_candidate_000005_9c52bcae,random-phased,5,5,0,81.4,72,53.4,122.2,37.7709,1597.2,1479,1241.2,2094.6,0,132.82,5,80.2,2581.6,2098,2071,3472,148.2,0,2.6,0.7076,19970.6,753.6186,436.4119,34.5146,81.4
search_candidate_000012_de8c2cf1,random-phased,5,5,0,81.4,86,68.8,89.6,11.0562,1561.6,1610,1420.4,1654.4,0,130.8,4.8,79.8,2671.4,2759,2249.8,3013.6,156.2,0,2.8,0.5913,20692.4,380.5137,126.1786,63.2719,81.4
search_candidate_000052_86ed3305,random-phased,5,5,0,81.2,65,50.2,127.6,42.5507,1495.4,1328,1107.4,2055.2,0,144.9,4.8,74.2,2639.6,2299,1681,4010.2,178.8,0,2.4,0.8182,20609.6,1285.2436,520.0083,28.9247,81.2
search_candidate_000188_b4f22fe0,random-phased,5,5,0,81.2,81,57.2,106.2,22.3911,1595.2,1663,1264.6,1899.2,0,146,5,79,2829.8,3070,2070,3457.6,159.6,0,3.2,0.5806,22302.8,623.3684,298.7436,46.0045,81.2
centered_candidate_000132_e81c9e76,centered-gaussian,5,5,0,80.8,66,44.6,127.6,39.3822,1534.2,1346,1066,2095.8,0,137.78,4.6,76.2,2822.4,2419,1659.4,4169.6,140,0,2.8,0.6053,20865,1139.3529,475.5626,24.9089,80.8
search_candidate_000107_0b5568a8,random-phased,5,5,0,80.8,41,30,165.2,74.4134,1449.2,1006,857.6,2394,0,148.98,4.6,68.4,2673,1920,1249.6,4835.6,151.4,0,2,0.7651,18285,1931.2821,803.2082,-7.2067,80.8
search_candidate_000149_78d2935b,random-phased,5,5,0,80.4,72,67.6,101.4,19.5202,1574.4,1491,1354.2,1870.4,0,135.16,5,77.8,2866,2642,2363.8,3592.4,145.6,0,2.8,0.6014,20438.8,625.7006,263.1612,57.8399,80.4
search_candidate_000096_5da8a50f,random-phased,5,5,0,79.8,77,60.4,100.2,18.28,1573.2,1610,1271,1840.8,0,135.86,5,77.8,2825.2,2878,2088,3543.6,147.6,0,3,0.5518,21849.6,678.2644,266.7624,51.26,79.8
search_candidate_000196_e1e60127,random-phased,5,5,0,79.4,80,62.2,95.6,15.1868,1567.2,1593,1334,1765.4,0,142.6,5,77.2,3104,3232,2550,3578.8,157,0,2.8,0.5285,20652.6,465.6162,202.4494,54.6066,79.4
centered_candidate_000130_adf09a31,centered-gaussian,5,5,0,79.2,86,49.6,108,26.9325,1561,1666,1171,1910.6,0,137.56,4.8,77.2,2777,2895,2007.4,3502.6,139.2,0,2.4,0.6305,19180.2,692.9505,332.1187,36.1337,79.2
search_candidate_000102_cc046907,random-phased,5,5,0,79.2,78,51.6,106.4,26.4076,1519.2,1601,1090.4,1847,0,127.46,4.8,76.2,2523.4,2753,1522.6,3303.2,147.4,0,2.4,0.6937,18791.4,867.0849,386.2219,38.3962,79.2
search_candidate_000195_7e72dcab,random-phased,5,5,0,78.6,80,55.4,104,22.8613,1527.4,1590,1170.6,1889.6,0,134.68,4.8,77.4,2730.2,2700,1868,3586.4,164,0,3,0.5656,21496.2,768.2344,332.9826,43.9693,78.6
centered_candidate_000066_234a13a4,centered-gaussian,5,5,0,78,88,43.8,109.2,29.5229,1480.8,1595,1062.6,1861.8,0,130.82,4.6,73.4,2560,2719,1749.8,3368,141.6,0,1.8,0.785,16602.2,747.938,362.7343,29.0386,78
search_candidate_000190_4e6dac6d,random-phased,5,5,0,78,78,44.4,112,29.6581,1495,1500,1019.8,1967.4,0,130.12,4.8,74,2347.2,2400,1487.4,3183.2,148.6,0,2.2,0.604,18154.6,747.1989,418.2186,29.571,78
search_candidate_000178_80539417,random-phased,5,5,0,76.8,42,24.4,164.8,81.416,1357,1005,752.4,2319,0,141.82,4.4,63.8,2557.8,1530,970,5140.8,151.4,0,2,0.71,17059.2,2317.7351,870.163,-16.308,76.8
centered_candidate_000012_d0cce885,centered-gaussian,5,5,0,76.6,64,35.4,124,39.4745,1488.6,1372,919.4,2121,0,137.8,4.4,74.6,2648.6,2395,1576.6,3885.2,142.8,0,2.4,0.6971,19193.4,1025.6691,535.9413,15.6627,76.6
search_candidate_000133_6fd7aaca,random-phased,5,5,0,76.6,77,66.8,87.4,9.6042,1550.2,1560,1396.2,1716.4,0,141.94,4.8,78,2907.6,2700,2600,3384.8,160.4,0,3,0.5073,21619.6,402.1033,153.5609,61.9979,76.6
centered_candidate_000129_a098b5c0,centered-gaussian,5,5,0,76.4,83,62.2,86.2,11.3772,1542,1556,1379.6,1680.4,0,137.36,4.8,76,2602.2,2673,2255.4,2931.6,139.6,0,2.4,0.6641,19158.2,307.6527,138.1883,56.5114,76.4
search_candidate_000128_ac52a459,random-phased,5,5,0,76.2,70,57.8,101.2,22.9382,1496.8,1484,1268.2,1761.4,0,131.96,4.8,73.8,2647.2,2386,2244.4,3294.8,146,0,2.8,0.6057,20314.8,577.7579,237.9112,46.3309,76.2
centered_candidate_000090_a0a1cc7a,centered-gaussian,5,5,0,76,57,41.8,130.8,52.5129,1500.4,1287,1027.8,2194.8,0,150.12,4.6,71.8,2897.2,2209,1616.8,4892.8,138.8,0,2.6,0.5778,19734.8,1886.2525,652.3378,15.5436,76
centered_candidate_000140_a8f2cf62,centered-gaussian,5,5,0,74.4,61,60,99.2,20.8288,1516,1347,1317.6,1846.2,0,143.48,4.6,74.6,2900,2684,2385.8,3586.8,140.4,0,2.4,0.582,18578,563.6896,276.892,49.5856,74.4
search_candidate_000189_e6a9d19c,random-phased,5,5,0,74.4,88,44.2,95.4,24.5976,1448.6,1696,1011,1704,0,127.4,4.6,73.6,2218.8,2580,1366,2809.6,159.8,0,2.4,0.6167,19392.4,689.4097,361.0798,31.9012,74.4
search_candidate_000009_d85036d0,random-phased,5,5,0,74,58,38.8,121,39.5929,1426,1308,920.2,2008.2,0,156.5,4.6,65.8,2877.6,2334,1478,4662.4,149,0,2.6,0.6303,19870.4,1575.2081,510.3583,19.0035,74
centered_candidate_000054_d7526819,centered-gaussian,5,5,0,73.8,65,61.4,91,13.7753,1534.4,1444,1369.6,1753,0,140.6,4.4,77.8,2822,2682,2451.4,3315,137.2,0,2.4,0.5901,18972.8,411.0192,175.2422,54.5123,73.8
search_candidate_000179_6920a002,random-phased,5,5,0,73.2,80,41,103.6,28.8264,1479.4,1539,1017,1933.6,0,129.8,4.6,75,2290,2190,1481.8,3247.6,150.8,0,2.8,0.6477,21490,827.9775,427.1902,26.5868,73.2
centered_candidate_000056_b181d30f,centered-gaussian,5,5,0,72.6,42,40.8,124.8,41.8072,1428.2,1007,987.4,2136.8,0,132.18,4.2,71.6,2519.2,1632,1508.8,4047.6,134.6,0,1.8,0.711,16357.2,1209.9814,561.8524,19.8964,72.6
centered_candidate_000182_8ab9ac45,centered-gaussian,5,5,0,72.6,81,47.8,92,20.0459,1475.6,1576,1119,1750.6,0,140.68,4.4,73.2,2770.6,3051,1844.4,3529.2,139.2,0,2.2,0.688,17687,759.4694,292.7843,37.777,72.6
search_candidate_000144_dafd6d04,random-phased,5,5,0,72.4,74,51,95,20.0459,1441.4,1436,1123.8,1794.6,0,126.92,4.8,71.4,2483,2136,1700,3475.2,154.8,0,2.8,0.6063,20735,820.7748,312.1619,40.977,72.4
search_candidate_000167_9bc31399,random-phased,5,5,0,72.4,66,58,90.6,14.7323,1396.4,1319,1235,1597.4,0,131.62,4.4,69.8,2508.2,2372,2110,2979.6,155.8,0,2.6,0.5936,19395,388.4556,165.8669,50.6339,72.4
search_candidate_000187_228e6fe9,random-phased,5,5,0,72.4,74,58,85,12.8779,1462.4,1503,1235,1645,0,122.96,4.8,73.6,2420.6,2540,1885,2879.8,152.8,0,2.6,0.6171,19736.2,463.9882,198.6349,51.5611,72.4
search_candidate_000059_ccd7a40b,random-phased,5,5,0,71.2,70,57.8,85.4,12.1885,1474.6,1467,1231.8,1733.2,0,136.02,4.6,73.4,2705.8,2540,2089.6,3394,146.8,0,3,0.5885,21438.8,579.3536,222.7398,51.7057,71.2
centered_candidate_000157_5d108695,centered-gaussian,5,5,0,71,58,41.4,108.4,30.3315,1440,1327,992.4,1964.6,0,131.22,4.4,72.2,2490,2266,1700,3430.2,141.2,0,2.4,0.5881,19052.4,773.8679,434.1732,26.2342,71
search_candidate_000163_dd6aea38,random-phased,5,5,0,70.8,82,43.8,91.4,21.6924,1488.6,1715,1034.8,1789,0,137.1,4.4,75.8,2610.6,2661,1535.2,3584.6,146.4,0,2.4,0.6703,19053.4,917.0825,363.3228,32.9538,70.8
search_candidate_000114_55b6fe60,random-phased,5,5,0,70.2,68,62,79.6,7.8588,1408.8,1394,1236.6,1586,0,130.68,4.6,69.8,2535.6,2740,2138.8,2810.8,155.6,0,2.2,0.7608,19028.6,314.9181,153.9239,58.0706,70.2
centered_candidate_000191_86ba735f,centered-gaussian,5,5,0,69.8,71,58.4,79.8,10.2255,1463.4,1549,1286.8,1575,0,139.38,4.8,70.4,2611.6,2752,2220,2873.8,144.4,0,2.4,0.6509,19399.6,363.4593,148.2412,53.2873,69.8
search_candidate_000136_66802e17,random-phased,5,5,0,69.2,77,41.4,91,22.7543,1414.6,1546,1052.8,1689.2,0,123.32,4.4,72.4,2176.8,2453,1575.4,2585,148.8,0,2.4,0.7202,19436.8,482.5434,294.0664,30.0228,69.2
search_candidate_000146_62ed75ce,random-phased,5,5,0,68.6,67,47.6,91.4,19.5202,1416,1436,1083.6,1754.2,0,121.2,4.8,69.8,2249.8,2020,1772.8,2826.4,145.8,0,3,0.6328,21907,479.0142,298.5451,37.8399,68.6
search_candidate_000089_0328685c,random-phased,5,5,0,68.4,73,55.2,78,10.707,1413.4,1455,1245,1551,0,122.72,4.6,71,2293,2276,1941.2,2647.8,148,0,3,0.6547,22196.2,321.448,141.936,49.8465,68.4
centered_candidate_000008_29da6378,centered-gaussian,5,5,0,67.8,61,53,86.4,15.0652,1407.8,1268,1229.4,1662.4,0,131.2,4.4,69.6,2406,2624,1935.8,2765.2,138,0,2.4,0.621,19320.8,380.9698,202.9575,45.4674,67.8
search_candidate_000198_8fb60535,random-phased,5,5,0,67,68,46.8,83.6,18.0887,1363.4,1490,988.8,1621,0,119.36,4.4,68.8,2086.8,2200,1428.4,2584,146.4,0,2.4,0.7079,18963.6,612.8172,322.7882,37.7557,67
search_candidate_000174_7d46c689,random-phased,5,5,0,66.8,73,48.8,80,14.9318,1352.2,1459,1063.8,1557.6,0,130.76,4.4,66.2,2506.4,2838,1819.6,2945.8,148.4,0,3.2,0.5283,22458.4,571.4748,239.9745,41.3341,66.8
search_candidate_000145_94a7600e,random-phased,5,5,0,66.2,64,54.8,81.2,13.6,1377.8,1289,1229.4,1605.4,0,129.98,4.2,70.2,2492.8,2240,2219.4,3000.6,150.6,0,2.8,0.6229,20258.6,473.5367,193.4109,48,66.2
search_candidate_000124_65002222,random-phased,5,5,0,66,74,43.6,85,18.644,1365,1550,1005.8,1628,0,128.72,4.4,68.6,2324,2640,1498,2998.8,157.2,0,3.2,0.5251,22552,677.1989,288.8349,34.278,66
search_candidate_000088_e7e500cd,random-phased,5,5,0,65.8,77,45,80,16.5578,1355.8,1558,1009,1569.2,0,130.24,4.4,66.8,2440.2,2420,1888.6,2955.6,149,0,3,0.5345,21452.8,479.56,277.1825,36.7211,65.8
search_candidate_000140_0bc086f0,random-phased,5,5,0,65.2,62,59.2,73.2,6.4931,1371.4,1302,1224.8,1563.8,0,120.6,4.4,69.2,2180.6,2302,1914.4,2374,143.2,0,3,0.6365,21656,214.1043,154.9963,55.9535,65.2
search_candidate_000159_856625ab,random-phased,5,5,0,65,39,28.2,121,45.5148,1305.8,962,820.2,2049.2,0,117.5,4.2,65.4,2082.4,1520,1156,3448.6,140.6,0,2.4,0.6302,18856.2,1114.1832,604.4248,5.4426,65
search_candidate_000039_29867122,random-phased,5,5,0,64.8,59,52.6,80.4,12.5921,1359,1337,1144,1585.6,0,129.64,4.4,66.8,2398.6,2400,1924.2,2901.2,144.2,0,2.6,0.5624,19669.2,433.3117,194.0062,46.304,64.8
search_candidate_000029_e73bb8c0,random-phased,5,5,0,64.2,56,42.2,96,28.7917,1278.4,1187,908.2,1767.2,0,122.06,4.2,65.2,1910.2,1750,1196,2838.6,167.8,0,2.8,0.6434,21989.2,816.1422,432.5943,27.8042,64.2
search_candidate_000079_e1c87898,random-phased,5,5,0,63.8,72,47.2,75.2,13.2121,1324.4,1458,1036.6,1523.6,0,122.84,4.4,65,2183.6,2426,1618,2581.6,142.6,0,3,0.5501,21556.4,452.3209,231.315,40.5939,63.8
search_candidate_000118_d0a897e9,random-phased,5,5,0,63.8,53,50.4,85.2,17.5203,1338.2,1165,1103,1693.6,0,113.14,4.6,67,1971.2,1867,1410.8,2685.6,148.6,0,2,0.7086,17726,633.6395,284.5301,41.6399,63.8
search_candidate_000048_255d2b3c,random-phased,5,5,0,63.6,61,57.4,71.4,6.6813,1309.2,1291,1205,1442.8,0,119.96,4.2,65.4,2155.4,2036,1854.4,2540.2,140,0,2.8,0.5511,20886.6,322.4963,122.171,54.0593,63.6
search_candidate_000063_d95be261,random-phased,5,5,0,63.6,58,36.8,94.6,25.7263,1325.6,1244,899,1808.6,0,120.84,4.2,66.4,1979.8,1770,1238,2865.4,137.6,0,2.4,0.6828,19250.8,729.8357,402.6058,23.9369,63.6
centered_candidate_000052_24586908,centered-gaussian,5,5,0,63.2,63,49.4,76.8,13.6733,1314.2,1334,1119.8,1490.2,0,130.8,4,64.8,2373,2348,1913.6,2812,133.2,0,2,0.6701,16806.4,419.0255,184.975,42.5633,63.2
centered_candidate_000065_a4b397e6,centered-gaussian,5,5,0,62.6,63,37.4,90.8,25.6484,1296,1319,899.4,1716,0,124.44,4.2,63.4,2232.8,2451,1267.6,3101.4,137.4,0,2,0.7652,17423,819.6027,383.1303,24.5758,62.6
search_candidate_000141_325cd957,random-phased,5,5,0,62.6,52,38.6,91.2,23.8462,1279.6,1130,918,1727.4,0,112.38,4.4,63.6,1787.6,1720,1120,2451.2,146.8,0,2.4,0.8467,20034.6,591.3569,371.938,26.6769,62.6
search_candidate_000025_61091c82,random-phased,5,5,0,62.4,58,53.8,73.8,9.5624,1310,1241,1172.2,1501.6,0,127.46,4.2,64.2,2203,2013,1862.4,2655.2,138.4,0,2.4,0.575,18971.6,371.156,162.058,49.0188,62.4
centered_candidate_000036_d2cdf889,centered-gaussian,5,5,0,62.2,68,46.8,73.2,12.5603,1404,1488,1122,1612.8,0,135.06,4.4,69.4,2491,2539,2032.2,2921.8,138.6,0,2.8,0.572,20267.8,395.5578,238.7668,40.5199,62.2
centered_candidate_000053_a47942a0,centered-gaussian,5,5,0,62.2,63,50.6,72.6,9.8265,1396,1386,1228.6,1545,0,138.42,4.4,68.4,2626.6,2468,2434,2899,140.6,0,2,0.6832,16876.6,220.6106,151.4094,45.6868,62.2
centered_candidate_000181_6ad8d42c,centered-gaussian,5,5,0,62.2,60,45.2,80.6,16.6181,1348.6,1345,1084,1594.6,0,132.66,4.2,66.2,2466.2,2658,1828.6,3007.4,134.8,0,2.4,0.6106,18846,550.098,242.7876,36.891,62.2
search_candidate_000049_d73c32c6,random-phased,5,5,0,61.8,70,43.2,76.6,15.2499,1312.2,1429,999.2,1558.6,0,127.18,4.4,63.8,2260.2,2484,1512,2890.2,145.4,0,2.8,0.58,20729.4,619.4877,253.8373,35.575,61.8
centered_candidate_000194_90a2ba82,centered-gaussian,5,5,0,61.2,65,32.2,89.4,25.3014,1291,1371,875.6,1678.8,0,125.84,4,64.2,2205.2,2292,1374.8,2942.6,135.8,0,2.4,0.585,18613.4,697.9225,357.3693,19.5493,61.2
search_candidate_000033_123529c0,random-phased,5,5,0,61.2,56,55,72,9.5791,1283.2,1231,1190.4,1429.2,0,118.12,4.2,64.4,2030.6,1940,1804.2,2347.6,145.4,0,2.8,0.6227,20654.2,299.5607,131.2241,50.2104,61.2
centered_candidate_000019_60092702,centered-gaussian,5,5,0,61,66,49.4,70.2,9.5289,1379.6,1435,1213.4,1529,0,135.6,4.4,67.6,2474.8,2496,2164,2791.6,140,0,2.4,0.5931,18749.6,285.9198,143.2335,44.6355,61
centered_candidate_000179_9beb8097,centered-gaussian,5,5,0,61,61,42.8,80.6,17.6975,1274.4,1335,966.6,1552.8,0,125.56,4,62.6,2335.4,2267,1477.8,3192.8,132.8,0,1.8,0.7864,16250.4,757.0544,262.5122,33.9513,61
centered_candidate_000046_13cf2232,centered-gaussian,5,5,0,60.6,60,40,82.2,18.6933,1293.2,1287,972.6,1614.8,0,131.3,4,63.4,2326,2280,1609.6,3054.6,134.2,0,2.2,0.7521,18116.4,644.8848,284.9922,30.6533,60.6
search_candidate_000010_3c726cf0,random-phased,5,5,0,60.6,41,32.4,104.8,36.9356,1236.2,1012,766,1889.6,0,112.04,4.2,61.4,1738.4,1340,920,2899,144,0,2.4,0.6481,19404.2,996.2539,543.2953,13.9322,60.6
search_candidate_000035_09565319,random-phased,5,5,0,60.6,63,46.2,73.8,12.2082,1275.2,1201,1065.8,1516.6,0,122.84,4.4,63.8,2194.2,2343,1635.4,2710.2,167.4,0,2.2,0.8157,19589.6,484.6217,202.2952,40.0959,60.6
search_candidate_000197_4c1bf875,random-phased,5,5,0,60.4,55,45.2,77.4,14.5547,1265.4,1173,1017.8,1544.6,0,116.16,4.2,62.8,1972,1908,1475.2,2495.2,140,0,3.2,0.5637,22699,461.6531,239.2936,37.9226,60.4
general_top5-average-phased_01727951,top5-average-phased,5,5,0,59.2,50,37.8,86,21.72,1280.6,1214,944.6,1662.8,0,128.48,4,63.2,2183.8,2093,1533.6,2906.6,136.2,0,2.4,0.634,18900.6,650.8903,319.871,26.94,59.2
search_candidate_000151_ac6f7ef4,random-phased,5,5,0,59.2,59,47.8,69.2,10.2645,1234.2,1212,1021.6,1431.2,0,118.3,4.2,61.4,1984.6,2056,1623.4,2281.6,154.4,0,2.8,0.635,20940.8,317.5252,193.6909,42.6677,59.2
search_candidate_000130_44d279c0,random-phased,5,5,0,59,41,30.2,105.2,44.1316,1235.4,1077,843,1791.4,0,144.94,4,57.2,2123,1640,1190,3529.6,140.8,0,2.8,0.6189,21090.6,1307.9899,526.9678,8.1342,59
search_candidate_000175_05de69b0,random-phased,5,5,0,59,54,52.4,69.8,9.3167,1225.4,1179,1103.4,1387.2,0,108,4.2,62,1785.6,1760,1472.6,2129,150,0,3,0.5887,22484,329.7336,140.2606,47.7417,59
search_candidate_000020_9401b9ae,random-phased,5,5,0,58.6,64,41.4,73.8,14.5685,1213.4,1286,909.2,1483.6,0,122.44,4,59.4,2076.2,2406,1458.4,2534,143.4,0,2.8,0.5879,20651.2,505.5209,255.8215,34.1158,58.6
search_candidate_000069_b02040f9,random-phased,5,5,0,58.2,52,43.4,77.4,15.7404,1248.4,1193,1044.4,1487.4,0,133.68,4,60.4,2419.6,2272,1832.6,3129.4,142.6,0,3,0.5402,21236.8,593.9662,198.3508,35.5298,58.2
centered_candidate_000166_91e17d69,centered-gaussian,5,5,0,57.8,55,40.8,76.8,15.9675,1280.4,1218,1012.8,1549,0,126.96,4.2,62,2157.4,2105,1573.2,2758.4,134.4,0,2.4,0.6268,18780.6,522.7461,248.0344,32.8163,57.8
search_candidate_000060_0088b87e,random-phased,5,5,0,57.4,60,33.2,80.2,20.6649,1267.2,1334,873.4,1615.6,0,120.38,4,64.2,1996.6,2267,1183.4,2664.2,141.6,0,2,0.6981,16893.2,663.7245,329.4889,22.8675,57.4
centered_candidate_000117_0e3c83ff,centered-gaussian,5,5,0,56.6,58,50,62.2,5.4626,1299.2,1281,1202.2,1407.4,0,130.44,4,64.4,2219.4,2231,1908.8,2510.8,133,0,2.4,0.6441,18857.8,267.6218,90.859,47.2687,56.6
centered_candidate_000157_7f7bffd4,centered-gaussian,5,5,0,55.6,52,37.4,76.8,17.5795,1226.4,1251,899.4,1538.2,0,119.22,4,60.4,1925.6,2084,1251.2,2563.8,133.8,0,2,0.7437,17058,594.0541,280.7345,28.6102,55.6
centered_candidate_000199_a535c214,centered-gaussian,5,5,0,55,57,39.8,70,13.6088,1213,1280,943.4,1456,0,121.26,4,59,1965.4,2177,1218.4,2652.2,133.4,0,2.4,0.5818,19237,651.091,232.49,32.9956,55
centered_candidate_000072_5de55c93,centered-gaussian,5,5,0,54.8,36,27,96.8,34.5103,1121.4,903,702.4,1692.6,0,110.66,3.8,55,1790.8,1299,928.8,2943.2,137.6,0,1.8,0.8605,16900.8,924.7796,464.5198,9.7449,54.8
centered_candidate_000023_2495de9a,centered-gaussian,5,5,0,54.6,41,39.8,82.2,26.2724,1215.2,1012,955.8,1662.6,0,133.88,3.8,58.6,2201.4,1979,1543.2,3064.6,133.8,0,2.4,0.5887,18127.6,778.567,405.9086,26.6638,54.6
search_candidate_000148_bf8c97b9,random-phased,5,5,0,53.8,42,35.6,84.6,29.7483,1146,967,885.2,1580,0,117.36,3.6,57.4,1779.4,1387,1276,2618.2,136.8,0,2.4,0.7002,19399.2,731.0416,404.0609,20.7259,53.8
search_candidate_000181_5f4afc6d,random-phased,5,5,0,53.8,50,38.8,71.8,16.5336,1172,1115,921.4,1460,0,113.56,4,58.4,1728,1651,1325,2192.8,146.8,0,2,0.7638,17666.8,406.5484,255.882,30.5332,53.8
search_candidate_000095_c2b5aef3,random-phased,5,5,0,53.4,52,42,67.6,12.4515,1159.8,1150,931.2,1411.4,0,121.5,3.8,57.2,2005,1998,1601.8,2456.4,144,0,2.6,0.5934,19603,405.0936,218.4833,35.7742,53.4
search_candidate_000147_3f93b090,random-phased,5,5,0,53.2,49,32.6,75.4,18.9357,1203.4,1074,918.8,1553.2,0,106.86,4,61.8,1585.6,1290,1217,2107,143,0,2,0.7234,18151.6,422.4228,287.0481,23.1322,53.2
search_candidate_000162_45337992,random-phased,5,5,0,53.2,54,38.4,67.6,12.8125,1165.6,1131,962.8,1384.6,0,119.22,3.8,56.8,1838.4,1686,1426.2,2299,131,0,2,0.7153,17514.6,396.1624,186.9445,31.9938,53.2
search_candidate_000127_b120a2a0,random-phased,5,5,0,53,35,31,86,26.2069,1092.8,738,713.2,1689.4,0,97.14,4,55.2,1397.2,872,784,2373.6,152.8,0,2.4,0.6876,20154.8,783.8547,472.1006,17.8966,53
search_candidate_000172_f49de57f,random-phased,5,5,0,53,51,40.6,66.6,12.3288,1148.4,1144,923.8,1370,0,110.12,4,57.4,1690.8,1680,1292,2093.6,150,0,2.6,0.6206,19857,380.4662,210.837,34.4356,53
centered_candidate_000043_7f9679bb,centered-gaussian,5,5,0,51.6,53,37,66.4,13.1848,1196.6,1157,964.6,1451.2,0,125.22,3.8,58.8,2084.8,2069,1518,2652.8,133.2,0,2.4,0.5405,18838.2,503.1355,215.3514,30.4076,51.6
search_candidate_000007_d570ec9f,random-phased,5,5,0,51.6,50,39.8,66.6,13.5588,1098,1038,909.2,1343.6,0,117.72,3.8,55.2,1817.8,1672,1526.8,2207.8,166.8,0,2.6,0.8107,21833,328.113,209.6445,33.0206,51.6
search_candidate_000086_3d8f10b0,random-phased,5,5,0,50.6,40,28.4,80.6,24.4589,1142,979,776.8,1620.2,0,122.54,3.6,56.8,1808.2,1525,1110,2676.6,139,0,2.2,0.7774,18676.2,742.7294,393.6186,16.1705,50.6
search_candidate_000105_ca5865b5,random-phased,5,5,0,50.4,45,37.8,66.4,13.124,1088,1036,840,1379.2,0,110.12,3.8,53.4,1626.6,1450,1180,2183.6,143.2,0,2.8,0.5749,20825,453.155,241.569,31.238,50.4
search_candidate_000193_c361a529,random-phased,5,5,0,50.4,40,38.4,70.6,17.0716,1156,996,907.4,1514.6,0,127.54,3.6,57.2,2164.2,1809,1410,3218.4,139.2,0,2.2,0.5939,17802.6,876.6462,290.3171,29.8642,50.4
search_candidate_000138_31b21249,random-phased,5,5,0,50.2,40,37.2,68.6,14.716,1139,970,918.6,1472.6,0,111.62,3.6,59,1581,1468,1220,1996.8,144.6,0,2,0.7141,17084.6,351.354,267.0738,29.842,50.2
centered_candidate_000033_e3203f4a,centered-gaussian,5,5,0,50,45,33.6,71,18.9631,1151.4,1146,903,1434.6,0,109.78,3.8,57.8,1711.2,1698,1271,2210.2,133,0,1.8,0.7598,16788.2,456.9877,249.3468,24.1184,50
centered_candidate_000122_616956e5,centered-gaussian,5,5,0,49.8,41,35.2,72.2,19.3639,1119.8,983,883.4,1454,0,120.54,3.6,54.8,1896.6,1720,1193,2748,133,0,2.4,0.7492,19197.6,707.4107,271.3326,25.5181,49.8
search_candidate_000158_f78c0ae4,random-phased,5,5,0,49.4,42,35.6,69,16.2432,1042.8,952,806.8,1345,0,115.7,3.6,53,1721,1667,1299.4,2201.4,170.4,0,2.4,0.8854,20780,409.0775,251.6135,27.4784,49.4
search_candidate_000186_f98ec33b,random-phased,5,5,0,49.4,34,29.8,77,22.2405,1022,802,748.4,1406,0,95.58,3.8,51,1251.6,1020,882,1749.2,148.8,0,1.6,0.9524,17017.4,398.6204,309.1433,18.6797,49.4
search_candidate_000031_8ecf3c82,random-phased,5,5,0,49,56,35,59.6,11.349,1113.6,1127,937.8,1304,0,110.56,3.6,57.6,1669,1723,1252.4,2105.2,148.6,0,2,0.8602,18515.8,395.1278,170.4882,29.3255,49
search_candidate_000017_cca6381a,random-phased,5,5,0,48.2,37,35.8,71,21.4886,1046,894,826.6,1407,0,102.42,3.4,54,1430,1260,1060,1958,140,0,2.2,0.6546,18232.6,470.0638,325.8478,25.0557,48.2
search_candidate_000003_7d6cd7d8,random-phased,5,5,0,47.8,50,37.2,58,9.3894,1079,1125,889.4,1247.8,0,114.5,3.6,55.2,1638.2,1760,1286,1926.6,158.2,0,1.6,0.9632,17087.2,295.7921,159.1063,32.5053,47.8
search_candidate_000121_352baf0f,random-phased,5,5,0,46.8,32,23.8,83,32.8536,1022.4,852,618.4,1592,0,97.64,3.4,53.6,1393.4,1092,765.2,2302.4,146,0,2,0.7867,17517.8,778.67,501.2363,7.3732,46.8
search_candidate_000184_5fc69da0,random-phased,5,5,0,46.8,36,31.8,71.6,22.9207,1041.6,910,824.8,1381.8,0,105.2,3.4,52.6,1421.6,1322,1000.4,1968,132.6,0,1.8,0.776,16752.2,475.1562,299.2835,20.3396,46.8
search_candidate_000011_7745c2f4,random-phased,5,5,0,46.4,44,38.8,56.4,8.5229,1033.8,1069,900.2,1151,0,101.62,3.6,52.6,1384.4,1450,1169.6,1579.2,147.2,0,1.8,0.9133,17385.2,185.6853,111.4942,34.5385,46.4
search_candidate_000016_da5f0b3c,random-phased,5,5,0,46.4,39,33.8,62.6,13.1697,1059.2,978,871.6,1294,0,103.96,3.4,54,1446,1361,1157.4,1778,129.4,0,1.6,0.8126,15871.4,284.5143,190.7222,27.2152,46.4
search_candidate_000103_fd5a81ec,random-phased,5,5,0,46.4,51,30,57.6,14.6779,1018.2,1123,757.2,1185.6,0,96.5,3.6,52,1369.8,1578,921.2,1689.2,145.4,0,2,0.8188,18083,360.138,228.3921,22.6611,46.4
search_candidate_000123_878dadf6,random-phased,5,5,0,46.4,41,35.8,60.4,11.2357,939.2,806,757,1202.4,0,89.28,3.4,47.8,1203.6,1119,957.2,1513.6,142.8,0,2,0.814,18254.8,275.362,208.8803,30.1822,46.4
search_candidate_000155_aa999ba7,random-phased,5,5,0,46.2,20,12.4,104.8,54.3338,956.8,520,442.2,1843,0,143.96,3.2,41.2,1693,763,524,3703.6,139,0,1.8,0.8235,16738.8,1791.9746,774.3706,-14.7669,46.2
centered_candidate_000081_f01f59b1,centered-gaussian,5,5,0,45.8,41,33.6,63,16.1666,1075,957,880.2,1379,0,119.32,3.4,52.8,1859,1593,1193,2758.2,129,0,2.6,0.6236,19800.8,787.5687,279.8628,25.5167,45.8
search_candidate_000098_61dfac36,random-phased,5,5,0,45.8,42,29.2,64.6,15.6895,1067,1032,790.6,1360.2,0,99.76,3.6,55,1380.8,1350,1021.6,1780,139.2,0,2.4,0.7242,19584.4,337.5597,250.4372,21.3553,45.8
search_candidate_000132_040fcf7c,random-phased,5,5,0,45,43,33.4,59.2,12.6016,1085.4,1086,803.8,1385,0,117.04,3.8,52.4,1592.4,1595,1130,2046.8,139.8,0,2,0.7595,17592.8,407.3733,264.5287,27.0992,45
search_candidate_000131_0d1a51f2,random-phased,5,5,0,44.2,44,34,53,9.152,1039.8,1009,826,1243.6,0,99.9,3.8,52,1289.8,1270,934,1647.4,144.6,0,1.6,0.8848,17087.2,324.3642,196.4662,29.424,44.2
search_candidate_000101_9050869b,random-phased,5,5,0,44,38,29.8,65.2,19.4422,1008,942,757.6,1342.8,0,101.3,3.4,51.8,1281.4,1230,922,1742.2,142.8,0,1.8,0.8155,16465.2,421.3073,292.7695,20.0789,44
search_candidate_000170_f66557f5,random-phased,5,5,0,44,41,34.6,56.2,10.4307,1041.2,973,927.2,1208.4,0,113.76,3.4,52.4,1531.6,1440,1317.8,1844,141.8,0,1.6,0.8492,15862.4,278.5467,142.3002,29.3846,44
search_candidate_000115_9b11119e,random-phased,5,5,0,43.6,40,38.4,52.4,8.2608,979.2,930,852.6,1162.8,0,116.48,3.2,49,1642.4,1574,1262,2130,149.2,0,2.4,0.7317,19843.8,449.9287,170.6545,34.2696,43.6
search_candidate_000013_0260c924,random-phased,5,5,0,43,38,27,64,18.7083,999.6,898,733.4,1349.8,0,109.2,3.6,48.8,1389.8,1200,896.4,2023.2,146,0,2,0.7404,18027,522.439,288.0553,17.6459,43
search_candidate_000153_ded48147,random-phased,5,5,0,43,42,32.2,55.2,10.3923,1035.2,988,928,1175.6,0,104.64,3.4,54.6,1386.2,1340,1196.8,1608.4,152,0,2.4,0.7188,20568.2,202.0063,118.9595,27.0038,43
search_candidate_000056_056b7b76,random-phased,5,5,0,42.8,44,31,54.4,10.8701,1005.2,1037,789.6,1190.2,0,103.1,3.6,49.8,1326.4,1296,951.6,1696,140.6,0,2,0.7754,18066.4,358.7699,192.5964,25.5649,42.8
search_candidate_000076_f6b17ea7,random-phased,5,5,0,42.4,35,27.8,64.2,19.0326,985.4,874,749.4,1324,0,104.6,3.4,49,1496,1273,972.8,2220.4,136.8,0,1.6,0.8971,16211.4,615.0522,288.5423,18.2837,42.4
search_candidate_000093_bf1530ad,random-phased,5,5,0,42.2,39,30.8,57,13.2575,937,873,749.2,1185,0,87.24,3.4,47.6,1103.8,1001,858,1437.6,134.2,0,1.6,0.9023,16447.8,279.4812,211.6214,24.1713,42.2
search_candidate_000070_038c6e2f,random-phased,5,5,0,41.8,39,37.4,48.6,5.8447,958.2,917,904.6,1051.6,0,101.06,3.2,48.6,1290.6,1248,1201.2,1417.4,134.8,0,1.6,0.7929,15711.6,108.0289,87.4515,34.4777,41.8
search_candidate_000092_17c6f2d7,random-phased,5,5,0,41.8,40,32.8,50.8,8.4,956.6,950,724.4,1168.4,0,100.42,3.4,48.2,1269.6,1270,872,1638.8,145.2,0,2,0.708,17555.4,353.1015,204.1251,28.6,41.8
search_candidate_000171_c4d15c62,random-phased,5,5,0,41.6,39,31.4,55.4,12.3223,976.4,878,817.6,1220.2,0,104.48,3.2,49.6,1336.2,1151,1013.2,1797.2,135.2,0,1.8,0.7874,16739.2,391.5372,210.7307,25.2388,41.6
search_candidate_000014_087e9bd0,random-phased,5,5,0,41.4,36,24,64.2,20.1554,1017.6,914,722.2,1426,0,115.94,3.2,50.8,1527.4,1287,1042,2266,131.8,0,2,0.7296,17373.8,704.0902,386.9411,13.9223,41.4
search_candidate_000191_34ec5525,random-phased,5,5,0,40.8,30,25.8,66.6,24.252,939,751,700.4,1374.4,0,92.12,3.4,47.8,1306.8,863,806,2251,141,0,2,0.8242,17980.2,923.7912,424.1797,13.674,40.8
search_candidate_000068_e19bae67,random-phased,5,5,0,40.4,39,29.8,52.6,11.6207,978.4,930,777,1215.2,0,100.58,3.2,51,1291,1150,921,1700,139.6,0,2,0.8744,18054.8,356.8249,206.4409,23.9897,40.4
search_candidate_000021_198048b3,random-phased,5,5,0,40.2,30,22.6,66.4,22.8945,1008.2,888,691.4,1434.6,0,104.14,3.2,52.8,1432,1182,932.6,2119,138,0,2,0.7351,17639.2,577.4395,378.7608,11.1527,40.2
search_candidate_000200_102cdc65,random-phased,5,5,0,40,40,27,52.6,11.349,934.8,860,700.2,1198.4,0,88.62,3.4,47.6,1152.6,1160,774.2,1529.2,135.6,0,1.8,0.8144,17330.4,331.1396,223.6045,21.3255,40
search_candidate_000040_f2195ee8,random-phased,5,5,0,39,36,27.8,50.8,10.4881,966,991,743.4,1167,0,117.02,3.4,46.8,1506.2,1550,1043.6,1924.8,147.4,0,1.6,0.7854,16031.6,390.4184,187.4908,22.556,39
search_candidate_000002_983ad5b3,random-phased,5,5,0,38.8,42,25.8,50.8,11.4088,939.8,946,712.6,1184.2,0,98.04,3.4,47.4,1178.6,1192,780,1617.4,143.6,0,2,0.7584,18074.6,395.3265,221.8156,20.0956,38.8
search_candidate_000097_f9fe1b0d,random-phased,5,5,0,38.6,44,25,49.2,11.1104,952.8,1092,633.6,1182,0,116.72,3.4,44.8,1411.6,1520,890.8,1838,137.6,0,1.8,0.7644,17372.8,429.581,256.023,19.4448,38.6
search_candidate_000099_c94feaf4,random-phased,5,5,0,38.6,40,33.4,42.6,4.3174,873.6,881,783.2,950,0,93.3,3.2,44.4,1068,1080,1000,1122,146.2,0,1.6,0.849,16022.4,59.127,81.4189,31.2413,38.6
search_candidate_000019_e9c9230f,random-phased,5,5,0,38.4,38,32.4,45.4,6.086,916.2,878,789.6,1063.8,0,97.18,3.2,46.6,1195,1064,944.6,1509.2,139.2,0,1.8,0.879,17305.8,256.5525,121.9252,29.357,38.4
search_candidate_000045_cafc3127,random-phased,5,5,0,38.4,36,31,48.4,8.4994,951,977,770,1138.2,0,96.42,3.2,49.2,1197.2,1230,885.4,1524.8,134.6,0,1.6,0.8944,16313.4,295.8685,173.6997,26.7503,38.4
search_candidate_000034_5421f067,random-phased,5,5,0,37.4,32,20.2,61.6,22.0509,913.2,867,531.2,1367,0,92.68,3,48.8,1166.6,1040,658,1812,140.6,0,2,0.8207,18437.4,568.3659,404.6195,9.1746,37.4
search_candidate_000129_e0e20867,random-phased,5,5,0,37.2,30,19.8,61.2,20.7017,966.2,787,758.8,1307.2,0,97.96,3.2,50.4,1229,940,902.4,1767.6,135,0,1.6,0.8055,15832.4,440.6159,281.3222,9.4492,37.2
search_candidate_000125_53a2a02c,random-phased,5,5,0,36.6,35,28.2,45.4,7.7356,909.4,860,762.6,1072.8,0,94.14,3.4,45.6,1170.8,1207,967.8,1336,141.8,0,2,0.7657,18136,179.6746,140.8639,24.3322,36.6
search_candidate_000038_4d29957a,random-phased,5,5,0,35.6,28,26.2,49.8,11.3596,814.2,675,659.4,1045.8,0,87.86,3.2,40.6,1016.4,781,726.4,1428,145,0,1.6,0.9443,16654.6,332.6371,184.1721,20.5202,35.6
search_candidate_000046_212c8aca,random-phased,5,5,0,35.6,34,24.2,49.2,12.3386,896.8,857,697.2,1124,0,91.54,3,47.8,1096,1100,836,1362,140.2,0,1.8,0.8039,17081.6,245.3243,204.1895,18.0307,35.6
search_candidate_000077_bedf4f22,random-phased,5,5,0,35.4,29,25.2,51.8,15.028,907,853,753.8,1121.4,0,96.6,3.2,47.6,1137,1083,935.2,1416,152,0,2,0.7621,18600.8,252.0984,186.9727,17.686,35.4
search_candidate_000100_71834c43,random-phased,5,5,0,34.8,32,31,40.4,4.4452,829.6,848,771.6,873.8,0,98.94,3,41,1167,1210,992,1311,139.6,0,2.2,0.8791,18934.8,153.4145,49.0249,28.7774,34.8
search_candidate_000024_b6517a31,random-phased,5,5,0,34.4,29,17,57.6,20.9151,827.4,732,519.8,1228.6,0,82.04,3.2,42.2,1013.8,878,574,1610,139,0,1.8,0.8061,17215.6,532.9174,361.5924,6.5425,34.4
search_candidate_000087_bf23d36f,random-phased,5,5,0,34,35,28.6,39,4.7329,917.2,884,818,1035,0,114.18,3,45,1416.2,1284,1158.4,1738,131.2,0,2.4,0.6238,18994.2,263.1793,96.8905,26.2336,34
search_candidate_000064_6aaa0fb5,random-phased,5,5,0,33.8,33,28.4,39.8,5.0359,883.6,883,778.4,983.8,0,100,3,45,1138,1103,944.2,1360,135,0,1.4,0.9218,15121.4,187.21,92.6641,25.8821,33.8
search_candidate_000085_caa1717a,random-phased,5,5,0,33.6,35,24,41.2,8.4522,867.2,955,686.2,978.2,0,96.32,2.8,45.8,1126,1260,870,1297,136.4,0,1.8,0.8908,17110,204.338,153.1854,19.7739,33.6
search_candidate_000143_2cff18da,random-phased,5,5,0,33.6,34,21.4,46,10.8554,898.2,995,628.8,1109.4,0,107.64,3,45.2,1273.8,1454,880,1541,137.4,0,1.6,0.8765,16187.6,320.783,217.9554,15.9723,33.6
search_candidate_000071_15a107f6,random-phased,5,5,0,33,33,23,44.4,10.5262,892.4,881,717.8,1084.8,0,122.16,3,42.8,1320.8,1325,1009.6,1634,141.6,0,1.8,0.8488,17219.8,285.2938,187.4754,17.7369,33
search_candidate_000137_1e3b50e3,random-phased,5,5,0,32,33,26.4,37,4.7329,857.2,876,752,956.4,0,98.28,3,44,1122.8,1184,868,1358,142,0,2.2,0.7455,18845,218.8866,90.8062,24.0336,32
search_candidate_000032_261c9923,random-phased,5,5,0,31.8,33,23.4,39.6,7.1944,829.8,928,656.2,954.4,0,85.48,3,43,957,1080,694.8,1167.8,133,0,1.4,0.8803,15016.2,217.9119,141.8258,19.8028,31.8
search_candidate_000058_df8eed14,random-phased,5,5,0,31,35,22.8,37.4,6.7231,842.8,873,725.6,928.6,0,93.62,2.8,44.8,1107,1095,949.6,1256.6,138.8,0,2,0.774,17840.6,145.7162,99.3688,19.4385,31
search_candidate_000177_56aee55c,random-phased,5,5,0,31,29,19,45.2,12.1491,825.4,784,567.6,1128,0,104.64,2.8,41.4,1165,1064,709.2,1737.6,137.6,0,2,0.8491,18274.6,511.3543,268.6839,12.9255,31
search_candidate_000043_99cc11cb,random-phased,5,5,0,30.4,31,22.2,38,7.9649,863,903,648,1043.8,0,98.12,2.8,45.8,1135.4,1196,822.4,1417,138.6,0,1.6,0.851,16017.8,283.7503,200.2409,18.2175,30.4
search_candidate_000164_2870b87f,random-phased,5,5,0,30.2,28,17.8,44.2,12.4483,795.2,760,605.6,1003,0,105.72,3,38.6,1065.6,932,765.6,1431.4,150,0,1.8,0.8785,17539.2,300.6104,181.0695,11.5759,30.2
search_candidate_000199_3d0203f2,random-phased,5,5,0,30.2,33,18.6,39.8,9.5373,795.8,889,593.2,925.4,0,82.3,2.8,42.4,926,1040,682,1086,134,0,1.6,0.7961,16022,198.0505,170.434,13.8314,30.2
search_candidate_000023_d5f003af,random-phased,5,5,0,29.8,33,19.8,38.4,8.3283,773,799,579.2,969.4,0,99.62,2.6,38.4,1044,1062,672,1439,127.4,0,2,0.8575,17558.8,344.542,175.5164,15.6359,29.8
search_candidate_000109_82d6ca6f,random-phased,5,5,0,29.4,23,22.4,40.2,8.5463,802.6,685,632.2,1027.8,0,87.3,3,41.2,985,814,764.6,1290,138,0,1.6,0.9311,16656.6,249.6766,183.4313,18.1268,29.4
search_candidate_000028_a5bca068,random-phased,5,5,0,28.8,29,20.2,37.8,8.4475,817.4,876,579.4,1025.4,0,91.82,3,42.2,1045,1060,716,1362.2,142.4,0,1.8,0.7737,16972,283.7753,199.1749,15.9763,28.8
search_candidate_000053_69713e0d,random-phased,5,5,0,28.8,29,21.6,36,6.3687,808.6,830,681.4,913.8,0,83.76,2.8,42.8,932,930,802,1050,128.2,0,1.6,0.827,16218.2,116.6876,116.8223,18.4157,28.8
search_candidate_000111_c68414f5,random-phased,5,5,0,28.6,30,23.4,32.6,4.3174,829.2,837,738,913.4,0,116.56,2.8,39.2,1292.2,1140,1024,1677,129,0,1.6,0.8197,15701.2,321.3437,82.9419,21.2413,28.6
search_candidate_000156_5da13b58,random-phased,5,5,0,28.4,28,21.6,35.8,7.3376,769.4,792,652.4,867.6,0,84.38,2.8,40.8,890,910,760,996,141.2,0,1.2,0.9649,14645.4,115.2389,105.2608,17.9312,28.4
search_candidate_000054_f5e8fb8e,random-phased,5,5,0,28.2,31,22,32.6,4.9558,783.6,846,642.6,877.2,0,86.2,2.8,40.6,936,890,779.2,1109.4,130.2,0,1.2,0.9531,14657,150.4965,119.5769,19.5221,28.2
search_candidate_000108_afe17a1c,random-phased,5,5,0,28.2,30,21,33.6,6.1123,828.6,906,641,970.4,0,108.3,2.8,40.8,1116.6,1270,798,1364.2,131.6,0,2,0.7574,17659.4,260.2273,152.1849,17.9439,28.2
search_candidate_000042_c6d28ab2,random-phased,5,5,0,27.8,27,22.6,33,4.6648,739,744,651.6,826,0,80.72,2.8,37.8,880.8,867,783.2,1000,130,0,1.6,0.8456,15973.4,108.8327,82.3553,20.2676,27.8
search_candidate_000015_9e6ef276,random-phased,5,5,0,27.2,28,19.8,33.2,6.6151,717,766,578.8,813.8,0,79.08,2.8,37.6,812,880,646,932,142.4,0,1.6,0.9339,16793.4,137.0255,122.6524,16.4924,27.2
search_candidate_000081_bea804db,random-phased,5,5,0,27,27,19.4,34.6,6.7231,806.6,799,684.8,950.4,0,104.26,2.6,42.2,1107.8,1008,870,1443.6,141.8,0,2.2,0.7188,19055.6,284.3522,126.6264,16.0385,27
search_candidate_000090_8d77bc32,random-phased,5,5,0,27,27,20,34,6.9857,696.6,723,560.4,810.2,0,77.96,2.8,35.4,790.6,790,654.6,914.8,135.4,0,1.8,0.7813,17219.6,119.3342,126.1596,16.5072,27
search_candidate_000117_792dd1f2,random-phased,5,5,0,27,28,18.2,34.4,7.7974,785.8,830,632.8,910.2,0,85.32,2.8,42.2,965,932,763.2,1185.2,141.2,0,1.6,0.9047,16760,185.8645,129.8759,14.3013,27
search_candidate_000027_ba8587bc,random-phased,5,5,0,26.2,28,15.6,36.2,9.1302,708.6,778,508,878.8,0,102.42,2.6,33.8,971.4,1003,634.8,1287.2,135.2,0,2.4,0.7663,19452.6,286.7986,166.8,11.0349,26.2
search_candidate_000135_c6204cb0,random-phased,5,5,0,25.8,28,18.4,31.8,6.0795,787.8,750,730.8,865,0,91.04,2.6,42.8,1061.2,1110,952.4,1128.8,139.8,0,1.6,0.8886,16010.2,96.2214,61.969,15.3603,25.8
search_candidate_000066_2cee5faa,random-phased,5,5,0,25.4,25,21.8,29.6,3.7202,800.6,805,735,856.4,0,104.8,2.8,40.2,1046.6,1078,946.6,1133.6,139.6,0,2,0.7445,17911.8,84.0514,56.5707,19.9399,25.4
search_candidate_000041_e9b15940,random-phased,5,5,0,25.2,21,13.2,40.4,12.9213,768.6,615,547.6,1097.4,0,101.04,2.6,40.2,1037.2,870,718,1511,145.4,0,2.4,0.7751,20107.2,410.5749,265.7883,6.7393,25.2
search_candidate_000074_54a673eb,random-phased,5,5,0,24.2,24,15.8,32,7.2774,781,821,593.6,936,0,96.88,2.6,40.8,990.6,970,797.4,1184.4,133,0,1.6,0.9126,16137.6,171.4032,154.0792,12.1613,24.2
search_candidate_000030_49f7e674,random-phased,5,5,0,23.6,21,20.4,28.6,4.0792,702.6,659,576.6,880.8,0,84.36,2.4,38.2,864,750,710,1130,136.6,0,1.4,0.9937,15800.8,254.3698,157.6992,18.3604,23.6
search_candidate_000044_ec4816f9,random-phased,5,5,0,23.2,25,15,30.6,6.9971,699.6,680,584,822.4,0,92.32,2.6,34.8,862,870,734,986,132,0,2,0.6549,17528.8,111.9643,105.6061,11.5014,23.2
search_candidate_000173_faee0ac8,random-phased,5,5,0,23,24,16,29.2,5.8652,724.4,709,577,886.4,0,83,2.6,38.6,902,837,712,1136,133.6,0,1.6,0.8511,16373.8,190.5182,136.8482,13.0674,23
search_candidate_000120_93fa9465,random-phased,5,5,0,21,22,16.2,25.4,4.1473,628.2,644,556.4,683.2,0,99.2,2.4,30.4,817.6,796,713.2,948,142,0,1.6,0.9303,16709,119.7424,65.0305,14.1264,21
search_candidate_000112_936a25a4,random-phased,5,5,0,20.6,19,16.4,25.8,4.2237,736.8,730,666.8,814.6,0,98.94,2.4,38.4,1011.2,974,946.6,1094.8,130.8,0,1.2,0.9708,14513,68.0747,66.0285,14.2881,20.6
search_candidate_000183_2e94dfc4,random-phased,5,5,0,18.2,17,13.8,23.4,4.3081,613.2,615,500.6,741.8,0,86.98,2.2,32.2,799.4,812,616.4,992,134.4,0,1.2,1.0479,15069,170.0536,115.3055,11.6459,18.2
search_candidate_000180_32739894,random-phased,5,5,0,17.6,15,14,23.8,5.748,628,560,485.2,807.2,0,79.42,2.2,34.2,784.2,704,579.6,1017.6,128.8,0,1.8,0.8083,17188,197.861,146.9857,11.126,17.6
