candidateId,strategyVariantId,runs,scenarioCount,bossKillRate,avgExp,medianExp,p10Exp,p90Exp,expStdDev,avgScore,medianScore,p10Score,p90Score,completionRate,avgSurvivalTimeSeconds,avgLevel,avgKills,avgDamageDealt,medianDamageDealt,p10DamageDealt,p90DamageDealt,avgDamageTaken,damageWindowPassRate,avgDamageWindowViolationCount,avgMaxDamageWindowRatio,damageSafetyPenalty,damageDealtStdDev,scoreStdDev,consistencyScore,generalFitnessScore
centered_candidate_000302_be8c06a0,centered-gaussian,8,8,0.5,4408.25,4223.5,49.9,9046.5,4357.1185,28601.75,27856,1177.1,57305.4,0.5,515.1875,32.875,1511.375,179488.375,116818.5,2055.2,400122,185,0,3.125,0.5915,22452,208771.447,27338.6264,-2128.6592,4408.25
general_top1-phased_bfd09701,top1-phased,8,8,0.5,4408.25,4223.5,49.9,9046.5,4357.1185,28601.75,27856,1177.1,57305.4,0.5,515.1875,32.875,1511.375,179488.375,116818.5,2055.2,400122,185,0,3.125,0.5915,22452,208771.447,27338.6264,-2128.6592,4408.25
centered_candidate_000265_5a74f1e9,centered-gaussian,8,8,0.5,3543.875,910.5,54.8,8758.4,4091.5761,23515.375,8123.5,1218.1,55933.5,0.5,459.3125,28.875,1234.5,92438.625,17506,1936.3,242281.8,197.75,0,3.625,0.5027,25197,110733.1567,25449.0809,-1990.9881,3543.875
centered_candidate_000111_f13682e2,centered-gaussian,8,8,0.5,3432.625,1101.5,51.6,8458.1,3877.0413,22994.125,9304,1114.7,54545.2,0.5,450.4125,28.25,1211.125,113269.875,21850.5,1658.5,286226.3,200.625,0,3.375,0.6097,24784.5,136986.6993,24520.9531,-1886.9206,3432.625
general_top1-phased_fa11a287,top1-phased,8,8,0.5,3432.625,1101.5,51.6,8458.1,3877.0413,22994.125,9304,1114.7,54545.2,0.5,450.4125,28.25,1211.125,113269.875,21850.5,1658.5,286226.3,200.625,0,3.375,0.6097,24784.5,136986.6993,24520.9531,-1886.9206,3432.625
centered_candidate_000025_1599318b,centered-gaussian,8,8,0.5,1845.625,797,46.5,4106.1,2877.1349,13554.625,7449,1066.2,28551.9,0.5,330.6,20.375,700.25,51134.875,16920,1644.9,114950.5,216.5,0,3.75,0.644,27357.625,93006.8615,18013.3213,-1392.0675,1845.625
centered_candidate_000049_30d9616d,centered-gaussian,8,8,0.375,3728.5,2479.5,37.2,8297.7,3823.9297,24600.875,16983,944.7,53616.3,0.375,460.6125,29.875,1301,145411.125,56207.5,1518,351364.2,210.125,0,3,0.676,23265.25,163716.9755,24358.591,-1874.7649,3728.5
centered_candidate_000244_c16eafdf,centered-gaussian,8,8,0.375,3664.75,1527,71.7,8698.1,3944.8207,24399.5,11929.5,1443.1,55583.2,0.375,483.1875,30.75,1283.125,128269.375,31620.5,2869.3,325905.3,219,0,4.5,0.4841,29910.75,147916.6772,24630.7759,-1900.7103,3664.75
centered_candidate_000247_0d9c55f4,centered-gaussian,8,8,0.375,3523.625,95.5,34.7,9613.6,4484.3775,22614.875,1791.5,842.2,59790.1,0.375,405.875,26.25,1194.375,125968.75,2931.5,1142.4,346046.3,194.5,0,3.375,0.6579,24687.375,160969.1776,27652.1905,-2207.4888,3523.625
centered_candidate_000145_4be1fa86,centered-gaussian,8,8,0.375,3490.375,223.5,43.9,9297.1,4353.0265,22738.25,2822,1009.1,58620.9,0.375,430,27.125,1199.25,122976.75,5915,1617.1,324319.6,201.125,0,3.25,0.5849,23537.25,154377.954,27007.2352,-2132.6132,3490.375
general_top1-phased_c02c1add,top1-phased,8,8,0.375,3490.375,223.5,43.9,9297.1,4353.0265,22738.25,2822,1009.1,58620.9,0.375,430,27.125,1199.25,122976.75,5915,1617.1,324319.6,201.125,0,3.25,0.5849,23537.25,154377.954,27007.2352,-2132.6132,3490.375
centered_candidate_000213_10097195,centered-gaussian,8,8,0.375,3489.75,263.5,54.6,9477.1,4342.9757,22719.25,3063,1185.1,59480.9,0.375,442.95,27.375,1192.625,119375.75,6532,2276.2,340712.4,189.125,0,3.75,0.507,25494.375,152938.2351,26886.7902,-2116.8879,3489.75
centered_candidate_000079_b7c5ab63,centered-gaussian,8,8,0.375,3487.875,581.5,46.6,9004.7,4191.0836,22736.375,5181,1092.3,56673.3,0.375,444.725,28,1189,147124.5,12194.5,1795.9,435643.9,183.875,0,3.5,0.5947,24623.125,190742.6911,26000.1248,-2048.9418,3487.875
centered_candidate_000226_01d078ee,centered-gaussian,8,8,0.375,3479.125,101.5,32.4,9631.8,4427.7969,22415.25,1827.5,752,59818,0.375,408.3,26.25,1181.5,148230.125,2940,1019.3,410979.7,180.75,0,2.625,0.6531,20132,193100.62,27319.7692,-2181.4984,3479.125
centered_candidate_000222_6b8c6093,centered-gaussian,8,8,0.375,3451.125,283,49.8,8972.3,4286.8321,22544.875,3375.5,1139.3,56786.3,0.375,449.4125,27.25,1183.125,127949.25,7707,2009.7,354275,193,0,3.25,0.5156,23133.5,162773.0714,26532.6482,-2093.616,3451.125
centered_candidate_000059_3ec52593,centered-gaussian,8,8,0.375,3447.375,86,57.7,9283.2,4366.2843,22393.875,1614,1237.3,58383.4,0.375,421.6875,26.375,1180.25,156847.625,3046,2110.6,482296.4,177.5,0,3.375,0.5386,22954,210787.2722,27093.3891,-2125.4422,3447.375
centered_candidate_000009_8e70f546,centered-gaussian,8,8,0.375,3389.625,181,47.8,8887.9,4252.6921,22196.25,2543.5,1083.6,56408.6,0.375,423.75,26.625,1172.5,129680.125,4796,1549.8,368482.9,213.625,0,3.5,0.7096,26232.75,165596.9193,26547.121,-2078.5461,3389.625
centered_candidate_000272_bcd43dfc,centered-gaussian,8,8,0.375,3360.375,159.5,42,8915.3,4235.3148,21959.25,2204.5,972.3,56694.1,0.375,425.4,26.125,1156.25,111750.875,4857,1418.6,302959.4,179.5,0,3.5,0.5427,24632.125,141803.0838,26483.8462,-2075.6574,3360.375
centered_candidate_000131_e9dd4686,centered-gaussian,8,8,0.375,3348.75,153,32.9,8899.6,4234.06,21743.875,2134,766.8,56470.8,0.375,419.6,26,1144.25,130285,4290.5,1021,385225.8,205.75,0,3.5,0.6574,25636.375,170133.7316,26382.9609,-2084.13,3348.75
centered_candidate_000301_0053d634,centered-gaussian,8,8,0.375,3332.875,64,50.6,8923.3,4242.5898,21719.625,1312.5,1109.5,56482.4,0.375,418.0875,25.5,1144.125,110401.75,2672.5,1964.3,289512.1,167.125,0,2.875,0.5451,20895.125,140795.9934,26556.8144,-2070.6949,3332.875
centered_candidate_000137_c7680faa,centered-gaussian,8,8,0.375,3328.75,150,36.9,8800.9,4193.7395,21689.75,2143.5,820.2,55828.3,0.375,417.875,25.875,1139.25,127879.375,4024,1079,336121.4,164.125,0,2.5,0.6175,19520,163650.6546,26249.686,-2059.9698,3328.75
centered_candidate_000089_663b9c12,centered-gaussian,8,8,0.375,3308.25,103,45.5,8721.3,4182.5248,21710.5,1938,1039.8,55697.7,0.375,420.475,26,1142.75,130233.875,3518.5,1561.6,371216.1,169.5,0,2.75,0.6654,20826.375,166789.8934,26153.8122,-2045.7624,3308.25
centered_candidate_000131_25b5bc58,centered-gaussian,8,8,0.375,3298.625,196,43.2,8728.3,4125.9286,21753.625,2637.5,1014.9,55697.3,0.375,427.875,26.375,1144.125,121895.375,5155.5,1595.1,315634.7,174,0,3,0.6355,22202.625,160035.5206,25919.9554,-2019.7643,3298.625
centered_candidate_000043_468afba0,centered-gaussian,8,8,0.375,3290.375,209.5,35.4,8790.9,4111.9842,21527.125,2643.5,786.6,55449.1,0.375,424.3625,26,1131.625,115124.75,5173,1149.1,304230.3,194.875,0,3.125,0.5409,22669.125,147871.8571,25722.6413,-2020.5921,3290.375
centered_candidate_000026_85008b72,centered-gaussian,8,8,0.375,3272.75,61,38.4,8691.4,4163.6232,21356,1288.5,871.7,55433.8,0.375,408.5,25.25,1124.5,107055.5,2236,1180.3,311660.7,164.625,0,3.125,0.6517,22382.75,140824.0616,26170.9583,-2043.4116,3272.75
centered_candidate_000314_82e10d84,centered-gaussian,8,8,0.375,3263.875,70,48.8,8570.4,4152.5709,21470.25,1493.5,1083.9,54989.3,0.375,413.625,25.625,1132.875,115748.375,2942.5,1599.3,321660.9,177.25,0,2.625,0.6422,20552.625,148053.6701,26158.1392,-2027.4855,3263.875
centered_candidate_000172_5fdb5098,centered-gaussian,8,8,0.375,3253.375,89.5,53.9,8595.3,4118.9797,21415.75,1656.5,1135.2,54833,0.375,418.2875,25.625,1129.5,120277.375,3158,1867.3,338340.9,183.75,0,3.125,0.59,22656.875,153922.5284,25954.9322,-2005.5898,3253.375
centered_candidate_000221_d4383b11,centered-gaussian,8,8,0.375,3252.5,270,49.6,8455,4026.1448,21543.625,3207.5,1069,54277.1,0.375,430.2125,26.5,1130.875,110682.25,6419.5,1858.9,310102.1,171.625,0,3.25,0.5511,22774.25,140638.1656,25329.3894,-1963.4724,3252.5
centered_candidate_000246_6b422cbf,centered-gaussian,8,8,0.375,3248.625,150.5,35.2,8611.2,4087.2146,21376.875,2179,836.8,55170.1,0.375,421.75,25.625,1124.625,101995.125,4500,1257.7,274934.5,167.25,0,2.875,0.5327,20571.625,128756.4369,25797.6085,-2008.4073,3248.625
centered_candidate_000255_b5c3663a,centered-gaussian,8,8,0.375,3231.375,74.5,52.2,8586.1,4091.0725,21267.375,1542.5,1132.3,54789,0.375,420.125,25.5,1119.125,112319.875,3014,2051.4,305984.5,170.5,0,3,0.5844,21757.875,143883.5495,25718.2618,-1993.3363,3231.375
centered_candidate_000292_99427ba4,centered-gaussian,8,8,0.375,3230.75,247,51.7,8440.4,4006.9921,21395.875,3011.5,1162.4,53899.6,0.375,439.825,26.25,1121,108224,6479.5,1762.3,286901.2,167.375,0,2.625,0.5591,19219.375,135241.8005,25168.434,-1951.796,3230.75
centered_candidate_000126_e6ef839a,centered-gaussian,8,8,0.375,3221.875,87,32.7,8537.4,4081.1973,21147.875,1648,780.3,54570.3,0.375,409.6375,25.375,1112.625,123954.5,2522,1099,332912.5,166.75,0,3,0.6377,22201.625,160151.3717,25710.5629,-2007.8986,3221.875
centered_candidate_000149_21c3f718,centered-gaussian,8,8,0.375,3220.125,42,32.7,8591.6,4108.5124,21068.625,990.5,806.5,54929.9,0.375,401.5875,24.625,1116.375,85748.625,1576.5,1086,234704,201.375,0,3.25,0.6912,24289.375,111252.2831,26043.9266,-2021.5562,3220.125
centered_candidate_000128_09608a7c,centered-gaussian,8,8,0.375,3212.625,115,36.7,8602.7,4064.0777,21152.375,2045,827.2,54813.5,0.375,420.375,25.5,1112.25,111222.875,3840.5,1234.3,305859.3,174.25,0,2.75,0.6354,20229.5,142754.8158,25547.8378,-1995.3388,3212.625
centered_candidate_000038_9e814272,centered-gaussian,8,8,0.375,3212.5,225.5,54.6,8415.5,3982.7562,21298.75,2781,1225.6,53732.7,0.375,437.8625,26.375,1115.625,126952.125,5628.5,2313.5,357928.7,177.125,0,3.25,0.5198,22733.875,161034.038,25013.6838,-1936.7781,3212.5
centered_candidate_000044_b1578076,centered-gaussian,8,8,0.375,3201.25,88.5,48.6,8457.4,4047.8518,21145.625,1565.5,1127.1,54278.2,0.375,413.9375,25.375,1113.875,108797,2660,1766.4,321857.4,162.75,0,2.375,0.6838,18627.25,141186.5681,25610.8855,-1975.3259,3201.25
centered_candidate_000118_8214924a,centered-gaussian,8,8,0.375,3198.375,75.5,37,8429.6,4057.0911,21011.875,1510,895.7,54140.5,0.375,413.75,25,1107,91231.5,2819,1263.6,252061.8,174.75,0,3,0.5711,21681.625,116410.5063,25571.7305,-1991.5455,3198.375
centered_candidate_000338_c2fc14d7,centered-gaussian,8,8,0.375,3192.125,77.5,45.6,8489,4048.7342,21106.125,1528.5,1038.6,54489.3,0.375,413.8375,25.125,1114.125,118916.625,2755.5,1589.7,323245.5,168.625,0,3.125,0.5889,22576,154848.5997,25654.8302,-1978.7671,3192.125
centered_candidate_000269_328956d8,centered-gaussian,8,8,0.375,3175.125,92.5,33.2,8378.7,4023.1758,20947.625,1665.5,795,53953.9,0.375,410.0375,25.125,1101.875,117562,2985.5,1081.3,315915.7,150.875,0,2.25,0.6055,17238.375,150994.4582,25491.6844,-1978.3879,3175.125
centered_candidate_000193_ae7607bf,centered-gaussian,8,8,0.375,3168,113,42.9,8350.2,3994.932,20988.25,1946,1025.5,53877.6,0.375,421.8,25.5,1104.375,127455,3754.5,1697,336632.5,179.125,0,3.5,0.5453,24158.625,165778.782,25231.9231,-1954.566,3168
centered_candidate_000295_2c23d9f2,centered-gaussian,8,8,0.375,3138.625,205,37.7,8184.9,3908.8756,20976.625,2748,867.9,53274.5,0.375,431.3875,25.625,1103.375,115665.5,6142.5,1266.9,311564,166.875,0,3,0.5779,21797,145692.5402,24850.0742,-1916.7378,3138.625
centered_candidate_000084_e704478d,centered-gaussian,8,8,0.375,3137.125,98,54,8263.1,3959.7276,20839.125,1764.5,1072.7,53236.3,0.375,416.4375,25.125,1098,135832,3009,1818.4,371613.1,165.5,0,3,0.5949,21384.625,181276.816,25143.8742,-1925.8638,3137.125
centered_candidate_000334_e37b28ff,centered-gaussian,8,8,0.375,3119,56.5,40,8250.9,3966.4763,20591.5,1155.5,895.1,53317.7,0.375,407.0625,24.625,1084.75,107230.875,1839,1418.2,287677.5,165.625,0,3,0.618,21910,136452.2948,25288.6009,-1943.2382,3119
centered_candidate_000123_dc372c54,centered-gaussian,8,8,0.375,2911.75,839,50.9,8368.9,3473.5866,19804.875,7314,1170.4,53963.2,0.375,418.8,26.25,1037.875,94603.375,17327,2166.8,308924.9,227.875,0,4.125,0.5299,28285.5,129113.1031,21968.1322,-1685.8933,2911.75
centered_candidate_000013_b507a5cf,centered-gaussian,8,8,0.375,2762.625,87.5,39.8,9249.5,3914.0079,18499,1607.5,898.4,58574.9,0.375,355.975,23,977.75,79351.75,2873.5,1268.1,269318.6,193.75,0,3.125,0.6533,23566.5,116268.7496,24460.5493,-1917.2039,2762.625
centered_candidate_000100_5ea6f4db,centered-gaussian,8,8,0.375,2673,974.5,38.1,8462.7,3521.7939,18214.25,8309.5,844.9,54391.2,0.375,382.1375,24.25,953.5,79749,19746,1183,276192.9,208.75,0,3.375,0.6406,25405,115224.7169,22120.1876,-1722.797,2673
centered_candidate_000296_94e32364,centered-gaussian,8,8,0.375,2641,1072,87.7,8253.7,3349.5769,18253.5,9046.5,1616.8,53132.3,0.375,403.5,25,952.5,87668.25,22975.5,2956,253029.1,214.5,0,3.25,0.6132,24560.75,137720.6561,21022.3059,-1587.0885,2641
centered_candidate_000330_47ee4115,centered-gaussian,8,8,0.375,2616.75,114.5,61.7,9316.9,3915.2961,17515.375,1909,1283.3,58440.1,0.375,363.7125,22.5,915.875,94932.25,3804,2197,339884.5,189.875,0,3,0.5807,23179.875,151386.6036,24054.0649,-1895.948,2616.75
centered_candidate_000073_9749d285,centered-gaussian,8,8,0.375,2602.75,142.5,35.2,8306,3564.7454,17661.75,2239,836.7,53459.5,0.375,362.85,22.875,927.125,114487.125,4124,1226.5,397540.8,187.875,0,2.875,0.6568,22335.25,173120.6579,22497.7876,-1747.1727,2602.75
centered_candidate_000324_8488179b,centered-gaussian,8,8,0.375,2516.5,106,50.3,8397.7,3587.1102,17132.5,1941,1120.2,53969.4,0.375,366.5375,22.125,898.25,86823.875,3380.5,2089.9,309892.4,185.5,0,3.5,0.5605,24811.375,133266.9549,22476.5524,-1743.2551,2516.5
centered_candidate_000247_21808ad7,centered-gaussian,8,8,0.375,2513.75,107,51.9,8548.7,3719.4533,17035.875,1862,1125.8,54926.8,0.375,359.5375,21.75,895.625,76198.25,3555.5,1749.5,269531.1,198,0,3.25,0.5713,23818.75,119062.176,23209.673,-1807.8267,2513.75
general_top10-average-phased_28b611d3,top10-average-phased,8,8,0.375,2508.375,74,28.7,8652.4,3745.241,16826.5,1414,705.5,55241.5,0.375,343.4375,21.625,882.75,83109.25,2271.5,904.6,281142,201.375,0,3,0.6726,22840.125,133688.4665,23444.7555,-1843.9205,2508.375
centered_candidate_000281_0e4433be,centered-gaussian,8,8,0.375,2461.5,76,39.7,8445.8,3562.273,16767.25,1496,951.9,54282.9,0.375,352.7625,21.625,880.5,80334.25,2719,1276,273407.3,185.25,0,3.5,0.5962,24740.25,123679.377,22530.6499,-1741.4365,2461.5
general_top10-average-phased_792267cf,top10-average-phased,8,8,0.375,2450.375,84,47.5,8354.7,3574.354,16650.25,1605,1029.7,53735,0.375,352.675,21.75,874.5,88001.75,2778,1612.6,313277.1,217.625,0,4.125,0.6247,28888.5,137030.8932,22531.9952,-1739.677,2450.375
centered_candidate_000174_70fe14ee,centered-gaussian,8,8,0.375,2442.125,93.5,50.7,8588,3701.588,16602.5,1785.5,1133.8,54973.8,0.375,357.925,21.625,868.125,77325.25,3190.5,1882.6,277663.1,183.25,0,3.125,0.5935,22817.75,122871.563,23044.7645,-1800.094,2442.125
centered_candidate_000061_dad14407,centered-gaussian,8,8,0.375,2432,88.5,53.1,8211.7,3448.7528,16577,1687.5,1115.6,52882.5,0.375,357.3375,21.75,867.5,83313.625,2791,1796.4,280294.6,193.25,0,3.375,0.6693,25005.375,130436.7647,21829.2006,-1671.2764,2432
centered_candidate_000120_48ec3614,centered-gaussian,8,8,0.375,2344.625,213.5,55.4,8078.2,3383.3122,16188.375,2656.5,1116.2,52436,0.375,364.725,21.875,844,104113.375,5541.5,1601,348510.9,194.375,0,3.125,0.6044,23440.875,172215.8545,21516.7668,-1636.2561,2344.625
centered_candidate_000050_0d75aacf,centered-gaussian,8,8,0.375,783.375,80.5,30.7,2002.4,944.0984,6678.125,1608,732.3,15956.6,0.375,221.7875,13,335.5,14929.75,2787,961.6,37293.3,215.875,0,3.125,0.7986,25030.75,17071.1262,7188.5969,-441.3492,783.375
centered_candidate_000054_073e95f2,centered-gaussian,8,8,0.25,2748.625,212,68.3,8859.2,3791.57,18464.25,2771.5,1356.5,56290.5,0.25,378.375,24.125,972.125,84534.75,5436.5,2251.1,274358.2,213.75,0,4,0.5906,27741.125,123872.5259,23440.7029,-1827.485,2748.625
centered_candidate_000314_392940ba,centered-gaussian,8,8,0.25,2682.5,255.5,49.5,8744.8,3750.17,18078.75,2996,1071.6,55884.7,0.25,384.6,23.75,949,87781.125,6424,1635.9,292748.1,204.875,0,3.875,0.542,26825,136707.2705,23363.825,-1825.585,2682.5
centered_candidate_000023_e57d0554,centered-gaussian,8,8,0.25,2676.125,201,41.9,9533.6,4009.0331,17712.875,2673,971.6,59622.3,0.25,358.8375,22.875,931,118254.625,4802.5,1342,446357.6,217.25,0,3.25,0.6723,25104.625,190901.1784,24543.0331,-1962.6165,2676.125
centered_candidate_000116_cf4d0992,centered-gaussian,8,8,0.25,2652,711.5,37.7,8296.9,3405.1065,17954.625,6042,867.7,53523.2,0.25,392.425,24.25,938.25,86852.625,15422,1293,295644.3,211.375,0,3.5,0.6245,25730.5,124253.2245,21628.5238,-1664.8533,2652
centered_candidate_000110_62e17bdc,centered-gaussian,8,8,0.25,2608.5,356.5,44.9,8875.6,3773.281,17528.625,3741.5,1061.8,56429.1,0.25,366.125,23,919.375,84193.25,7448.5,1557.3,302537.5,190.75,0,3.5,0.6523,24786.875,129933.6698,23406.004,-1841.7405,2608.5
centered_candidate_000338_4e927ae4,centered-gaussian,8,8,0.25,2505,88,35.7,8532.4,3670.8077,16806.375,1673.5,854,54641.4,0.25,350.9375,21.75,882,106316.75,2825.5,1152.4,369542.5,175.5,0,2.875,0.5562,21754.375,171158.3124,23080.2226,-1799.7039,2505
centered_candidate_000252_4768ee47,centered-gaussian,8,8,0.25,2462.25,71,40.5,8627.8,3715.8968,16576.375,1485,910.2,55332,0.25,347.9875,21.125,873.125,89522.625,2615.5,1396.4,309202.8,175.75,0,3.375,0.6256,24218.125,144126.1547,23370.1043,-1817.4484,2462.25
centered_candidate_000120_b7c57e86,centered-gaussian,8,8,0.25,2428.25,62,42.3,9494.4,4095.8148,15877.625,1355,998.2,59558.8,0.25,314.8125,19.125,838.625,92856,2299,1438.6,364781.5,173.75,0,3,0.6274,22341.125,157146.5821,25249.4258,-2005.6074,2428.25
centered_candidate_000349_a4b5e6a5,centered-gaussian,8,8,0.25,2422,67,30.4,9424.9,4049.9194,15843.25,1383,722.8,59141,0.25,317.7625,19.625,832.75,78578.875,2094.5,933.1,292421,176.25,0,3,0.6986,22635.25,133443.7474,25014.4965,-1994.5597,2422
centered_candidate_000263_01307521,centered-gaussian,8,8,0.25,2414.75,69,40.5,8524.2,3709.827,16224.25,1462.5,914.6,54510.6,0.25,349.4875,20.875,851.25,82054.125,2771,1264.5,289127.2,176.25,0,2.5,0.6853,20401.25,132671.0576,23157.2136,-1814.4135,2414.75
centered_candidate_000017_1d3af4b7,centered-gaussian,8,8,0.25,2410.625,197.5,61.2,8445.4,3634.5572,16427.875,2708,1237.5,54375.8,0.25,375.475,21.875,859.125,89433.25,6265,2303.7,276831,194,0,3.125,0.5941,22801.125,159857.0947,22654.2064,-1756.0786,2410.625
centered_candidate_000003_4c3620d4,centered-gaussian,8,8,0.25,2397,182.5,54.7,8955.6,3920.4291,15935.375,2501,1203.6,56753.7,0.25,354.3125,20.375,833.125,94767.625,5231.5,2311.7,307017.3,186,0,3.5,0.56,24688.5,173192.2821,24180.0365,-1905.5146,2397
centered_candidate_000049_0d8c6650,centered-gaussian,8,8,0.25,2391.75,51.5,36.6,9343.9,4046.015,15585.25,1180.5,832.3,58631.8,0.25,312.2,18.625,821.125,82227.75,2037,1222.9,314398,157,0,2.75,0.6979,20655.75,139414.6647,24965.4246,-1986.4075,2391.75
centered_candidate_000201_a72b78a4,centered-gaussian,8,8,0.25,2389.875,140,49.2,8566.1,3599.1545,16367.75,2166,1144.4,55027.1,0.25,372.125,21.75,857.25,68352.625,4527,2004.4,246549.2,185.125,0,3.875,0.5018,26021.875,106004.816,22603.1322,-1750.3772,2389.875
centered_candidate_000308_ecfe1c22,centered-gaussian,8,8,0.25,2383.75,67,49.5,9311.9,4020.1962,15668,1411.5,1140.9,58590.1,0.25,318.075,19.125,825.5,96014.625,2462,1659.3,350687.5,167.125,0,2.5,0.6323,20047.375,166059.3809,24846.3232,-1960.5981,2383.75
centered_candidate_000231_2aa8d8dc,centered-gaussian,8,8,0.25,2378.875,93.5,35.2,9262.8,3980.0784,15779.125,1698,846.4,58763.9,0.25,327.7875,19.25,831.625,98776.5,3127,1196.3,379913.4,154.625,0,2.375,0.6226,18630.75,166694.3161,24826.0064,-1954.8392,2378.875
centered_candidate_000191_3b13c472,centered-gaussian,8,8,0.25,2375.625,79.5,35.1,9261.7,3999.0703,15655.375,1605.5,813.7,58401.5,0.25,318.8125,19,825.875,79731.375,2859.5,1453.2,295512.7,163.375,0,2.75,0.6983,20974.25,135696.0709,24853.9628,-1964.4351,2375.625
centered_candidate_000333_27f510ec,centered-gaussian,8,8,0.25,2372.75,83.5,38.1,9277.4,3989.7395,15699,1551.5,853.5,58694.1,0.25,315.3,19.125,829.25,85181.25,2559.5,1108,323695.8,160.5,0,3,0.5683,21718.625,144408.4984,24845.9113,-1956.7698,2372.75
centered_candidate_000045_716b4008,centered-gaussian,8,8,0.25,2359.375,72.5,50.9,9116.5,3975.2396,15534.875,1491.5,1158.9,57435,0.25,321.6,19.125,818.5,79988.875,2744,1793.6,294285.1,183.125,0,3.5,0.5431,24653.75,136494.1233,24565.6175,-1936.7198,2359.375
centered_candidate_000234_6cb613ee,centered-gaussian,8,8,0.25,2357.25,88.5,45.1,9049.8,3955.9057,15494.75,1642,1034.1,56981.4,0.25,329.2875,19.375,813.875,102181.375,2969.5,1563.8,379723.3,198.5,0,2.875,0.8288,23125.5,174450.0235,24346.4678,-1932.8529,2357.25
centered_candidate_000096_2155e875,centered-gaussian,8,8,0.25,2352.5,90.5,29.3,8873.1,3894.533,15565.25,1640,670.3,56330.6,0.25,327.675,19.625,817.5,83150.5,3148,842.5,305048.2,184.875,0,3.5,0.601,24840.625,140595.9414,24181.8738,-1917.9665,2352.5
centered_candidate_000124_e2e3431e,centered-gaussian,8,8,0.25,2348,81.5,50.4,9014.2,3934.1234,15537.875,1555,1089.1,57136,0.25,323.6625,19.25,816.5,79469.5,2763.5,1682.6,289623.2,158.875,0,2.875,0.5965,21494.75,135699.6909,24402.8835,-1916.6617,2348
centered_candidate_000345_5e7c9778,centered-gaussian,8,8,0.25,2346.25,299.5,84.6,8589.7,3720.7012,15984.625,3525,1641.6,55008.5,0.25,369.0375,21.125,835.375,96263.5,7320.5,2819.3,338817.6,181.75,0,3.625,0.5174,24858.625,161734.1539,23161.6313,-1775.7506,2346.25
centered_candidate_000062_682a4c58,centered-gaussian,8,8,0.25,2345.625,176,51.1,8840.6,3818.8056,15771.125,2511.5,1128.2,56315.4,0.25,345.7125,20.125,828.25,74972.5,4865,1797.8,272219.1,177.75,0,3.625,0.5635,24640.625,124767.3997,23800.2572,-1858.3028,2345.625
centered_candidate_000016_6e48a95c,centered-gaussian,8,8,0.25,2343.5,49,39.2,8262.5,3503.2148,15887.25,1138,954.5,53226,0.25,349.8375,20.75,832.25,89121.25,1937.5,1385,324329,169.625,0,2.75,0.6062,20326.125,140904.1728,22164.7239,-1712.4074,2343.5
centered_candidate_000199_76931ea2,centered-gaussian,8,8,0.25,2343.375,83,47.8,8843.7,3869.8049,15653.125,1590,1082.6,56453.2,0.25,331.3625,19.75,823.5,84816.5,2952,1563.2,303665.5,175.625,0,2.75,0.6347,20786.875,145359.8154,24144.2013,-1887.1025,2343.375
centered_candidate_000099_d821d320,centered-gaussian,8,8,0.25,2343.25,87.5,68.7,8474.8,3716.9027,15926.25,1714.5,1516.6,54296.5,0.25,356.3625,20.75,835.5,119678.375,3519,2696.8,460527.1,180,0,3.75,0.5312,25588.125,197936.6574,23134.4164,-1789.7513,2343.25
centered_candidate_000297_b69c08f8,centered-gaussian,8,8,0.25,2342.125,189.5,70.1,8098.8,3427.4677,16146.5,2666.5,1465.9,52288.3,0.25,381.9625,22.125,841.25,78772.625,5190.5,2491.8,281249.5,192.875,0,4,0.5289,26706.125,122117.7927,21584.6086,-1643.6339,2342.125
centered_candidate_000053_302889a3,centered-gaussian,8,8,0.25,2337.625,83.5,41,8847.6,3869.1222,15577.125,1643,918.1,56409.5,0.25,331.7875,19.625,816.75,106192.125,3020.5,1363.5,361729.7,155.75,0,2.625,0.5306,19452.625,190273.718,24119.6192,-1893.5611,2337.625
centered_candidate_000202_15aa7964,centered-gaussian,8,8,0.25,2332,59,37.4,8952.9,3877.705,15407.5,1213.5,861.4,56715.6,0.25,322.6875,19.125,808.125,78402.875,1820.5,1245.7,300961.6,153.375,0,3.125,0.6569,22252.625,131461.8169,24166.9221,-1901.4525,2332
centered_candidate_000064_6d6e0b4c,centered-gaussian,8,8,0.25,2329.125,81.5,39.8,8986.7,3922.0932,15474.625,1596,858.7,57273.3,0.25,317.825,18.875,818.375,77779.75,2766.5,1216.1,301045.4,170.5,0,3.125,0.6305,22660.5,130867.0682,24522.0357,-1921.2466,2329.125
centered_candidate_000251_7a31b657,centered-gaussian,8,8,0.25,2328.25,169,36.1,8675,3818.4049,15606.375,2478.5,840.6,55334.3,0.25,346.2875,19.875,819.25,91496.75,5193,1051.1,353959.4,186.5,0,3.5,0.639,24832.25,151800.8631,23690.0013,-1873.1024,2328.25
centered_candidate_000050_a9f5347c,centered-gaussian,8,8,0.25,2327.25,76,32.2,9054.9,3933.3155,15327,1487,693,57449.2,0.25,309.5125,18.75,810,93854.625,2426,865,344237,184.75,0,2.5,0.7896,20933.375,162542.9433,24530.9231,-1934.4577,2327.25
centered_candidate_000001_3bb45cfc,centered-gaussian,8,8,0.25,2325.75,80.5,51.9,8769,3886.7962,15495.75,1549,1114.6,55947.9,0.25,333.375,19.375,814.875,77704.25,2895.5,1831,299515.1,175,0,3,0.5965,21474.75,129631.5912,24142.0003,-1891.4981,2325.75
centered_candidate_000359_82b246d8,centered-gaussian,8,8,0.25,2325.25,102,50.1,8414.9,3615.8652,15730.625,1860.5,1193.8,53939.9,0.25,361.7125,21,819.25,98998.625,3421.5,2232.5,369878.5,185,0,3.75,0.5059,25832.625,160882.9173,22634.7313,-1757.8326,2325.25
centered_candidate_000195_6ab84268,centered-gaussian,8,8,0.25,2318.75,148.5,45.2,8638.8,3804.0488,15557.75,2276.5,983.8,55125.3,0.25,345.85,20,815.25,84997.375,4657,1566.3,315605.4,183.375,0,3.375,0.577,23753.625,141502.7184,23711.5605,-1856.8244,2318.75
centered_candidate_000345_7ba61d17,centered-gaussian,8,8,0.25,2317.375,77.5,54.3,8622.1,3659.9058,15594.5,1499.5,1168.9,55103.3,0.25,338.675,20.375,815.75,70091,2336.5,1717.2,239379.1,170.625,0,2.625,0.6181,20768.875,117711.1323,22923.3396,-1775.6529,2317.375
centered_candidate_000176_690fb140,centered-gaussian,8,8,0.25,2306.625,101,40.4,8628.2,3797.0417,15461.75,1831.5,872.1,55250.9,0.25,333.4875,19.5,815,86284.125,3232.5,1199.7,328214.2,189.875,0,3.625,0.6113,25530.75,143896.0753,23753.9006,-1858.1209,2306.625
centered_candidate_000083_72591f99,centered-gaussian,8,8,0.25,2305.875,85.5,40.2,8297.6,3510.7821,15703.25,1681,968.8,53467.5,0.25,349.8375,20.625,824,93319.25,3015,1590.3,309171.3,184.5,0,2.625,0.709,21736.875,159340.6018,22214.0236,-1715.191,2305.875
centered_candidate_000183_19f2c34d,centered-gaussian,8,8,0.25,2303.75,140,39.5,8728.9,3729.0205,15453.625,2272,930.8,55455.1,0.25,347.3875,20.125,806.25,72479,4336.5,1495.6,257336,172.75,0,3.375,0.603,23755.625,121223.0994,23236.6143,-1825.0103,2303.75
centered_candidate_000196_19be7f64,centered-gaussian,8,8,0.25,2303.625,145,49.6,8818,3806.5041,15378.375,2318,1102.4,55642.8,0.25,347.8375,19.625,803.125,88985.375,4802,1899.6,344671.3,169.625,0,3.625,0.6053,25078.75,147936.0788,23519.9607,-1853.652,2303.625
centered_candidate_000155_0a5c3dc4,centered-gaussian,8,8,0.25,2302.625,92.5,42.7,8706.7,3847.8282,15313.5,1688,1008.5,55440.4,0.25,335.7875,19.125,804.125,81238.625,3201.5,1639.7,300397.7,176.625,0,3.125,0.601,22310.125,137061.8868,23886.1835,-1881.2141,2302.625
centered_candidate_000030_5d774a3b,centered-gaussian,8,8,0.25,2301.625,92,48.3,8640.7,3832.3657,15352.375,1663.5,1123.8,55146,0.25,335.1625,19.5,803.375,86763.375,3128.5,1876.9,335733.1,161.25,0,3.25,0.5097,22222.5,145080.3422,23819.1865,-1867.8828,2301.625
centered_candidate_000020_5cc95413,centered-gaussian,8,8,0.25,2298.5,44,34.1,8891.2,3914.6236,14977.125,1064,809.4,56102.5,0.25,304.1375,18.125,786.375,94647,1634.5,1065.2,343799.5,151,0,2.375,0.6998,19375,165852.9487,24286.6884,-1923.2118,2298.5
centered_candidate_000319_36a36bea,centered-gaussian,8,8,0.25,2294.375,55.5,38.4,8888.2,3894.763,15168.5,1236,889.1,56743.2,0.25,314.0875,18.25,799,106643.625,2055,1306,399403.4,138,0,2.25,0.64,17431,183547.7585,24411.6567,-1908.9815,2294.375
centered_candidate_000227_7509d11f,centered-gaussian,8,8,0.25,2279.375,98,42.3,8601.2,3818.7443,15272.875,1871,999.5,55111,0.25,326.725,19.125,804.5,94273.25,3761,1646.9,354830.8,170.375,0,2.625,0.6255,20411.875,159001.2355,23823.819,-1867.0722,2279.375
centered_candidate_000181_584fe962,centered-gaussian,8,8,0.25,2276.75,118,52.3,8498.9,3723.4897,15445,1971.5,1141.8,54902.4,0.25,347.2125,19.875,811.875,75048.25,4040.5,1747,263073,184.625,0,3.375,0.5425,23218.75,127318.0416,23422.015,-1809.4448,2276.75
centered_candidate_000170_f1bf63b3,centered-gaussian,8,8,0.25,2276,78,40.7,8549.4,3776.0307,15214.125,1543.5,963.1,54670.5,0.25,329.5625,19.375,797.375,114397.875,2772.5,1373.3,413435.1,166,0,3,0.6167,22069,198026.427,23641.1333,-1847.3153,2276
centered_candidate_000028_c42f83f2,centered-gaussian,8,8,0.25,2273.875,62.5,45.9,8697.3,3838.9813,15145.875,1315.5,1075.1,55638.6,0.25,318.2375,18.625,797.875,84383.75,2090,1773.3,315403,153.375,0,2.625,0.6159,19749.875,143880.1102,24062.1627,-1873.5906,2273.875
centered_candidate_000215_13543ccf,centered-gaussian,8,8,0.25,2273.375,78.5,48.1,8584.8,3819.8309,15195.5,1569.5,1114.7,55057.8,0.25,322.6375,19,799.125,71932.375,2849.5,1831.1,267868.1,157.875,0,2.875,0.5914,21024.625,121177.9288,23804.7641,-1861.8154,2273.375
centered_candidate_000293_273f1c3c,centered-gaussian,8,8,0.25,2272.625,202.5,49.5,8593,3657.7445,15395.875,2597,1128.4,55010.6,0.25,357.525,20.25,803,73356.75,5484.5,2319.6,274526.9,175.5,0,3.25,0.5495,22825.75,119366.1245,22909.8182,-1779.3722,2272.625
centered_candidate_000330_53a039e9,centered-gaussian,8,8,0.25,2266.625,86.5,51,8519.1,3755.4197,15268,1669,1081.5,54908.6,0.25,338.95,19.25,805.25,85313.5,3027,1637.3,329957.2,195,0,3.625,0.553,25752.875,142004.2435,23604.7474,-1826.7099,2266.625
centered_candidate_000041_06ab8766,centered-gaussian,8,8,0.25,2264.25,133,78.5,8577.4,3674.9098,15456.125,2145.5,1538.7,55272.7,0.25,346.2125,20.25,810.625,68176.375,3607,2811.9,246151.5,172.125,0,3.125,0.5791,22090,112816.8114,23118.1916,-1758.9549,2264.25
centered_candidate_000138_163110c5,centered-gaussian,8,8,0.25,2261.375,77.5,31.7,8685.5,3824.1614,14939.25,1471.5,739.5,55329.4,0.25,312.175,18.375,786.25,82265,2726,973.6,295424.1,165.875,0,2.875,0.7153,21692.375,143359.9594,23887.4269,-1880.3807,2261.375
centered_candidate_000233_6152eae1,centered-gaussian,8,8,0.25,2259.375,95,44,8452.7,3719.6525,15268.5,1672,1004.3,54608.5,0.25,332.075,19.375,803,99159.375,2951.5,1425.9,372048.2,160.5,0,2.875,0.5809,21162.25,167073.5798,23474.4544,-1815.8263,2259.375
centered_candidate_000343_e49f46a9,centered-gaussian,8,8,0.25,2259.375,73,38.9,8596,3759.5112,15228.25,1517.5,891.8,55434.1,0.25,327.4375,19,803.5,84978,2474.5,1351.3,320681.4,164.625,0,2.875,0.5613,20785.875,143175.3501,23753.6338,-1840.8556,2259.375
centered_candidate_000168_ad11f248,centered-gaussian,8,8,0.25,2258.5,102,45.2,8491.4,3710.4176,15231.625,1790.5,1021.7,54406.4,0.25,333.9875,19.75,797.5,75394.75,3120.5,1699.3,285648.2,164.875,0,3.25,0.5822,23036.5,124877.9136,23262.8892,-1810.0088,2258.5
centered_candidate_000012_60a66c9b,centered-gaussian,8,8,0.25,2257.625,69.5,40.4,8637.6,3814.0619,15048.625,1417,952.1,55260.2,0.25,319.375,18.5,792.375,84606.125,2553,1555.4,326466,152.125,0,2.5,0.5827,19049.125,142856.1332,23895.1556,-1866.631,2257.625
centered_candidate_000053_e4e8817b,centered-gaussian,8,8,0.25,2257.5,39.5,34.2,8672.6,3852.9471,14783.5,861,799.4,55227.9,0.25,297.2375,17.875,780.875,87602.25,1219.5,949,340206.6,176.75,0,2.5,0.7929,20564,149857.5379,24089.7619,-1892.2735,2257.5
centered_candidate_000046_808a6a57,centered-gaussian,8,8,0.25,2254.125,84,63.1,8565.1,3710.2341,15166,1619,1372.8,54658.6,0.25,336.1125,19.625,793,68559.875,2715,2039.5,262148.1,164,0,3.25,0.521,22790,113338.4554,23147.3702,-1792.0171,2254.125
centered_candidate_000259_fb376239,centered-gaussian,8,8,0.25,2252.75,94.5,39.3,8608.8,3709.2844,15152.25,1769,936.6,54927.2,0.25,343.7,19.5,792.75,72591.625,3679,1445.8,275871.1,174.875,0,3.25,0.5108,22933.75,119598.7671,23188.1888,-1815.3422,2252.75
centered_candidate_000105_498b333a,centered-gaussian,8,8,0.25,2249.625,63.5,39.9,8565.1,3813.9496,14940.25,1379,909.6,54785.3,0.25,318.9375,18.375,787.75,87525,2508,1389.8,339446.2,176.625,0,2.875,0.6046,21625,147928.1562,23826.4078,-1867.0748,2249.625
centered_candidate_000025_ffa27333,centered-gaussian,8,8,0.25,2243.625,73.5,51.8,8378.1,3558.939,15136.625,1434,1131.2,53834.2,0.25,339.3375,19.75,790.25,78814.375,2534.5,1520.3,299779.2,162.125,0,3.25,0.5458,22990.625,129418.067,22425.398,-1727.6695,2243.625
centered_candidate_000057_dbc68a9e,centered-gaussian,8,8,0.25,2242.25,70,50.8,8648.1,3744.6187,14959.875,1400,1140.4,55053.2,0.25,336.5375,18.875,782.625,73823.75,2799.5,2036.6,275055.6,164.625,0,3,0.5727,21752.125,123678.8153,23348.5755,-1821.5093,2242.25
centered_candidate_000330_df8abbb0,centered-gaussian,8,8,0.25,2239.25,55,41,8557,3806.1115,14879.25,1213.5,1007,54778.3,0.25,310.375,18.375,781.625,75337.625,1792,1445.1,276367.7,138.875,0,2.375,0.6399,18334.5,130023.2457,23912.6592,-1862.0558,2239.25
centered_candidate_000203_69af4120,centered-gaussian,8,8,0.25,2233.125,88,57.5,8436.9,3735.568,15105.125,1659.5,1260.2,54361,0.25,329.45,19.125,794.625,74026.5,3283.5,2159.3,283818.4,157.875,0,3,0.5274,21408.625,123221.8875,23421.4807,-1810.284,2233.125
centered_candidate_000104_2dbe4a3c,centered-gaussian,8,8,0.25,2229.625,75.5,33.2,8486.7,3775.2024,14939,1541,811.5,54852.5,0.25,307.3375,18.375,789.625,80444.125,2475.5,1020.1,308110.4,152.375,0,2.375,0.663,19062.125,136582.8935,23857.2019,-1854.4012,2229.625
centered_candidate_000079_66739f1d,centered-gaussian,8,8,0.25,2224.125,48.5,39,8494.7,3781.5669,14808.125,1088.5,867.1,54662.1,0.25,304.75,18,783.5,76509.125,1745,1134.6,277267.6,162,0,2.75,0.7313,21591.75,133220.2053,23864.3624,-1851.7834,2224.125
centered_candidate_000158_d5b16cb9,centered-gaussian,8,8,0.25,2219.375,67,37.7,8440.3,3749.3008,14852,1346.5,863.8,54346.5,0.25,324.8875,18.25,783.125,57450,2511.5,1497.3,207339.6,167,0,3.125,0.5232,21438.375,97420.9165,23647.4907,-1836.9504,2219.375
centered_candidate_000069_126634e4,centered-gaussian,8,8,0.25,2219,48,28.7,8742.6,3771.2784,14694.625,1117,789.5,55797.1,0.25,298.925,18.125,774.625,65545,1465.5,968,253474.4,160.875,0,2.25,0.8115,18951.5,111427.7408,23768.8619,-1856.9392,2219
centered_candidate_000113_ab87df36,centered-gaussian,8,8,0.25,2217.75,127,45.8,8384.5,3618.4072,15084.5,2034.5,1035.9,54000.5,0.25,346.975,19.5,789.375,83483.375,4535.5,1806.3,297495.8,159.25,0,2.5,0.6703,19317.625,141222.2899,22754.4564,-1763.4036,2217.75
centered_candidate_000023_694d1eb0,centered-gaussian,8,8,0.25,2217,74.5,42.9,8664,3731.5062,14840.25,1518,981.9,55261.6,0.25,319.25,18.625,780.25,73780.875,2759,1434.8,288429.6,162.375,0,3,0.6707,22280.25,123953.3571,23447.3471,-1822.8531,2217
centered_candidate_000029_7ffbec58,centered-gaussian,8,8,0.25,2214,75,46.6,8409.9,3703.1729,14826.375,1531,1034.3,53909.6,0.25,327.025,18.625,777.75,88874.25,2813.5,1618,336897.2,158.25,0,2.5,0.5875,18900.375,149916.1197,23152.637,-1804.9864,2214
centered_candidate_000035_1b9ea6b4,centered-gaussian,8,8,0.25,2213.125,110,72.5,8552.9,3671.1618,14943,1962.5,1407.2,54667.1,0.25,336.4125,19.125,784.5,96567.5,3606.5,2619.3,338762.3,178.5,0,3.25,0.5791,23023,168681.0926,22945.9873,-1763.0809,2213.125
centered_candidate_000309_19d63664,centered-gaussian,8,8,0.25,2212.375,80.5,52.4,8576.2,3699.3772,14858.25,1523,1130.6,54807.4,0.25,329.1375,18.75,779.75,71919,2952.5,1908.7,277744.7,162.125,0,2.875,0.5029,20794.75,119992.3115,23162.4864,-1797.2886,2212.375
centered_candidate_000022_bf4ac513,centered-gaussian,8,8,0.25,2204.375,84,30.7,8428.8,3619.6183,14835.625,1627,721.2,54052.2,0.25,326.7375,19.25,774.75,75181.625,2591.5,865.2,283844.7,152,0,2.375,0.6775,18393.625,125581.673,22805.91,-1779.1092,2204.375
centered_candidate_000315_6b109236,centered-gaussian,8,8,0.25,2200.625,86,35,8512.4,3691.5375,14748.5,1604,846.4,54562.1,0.25,317.175,18.5,776,67428.875,2792.5,1197.7,240684.2,163.25,0,2.375,0.729,19418.5,116469.8456,23247.7341,-1810.7687,2200.625
centered_candidate_000183_e51ed9a1,centered-gaussian,8,8,0.25,2200.125,189.5,72,8316.4,3540.2196,15103.375,2627.5,1509.2,53507.5,0.25,359.0875,20,788.625,81650.125,5668.5,2673.7,308968.5,169.5,0,3.25,0.5513,22969.625,133396.1322,22245.6666,-1698.1098,2200.125
centered_candidate_000179_93052524,centered-gaussian,8,8,0.25,2199.875,71,35.7,8622.3,3708.1417,14687.375,1407,819.2,54969.9,0.25,315.9625,18.25,772.125,59370.125,2294,1140.1,226907.8,155.25,0,2.75,0.6305,19970.875,99622.5627,23328.018,-1818.3709,2199.875
centered_candidate_000234_863c81de,centered-gaussian,8,8,0.25,2198.625,57.5,28.3,8549.1,3730.8979,14588.75,1280,683.4,54682.4,0.25,307.6625,17.875,767.625,60259.75,2121,966.3,219687.9,150.25,0,2.75,0.6005,20066.875,103484.1271,23483.2193,-1837.149,2198.625
centered_candidate_000054_6d78e1de,centered-gaussian,8,8,0.25,2196.875,207,50.8,8272.3,3534.7527,14920.625,2556.5,1077.3,53473,0.25,343.4625,19.75,778.125,89587.625,5088.5,1627.4,325341.9,169,0,3.375,0.5875,23285.375,150522.3521,22333.2638,-1716.5763,2196.875
centered_candidate_000237_b8277726,centered-gaussian,8,8,0.25,2195.375,174,39.5,8384.6,3577.4212,14904.375,2429.5,880.4,54117.3,0.25,341.95,19.5,778.75,70564,4892,1491.7,270994,166.625,0,3.25,0.6273,23031.5,115895.8521,22674.5191,-1749.2106,2195.375
centered_candidate_000354_f9505513,centered-gaussian,8,8,0.25,2194.75,81,42.7,8505.6,3692.6204,14684,1591.5,956.6,54344.9,0.25,314.175,18.5,770.625,75733,2616.5,1352.9,290667,151.375,0,2.5,0.6163,19429,127938.0478,23183.85,-1803.6102,2194.75
centered_candidate_000269_3a56fade,centered-gaussian,8,8,0.25,2193.375,61,41.3,8156.7,3474.8036,14960,1311,992.4,52781.5,0.25,333.5,19.625,788.125,66088.5,2328,1520.1,247236.6,206.5,0,3.375,0.5654,24555.75,107521.0167,22078.6718,-1696.1018,2193.375
centered_candidate_000142_4c17aa1a,centered-gaussian,8,8,0.25,2193.125,89.5,55.6,8393.5,3597.9268,14793.25,1722.5,1191.4,53716.4,0.25,337.25,19.25,774.25,76091.5,3107.5,1736.4,279149.6,186,0,3.5,0.5926,24738.875,126972.0008,22505.7863,-1743.3634,2193.125
centered_candidate_000133_ceecf12e,centered-gaussian,8,8,0.25,2191.125,61.5,41.1,8499.2,3698.6259,14662.625,1329.5,975.5,54473.6,0.25,315.2625,18.25,771.75,76467.625,2225,1650.9,294655.6,159.875,0,2.625,0.6604,19816.25,129101.9654,23306.3881,-1808.213,2191.125
centered_candidate_000063_42d0d769,centered-gaussian,8,8,0.25,2191,83,39.3,8374.7,3598.6121,14773.25,1570.5,890.2,53810,0.25,328.7,19.125,774.625,66708.625,2534.5,1210.7,236897.4,180.75,0,3,0.6079,22539,113186.0461,22624.6297,-1760.006,2191
centered_candidate_000179_db4c112b,centered-gaussian,8,8,0.25,2190.625,85.5,47.8,8416.5,3598.5919,14864.625,1707,1136.1,54105.9,0.25,334.725,19.25,778.875,68382.125,2765,2088.8,246733.9,165.5,0,3.125,0.5745,22388.25,114830.0572,22673.2798,-1751.4959,2190.625
general_top1-phased_e0307eca,top1-phased,8,8,0.25,2190.625,61.5,49.6,8581.8,3694.1222,14693.375,1306.5,1178.7,54907.9,0.25,316.9625,18.375,775.125,67533.25,2207.5,1689.3,259682.3,179.125,0,3.125,0.6215,22677.125,113678.9356,23224.2268,-1797.4611,2190.625
search_candidate_000023_ea14a09f,random-phased,8,8,0.25,2190.625,61.5,49.6,8581.8,3694.1222,14693.375,1306.5,1178.7,54907.9,0.25,316.9625,18.375,775.125,67533.25,2207.5,1689.3,259682.3,179.125,0,3.125,0.6215,22677.125,113678.9356,23224.2268,-1797.4611,2190.625
general_top5-average-phased_1be8dcd9,top5-average-phased,8,8,0.25,2187.75,78,44.5,8151.9,3457.6798,15001.125,1566.5,1058.7,52667.7,0.25,336.7125,19.875,786.75,68710.5,2618,1749.9,252476.2,174.25,0,3.25,0.5582,23167.125,112064.0736,21986.8523,-1684.3399,2187.75
centered_candidate_000151_79e27f5c,centered-gaussian,8,8,0.25,2187.5,86.5,45.8,8421.1,3657.32,14847.375,1700,1081.7,54377.6,0.25,323.4,18.75,783.375,76644.125,2903.5,1721.3,292152.5,166.75,0,2.75,0.6116,20854.75,128636.4179,23092.6001,-1782.86,2187.5
centered_candidate_000220_80eb3f7c,centered-gaussian,8,8,0.25,2186.125,72.5,43.9,8263.3,3562.8557,14866.75,1460,1004.1,53552.8,0.25,331.8,19.25,780.125,87244.5,2491,1513.2,327814.5,165.625,0,2.75,0.5553,20653.875,146268.8097,22623.6072,-1737.5278,2186.125
centered_candidate_000136_d1248276,centered-gaussian,8,8,0.25,2185.375,81,56.4,8279,3569.9269,14813.375,1596.5,1239.4,53252.5,0.25,337.1875,19.375,774.5,93117,2832,2151.1,346511.3,171,0,3.125,0.5934,22736.25,156308.876,22438.9212,-1728.5635,2185.375
centered_candidate_000118_51980c33,centered-gaussian,8,8,0.25,2184.5,65,38.5,8305.4,3645.1152,14622.625,1335.5,886.7,53350.4,0.25,328.925,18.5,764.875,100577,2286.5,1368.6,353908.7,156.5,0,3.125,0.4561,21436.125,176970.692,22891.5419,-1784.0576,2184.5
centered_candidate_000049_b75e86f9,centered-gaussian,8,8,0.25,2181.75,75,47.2,8461.4,3650.0877,14672.75,1570.5,1090.4,54129.9,0.25,321.75,18.625,771.625,64602.375,2645.5,1803.1,248447.3,176,0,2.75,0.574,20840.625,107628.9629,22910.684,-1777.8438,2181.75
centered_candidate_000195_689f1b32,centered-gaussian,8,8,0.25,2178.5,97,54,8457.5,3637.4653,14662.25,1767,1182.5,54025.4,0.25,326.475,18.75,767.5,75095.5,2897,2056.6,287537.3,156.25,0,2.75,0.6706,20707.125,125691.8471,22797.5548,-1764.7326,2178.5
centered_candidate_000072_2c0167f5,centered-gaussian,8,8,0.25,2176.375,153.5,33.5,8324.6,3559.0245,14804.125,2362,798.9,53478.1,0.25,344.95,19.375,772.75,96492.375,4741.5,1109,343838.3,162.875,0,2.75,0.5487,19733.375,165405.6861,22437.1708,-1746.0123,2176.375
centered_candidate_000155_2b260c02,centered-gaussian,8,8,0.25,2175.75,72,54.7,8427.7,3643.7178,14667.625,1497,1168.3,53964.6,0.25,321.3125,18.625,770.375,78180.875,2684,1889.7,293457.8,159.5,0,2.625,0.6588,20172.375,132160.7727,22932.2544,-1767.1589,2175.75
centered_candidate_000337_dc8093d5,centered-gaussian,8,8,0.25,2169.375,61,42.8,8487.9,3661.1873,14563.125,1319.5,1047.9,54414.2,0.25,321.8625,18.25,766.25,80945.875,2713.5,1739,302772.1,171.625,0,3.125,0.5378,22613.5,137291.2762,23089.7845,-1787.7936,2169.375
centered_candidate_000205_c3363725,centered-gaussian,8,8,0.25,2167.25,94,56.9,8315.1,3566.2196,14705.125,1649.5,1215.3,53623.7,0.25,333.325,19.125,770.75,71979,2944,1757.4,257486.6,177,0,3.5,0.5627,24559,122321.4622,22504.8259,-1726.2098,2167.25
centered_candidate_000207_4c70c3cd,centered-gaussian,8,8,0.25,2165.75,123.5,51.9,8205.4,3514.0497,14781.625,2081,1192.2,52864.3,0.25,348.5125,19.5,772.625,86820.75,3711.5,1889.8,329121.5,181.875,0,3.5,0.5642,24026.875,144085.9653,22124.9665,-1705.1249,2165.75
centered_candidate_000152_1602871f,centered-gaussian,8,8,0.25,2163,94,52.9,8201.4,3539.9972,14732.375,1762,1161.1,52844.2,0.25,343.05,19.375,769.25,84081,3483,2041.8,288580.4,167.625,0,3.25,0.5052,22380.5,146871.6347,22347.7298,-1717.0986,2163
centered_candidate_000270_4ecd14ae,centered-gaussian,8,8,0.25,2153.625,74,28.4,8347,3627.1062,14525,1528.5,724.8,53950.8,0.25,312.6,18.125,766.375,74849.875,2887.5,959.9,287140.8,160.75,0,2.625,0.6711,20498.875,126147.9022,23002.0358,-1785.1531,2153.625
centered_candidate_000317_0637eecb,centered-gaussian,8,8,0.25,2151.125,62,31.5,8385,3629.8015,14395.375,1275,777.1,53769.7,0.25,307.8125,18.125,756.125,82598.625,2073,1013.1,300301.5,155.25,0,2.5,0.7192,19767.375,143264.0771,22908.8124,-1783.4007,2151.125
centered_candidate_000194_378eab7e,centered-gaussian,8,8,0.25,2150.25,72.5,51.6,8128.3,3483.3872,14673.25,1514,1117.1,52738.3,0.25,336.175,19.25,767.75,76125.375,2532.5,1827.2,279333.3,165.5,0,3,0.5958,21807.375,126910.4405,22153.9201,-1690.0936,2150.25
centered_candidate_000125_1b93cc3e,centered-gaussian,8,8,0.25,2147,92.5,50.1,8241.1,3579.3969,14546.75,1656.5,1160.3,53171.8,0.25,329.2625,18.5,768.875,65805,3197.5,1952.3,249381.2,213.75,0,3.625,0.5819,25877.625,109429.0821,22586.0155,-1739.5985,2147
centered_candidate_000041_1723ce5b,centered-gaussian,8,8,0.25,2144.875,90.5,40.2,8308.7,3591.6668,14479.125,1726,873.3,53557.5,0.25,321.4875,18.5,759.625,86223.625,2846.5,1331.7,325955.6,162,0,3.25,0.5619,23240.75,145959.62,22661.7215,-1755.6334,2144.875
centered_candidate_000030_a55797c9,centered-gaussian,8,8,0.25,2143.75,65,44.2,8274,3618.0248,14402,1354.5,1029.2,53440.2,0.25,321.125,18.25,756.5,68419.25,2381.5,1700.9,262308.6,175,0,3.5,0.5693,24493.625,115048.6584,22827.2603,-1764.8124,2143.75
centered_candidate_000158_6f82fc44,centered-gaussian,8,8,0.25,2142.5,69,49.7,8338.7,3604.2902,14419.625,1376,1067.6,53768.4,0.25,313.3375,18.25,756.25,89547.25,2185,1686.3,336409.6,143.5,0,2.75,0.5846,20122.75,152873.7957,22774.2939,-1752.4451,2142.5
centered_candidate_000332_8bda9912,centered-gaussian,8,8,0.25,2138.5,114,57.3,8216.9,3525.3525,14674.125,1943,1228.1,53279.3,0.25,336.975,19.25,768.5,75713.125,3617,1801.4,285799.9,159.25,0,3,0.5469,21519.125,125977.5477,22378.0228,-1705.3763,2138.5
centered_candidate_000245_94e63cbc,centered-gaussian,8,8,0.25,2134.375,110.5,38.1,8212.7,3531.8697,14515,1998,873.9,52859.7,0.25,330.7875,18.75,760.875,74881.75,3469.5,1319.9,278454.3,164.625,0,2.875,0.6138,20854.625,125717.4197,22285.5714,-1727.8348,2134.375
centered_candidate_000082_0299f873,centered-gaussian,8,8,0.25,2131.625,69.5,53.7,8302.7,3577.9336,14409.5,1475,1173.9,53450,0.25,322.625,18.25,756.625,75745.75,2454,1978.5,281750.6,157.375,0,3.125,0.601,22398.75,128355.93,22592.9698,-1735.2668,2131.625
centered_candidate_000236_eff4f572,centered-gaussian,8,8,0.25,2131.5,62.5,35.1,8346.8,3599.6097,14296.5,1265.5,804,53620.1,0.25,308.6,17.875,751.125,109083.375,2027.5,1044.1,422130.6,146.375,0,2.625,0.6479,19998,186426.5082,22828.6333,-1764.7049,2131.5
centered_candidate_000074_1193d3e4,centered-gaussian,8,8,0.25,2121.375,86.5,53.6,8173.1,3522.0413,14488.375,1750.5,1147.3,52928.6,0.25,335.5875,18.625,759.75,94069.125,3210.5,1979.6,348278.2,158.25,0,2.875,0.599,20777.875,159325.7347,22253.2047,-1707.4207,2121.375
centered_candidate_000351_e219eac8,centered-gaussian,8,8,0.25,2120.25,43.5,29,8255.9,3591.6787,14174.5,984.5,745.4,53221,0.25,305.925,17.75,744.75,70075.625,1537.5,1009.4,262430.4,157,0,3.125,0.6024,22144.875,119758.0555,22769.8171,-1766.8394,2120.25
centered_candidate_000009_e93dc3ac,centered-gaussian,8,8,0.25,2119.75,75.5,34.4,8202.8,3554.3969,14318.875,1452.5,860.1,52951.8,0.25,318.05,18.25,752.625,82363.75,2536.5,1387.1,300544.9,170.5,0,2.5,0.6302,19294.25,141522.4374,22537.9016,-1742.7985,2119.75
search_candidate_000256_9193b63b,random-phased,8,8,0.25,2113.5,104,52.9,8113.8,3492.3673,14470.25,1815,1132.7,52797,0.25,337.3625,18.875,757,70700.5,3395.5,1740.4,267209.7,156.5,0,2.75,0.5752,20255.25,117301.8743,22195.9641,-1693.2836,2113.5
centered_candidate_000013_0e1f7b86,centered-gaussian,8,8,0.25,2111.375,74.5,51.8,8151.5,3546.6065,14365,1506.5,1128.6,52899.3,0.25,321.9375,18.25,757.25,77812.75,2687,1709.1,284692.1,174.25,0,3,0.5527,21569.125,132870.1227,22514.7285,-1721.5032,2111.375
centered_candidate_000100_cf4ea2da,centered-gaussian,8,8,0.25,2109.5,72.5,44.1,8207.1,3534.1745,14262.125,1437.5,1066.8,52949.4,0.25,325.9875,18.125,749.625,78832.375,2841.5,1779.9,293630.6,179.5,0,2.75,0.6303,21804.375,133403.1248,22364.4513,-1722.9872,2109.5
centered_candidate_000151_63a43e32,centered-gaussian,8,8,0.25,2108.625,82.5,40,8146.1,3503.279,14456,1595,900.7,53008.9,0.25,330.75,18.5,761.875,73493.5,2855,1370.2,271264.5,173.875,0,3.25,0.6101,23590.625,123765.0709,22361.1165,-1711.6395,2108.625
centered_candidate_000216_05fada3f,centered-gaussian,8,8,0.25,2106.5,140,32.6,8045,3462.4817,14368.5,2112.5,770.1,52077.3,0.25,332.875,18.875,750.5,83112.75,3982.5,1066.8,310814,160.25,0,3,0.6099,21601,139581.7393,21940.9354,-1698.6408,2106.5
centered_candidate_000200_dfc09fa6,centered-gaussian,8,8,0.25,2106,90.5,36.3,8172.4,3504.7288,14374.875,1733,854.7,52882.2,0.25,328.5,18.5,756.75,93421.125,3318.5,1254.5,337854.4,182.875,0,3.125,0.6242,22352.875,160579.1179,22248.7597,-1716.0644,2106
centered_candidate_000148_ee75344c,centered-gaussian,8,8,0.25,2099.5,61,48.3,8120.8,3486.9673,14322.75,1298,1069.9,52664.1,0.25,325.425,18.375,752.625,87081.5,2132,1592.8,327274.3,163,0,3,0.6399,21855.625,147290.091,22201.3119,-1695.1837,2099.5
centered_candidate_000026_5fbe1d0b,centered-gaussian,8,8,0.25,2090.75,59,29.5,8199.1,3531.0258,14088.375,1243.5,667.1,52992.1,0.25,303.575,17.875,740.625,86551.625,1908.5,795.3,334412.7,155.625,0,2,0.7943,18167.125,147410.5534,22518.8396,-1736.0129,2090.75
centered_candidate_000103_1473eb0f,centered-gaussian,8,8,0.25,2079,47.5,29.2,8135.9,3531.5549,13950,1057.5,730.1,52661.8,0.25,303.7625,17.5,734.75,84927.75,1629.5,906.3,311028.4,171.25,0,2.375,0.7597,19582,147852.1328,22527.8075,-1736.5774,2079
centered_candidate_000088_836107b8,centered-gaussian,8,8,0.25,2071.625,63,37.7,8096.7,3480.8793,14112.25,1361.5,873,52647,0.25,315.4,17.75,744,108843.375,2381,1187.7,419189.2,156.5,0,2.625,0.6903,19905.375,185228.4386,22286.5358,-1702.7396,2071.625
centered_candidate_000232_c232890d,centered-gaussian,8,8,0.25,2050,56,40.8,8011,3447.4739,13974.375,1216.5,990.7,52111.1,0.25,318.1,17.75,735.625,77525.125,2055.5,1586.2,288791.2,165,0,3.125,0.5149,22171.875,132036.6891,22045.6699,-1682.9369,2050
centered_candidate_000278_744746b8,centered-gaussian,8,8,0.25,1853.5,96.5,41.7,5637.5,3127.4456,12851.125,1843.5,981.8,37371.9,0.25,304.3,18.375,667.5,57818.625,3542.5,1784.1,166464.3,195.5,0,3.125,0.6044,23550.375,107755.957,19537.7293,-1522.0228,1853.5
centered_candidate_000057_f351cc18,centered-gaussian,8,8,0.25,1712.375,185.5,48.4,4451.2,2724.0957,12348.25,2475,1132.6,30951.6,0.25,315.625,18.75,640.125,45472.75,4994,1847,115773.5,209.75,0,3.375,0.7189,25623.5,81510.1661,17355.6851,-1313.6479,1712.375
centered_candidate_000352_8f7b7db8,centered-gaussian,8,8,0.25,1675.5,65.5,41.4,5910.4,2909.5885,11715.5,1375,944.1,39324.4,0.25,265.95,16.125,615.875,57056.625,2195,1523.6,197755,179.875,0,3.125,0.7019,23180.875,100433.4179,18797.139,-1413.3943,1675.5
search_candidate_000210_5e9000b9,random-phased,8,8,0.25,1658.75,288.5,53.1,4268.9,2622.7752,11997.375,3169.5,1104.4,29163.8,0.25,314.275,18.75,619.75,45661.25,6530,1757.1,114270.9,229.125,0,4.5,0.5372,30349.625,83401.7575,16714.7966,-1258.2876,1658.75
centered_candidate_000236_d4ac727c,centered-gaussian,8,8,0.25,1635.5,91.5,38.4,4799.6,3076.6739,11448.125,1708,899.9,32542.6,0.25,274.9875,16.625,594.25,52553.75,2789.5,1374,141144.2,186.875,0,2.875,0.7605,22172.125,112311.4216,19217.0213,-1499.9369,1635.5
centered_candidate_000092_2a88cfac,centered-gaussian,8,8,0.25,1624,400,58.8,4781.7,2658.7387,11722.125,4175.5,1261.2,32434.5,0.25,312.125,18.625,600.625,74342.75,9215.5,2225.7,194347.4,211.625,0,3.875,0.6272,27332.625,159392.1238,16795.3251,-1270.5694,1624
centered_candidate_000052_04b20e70,centered-gaussian,8,8,0.25,1607.625,67.5,38.1,5369.2,2897.7008,11266.5,1417,840.5,36033.1,0.25,262.05,15.75,590.25,51335.125,2239.5,1264.9,150962.9,179.875,0,3.25,0.6508,24015.125,104704.1471,18642.4128,-1410.7504,1607.625
centered_candidate_000132_d1537801,centered-gaussian,8,8,0.25,1602.25,94,36.4,5002.3,3028.1862,11278.625,1749,913.7,33834,0.25,268.6875,16,589.375,85301.5,3127.5,1441,227085.3,183,0,3.375,0.6226,24066.75,195602.343,19073.768,-1477.6931,1602.25
centered_candidate_000283_6571cbe7,centered-gaussian,8,8,0.25,1574.375,90.5,41.9,4824.7,2933.3368,11145.375,1638,982.6,32817,0.25,274.8375,16.125,580.75,61883.625,2890.5,1329.6,171796.9,192,0,3.625,0.6134,26144,132017.6924,18571.8708,-1424.7684,1574.375
centered_candidate_000352_14f8a352,centered-gaussian,8,8,0.25,1569.875,148.5,73.4,4376.3,3119.9346,11134.375,2238.5,1471.8,29742.7,0.25,295.4625,16.5,575,64850.75,4595,2729.9,164663.5,199,0,4.25,0.5359,28840.625,146983.9426,19038.0343,-1486.5673,1569.875
centered_candidate_000231_742a9969,centered-gaussian,8,8,0.25,1557.25,245,57.8,4322.7,3004.1328,11192.5,3038.5,1261.1,29570.3,0.25,302.05,16.875,578.25,48739.625,6171.5,2205.5,126588.8,205,0,3.75,0.593,26722.625,102785.5053,18776.079,-1444.2664,1557.25
centered_candidate_000328_51b49f46,centered-gaussian,8,8,0.25,1555.375,89,53.1,4589.4,3095.8546,10984.375,1735.5,1128,31301.6,0.25,262.9375,15.5,576,52012.75,3080.5,1700,141797.8,190.75,0,2.875,0.6431,22629,112680.4948,19262.3784,-1494.8273,1555.375
centered_candidate_000101_1f3fb7b3,centered-gaussian,8,8,0.25,1545.125,116,44.6,3936.5,3055.2853,10902.625,1963.5,1007.6,27026.7,0.25,277.675,16.375,562.75,67245.5,3809,1545.2,164661.4,200.25,0,3.625,0.5861,26267.875,155167.9126,18662.4841,-1483.0427,1545.125
centered_candidate_000030_8a957b77,centered-gaussian,8,8,0.25,1544.75,73.5,37.8,4111.6,2685.7593,11107.5,1488,877.2,28521.7,0.25,282.9125,16.75,575,45299,2712,1089.2,115160.8,186.75,0,2.875,0.7123,22964.75,90143.8198,17044.7542,-1305.0797,1544.75
centered_candidate_000347_ede12490,centered-gaussian,8,8,0.25,1529.375,76,37.9,4480.5,3115.2758,10640.375,1559.5,882.4,30253.6,0.25,262.1,15.125,551.875,47314.5,2980.5,1335,127294.5,176,0,2.75,0.6643,21393.375,103653.7746,19218.5974,-1519.7379,1529.375
centered_candidate_000125_4df94c0c,centered-gaussian,8,8,0.25,1515.25,60.5,33.9,4334.6,3061.2197,10629.125,1311.5,766.3,29725.1,0.25,263.6625,15.375,551.5,81170.75,2157.5,1085,206673,184.25,0,3.25,0.7039,24245.125,193466.0012,19007.4771,-1496.7099,1515.25
centered_candidate_000054_96032448,centered-gaussian,8,8,0.25,1510.75,75.5,48.7,4687.5,2890.0426,10599.25,1465.5,1090.4,31561,0.25,263.6875,15.25,549.875,44146.25,2723.5,1674.4,125830.7,178.125,0,2.75,0.6835,21391.875,90855.3338,18172.751,-1396.3213,1510.75
centered_candidate_000139_673c1449,centered-gaussian,8,8,0.25,1507.75,71.5,28.4,4695.9,2899.9479,10531.625,1386,693.1,31983,0.25,252.7375,15.125,548.375,43075.875,2408.5,939.7,126171.6,189,0,2.625,0.7899,21553.5,87356.0976,18256.1543,-1421.574,1507.75
centered_candidate_000360_28b6677d,centered-gaussian,8,8,0.25,1488.75,73.5,52.2,4253.1,3048.0919,10565.75,1462.5,1173,29237.3,0.25,265.3,15.25,550.75,50548.75,2565,1814.6,131874.9,190.125,0,3.25,0.6742,23958.875,114009.7777,18961.9128,-1471.846,1488.75
centered_candidate_000088_b2a5abfb,centered-gaussian,8,8,0.25,1477.125,83.5,46.6,4182,3079.7509,10423.625,1682,1082.7,28720.5,0.25,264.8375,14.875,542.375,46779.875,3179,1859.3,120844.6,183,0,3.125,0.6064,22736.25,105692.5603,18959.3377,-1493.2754,1477.125
centered_candidate_000281_74dddc58,centered-gaussian,8,8,0.25,1476.375,78,50,4209.5,3054.8624,10503.75,1600,1190.6,29026.4,0.25,261.75,15.25,547.375,50647,2657,1841.5,132814.9,186.75,0,3.375,0.5702,24688.25,114391.9078,18902.8002,-1477.4312,1476.375
centered_candidate_000212_416ae055,centered-gaussian,8,8,0.25,1465.25,91,51.3,3815.1,2614.2788,10657,1642.5,1207.4,26755.3,0.25,291.95,16.625,547.5,54216.25,2899,1904.8,134732.1,194.125,0,3.375,0.6608,25119,116769.2837,16592.9981,-1255.8394,1465.25
centered_candidate_000356_f1feaa38,centered-gaussian,8,8,0.25,1460.75,67.5,40,4141.3,3081.1738,10297.5,1326.5,910,28529.8,0.25,251.3,14.375,538.875,57284.625,2149,1325.8,149282.8,174.625,0,2.75,0.6095,21768.875,133359.0388,19302.3473,-1500.5869,1460.75
centered_candidate_000078_ec625934,centered-gaussian,8,8,0.25,1458,93.5,59,4570.2,2706.0093,10573.125,1723,1212.7,31669.3,0.25,268.8875,15.5,552.75,49807,2746,2082.7,140092.1,189.625,0,3.75,0.5547,25560.875,104211.1483,17385.3959,-1294.0047,1458
centered_candidate_000008_163a3662,centered-gaussian,8,8,0.25,1451.125,93.5,40.2,3912.6,2677.31,10520.75,1646.5,913.8,27325.4,0.25,282.475,16,544.375,35915.375,2990.5,1403.6,94405.8,198.75,0,3.125,0.5927,23345.875,69394.6197,16870.4559,-1298.455,1451.125
centered_candidate_000286_11c0a937,centered-gaussian,8,8,0.25,1448.25,71.5,41.4,4609.7,2714.6849,10374.375,1484.5,912.5,31711.4,0.25,258.325,14.875,542.25,51480.875,2457,1359.3,146916.8,175.875,0,3,0.6374,22398.625,107997.0817,17492.9168,-1315.9425,1448.25
centered_candidate_000073_18c0f578,centered-gaussian,8,8,0.25,1447.375,72.5,37,4513.5,2762.8262,10307.875,1450.5,921.2,31040.4,0.25,258.2125,15,537.625,45036.625,2545.5,1407.1,127755.9,192.625,0,3.25,0.6981,24587.875,94257.1617,17589.7307,-1344.4131,1447.375
centered_candidate_000087_7c29c77d,centered-gaussian,8,8,0.25,1445.125,59,37.5,4154,3020.6115,10234.625,1279,856.1,28774.5,0.25,252.0125,14.25,536.375,42618.125,2160,1245.2,113014.2,174.75,0,3.125,0.6292,23439,95635.7374,19010.383,-1472.8058,1445.125
centered_candidate_000153_c2c70ab3,centered-gaussian,8,8,0.25,1422,61,36.7,4332.4,2702.3291,10298.875,1270.5,883.3,30370.8,0.25,273.7,15,536.5,37204.375,2215,1308.7,106098.7,182.875,0,3.25,0.5521,23337.5,73655.6699,17448.1356,-1314.4645,1422
centered_candidate_000042_0ad29c5a,centered-gaussian,8,8,0.25,1409.375,106,49.7,4010.9,2772.0239,10231.125,1881,1070.9,27947.8,0.25,283.4125,15.375,527.75,35245.375,3763,2039.4,93437.6,178.75,0,3.125,0.6029,23256.25,71461.9466,17550.7895,-1336.3119,1409.375
centered_candidate_000169_9eb43961,centered-gaussian,8,8,0.25,1379,71,36.7,3860.7,2731.6402,9954.25,1470,817.7,27125.9,0.25,266.3875,15,514.875,31020.875,2487,1239.5,83708.3,187.875,0,3.125,0.6803,23783.125,62083.6058,17346.9257,-1329.1201,1379
centered_candidate_000343_4f08de51,centered-gaussian,8,8,0.25,1375.5,87.5,52.9,3946.8,2774.6391,10028.625,1644,1142.3,27702,0.25,259.575,15,522,60260.25,2803.5,1838.9,155519.9,181.5,0,3.375,0.5867,24199.5,139602.74,17638.3825,-1334.4195,1375.5
centered_candidate_000071_2d868a28,centered-gaussian,8,8,0.25,1374.875,84.5,51.3,3892.9,2742.6829,10016.5,1588.5,1099.9,27345.9,0.25,269.3625,15,520.625,37833,2709.5,1718.3,102126.1,193.375,0,2.875,0.6434,22744,78892.2801,17464.1614,-1320.0415,1374.875
centered_candidate_000341_80e0d50d,centered-gaussian,8,8,0.25,1368.875,52,34.8,3951.8,2837.8937,9782.375,1230.5,825,27523.5,0.25,248.05,14,511.75,42632.5,2012.5,1034.8,114235,186,0,3.25,0.6757,23996.375,94927.2969,17953.379,-1384.1468,1368.875
centered_candidate_000311_025d9cb6,centered-gaussian,8,8,0.25,1360.375,89.5,55.3,3813.5,2732.3551,9895.875,1690.5,1200.2,26621,0.25,273.6125,14.875,511,55469.25,3177.5,1950.5,143285.6,177.5,0,3.25,0.5683,23215.375,125013.5689,17257.7672,-1310.8776,1360.375
centered_candidate_000149_a2ee87fa,centered-gaussian,8,8,0.25,1353,83.5,32.4,3825.2,2789.0184,9783.875,1716,799.7,26744.9,0.25,255.325,14.375,508.375,52519.75,2915,1052.5,135885.8,169.75,0,2.875,0.6344,21797,120780.7989,17617.5383,-1362.1092,1353
centered_candidate_000090_662e699b,centered-gaussian,8,8,0.25,1350.875,78.5,33,3977.4,2654.0365,9853.375,1597,808.8,28013,0.25,264.875,14.625,511.875,47067.625,3093,1084.3,127434.5,177.75,0,2.75,0.6453,20969.75,101626.1052,17137.5398,-1294.0182,1350.875
centered_candidate_000342_869550a7,centered-gaussian,8,8,0.25,1345,77,38.1,3891.1,2637.2244,9789.625,1475,889.1,27315,0.25,271.3375,14.625,506.5,57320.5,2591,1515.4,148236.2,180.5,0,3.125,0.6699,23298.5,130430.4117,16896.6833,-1280.5122,1345
centered_candidate_000352_7c3bbd25,centered-gaussian,8,8,0.25,1343.25,88.5,43.4,4051.3,2607.2809,9754.875,1595.5,1054.4,28279.5,0.25,260.7375,14.5,505.625,87037.25,2756,1756.7,224754.9,172.375,0,3.125,0.6154,23191.375,206903.7168,16766.7427,-1260.2404,1343.25
centered_candidate_000235_53fe2ea3,centered-gaussian,8,8,0.25,1342.75,52.5,38.4,4014.6,2709.0031,9609.125,1167,900,28117.3,0.25,250.075,13.875,500.75,45988.375,1919,1277.7,122706.2,182.125,0,3.5,0.6347,25244.5,104213.2017,17306.3891,-1316.1015,1342.75
centered_candidate_000208_e34b15eb,centered-gaussian,8,8,0.25,1337.375,71.5,39.7,3931.4,2682.9423,9636.875,1416,908.5,27434.8,0.25,263.6,14.125,499.375,37412.75,2497.5,1587.6,103329.7,179,0,2.75,0.6577,21168.875,78084.8322,17113.6212,-1301.7712,1337.375
centered_candidate_000102_39459fd6,centered-gaussian,8,8,0.25,1327.375,108,46.4,3743.4,2683.9661,9687.75,1932,1067.8,26183.6,0.25,276.3,14.75,498.625,47676,3702,1645.2,123495.3,181.75,0,2.625,0.688,21068.25,106344.7426,17008.1412,-1295.5831,1327.375
centered_candidate_000081_a9463706,centered-gaussian,8,8,0.25,1298.25,76,43.4,3763.4,2631.6661,9456,1482.5,1035.6,26555.7,0.25,259.05,14,490,76460.25,2607,1626.3,195669.6,170.25,0,3.25,0.5947,23492.125,182182.2314,16729.7664,-1272.4331,1298.25
search_candidate_000214_0921c739,random-phased,8,8,0.25,1277,81,58.6,3592.6,2633.6987,9444.25,1629.5,1287,25442.5,0.25,263.125,14.25,491.875,43869.75,2863.5,2401.7,113366.8,197,0,3.875,0.5731,26909.875,97938.687,16778.5332,-1258.2494,1277
centered_candidate_000184_4057a818,centered-gaussian,8,8,0.25,1098.25,137,32.2,2799.5,1416.4784,8535.875,2203.5,793.1,19821.1,0.25,244.0875,15.875,435.5,24804.125,3964,1089.3,61609,250.125,0,3.625,0.8793,28656.125,34171.6604,9598.042,-676.0392,1098.25
centered_candidate_000181_bed047a1,centered-gaussian,8,8,0.25,1089.25,82.5,39,3055.9,1400.6815,8421.25,1513,855.4,22235.1,0.25,236.2,15.25,432.875,21901.625,2566.5,1270.6,60790,250.375,0,3.375,0.7646,28133.625,27655.1371,9774.5383,-661.3408,1089.25
centered_candidate_000103_c47178d6,centered-gaussian,8,8,0.25,753.75,95,71.8,2569.5,1171.6901,6512.875,1787,1535.2,19878.3,0.25,223.125,12.375,333.875,18435.5,3730,2857.7,58453.7,206.125,0,4,0.5764,28049.25,26891.6703,8422.5518,-514.045,753.75
search_candidate_000201_4c170613,random-phased,8,8,0.25,678,180,34.1,2085,983.4822,5909,2491,834.2,16549.8,0.25,222.15,12.125,295,13286.125,4935.5,1206.8,37369.1,206.75,0,3.5,0.6837,25573.75,17716.7457,7223.9675,-457.6411,678
centered_candidate_000090_39115c4f,centered-gaussian,8,8,0.25,576.875,64,33.9,2017.6,840.6526,5156.875,1345.5,848.2,16051.3,0.25,196.8,11,255.875,12030.625,1894.5,1167.7,40455.6,193.625,0,3.125,0.7865,25054.25,16601.6942,6351.4805,-386.4263,576.875
centered_candidate_000335_33f735cc,centered-gaussian,8,8,0.25,558.5,91,47,1812.9,827.9284,5063.875,1614.5,1095.7,14672.1,0.25,207.175,10.875,250.125,12148.875,2724,1617.9,37890.1,199.125,0,2.875,0.6616,23034.625,16564.7246,6177.734,-366.9642,558.5
centered_candidate_000318_bd424405,centered-gaussian,8,8,0.25,490.75,63,33.7,1777,759.7333,4606.375,1381,796.2,14662.5,0.25,188.6125,9.875,229.5,10550.25,2314,1036.6,34455.1,187.625,0,2.625,0.6899,21897.25,15348.5074,5995.3172,-346.1667,490.75
centered_candidate_000040_651a9a5d,centered-gaussian,8,8,0.125,1674.375,61,41,5042.9,3204.3916,11522.375,1314.5,941.5,33656.7,0.125,276.0125,16.25,602.375,54000.625,2331,1476.8,153849.2,177.875,0,3.25,0.6549,23683.25,110541.9031,19758.7427,-1561.1958,1674.375
centered_candidate_000039_67c104ce,centered-gaussian,8,8,0.125,1655.625,78,56.7,5382.8,2790.8838,11583,1583.5,1250.1,34833.8,0.125,290.8875,17.25,604.375,49920.25,2961,2238.6,156088.7,219.5,0,3.875,0.676,27704.625,88739.5828,17641.1954,-1338.7419,1655.625
centered_candidate_000185_da7920a3,centered-gaussian,8,8,0.125,1616,77.5,49.7,4909.3,3090.3865,11334.375,1581,1100.4,32939.8,0.125,279.8625,16.125,596.875,46861,2706.5,1744.5,133454.7,204.25,0,3.5,0.5574,25123.625,94850.1446,19342.5465,-1495.4933,1616
centered_candidate_000136_cd0ff4f3,centered-gaussian,8,8,0.125,1610.625,72.5,25.3,4940.1,2874.2342,11167.25,1516,666.3,32914.7,0.125,270.7625,16.5,581.25,54060.75,2673,903.5,157551.6,191.875,0,2.75,0.8151,22474.375,106349.8319,18094.2101,-1411.8171,1610.625
centered_candidate_000242_5f24dd18,centered-gaussian,8,8,0.125,1610.5,215,37.9,4305.2,3099.1956,11301.875,2876.5,880.2,28954.1,0.125,289.95,17.125,583.625,62529.375,5758,1322.2,157591.8,179.375,0,3.25,0.6065,23870.625,140098.5818,19019.8904,-1511.6978,1610.5
centered_candidate_000316_1981171a,centered-gaussian,8,8,0.125,1607.875,266,62.6,4255.6,2599.8588,11693.375,3236,1322.4,29154.5,0.125,332.0875,18.625,603.25,35121.875,6797.5,2177.2,90469.4,222.75,0,3.875,0.5237,27090.125,56783.7978,16598.6712,-1237.3294,1607.875
centered_candidate_000137_43b01bbc,centered-gaussian,8,8,0.125,1594.125,199,56.5,4406.1,3093.6998,11225,2564.5,1231.2,29601.9,0.125,289.25,17,581.75,51428.5,5147.5,1862.6,132170.6,194.375,0,3.25,0.6135,23756.75,111170.7728,18864.4685,-1490.3499,1594.125
centered_candidate_000343_fcac27ab,centered-gaussian,8,8,0.125,1587,92,43.6,4801,3030.6219,11136.375,1657,1037.8,32338.8,0.125,275.75,16,584.5,59902.375,3117,1525.8,162309.1,193.5,0,3.125,0.6601,23555.25,130161.0091,19014.5428,-1471.7109,1587
centered_candidate_000187_a4cd40fb,centered-gaussian,8,8,0.125,1584.125,200,36.7,3912.8,2707.7652,11340.25,2681,874.5,26465.8,0.125,305.1625,17.625,588,43428.875,5551.5,1372,107173.8,219.125,0,4.75,0.5179,31051.125,82404.9286,17167.4983,-1317.1826,1584.125
centered_candidate_000322_015036f2,centered-gaussian,8,8,0.125,1582.5,91.5,56.9,4774.5,3075.5984,11179,1683.5,1243.8,32346.5,0.125,271.0625,15.875,590.25,53542.375,3409.5,2082.6,145985.6,193.125,0,3.5,0.5742,25359.125,115165.0061,19274.7976,-1480.8992,1582.5
search_candidate_000231_2ae33da1,random-phased,8,8,0.125,1581.5,820.5,46.2,3566.3,2419.701,11536.75,6950.5,1091,24966.5,0.125,343.1375,19.125,591.625,53265.75,16473,1738.9,122525.4,257.75,0,4.5,0.5366,30355.875,103757.4893,15428.4128,-1163.6505,1581.5
centered_candidate_000019_8a269f24,centered-gaussian,8,8,0.125,1535,62.5,36,4400.2,2754.7743,10949.25,1353,817.6,30328.8,0.125,270.4625,16.25,573.625,49338.25,2435.5,1008,133580.2,184.5,0,3.5,0.6458,25618.875,101891.8835,17543.861,-1341.3871,1535
centered_candidate_000076_1eccd484,centered-gaussian,8,8,0.125,1524,56.5,40.4,4922.8,2739.8437,10704.875,1211,914.1,33124.4,0.125,271.2125,15.625,562.5,49636.875,1740.5,1233.4,153867.3,220.125,0,3,0.7826,24429.25,94329.7878,17431.5254,-1329.5219,1524
centered_candidate_000294_4b901d34,centered-gaussian,8,8,0.125,1520.875,43.5,39.1,4570.9,3085.7303,10535.375,1034,896.1,31025.4,0.125,250.9375,14.5,555,47104.75,1752.5,1258.5,129440.4,168.75,0,3.125,0.564,22829.25,103945.0228,19346.0634,-1503.7651,1520.875
centered_candidate_000313_2cef597c,centered-gaussian,8,8,0.125,1498.625,60.5,38.1,4182.9,2754.9081,10586.875,1226.5,943,28314,0.125,280.35,16.125,548.375,48235.25,2014.5,1347.8,129081.2,195.875,0,2.75,0.6763,22723.5,98400.1239,17496.6443,-1339.354,1498.625
centered_candidate_000316_a5d9bc69,centered-gaussian,8,8,0.125,1484.375,71,37.5,4704.1,2798.7478,10501.5,1446,910.3,31977.2,0.125,261.875,15,553,57228.375,2330,1346.5,163632,185.25,0,3,0.6961,23017.125,121255.8823,17836.4827,-1361.8739,1484.375
centered_candidate_000132_5d065fd9,centered-gaussian,8,8,0.125,1472.75,52,36.9,4403.4,2985.0613,10357,1101.5,870.8,30339.1,0.125,256.7125,14.625,544.875,64339.25,1685,1372.5,170255.5,174.75,0,2.5,0.7448,19965.625,149063.0011,18894.8424,-1455.6307,1472.75
centered_candidate_000174_95cc45b2,centered-gaussian,8,8,0.125,1470,56,37.4,4265.8,3071.8464,10109.125,1235.5,850.7,28477.7,0.125,250.0375,14.25,530,64046.25,1996,1237.5,167300.4,191.375,0,3,0.6805,23421.375,150500.2987,19092.5089,-1498.5232,1470
centered_candidate_000305_54502f65,centered-gaussian,8,8,0.125,1462.125,61.5,42,4663.8,2743.3328,10371.625,1256,948.1,31740.4,0.125,259.625,14.875,545.375,48914,2179.5,1626.2,141940.4,176.625,0,2.625,0.679,20286.125,100955.1191,17610.5158,-1329.6664,1462.125
centered_candidate_000189_c87b37a3,centered-gaussian,8,8,0.125,1460.75,185.5,48.3,3792.8,3066.2177,10382.125,2455.5,1070.7,25924.8,0.125,277.925,15.5,538.875,39956.5,4623,1676.5,99939.1,176,0,3.25,0.6106,22779,87525.0344,18881.4049,-1484.8088,1460.75
centered_candidate_000070_6b772c78,centered-gaussian,8,8,0.125,1434,103.5,53.2,4107.5,2808.5911,10330.625,1735,1176.2,28295.8,0.125,280.45,15.625,537.5,45601,3279,2059.8,120151.5,184.875,0,3.75,0.5205,26321.625,97922.0603,17686.8759,-1351.0955,1434
centered_candidate_000275_7b8bcc84,centered-gaussian,8,8,0.125,1433.75,118.5,51.1,3554.9,2604.0258,10440.75,1948.5,1173.4,24557.5,0.125,304.8875,16.375,538.75,49170.125,4446,1923.4,117859,199.375,0,3.375,0.6229,23806.625,103051.0454,16467.1753,-1250.9129,1433.75
centered_candidate_000294_919032c4,centered-gaussian,8,8,0.125,1409.25,120.5,38,3482.1,3050.8271,9886.375,1969,929.2,23149.7,0.125,266.5125,15,509.5,54809.375,3506.5,1495.4,131629.8,176.875,0,3.125,0.6492,23375.375,129696.2203,18863.3379,-1487.4136,1409.25
centered_candidate_000047_0076f73f,centered-gaussian,8,8,0.125,1403.375,75.5,59.3,3875.4,2876.2354,10087.625,1447.5,1247.8,26834.6,0.125,274.45,15.125,525.375,48069.5,2610.5,2030.6,123846.6,182.5,0,3.25,0.6365,23703.375,106827.8371,18026.0371,-1378.8177,1403.375
centered_candidate_000311_30fcd659,centered-gaussian,8,8,0.125,1401.625,92.5,34.9,3785.7,3058.0275,9838.25,1684,791.5,25797.7,0.125,250.925,14.25,513.875,53353,3040,1099.6,134785.4,171.875,0,2.75,0.6732,21776.75,125826.2137,18876.7673,-1494.1138,1401.625
centered_candidate_000238_e6a6fed4,centered-gaussian,8,8,0.125,1400,88,36.4,3569,3135.2157,9757.375,1687.5,817.3,23781.2,0.125,252.8,14.5,506.25,51330.625,2923,1052.2,126426.1,181.875,0,3,0.7885,23144.25,122129.7316,19177.4797,-1531.2079,1400
centered_candidate_000085_a2e04328,centered-gaussian,8,8,0.125,1397.875,56.5,42.9,4232.8,2767.4924,9943.625,1242.5,1050.1,28990.3,0.125,254.575,14.5,522.625,35558.5,1862,1536.2,100518.9,190.75,0,3.125,0.7629,24358.75,73972.5492,17614.5674,-1340.8462,1397.875
centered_candidate_000310_98aa9a4c,centered-gaussian,8,8,0.125,1394.875,71,36.5,3931.3,2895.8701,9894.125,1371.5,825.2,27041.8,0.125,264.025,14.5,516.25,33713,2290.5,1218.1,90135.9,180.375,0,2.875,0.6229,21756.625,71269.4622,18205.9556,-1411.435,1394.875
centered_candidate_000331_da552d69,centered-gaussian,8,8,0.125,1376.5,58,34.8,3667.6,3112.2015,9389,1253.5,779.9,24130.1,0.125,243.55,13.375,487.125,47677.25,2212.5,1090.8,120289.9,172.875,0,2.75,0.6101,21425.375,113398.5648,19086.4031,-1521.3008,1376.5
centered_candidate_000256_c341beef,centered-gaussian,8,8,0.125,1368.875,73,37.1,3711.1,2894.8048,9547.75,1414,828.8,24802,0.125,260.475,14.375,492,43973.875,2319,1123.6,113370.8,179.125,0,2.5,0.7424,20599.75,99091.0046,17985.8019,-1410.3024,1368.875
centered_candidate_000336_bbf2aef0,centered-gaussian,8,8,0.125,1368.875,64.5,43.7,3699,3022.1976,9614.125,1350,990.6,25008.9,0.125,247.975,14,501.625,46876.125,2130.5,1467.4,118132.3,172.625,0,2.625,0.7769,21425.25,111269.2519,18934.8842,-1467.3988,1368.875
centered_candidate_000240_d14327e6,centered-gaussian,8,8,0.125,1363.75,75,42.1,3565.8,3088.3081,9552.625,1636,1028.6,23802.3,0.125,258.175,13.875,497.25,40739,3089.5,1733.6,101786.7,182,0,3.125,0.5999,23374.125,93905.2445,19049.8137,-1502.0541,1363.75
centered_candidate_000071_c9f98127,centered-gaussian,8,8,0.125,1361.25,58,35.4,3882.2,2876.9833,9502.5,1243.5,809.1,26199,0.125,253.2375,13.875,493,34844.625,2262.5,1201.1,93708.4,169.625,0,2.75,0.619,20422.75,76164.3488,18128.5638,-1403.0917,1361.25
centered_candidate_000027_7e76a091,centered-gaussian,8,8,0.125,1347.5,115,52.7,3411.6,2961.1873,9655.5,1940,1034.8,23191.1,0.125,262.225,14.5,501.625,46172,3386,1647.9,112792.7,170.625,0,3.375,0.5016,23559.75,107461.8068,18502.935,-1427.8937,1347.5
centered_candidate_000077_ddf6e434,centered-gaussian,8,8,0.125,1345.875,80.5,34.7,3554,3023.061,9399,1674,831.7,23635.6,0.125,249.875,13.75,487.125,55692,2867,1139.2,137520.4,163.625,0,3.125,0.5804,22869.125,134698.943,18670.6362,-1476.8305,1345.875
centered_candidate_000359_f718c0b3,centered-gaussian,8,8,0.125,1336.125,71,33.3,3857.8,2665.5572,9632.75,1468,817.5,26699.4,0.125,276.0875,14.5,500.75,40201.25,2963,1259,107101.6,189.75,0,3.875,0.5828,26782,85642.3432,16958.5791,-1299.4786,1336.125
general_top10-median-phased_e546ad0d,top10-median-phased,8,8,0.125,1335.125,64.5,35.5,3707.5,2884.3505,9511.5,1323,846,25729.5,0.125,248.825,13.75,498.5,43883.75,2026,1341.5,113294.3,168.25,0,2.875,0.6309,21847.75,101596.2453,18256.4278,-1406.6752,1335.125
general_topN-median-phased_c22d4eba,topN-median-phased,8,8,0.125,1335.125,64.5,35.5,3707.5,2884.3505,9511.5,1323,846,25729.5,0.125,248.825,13.75,498.5,43883.75,2026,1341.5,113294.3,168.25,0,2.875,0.6309,21847.75,101596.2453,18256.4278,-1406.6752,1335.125
centered_candidate_000047_3280427f,centered-gaussian,8,8,0.125,1330.625,91.5,60.3,3529.3,2900.1483,9472.375,1764.5,1337.7,23648.5,0.125,259.1875,14.375,491.25,36344.625,2914.5,2179.2,90967,184.625,0,2.625,0.6839,20929,82334.5265,17966.2766,-1389.7741,1330.625
centered_candidate_000299_fc574c28,centered-gaussian,8,8,0.125,1329.375,57,39.7,3613,2889.0718,9340,1217,913.3,24409.6,0.125,252.6875,13.625,485.875,42425.625,2014.5,1300.4,108407.5,175.375,0,2.75,0.7273,21489.875,97862.1568,18054.4892,-1404.8359,1329.375
centered_candidate_000338_a43e5cd7,centered-gaussian,8,8,0.125,1324.625,88.5,39.3,3738.4,2726.608,9594.375,1741.5,867.4,25964.9,0.125,259.5,14.375,503,37032.375,3143,1297.7,98602.4,193.5,0,3,0.6022,22848.75,79506.3331,17247.326,-1324.004,1324.625
centered_candidate_000257_e253dcd1,centered-gaussian,8,8,0.125,1324.125,71.5,36.7,3303,3139.39,9179,1405,898.9,21929.1,0.125,232,13,479.5,52436.875,2323.5,1290.3,127032.4,160.625,0,3,0.643,22367.5,129829.9236,19416.3405,-1532.995,1324.125
centered_candidate_000346_3c4c4ed6,centered-gaussian,8,8,0.125,1316.5,121.5,48.2,3126.3,3138.2311,9223.25,1976.5,1072.5,20655.2,0.125,252.425,13.5,478.375,34747.375,3665.5,1753.3,80940.5,172.25,0,2.75,0.6474,20948.125,81538.8201,19155.8722,-1520.9156,1316.5
centered_candidate_000086_77022195,centered-gaussian,8,8,0.125,1311.5,109.5,46.7,3092,3105.848,9178.375,1964.5,1070.4,20302.2,0.125,255.425,13.5,475,40823.75,3526,1812.9,95339.8,174.875,0,3.5,0.5417,24636.75,97912.5556,18947.2884,-1506.224,1311.5
centered_candidate_000099_86be911f,centered-gaussian,8,8,0.125,1306.5,87,47.3,3108.8,3074.1947,9203.625,1657,1100.5,20649.5,0.125,257.75,13.5,477.5,43733.875,3192,1787.9,103069.3,176.25,0,3.125,0.5465,22946.25,104666.583,18905.3728,-1489.7974,1306.5
centered_candidate_000354_89ffdb13,centered-gaussian,8,8,0.125,1306.25,119.5,67.7,3526.6,2721.828,9374.875,1956.5,1419.5,23739.5,0.125,276.25,14.625,482.75,36869.125,3570,2754.5,93273.2,196.375,0,3.25,0.6513,24674.5,80007.0964,16865.1015,-1293.214,1306.25
centered_candidate_000307_5bb09ff3,centered-gaussian,8,8,0.125,1303.625,90.5,39.8,3398.4,2681.755,9367,1672,916.8,22952.6,0.125,265.225,14.75,481.75,40459.875,2688.5,1347.4,100161.4,180,0,3.125,0.6682,23923.25,90490.5416,16890.7065,-1301.0775,1303.625
centered_candidate_000241_c8532fca,centered-gaussian,8,8,0.125,1302.125,77.5,50.3,3457.5,2867.3721,9333.25,1551,1095.1,23806.7,0.125,250.8375,13.875,487.75,37001.5,2707.5,1534,94230.9,180.625,0,3,0.6306,23038.75,83862.808,17945.2766,-1383.386,1302.125
centered_candidate_000229_e0fbab38,centered-gaussian,8,8,0.125,1299.25,82.5,54.7,3147.3,3118.9437,9093,1650,1165.5,20866.1,0.125,246.9125,13,473.25,42549.125,3175.5,1894.1,100926.9,163.375,0,3.25,0.5491,23092.875,102840.0726,19172.4164,-1504.7719,1299.25
centered_candidate_000253_83b23289,centered-gaussian,8,8,0.125,1298.5,90.5,45.9,3122.1,3134.4995,9090.125,1640.5,1087.1,20675,0.125,248.1125,13,472,52892.5,3200.5,1980,125418.4,154.375,0,2.875,0.597,20984.125,130721.3279,19288.5282,-1521.3498,1298.5
centered_candidate_000121_4a848e6d,centered-gaussian,8,8,0.125,1294.375,116.5,47.3,3083.8,3097.4402,9075.625,2011,1089.4,20378.6,0.125,245.95,13.125,473.25,37069.875,3706.5,1768.7,87120.1,179.125,0,3.25,0.6331,23839.5,88432.0671,18940.5846,-1501.4201,1294.375
centered_candidate_000258_a3bc0b07,centered-gaussian,8,8,0.125,1293.625,102.5,43.2,3059.6,3100.6176,9103.875,1838,1029.5,20301.3,0.125,261.9,13,472.5,51793.125,3733,1738.5,121798.9,165,0,3.25,0.4986,22655.125,126809.8733,19199.7093,-1507.1088,1293.625
centered_candidate_000334_e4f26c6c,centered-gaussian,8,8,0.125,1292.625,82.5,40.5,3121.6,3049.3969,9104.375,1657.5,925.5,20721.6,0.125,251.1125,13.25,472.875,53100.25,2957,1391,125831,166.75,0,3.375,0.5776,23553.375,130799.8303,18905.3064,-1484.1984,1292.625
centered_candidate_000161_23380266,centered-gaussian,8,8,0.125,1291,79.5,47.3,3042,3086.7955,9121.625,1543,1095.1,20368.6,0.125,255.7875,13.125,474.625,42943.5,3095.5,1806.8,100317.2,167,0,3.25,0.5392,22984.5,103717.9336,19184.4504,-1496.0977,1291
centered_candidate_000357_87537a4a,centered-gaussian,8,8,0.125,1291,204.5,47.9,3005.7,2831.7776,9150.875,2444.5,1093.8,20085.5,0.125,267.6875,14.5,466.125,39527,5246,1640,91646.6,174.375,0,3,0.5875,22294.25,90708.0131,17660.8243,-1367.9888,1291
centered_candidate_000184_96524cd5,centered-gaussian,8,8,0.125,1288.875,84,46.7,3033.2,3108.6453,9057.75,1549.5,1082.8,20281.2,0.125,249.875,13,472,71965.875,2895,1880.6,170029.7,172.25,0,3.375,0.5662,23808.25,181209.2917,19121.2518,-1507.6226,1288.875
centered_candidate_000138_fc4da46a,centered-gaussian,8,8,0.125,1286.25,85.5,50.2,3380.8,2677.0546,9318.75,1615,1120.3,23316.1,0.125,266.6125,14.625,480.25,36414.625,2494,1833.3,90700.9,177.25,0,3,0.7275,22844.625,80169.7252,16875.3811,-1288.3273,1286.25
centered_candidate_000283_71c642e9,centered-gaussian,8,8,0.125,1286.25,84,58.1,3076.9,2977.5029,9191.75,1608,1273,20640.1,0.125,261.2875,13.75,475.75,48789.5,2915.5,2134.6,115175.7,167.125,0,3.125,0.5855,22337.75,117295.2749,18516.7038,-1430.6515,1286.25
centered_candidate_000045_c0df2583,centered-gaussian,8,8,0.125,1284.875,91.5,49.5,3374.2,2605.6687,9472.375,1772,1132.7,23625.8,0.125,266.175,14.75,492.375,48215.125,3064,1811.3,119550.5,176.875,0,3.125,0.5893,23123.25,109815.5544,16608.6494,-1253.3344,1284.875
general_top10-median-phased_76fcc64d,top10-median-phased,8,8,0.125,1284.75,63.5,37.1,3599.4,2737.9349,9125.75,1320,856.6,24589.5,0.125,252.05,13.625,474.375,37021,2170,1213.5,99043.1,182.125,0,2.625,0.7047,21274.625,81237.7504,17355.2352,-1331.8674,1284.75
general_topN-median-phased_828df0a2,topN-median-phased,8,8,0.125,1284.75,63.5,37.1,3599.4,2737.9349,9125.75,1320,856.6,24589.5,0.125,252.05,13.625,474.375,37021,2170,1213.5,99043.1,182.125,0,2.625,0.7047,21274.625,81237.7504,17355.2352,-1331.8674,1284.75
centered_candidate_000341_e23a9443,centered-gaussian,8,8,0.125,1283.75,68,33.8,3013.4,3232.8775,8698.875,1430,789.1,19351.2,0.125,219.8625,11.75,454.375,54677.5,2543.5,1070.3,128980.7,150.125,0,2.5,0.6259,18933.875,138847.4788,19647.5618,-1582.6387,1283.75
centered_candidate_000122_5ab3e1cb,centered-gaussian,8,8,0.125,1282.625,126.5,65.8,2998.8,3063.757,9186.75,2060.5,1376.7,20106,0.125,248.0125,13.375,481.875,48632.25,3874.5,2450.1,113462.3,179.125,0,3.125,0.6236,22996.625,118710.7862,19058.0261,-1466.0785,1282.625
centered_candidate_000147_1218a31e,centered-gaussian,8,8,0.125,1282,186.5,52.7,2979,2873.1668,9181,2475,1120.9,20116.9,0.125,266.2625,14.125,472.25,48509.25,4857.5,1491.9,113555.3,170.5,0,3,0.6013,21839.875,115547.8149,17939.7223,-1383.8834,1282
centered_candidate_000316_103ea5da,centered-gaussian,8,8,0.125,1279.875,65.5,34.4,3045.6,3155.5691,8760.125,1361.5,835.5,19961.2,0.125,228.5625,12.25,456.125,44892.25,2277,1211.8,106470.4,161.5,0,3,0.6404,22575.25,111670.7083,19195.1772,-1543.3846,1279.875
centered_candidate_000176_a5488c10,centered-gaussian,8,8,0.125,1279.375,71.5,54.6,3220,2830.3317,9096.5,1450,1174.1,21579.5,0.125,268.675,14,467.125,37585.125,2741,1964.3,90817,181.5,0,2.875,0.6444,22168.875,85994.3815,17664.0269,-1360.5659,1279.375
centered_candidate_000062_62f58d98,centered-gaussian,8,8,0.125,1277.25,66.5,46.9,3049.8,3143.2897,8812.125,1347,1094.8,20061.3,0.125,229.85,12.5,458.625,42961.875,2080.5,1481.1,102087.8,159.75,0,2.625,0.6177,20642.75,106759.3518,19302.6545,-1524.7449,1277.25
centered_candidate_000022_f4a1750b,centered-gaussian,8,8,0.125,1276.875,65,37.7,3024.8,3149.7211,8757.5,1314.5,886.5,19750,0.125,234.0125,12.25,455.75,39827.375,2591,1565.1,93524.2,165.375,0,2.625,0.618,20558.375,98108.3232,19210.8617,-1537.1606,1276.875
centered_candidate_000274_8bc65fed,centered-gaussian,8,8,0.125,1276.625,55.5,36.8,3166.9,3070.8264,8884.75,1278.5,849.5,21143.6,0.125,232.5,12.625,463.875,43703.5,1973.5,1156.5,105883.5,164.375,0,2.625,0.6436,20661.125,107391.5385,19027.3723,-1498.6132,1276.625
centered_candidate_000271_62834b73,centered-gaussian,8,8,0.125,1274.375,54.5,36.8,3089,3144.8763,8732.875,1168.5,854.7,20370.1,0.125,225.0125,12.25,455.125,42552.625,1961.5,1290.8,101843.2,161.5,0,2.5,0.6637,19812.625,106042.3151,19271.4661,-1535.6382,1274.375
centered_candidate_000039_5177d183,centered-gaussian,8,8,0.125,1272.125,73.5,54.9,3012.5,3101.7669,8900.375,1543,1143.4,19970.2,0.125,240.0375,12.625,462.875,69014.25,2717,1679.9,164005.6,148.25,0,3,0.6061,21727,174395.814,19036.9089,-1495.9835,1272.125
centered_candidate_000267_40cda2ec,centered-gaussian,8,8,0.125,1271.875,70.5,56.9,3499.8,2711.0506,9147,1522,1244,23924,0.125,258.9125,13.75,476.375,36281.125,2568.5,1891.3,94437.6,188.625,0,3.375,0.6213,24491.625,79725.6271,16997.6166,-1298.6253,1271.875
centered_candidate_000201_f7ea67fb,centered-gaussian,8,8,0.125,1269,120,36.4,2957.1,3024.7232,9002.625,1985,900.7,19753.8,0.125,250.2625,13,468.375,67773.125,3844,1321.8,160075.9,157.75,0,3.375,0.5379,23463.25,169225.9754,18722.0104,-1475.9616,1269
centered_candidate_000228_b09281c4,centered-gaussian,8,8,0.125,1269,89,59.4,3017.1,3073.64,8973.625,1666,1304.9,20101.4,0.125,246.625,12.875,467.625,40741.25,3374.5,2182.3,95914.1,159.625,0,2.875,0.5324,20781.25,98532.1416,19090.1583,-1477.42,1269
centered_candidate_000020_8088afc0,centered-gaussian,8,8,0.125,1266.5,80,41.1,2979,3103.0307,8808.125,1546.5,994.3,19718.1,0.125,246.725,12.625,456,49307.875,2575.5,1570.2,116386,160.625,0,3.125,0.5328,21987.125,122160.8221,18979.9595,-1510.4154,1266.5
centered_candidate_000358_505f3496,centered-gaussian,8,8,0.125,1265,211,74.9,3151.1,2625.093,9310.75,2639.5,1533.7,21691.6,0.125,288.2875,15,478.375,38738.75,5390,2519.4,92613.6,201.125,0,3.75,0.5473,26103.125,85443.2742,16541.0482,-1237.6465,1265
centered_candidate_000353_b01332f9,centered-gaussian,8,8,0.125,1264,62,27.9,3021.4,3122.2734,8683.375,1325.5,719.7,19907.4,0.125,225.4875,12.25,454.625,42096.875,2020.5,1018,99863.8,185.5,0,2.875,0.7108,22789,104938.0149,19033.0862,-1533.2367,1264
centered_candidate_000255_52d8ee01,centered-gaussian,8,8,0.125,1261,66,40.4,3008,3131.8492,8706.375,1365.5,966.6,19834.9,0.125,229.975,12,456.875,39203.25,2250,1498.9,92850.8,175.25,0,2.875,0.6505,21870,97154.2918,19235.2323,-1525.5246,1261
centered_candidate_000021_3d32b54e,centered-gaussian,8,8,0.125,1260.5,66,39.5,2953.7,3161.1685,8648.5,1371,925.4,19197.5,0.125,217.425,11.75,455,46147,2179.5,1526.9,108320.1,165.25,0,3,0.7011,22885.5,116362.9698,19370.544,-1541.0842,1260.5
centered_candidate_000161_49f51b41,centered-gaussian,8,8,0.125,1260.125,76,28.5,3085.6,3052.7892,8717,1501,688.9,20513.2,0.125,224.45,12.625,453.25,47833.5,2331.5,787.7,115278.3,163.75,0,2.25,0.7601,18982.625,119217.8847,18914.2393,-1497.8946,1260.125
centered_candidate_000256_d101d168,centered-gaussian,8,8,0.125,1258.75,74,42.4,2958.4,3139.5828,8660.5,1454,986.4,19286.5,0.125,223.95,11.875,452.625,73829,2379,1417,174949.2,149.125,0,2.375,0.6893,18839.5,189012.0953,19199.6047,-1527.3914,1258.75
centered_candidate_000297_7719b44a,centered-gaussian,8,8,0.125,1256,98.5,55,3313.2,2726.272,9109.25,1859,1220.9,22454.5,0.125,273.325,14,469.125,47045.75,3622.5,2114,116407.6,169.625,0,3.75,0.4885,25739.25,108558.14,17108.4451,-1308.136,1256
centered_candidate_000318_82835f5e,centered-gaussian,8,8,0.125,1255.25,63.5,44.7,2945.3,3163.1353,8567.75,1309,1004.7,19074.6,0.125,216.8125,11.875,446.5,56191.25,2185,1564.8,132552.9,149,0,2.75,0.644,20726.625,143345.4459,19403.5324,-1536.8677,1255.25
centered_candidate_000146_50a69151,centered-gaussian,8,8,0.125,1254.5,60,37.8,3117.1,2730.4942,8855.125,1249,852.3,20951.1,0.125,248.775,13.75,453.25,37199.5,2109,1220.4,89592.6,162.25,0,2.625,0.6587,20560.875,85833.0074,17130.8856,-1327.4471,1254.5
centered_candidate_000044_ac7b5e51,centered-gaussian,8,8,0.125,1254.375,76.5,48,3420,2637.5141,9249,1555.5,1150,24031.9,0.125,269.9875,14,482,53284.25,2661,1817.1,133610.1,174.25,0,3,0.6107,22350.25,124479.9988,16897.5266,-1270.757,1254.375
centered_candidate_000002_2fe3db8e,centered-gaussian,8,8,0.125,1252.75,82,67.7,2998.7,3018.1229,8942.25,1534,1397.1,20313.9,0.125,243.7875,13,466.875,50635.75,2735,2457.1,119669.4,162.375,0,3,0.5479,21738.625,125181.9625,18829.5169,-1441.3615,1252.75
centered_candidate_000348_e7b5e167,centered-gaussian,8,8,0.125,1251.25,158.5,41,3141.2,2666.7073,9156.5,2361,916.8,21762.8,0.125,272.225,14.5,473.5,43664.5,4696.5,1287,105057.8,201.75,0,3.375,0.6934,25057.125,100826.5684,16753.9303,-1292.3536,1251.25
centered_candidate_000091_26e01cb8,centered-gaussian,8,8,0.125,1249.75,87,36.7,3051.8,2997.5088,8789,1650.5,884.8,20387.9,0.125,233.2875,12.75,459.75,37722.375,2794,1247.7,90215.5,179.5,0,3.25,0.6557,23772.25,91511.5635,18597.3221,-1462.0544,1249.75
centered_candidate_000156_9aff32b5,centered-gaussian,8,8,0.125,1249.125,71,37.5,3436.4,2693.5421,8973.875,1461.5,872.5,23886.5,0.125,246.7375,13.5,466.875,55098.375,2307,1240,139048.1,171.375,0,2.75,0.6081,21863.375,131895.6502,16951.4469,-1309.2711,1249.125
centered_candidate_000219_6476cd7f,centered-gaussian,8,8,0.125,1248.5,54,37.6,3023.1,3070.7747,8639.25,1207,907.2,20055.6,0.125,227.7875,12.125,451.625,31365.5,1876.5,1307.3,74856.8,168,0,2.875,0.6851,22331.875,76273.3652,18976.3912,-1497.7873,1248.5
centered_candidate_000123_092a63e8,centered-gaussian,8,8,0.125,1248.25,55,35.7,2939.6,3169.1647,8461.5,1153.5,841.6,19047.7,0.125,208.1,11.375,443.875,44174,1788,1125.1,104264.1,152.625,0,2.125,0.7381,18282.5,112556.4137,19511.5996,-1548.8824,1248.25
centered_candidate_000331_d80fddb4,centered-gaussian,8,8,0.125,1247.875,75,34.9,3381.7,2735.4386,8904.75,1500,792.3,23295.6,0.125,240.725,13.25,464.125,32839.125,2430,1070.4,85235.4,172.25,0,3,0.6672,22714.75,73839.1104,17274.6424,-1332.8193,1247.875
centered_candidate_000018_a5351bbc,centered-gaussian,8,8,0.125,1246.5,78.5,50.4,2942.3,3054.547,8799.5,1579,1164.9,19566.7,0.125,247.9625,12.375,460,45536.375,3187.5,1825.5,106784.2,167.125,0,3.125,0.6114,22525.125,112055.3576,18911.4746,-1476.8735,1246.5
centered_candidate_000276_ea162fb2,centered-gaussian,8,8,0.125,1245.5,85,52.8,2918.3,3069.4053,8810,1609,1257.3,19397,0.125,240.05,12.375,463.5,46675.25,3063.5,2165.1,108809.6,179,0,3.25,0.5257,23586.875,115401.4071,19069.2099,-1481.9026,1245.5
centered_candidate_000280_9d2c490a,centered-gaussian,8,8,0.125,1245.25,74,41.7,2918.2,3094.0772,8721.875,1482.5,911.6,19337.5,0.125,228.7625,11.875,460.375,42401.5,2713.5,1550.3,98990.6,166.75,0,2.875,0.625,21244,105482.3976,19299.9426,-1505.3386,1245.25
centered_candidate_000275_c5038b5c,centered-gaussian,8,8,0.125,1245,101.5,36.4,2909,3052.7425,8672,1746,810.8,19123.9,0.125,234.6125,12.375,451.375,41396.25,3223,1089,96729.5,163,0,3,0.5981,21933.75,102276.4945,18846.2158,-1489.9712,1245
general_top10-median-phased_c2d8b0b6,top10-median-phased,8,8,0.125,1244.875,80.5,39.2,2910.8,3113.0278,8610.5,1509.5,937.6,18990,0.125,223.8625,11.75,452.875,50994.375,2648.5,1681.1,119579,167.125,0,3.25,0.6054,23146.375,128597.3568,19191.086,-1517.3139,1244.875
general_topN-median-phased_a69c9df1,topN-median-phased,8,8,0.125,1244.875,80.5,39.2,2910.8,3113.0278,8610.5,1509.5,937.6,18990,0.125,223.8625,11.75,452.875,50994.375,2648.5,1681.1,119579,167.125,0,3.25,0.6054,23146.375,128597.3568,19191.086,-1517.3139,1244.875
centered_candidate_000224_1db103f2,centered-gaussian,8,8,0.125,1242,72.5,44,2920.3,3100.5666,8613.375,1393,1045.7,19189.7,0.125,227.9625,11.875,451.75,80171.375,2613.5,1701.6,189800.4,165.125,0,2.625,0.6069,20294.375,205399.5281,19092.201,-1506.2833,1242
centered_candidate_000312_22d34651,centered-gaussian,8,8,0.125,1241.5,75,53.1,3208.8,2798.0938,8863.5,1587,1104.7,21694.7,0.125,252.7625,13.375,458.75,39706.75,2933.5,1894,98121.9,173.875,0,3.125,0.5947,23031.375,92564.446,17601.6727,-1345.9469,1241.5
centered_candidate_000210_723cb8b1,centered-gaussian,8,8,0.125,1241.375,49,41.9,2922.9,3149.8303,8427.25,1126.5,939.4,18910.3,0.125,213.0125,11.625,438.75,36451.5,1820,1307.4,85627.6,147.125,0,2.5,0.6965,19418,91880.9158,19343.1901,-1533.0152,1241.375
centered_candidate_000200_4f962f15,centered-gaussian,8,8,0.125,1240.5,63.5,35.2,3040.1,3012.4554,8616,1326.5,810.8,20321.9,0.125,226.4375,12.125,449.75,48269.875,2209,1028.3,116371.6,156.5,0,2.375,0.7278,19218.5,120288.8448,18706.4938,-1471.0277,1240.5
centered_candidate_000306_00675c80,centered-gaussian,8,8,0.125,1239.125,209,65,3003.6,2627.4004,9204.75,2744,1319.3,21011.3,0.125,277.0375,14.75,473.875,34791.5,5779.5,1996.8,81772.6,175.5,0,2.75,0.666,20753.875,76580.7318,16704.763,-1248.7002,1239.125
centered_candidate_000117_3f72ae04,centered-gaussian,8,8,0.125,1236.25,63.5,39.2,2964.4,3052.9925,8652.75,1306.5,909.1,19887,0.125,227,12,453.625,46963.5,2119.5,1372.6,111829.5,151.5,0,2.875,0.6105,21204.25,117716.1599,19008.2935,-1487.2962,1236.25
centered_candidate_000179_5c1935c8,centered-gaussian,8,8,0.125,1233.375,38.5,29.7,2923.6,3150.2256,8284,871,785.7,18916,0.125,202.45,11,435.125,44593.5,1324,1075.1,105795.8,158.125,0,2.5,0.7295,20330.875,114088.0007,19317.991,-1545.4128,1233.375
centered_candidate_000160_65873951,centered-gaussian,8,8,0.125,1232.625,66.5,37.8,2901.9,3084.486,8530,1357.5,830.6,19164.3,0.125,212.925,11.75,447.625,72706.75,1886,1153.1,172843.2,147.75,0,2.375,0.6975,19273.125,187306.6212,19142.5738,-1504.443,1232.625
centered_candidate_000083_51b65de0,centered-gaussian,8,8,0.125,1229.875,79.5,59,2875.1,3047.2653,8608.875,1587,1232.5,18838.7,0.125,233,12.125,448.375,63141.75,2616.5,2182.3,148602.3,146.5,0,2.5,0.6005,18799.625,160115.7374,18802.8148,-1464.6327,1229.875
centered_candidate_000211_b979c941,centered-gaussian,8,8,0.125,1229.5,65.5,45,2902.4,3013.4704,8654,1362,1019.3,19418.1,0.125,242.025,12.25,451.375,32449.5,2359.5,1466.1,76529.1,162.125,0,2.625,0.5957,19562.125,77967.4743,18730.6459,-1461.7352,1229.5
centered_candidate_000257_e5599daf,centered-gaussian,8,8,0.125,1229.375,43,33.8,2900.9,3135.4704,8331.25,1010,828.1,18793.6,0.125,203.325,11,438.75,60134.5,1536,1114.3,142604.7,151.5,0,2.125,0.8245,18215.125,155198.4958,19346.3185,-1533.9352,1229.375
centered_candidate_000291_a04b996d,centered-gaussian,8,8,0.125,1228.375,43,31.4,2900.4,3136.9814,8265.375,986,774.2,18675.3,0.125,205.5875,11,433,84073.75,1390,1065.7,200221.8,151.75,0,2.375,0.7542,19544.125,218569.0077,19259.973,-1537.0907,1228.375
centered_candidate_000196_dafcab63,centered-gaussian,8,8,0.125,1227.875,102.5,30.8,2950.3,2863.7715,8671.25,1819.5,760.7,19701,0.125,243.575,13.125,446.875,41932.25,3122.5,1062.9,99327.6,165.375,0,3,0.6159,22337,101384.5505,17906.6607,-1401.0858,1227.875
centered_candidate_000284_34932c78,centered-gaussian,8,8,0.125,1227.625,48,30.1,2900.9,3109.7411,8367,1069.5,766.7,18906.4,0.125,207.3,11.25,439.625,56737.125,1703.5,1005.6,134513.1,152.5,0,2.5,0.6818,20077.375,145524.8321,19188.6028,-1524.7706,1227.625
centered_candidate_000319_2758abdc,centered-gaussian,8,8,0.125,1227,59,44.9,2876.6,3095.1754,8449.25,1249.5,1055.3,18744.1,0.125,217.5875,11.625,442.625,45704.625,2153,1607.1,107254.7,157,0,2.875,0.6752,21878,115651.2272,19080.7775,-1502.6877,1227
centered_candidate_000157_47fa4d20,centered-gaussian,8,8,0.125,1226.625,79.5,36.4,2943.6,3012.9515,8620.5,1524.5,902.5,19805.1,0.125,232.875,12.125,449.625,32591.625,2374,1443.4,77493.7,144.875,0,2,0.6505,16441.625,78889.3516,18805.7015,-1470.0758,1226.625
centered_candidate_000113_20c58e4f,centered-gaussian,8,8,0.125,1225.625,62,35.8,2873.9,3092.3004,8434.375,1269.5,835.9,18782.2,0.125,213.2375,11.5,444.875,45843.75,1986.5,1183.5,107925.1,174.375,0,2.875,0.6755,22548.75,116576.4227,19182.1442,-1510.3502,1225.625
centered_candidate_000325_6084891e,centered-gaussian,8,8,0.125,1225.25,79,41.2,3005.6,2930.3843,8660,1534.5,903.4,20243.2,0.125,238.0625,12.625,450.625,29710.5,2896,1270,70994.6,164.125,0,2.875,0.6491,21268,69988.4896,18407.6621,-1423.9922,1225.25
centered_candidate_000135_29b2554a,centered-gaussian,8,8,0.125,1224.875,41,29,2899.1,3126.9803,8323.25,909.5,685.1,19041.2,0.125,202.1625,11.125,437.25,53283.875,1319,844.4,126631.5,144.375,0,2.125,0.808,18502.875,137066.5817,19439.3751,-1534.4902,1224.875
centered_candidate_000337_ac32b508,centered-gaussian,8,8,0.125,1223.875,185.5,60.5,2864.4,2729.5053,8871.875,2502.5,1239.4,19570.9,0.125,270.325,13.875,454.375,45336.125,5188,2159.4,105460.9,165.875,0,2.625,0.574,19829.125,106274.6599,17008.2745,-1304.2526,1223.875
centered_candidate_000093_cde4d5bc,centered-gaussian,8,8,0.125,1222.25,271.5,43.9,2782.8,2716.0554,8921.125,3187,997.8,19067.6,0.125,280.85,14.125,457.25,34593,6931.5,1536.9,78319.7,186.625,0,3.875,0.6045,26283.5,77522.5471,16990.6275,-1314.1277,1222.25
centered_candidate_000193_199348c2,centered-gaussian,8,8,0.125,1220.875,89,39.3,2998.8,2899.2295,8601.75,1640.5,899.5,20050.5,0.125,234.975,12.75,445.625,39279.875,2842,1188,94394.7,161.125,0,3,0.6578,22512.875,95545.3781,18072.1515,-1410.3148,1220.875
centered_candidate_000119_8e68cbfe,centered-gaussian,8,8,0.125,1218.5,59,36,2868.1,3083.277,8321.125,1267.5,806,18674.1,0.125,212.125,11.25,437.125,41998.625,2098,1100.6,98858,162.625,0,2.5,0.7866,20298.75,106325.7663,19052.9403,-1505.6385,1218.5
centered_candidate_000004_5498d4cd,centered-gaussian,8,8,0.125,1217.375,80,46,2895.1,2897.0611,8658.75,1570.5,1080.4,19401.8,0.125,252.3125,12.875,447.875,42841.75,2981,1722.7,100710.1,169.25,0,3.25,0.5472,22834,103783.3016,18031.2407,-1402.5305,1217.375
centered_candidate_000031_32b32b91,centered-gaussian,8,8,0.125,1217,165.5,63.6,2853.1,2773.7727,8890.125,2357,1408.6,19437.7,0.125,268.2125,13.75,459.75,29370.375,4646.5,2167.9,67464.5,183.625,0,3,0.5903,22132.375,65436.1999,17382.7784,-1323.2864,1217
centered_candidate_000056_7e863067,centered-gaussian,8,8,0.125,1215.375,60,39.5,2884.6,3044.5413,8444.25,1258,911.6,19142.5,0.125,221.525,11.5,444.125,40772.125,2059,1442.5,96319.9,159.25,0,2.75,0.7139,21139.25,102039.4525,18944.7546,-1482.7706,1215.375
centered_candidate_000163_49b5420a,centered-gaussian,8,8,0.125,1214.125,50.5,41.4,2867.6,3070.204,8316.375,1113,926.9,18768,0.125,216.3375,11.25,436.125,46978.625,1646,1418.2,111034.7,158.25,0,2.75,0.6821,21045.625,119295.1286,18945.6679,-1493.702,1214.125
general_top5-average-phased_34ec2b91,top5-average-phased,8,8,0.125,1209.5,107.5,42.6,3023.5,2615.291,8796.25,1818,1030.5,20646.5,0.125,259.9625,13.875,452.625,43359.875,3385.5,1504.5,104068.5,176.25,0,2.75,0.6824,21470.375,101058.2214,16665.9276,-1265.0455,1209.5
centered_candidate_000290_bfc385d4,centered-gaussian,8,8,0.125,1209,85,44.3,2820.9,3007.1621,8431.5,1584,962,18595.2,0.125,227.125,11.875,439.625,56027.375,2921.5,1553.6,131667,153,0,2.875,0.6774,21437.25,141718.075,18614.2099,-1459.2811,1209
centered_candidate_000078_645ae996,centered-gaussian,8,8,0.125,1206.125,78.5,45.3,2867,2831.4059,8625.625,1538,1052.2,19274.4,0.125,257.3375,13,444.25,37870.875,2605.5,1844.3,88526.9,163.875,0,2.75,0.5232,20065.625,89612.3127,17713.2579,-1370.403,1206.125
centered_candidate_000189_c8ed227b,centered-gaussian,8,8,0.125,1201.625,70.5,47.9,2825.6,2985.0723,8432.75,1435.5,1082.1,18767.5,0.125,227.0375,11.875,439.75,38808.5,2751,1735.8,90569.7,144,0,2.375,0.6736,18578.375,95891.4914,18542.4586,-1444.6361,1201.625
centered_candidate_000059_2a5a7424,centered-gaussian,8,8,0.125,1200.375,97.5,36.5,2859,2895.3101,8588.25,1744.5,857.6,19454.6,0.125,234.7375,12.375,448.875,49867,3174,1218,117947.1,152.25,0,3.25,0.5662,22684.25,123752.0464,18109.3407,-1411.1551,1200.375
centered_candidate_000240_16fa451e,centered-gaussian,8,8,0.125,1194,84,40.1,2821.6,2920.605,8479.5,1554.5,953.6,19132.8,0.125,232.8375,12.125,443,43415.5,2735.5,1585.2,102267.2,155.375,0,2.875,0.6365,21239,107482.5731,18226.1264,-1420.2025,1194
centered_candidate_000115_445b6612,centered-gaussian,8,8,0.125,1192.75,78,47.2,2849.7,2839.4498,8539.375,1523.5,1070.6,19342.8,0.125,247.0125,12.625,443,50657.875,2667.5,1673,120215.4,163.125,0,3.125,0.6394,22551.75,124826.3796,17783.4102,-1372.5249,1192.75
centered_candidate_000209_55fd6b98,centered-gaussian,8,8,0.125,1191.5,59.5,40.2,2845.3,2961.936,8305,1254,957.2,18985,0.125,228.3625,11.75,431.125,43684.875,2059.5,1369.7,103901.2,144.75,0,2.375,0.6676,18589.875,109251.3772,18363.9793,-1440.768,1191.5
centered_candidate_000011_16af8e3f,centered-gaussian,8,8,0.125,1191.25,81.5,40,2874.7,2880.9901,8506,1536,897.8,19556.2,0.125,233.675,12.25,444.375,36115.5,2521,1271,86376.6,153.625,0,2.5,0.6896,19540.375,87666.7168,18177.0957,-1400.495,1191.25
centered_candidate_000032_d2c0551d,centered-gaussian,8,8,0.125,1186.375,112,56.4,2768.2,2692.194,8613,1916,1265.8,18736.3,0.125,261.05,13.5,442.375,61331.375,3547,2159,144003,172.875,0,3.875,0.5152,26249.875,150108.9327,16858.7383,-1289.697,1186.375
centered_candidate_000329_a6462f99,centered-gaussian,8,8,0.125,1185.5,120,59.1,2751.6,2755.727,8641.25,2043,1261.9,18728,0.125,269.2,13.25,444.375,44465.375,4157.5,2416.6,102811.9,164,0,3.25,0.5434,22327.125,105660.695,17305.1733,-1318.7635,1185.5
centered_candidate_000282_b3a1f6bb,centered-gaussian,8,8,0.125,1184.75,72.5,53.6,2852.2,2681.8835,8532.5,1431.5,1110.6,19420.2,0.125,251.425,13.375,438.5,47687.375,2453,1546.2,113279.5,174.25,0,2.875,0.6857,22636.375,115399.6604,17003.0398,-1287.3417,1184.75
centered_candidate_000016_c0d6bd32,centered-gaussian,8,8,0.125,1183.5,67.5,40.8,2827.1,2909.5993,8408.75,1440.5,914.8,19127.9,0.125,232.8375,11.875,439.25,39076.625,2459,1559.4,92507.1,145.875,0,3,0.4845,21489.375,96253.9206,18273.3328,-1413.9997,1183.5
centered_candidate_000205_f2a4972c,centered-gaussian,8,8,0.125,1183.5,58.5,35.4,2789.2,2965.432,8261,1255.5,817.1,18505.9,0.125,216.0875,11.5,432.375,55413.75,1957,1061.4,131222.8,145.75,0,2.25,0.7597,18836,141292.1285,18484.0482,-1447.316,1183.5
centered_candidate_000251_232f02a6,centered-gaussian,8,8,0.125,1182.875,61,37.7,2840.8,2782.0361,8415.125,1318,911.8,19232.5,0.125,251.625,12.625,432.875,44219.875,2366,1592.7,105016.5,160.375,0,2.625,0.6133,19705.875,107040.8459,17343.2154,-1353.3181,1182.875
centered_candidate_000074_4d1c26b7,centered-gaussian,8,8,0.125,1182.25,65.5,37.4,2848.6,2791.9497,8460.625,1422,877.2,19291.7,0.125,247.3375,12.625,438.375,34746.75,2416,1378.3,82813.9,169.625,0,3.125,0.742,23380.125,82356.3413,17628.2591,-1358.5748,1182.25
centered_candidate_000260_6d347b53,centered-gaussian,8,8,0.125,1181.125,122.5,54.8,2746.3,2775.7734,8517.5,1986,1150.7,18488.8,0.125,258.0875,13,439.125,40597.25,3720.5,1985.7,94369.7,173,0,2.5,0.6675,20041.625,97438.0649,17360.0298,-1333.0867,1181.125
centered_candidate_000295_ad787235,centered-gaussian,8,8,0.125,1180.75,75,35.1,2809.8,2869.6915,8459.875,1538.5,859.8,19113.2,0.125,244.75,12.25,440.75,36853.25,2811,1208.7,86301.1,161.125,0,2.75,0.5879,20377.875,89518.0341,18058.3853,-1399.7457,1180.75
centered_candidate_000274_4fa287fe,centered-gaussian,8,8,0.125,1177.875,103,39.1,2768.7,2795.7441,8426,1775.5,931.5,18675.9,0.125,251.0125,12.5,435.25,38805,3290,1565.9,90497.2,158.875,0,2.625,0.5491,19254,93507.651,17527.4548,-1358.7721,1177.875
centered_candidate_000305_8a0bf527,centered-gaussian,8,8,0.125,1176.625,91,37.6,2798.1,2778.2406,8495.25,1676.5,894.9,19099.4,0.125,247.825,12.625,441.25,28437.625,2955.5,1402,66685.8,163.375,0,3.25,0.5566,23239.75,65777.172,17538.1572,-1351.5203,1176.625
centered_candidate_000324_fb84a429,centered-gaussian,8,8,0.125,1172.625,89.5,33.1,2774.5,2879.8904,8345.25,1671.5,868.1,18699.5,0.125,234.475,12,435.125,31602.625,3049.5,1306.3,73941.7,155.625,0,3,0.5746,21476.25,76413.1206,18072.8656,-1406.8452,1172.625
centered_candidate_000139_f640d507,centered-gaussian,8,8,0.125,1172.5,155.5,73.2,2692.9,2690.6491,8680.125,2341.5,1491.4,18428.7,0.125,276.5625,13.5,446.75,39475.25,4672.5,2557.4,90482.8,169.125,0,3.125,0.5097,21834.875,92051.8744,16925.1424,-1272.1245,1172.5
centered_candidate_000180_0c5847b6,centered-gaussian,8,8,0.125,1172.5,104,58,2751.1,2803.0901,8442.625,1870.5,1250.4,18470.8,0.125,247.5125,12.5,439,29063.625,3357.5,1963.6,67089.6,170.125,0,2.875,0.5671,21312.5,67525.7533,17425.083,-1343.545,1172.5
centered_candidate_000345_69745509,centered-gaussian,8,8,0.125,1171.875,78.5,52.3,2838.4,2766.9027,8520,1560,1167.8,19481.5,0.125,241.5625,12.625,444.625,41144.5,2967.5,1900.7,97426.4,160.125,0,2.75,0.6229,20936.875,99532.8715,17568.0515,-1331.1513,1171.875
search_candidate_000272_285f42e8,random-phased,8,8,0.125,1171.875,56,46.3,3059.9,2610.8927,8451.375,1222,1106.8,20924.8,0.125,268.7125,13,434.375,27222,1964.5,1789,67982.5,186.5,0,2.75,0.5889,20541.125,60237.3631,16576.9378,-1259.1464,1171.875
centered_candidate_000048_87089d93,centered-gaussian,8,8,0.125,1171.625,64,40.7,2813.2,2868.5847,8323.75,1358,1013.7,18992.3,0.125,237.2,11.875,434.125,33967.875,2346,1667,80497,157.625,0,2.75,0.5869,20735.875,82323.5738,18055.8651,-1393.5924,1171.625
centered_candidate_000069_0f4b6279,centered-gaussian,8,8,0.125,1171.625,88.5,49,2837.9,2791.5329,8473,1676.5,1080,19474.9,0.125,240.45,12.5,441.5,30882.5,3075,1601.5,73127.9,156.75,0,1.875,0.6976,16432.125,72606.1302,17621.7502,-1346.7664,1171.625
general_top10-average-phased_f0bb3d87,top10-average-phased,8,8,0.125,1170.75,85,39.1,2752.2,2900.7792,8279.125,1597.5,951.5,18471.5,0.125,230.1625,11.625,432.375,39967.375,2816,1513.6,93574.4,146.875,0,2.625,0.5591,19280.375,98894.6983,18122.3271,-1411.2896,1170.75
centered_candidate_000348_151ff827,centered-gaussian,8,8,0.125,1168.5,53.5,28.2,2917.8,2783.6241,8346.375,1225.5,705.5,20059.9,0.125,230.7,12.25,435.25,34904.125,2120.5,912.1,84668,162.125,0,2.625,0.6826,20281.25,84294.6796,17666.6489,-1363.612,1168.5
centered_candidate_000076_35a19dac,centered-gaussian,8,8,0.125,1166.75,166.5,45.5,2722.5,2673.8671,8486.25,2244.5,1034.4,18602.2,0.125,262.975,13.25,436,37756.25,4620,1589.5,87580.1,175.375,0,2.75,0.6254,20702.875,88849.6377,16919.3246,-1291.4336,1166.75
centered_candidate_000177_2ac4636d,centered-gaussian,8,8,0.125,1165.375,88,48.5,2732.1,2822.2075,8390.875,1723,1114,18392.1,0.125,240.2,12.375,436.125,37326.75,3135.5,1704.1,86905.1,154.75,0,3,0.5976,21766.625,90537.5162,17696.0175,-1362.6037,1165.375
centered_candidate_000023_b4612612,centered-gaussian,8,8,0.125,1165,48.5,30.2,2783.4,2897.5837,8144.5,1160.5,726.5,18768.2,0.125,226.375,11.5,423.5,38849.375,1841.5,1081.1,92769.7,148.25,0,2.5,0.6694,19867.375,96521.1871,18149.2072,-1418.5919,1165
centered_candidate_000026_0d93e344,centered-gaussian,8,8,0.125,1164.75,116,37.2,2720.4,2786.9407,8388.75,1880.5,835.7,18495.9,0.125,258.5875,12.5,433.5,34402.375,3887.5,1331.7,79609.2,168.75,0,3.375,0.5158,23415.875,81347.9665,17540.285,-1356.2703,1164.75
centered_candidate_000225_2e1e2345,centered-gaussian,8,8,0.125,1164,91,35.2,2784.1,2704.6739,8411.625,1646,833.2,19002.8,0.125,247.325,12.75,435.125,36006.5,2709.5,1070.2,84906.9,163.875,0,2.625,0.6028,20166.125,85424.3883,17143.6674,-1317.1369,1164
centered_candidate_000011_d82bece8,centered-gaussian,8,8,0.125,1163.625,68,37,2746.7,2900.0527,8176.75,1406.5,841.4,18406.4,0.125,216.9875,11.5,428.375,38157,2226.5,1084.8,89841.2,152.5,0,2.5,0.6899,19761.625,95330.7089,18142.7692,-1413.0263,1163.625
centered_candidate_000047_0a52bd55,centered-gaussian,8,8,0.125,1163.625,71.5,41.1,2799.9,2840.0189,8237.625,1495,937,18800.2,0.125,235.325,11.875,428.375,39969.375,2614,1394.1,94851.3,159,0,2.875,0.6149,21083.375,98315.4289,17728.4488,-1378.9095,1163.625
centered_candidate_000156_3fbf10e2,centered-gaussian,8,8,0.125,1163.375,76,51.7,2772.6,2810.9148,8321.625,1472,1109.1,18773.2,0.125,239.3125,12.375,431.25,38865.375,2685.5,1689.5,91773.8,159.5,0,2.75,0.5722,20279.625,94863.6658,17606.4504,-1353.7574,1163.375
centered_candidate_000178_bf0d5e2b,centered-gaussian,8,8,0.125,1163.375,67,34.3,2909.6,2750.1188,8186.5,1348.5,843.1,19533.7,0.125,230.25,12.125,423.25,36396.75,2304.5,1197.3,88444.6,159.5,0,3,0.6842,22255.25,88096.3688,17294.9771,-1340.7594,1163.375
centered_candidate_000144_ad8a4281,centered-gaussian,8,8,0.125,1162.625,52,38.2,2847,2837.0438,8162.875,1185.5,803.9,19245.8,0.125,226.975,11.625,426,35256.875,1836,1096.2,85495.6,164.625,0,2.375,0.7247,20127.875,86210.2469,17782.6781,-1380.3219,1162.625
centered_candidate_000070_7428837a,centered-gaussian,8,8,0.125,1161.75,100,66,2813.3,2691.2595,8521.375,1849,1300.1,19294.6,0.125,249.625,13,442.25,38781.375,3549,2131.3,91676.4,162.625,0,2.625,0.5997,20171,92123.9942,17146.1059,-1279.6297,1161.75
centered_candidate_000182_124ecfab,centered-gaussian,8,8,0.125,1161.25,65.5,42.1,3007.8,2642.6048,8409.25,1404.5,1004.6,20693.6,0.125,244.05,12.75,435.5,59773.5,2215.5,1767.5,145416.1,160.625,0,2.75,0.5952,20764.875,147605.4342,16797.4688,-1279.2024,1161.25
centered_candidate_000055_adeb9da2,centered-gaussian,8,8,0.125,1160.625,66,27.7,2824.8,2838.6218,8181,1345.5,631.1,19235.4,0.125,226.6625,11.75,424.75,37267.75,2436,843.8,89444.5,142.875,0,2.625,0.6223,19562.375,91436.2031,17840.1223,-1391.6109,1160.625
centered_candidate_000289_c4fb5942,centered-gaussian,8,8,0.125,1159.625,67,29.5,2765.2,2758.1545,8374.5,1416,750.1,18983,0.125,243.8,12.5,434.625,50889.5,2214,938.2,121214,161,0,2.375,0.6326,18909.375,125765.4165,17508.5215,-1349.5772,1159.625
centered_candidate_000297_7dbdc2e1,centered-gaussian,8,8,0.125,1159.5,80,54.7,2754.2,2821.5236,8320.875,1581.5,1114.8,18721.5,0.125,239.725,12,434.375,36640.125,2769.5,1875.6,86381.7,160.625,0,3.25,0.5616,22951.25,88910.9145,17756.0655,-1356.0618,1159.5
centered_candidate_000111_34d65554,centered-gaussian,8,8,0.125,1158.125,86.5,35.4,2835.8,2739.3987,8300.375,1638.5,818.3,19295.3,0.125,232.8125,12.375,430.75,38681.625,2965.5,1224.8,92389.4,154.875,0,3,0.567,22058.125,93817.3945,17294.5539,-1334.2993,1158.125
centered_candidate_000115_e20a1a96,centered-gaussian,8,8,0.125,1158.125,73,28.8,2722,2898.3365,8136,1473,697.8,18183.4,0.125,214.1625,11.5,426.25,38469.375,2552,882.7,90239.7,153.625,0,2.625,0.7152,20900.75,96303.5161,18206.578,-1420.3682,1158.125
centered_candidate_000055_d97e4153,centered-gaussian,8,8,0.125,1157.25,161.5,40,2693.3,2647.0699,8442.625,2343.5,986.8,18415.2,0.125,264.5625,13.125,434.25,44890.75,4670.5,1525.3,104733.5,176.25,0,2.75,0.6176,21206.625,107089.6596,16676.0607,-1283.5349,1157.25
centered_candidate_000075_d8082a18,centered-gaussian,8,8,0.125,1156.625,100.5,70.7,2689.4,2735.7763,8445.375,1782.5,1386.8,18360.6,0.125,253.5875,12.75,438.25,35629.875,3249.5,2382.1,82425.4,168.375,0,3.375,0.5686,23784.125,84460.8591,17236.2861,-1297.1881,1156.625
centered_candidate_000268_f83a7e37,centered-gaussian,8,8,0.125,1155,77,51,2747.9,2687.7457,8465.625,1490.5,1139.8,19092,0.125,252.85,12.75,438.875,37325.75,2641.5,1938.7,87853.4,154.5,0,3,0.5169,21031.5,88476.7387,17074.5916,-1292.8729,1155
centered_candidate_000229_d9cdbd28,centered-gaussian,8,8,0.125,1154.75,58,40.7,2922.1,2684.8699,8305.5,1196.5,958.6,19985.4,0.125,234.9125,12.5,430.5,35626.75,1938.5,1441.3,87189.3,156.25,0,2.875,0.6503,21688.25,84838.234,17134.6202,-1301.7349,1154.75
centered_candidate_000190_0eee817a,centered-gaussian,8,8,0.125,1154.625,45,28.7,2816.8,2832.581,8108.625,1008.5,663.9,19159.9,0.125,218.6375,11.5,424,38704.875,1648,914.4,93239.9,157,0,2.5,0.7449,20033.625,96146.0819,17914.8364,-1387.5905,1154.625
centered_candidate_000164_a0f452c0,centered-gaussian,8,8,0.125,1154.5,74.5,57.4,2689.3,2861.0521,8223.625,1543,1242.7,17908.2,0.125,237.075,11.75,427.625,55248.75,3236,2238.3,129074,145.875,0,3,0.5146,21115.875,138253.7144,17831.4271,-1373.1261,1154.5
centered_candidate_000014_27031005,centered-gaussian,8,8,0.125,1154.125,73.5,50.3,2751.7,2797.7067,8287.125,1437.5,1096.3,18659.5,0.125,242.5125,12.125,430.125,36332.25,2532.5,1893.5,85446.4,153.125,0,2.75,0.5805,20059.25,88134.3334,17625.4302,-1348.5533,1154.125
centered_candidate_000190_0d0bd4d8,centered-gaussian,8,8,0.125,1153.625,87.5,33.5,2761.8,2782.77,8259.625,1585.5,746.7,18778.7,0.125,235.55,12.125,428.5,38947.5,2848.5,971.2,92669.4,147.375,0,2.75,0.6354,20336.625,94763.7255,17552.2635,-1357.885,1153.625
centered_candidate_000010_6415e1ae,centered-gaussian,8,8,0.125,1153.5,79.5,37.8,2696.9,2870.1543,8109.875,1503,903,17861.8,0.125,225.775,11.625,422.375,30738.75,2669,1639.1,70950.7,159.25,0,2.375,0.7036,19454.875,75195.1963,17897.6099,-1397.2772,1153.5
centered_candidate_000332_de6bfb12,centered-gaussian,8,8,0.125,1153.375,58.5,45.6,2749.6,2759.0183,8378.875,1279.5,1054.1,19001,0.125,242.45,12.5,435.375,39620.125,2421.5,1679.9,93012.6,154.75,0,2.875,0.6424,21137.5,96276.2984,17381.4654,-1333.9092,1153.375
centered_candidate_000340_ec0a1543,centered-gaussian,8,8,0.125,1152.25,87,59.7,2685.2,2813.6358,8297.75,1614.5,1239.6,18094.6,0.125,232.05,12,434.5,32326.75,2921.5,2037.5,74635.4,159.5,0,2.5,0.6302,19863,78084.8508,17718.7407,-1347.1179,1152.25
centered_candidate_000233_90b84a8d,centered-gaussian,8,8,0.125,1150.75,60,48.8,2828.6,2767.0288,8208.25,1318.5,1084,19256.3,0.125,237.5875,12,426.5,36784.625,2219,1737.7,88643,161.25,0,3.5,0.4891,23993,89034.6723,17395.5333,-1334.7144,1150.75
centered_candidate_000077_202864d3,centered-gaussian,8,8,0.125,1150.25,77,50,2736.4,2808.7475,8246.625,1521.5,1080.1,18639.2,0.125,233.2375,12,430.625,29574.75,2590,1667.2,69341,162.625,0,2.875,0.6228,21039.75,71065.4244,17684.2347,-1354.3737,1150.25
centered_candidate_000038_39581336,centered-gaussian,8,8,0.125,1148.5,89.5,45.7,2703.3,2794.8948,8275.625,1591.5,1068.3,18392.6,0.125,237,12,432.125,38202.25,2991.5,1688.2,89229.7,157.625,0,3,0.5895,21476.625,93310.9557,17640.8026,-1351.7474,1148.5
centered_candidate_000342_c8a4acad,centered-gaussian,8,8,0.125,1148.5,80,34.9,2734.7,2806.4399,8194.25,1551,816.2,18563.2,0.125,225.3875,11.875,428,50813.5,2382,1138.9,120514.4,155.875,0,2.75,0.6918,21285.125,127891.2558,17592.6388,-1368.32,1148.5
centered_candidate_000247_79cc91c4,centered-gaussian,8,8,0.125,1148.375,61.5,44.6,2748.9,2815.6243,8215.5,1295.5,995.2,18786.5,0.125,229.1,11.875,430.75,37189,1964,1451,88284.7,171.875,0,3,0.6488,22554.5,91669.816,17778.357,-1363.2121,1148.375
centered_candidate_000358_8552af67,centered-gaussian,8,8,0.125,1148.125,42.5,32.1,2720,2909.2139,8024.375,983.5,781.1,18179.8,0.125,207.9375,10.875,423,38477.75,1476.5,1092.4,90815.8,146.875,0,2.375,0.708,19280.125,97327.5347,18388.9717,-1422.507,1148.125
centered_candidate_000253_d49d8614,centered-gaussian,8,8,0.125,1146,83,59.2,2700.7,2770.6046,8341.875,1641.5,1282.5,18520.2,0.125,249,12.25,434.75,45512,3146.5,1981.1,107099,163.5,0,3,0.5774,21898.25,111626.3291,17555.8677,-1326.1023,1146
centered_candidate_000333_c6129e4e,centered-gaussian,8,8,0.125,1144.25,59.5,35.7,2779.9,2766.4451,8203.75,1308.5,789.4,19197.1,0.125,227.8125,11.875,428,37558.875,2003.5,999.1,90364.9,147,0,2.5,0.6077,19450.375,91966.1404,17482.6374,-1347.5225,1144.25
centered_candidate_000051_2070811d,centered-gaussian,8,8,0.125,1144.125,63.5,31.8,2711.2,2719.998,8201,1318.5,791.6,18518.3,0.125,240.9875,12.125,424.25,38902.25,2162,1010.6,92629.4,150.875,0,2.625,0.6458,20037.5,94000.0954,17139.5192,-1328.199,1144.125
centered_candidate_000293_82bf30fb,centered-gaussian,8,8,0.125,1143.5,123.5,38.1,2739.4,2658.2544,8303.875,2110,873.8,18681.1,0.125,254.2875,12.625,429.375,44277.875,4084,1341.7,104482.3,173.375,0,3.125,0.6139,22486.875,107180.4712,16799.4088,-1291.0272,1143.5
centered_candidate_000180_86f4485c,centered-gaussian,8,8,0.125,1143.125,84,37.6,2836.1,2678.0501,8220.125,1575.5,848,19318.2,0.125,234.9625,12.5,425.25,41483.125,2671.5,1136.5,100285,160.375,0,2.75,0.6598,21211.375,100622.0926,16908.1658,-1301.425,1143.125
centered_candidate_000059_f92d1d23,centered-gaussian,8,8,0.125,1143,96,65.6,2644.3,2774.3877,8322.75,1752.5,1399.8,17880.5,0.125,241.25,12.375,432.5,38026.75,3448.5,2362.7,87482.9,148.75,0,2.875,0.5715,20457.375,92115.5864,17448.1425,-1321.5939,1143
centered_candidate_000128_94d9d41d,centered-gaussian,8,8,0.125,1142.375,89,54.1,2678.7,2784.6036,8244.75,1695.5,1189.1,18167.6,0.125,239.65,12,430.125,47638.625,2883.5,1972.4,111959.4,160.375,0,2.875,0.6099,20950,118068.1085,17483.2133,-1338.2018,1142.375
centered_candidate_000152_b05c02e8,centered-gaussian,8,8,0.125,1142,58.5,32.4,2711.8,2844.0562,8053.75,1324.5,817.8,18228.9,0.125,225.8875,11.375,419.375,36734,2248.5,1100.3,86959.2,143.875,0,2,0.7743,17041.75,91273.5517,17801.1433,-1389.6281,1142
centered_candidate_000150_fe1c005f,centered-gaussian,8,8,0.125,1141.875,75,36.4,2754.1,2734.7882,8171.875,1511.5,785.5,18666.8,0.125,247.9125,12.25,422.5,32734.625,2504,1202.3,77658.4,175.375,0,2.625,0.69,20747.5,77823.6944,17224.5389,-1330.9941,1141.875
centered_candidate_000071_3c79160c,centered-gaussian,8,8,0.125,1141.375,55.5,36,2682.1,2867.5402,8012.25,1249,884.7,17828,0.125,223.575,11.25,417.625,68956.75,2274.5,1477.4,163208.3,147.375,0,2.75,0.5609,20380.625,176707.1471,17933.2566,-1397.7701,1141.375
centered_candidate_000048_ca6dfdbb,centered-gaussian,8,8,0.125,1139.625,57,38.4,2690.2,2857.2638,8025.375,1201,898.7,18075,0.125,219.2875,11.125,421,34760.5,2073,1380.3,81562.5,152.25,0,2.625,0.6369,20175.125,86424.7324,17971.9522,-1390.2319,1139.625
centered_candidate_000329_b76cc6d0,centered-gaussian,8,8,0.125,1139.625,83.5,43.6,2772.2,2661.0861,8241.25,1571.5,1015.7,18887.6,0.125,248.9125,12.625,424.375,72169.25,2719.5,1481.9,172319.9,161.875,0,3,0.6185,21566.75,181259.182,16799.3029,-1286.943,1139.625
centered_candidate_000123_ffb9e6b3,centered-gaussian,8,8,0.125,1137.375,55,41,2670.1,2861.8308,7985.375,1220.5,902.8,17821.1,0.125,213.0375,11,419,33204.125,1928,1252.9,77642.3,143.875,0,2.5,0.698,19249.875,82986.207,17981.4364,-1389.9154,1137.375
centered_candidate_000258_869bbb88,centered-gaussian,8,8,0.125,1136.75,88.5,55.7,2639.6,2788.4509,8219.625,1695,1213.5,17849.2,0.125,230.4625,12,429.25,34388.125,2980.5,1995.8,79367.6,149.875,0,2.75,0.6185,20573.75,83843.1517,17607.4888,-1338.5254,1136.75
centered_candidate_000300_09447b6e,centered-gaussian,8,8,0.125,1136.25,39.5,33.1,2703.8,2874.823,7897.125,965,754.7,18114.3,0.125,205.95,11,412.125,34272.125,1423,883.7,81491.2,135,0,1.875,0.792,16488,86380.5504,18071.3746,-1404.3115,1136.25
centered_candidate_000044_5ee0772f,centered-gaussian,8,8,0.125,1136.125,56.5,40.4,2662.1,2864.5594,8012.375,1248,930,17760.2,0.125,217.8625,11,421.75,37736,1855,1463,88383.1,155.125,0,2.25,0.6447,18110.25,94946.0678,18089.5928,-1391.8797,1136.125
centered_candidate_000206_7d3d1c4b,centered-gaussian,8,8,0.125,1136,94,39,2741.7,2714.39,8140.375,1724,875.7,18679.7,0.125,236.925,12.125,422,30502.75,3143,1287.2,72392.6,162.25,0,2.75,0.7361,21349.25,72433.8139,17054.8682,-1318.195,1136
centered_candidate_000140_e5c95b2f,centered-gaussian,8,8,0.125,1135.625,71.5,48.1,2829.3,2663.7509,8182.5,1424,1107.9,19304,0.125,237.8875,12.25,423.875,57572.5,2400.5,1658.3,138871.7,155.875,0,2.75,0.5819,20603,143097.1111,16837.5094,-1283.7754,1135.625
centered_candidate_000095_c7717afb,centered-gaussian,8,8,0.125,1134.25,62.5,48,2654.9,2842.9824,7995.25,1243.5,1043.1,17760.1,0.125,215.0625,11.125,420.375,39709.625,2105.5,1507.7,93097.5,157.25,0,2.75,0.7092,21544.75,99847.3593,17928.0836,-1373.4912,1134.25
centered_candidate_000150_ed8dcf92,centered-gaussian,8,8,0.125,1132.375,66,37.8,2705.1,2763.9502,8109.75,1405.5,886.7,18449.4,0.125,229.6625,11.75,422.625,40732.75,2341.5,1320,96602.2,150.75,0,2.5,0.6687,19425.375,100569.933,17377.4679,-1344.1751,1132.375
centered_candidate_000206_70aea72b,centered-gaussian,8,8,0.125,1132,63,27.4,2665.4,2849.1927,7875.375,1319.5,690.8,17612,0.125,211.6625,11,411.375,39411.5,1996.5,1009.7,92790.1,149.875,0,2.125,0.7435,17779,99459.3161,17835.8992,-1397.1964,1132
centered_candidate_000327_b728a3a2,centered-gaussian,8,8,0.125,1131.625,75,37,2648.9,2815.3261,8048.375,1517,892,17740.6,0.125,220.8625,11.5,420.875,38441.25,2457.5,1325.1,89740.8,150.75,0,2.375,0.7363,19294.5,95890.0301,17700.3278,-1370.663,1131.625
centered_candidate_000166_0cce54ea,centered-gaussian,8,8,0.125,1131.25,67.5,34.3,2682,2673.2782,8136.75,1302,815.3,18397.7,0.125,238.725,12.25,421.375,41785.375,2338,1050.5,98600.1,165,0,3,0.6833,22540.75,102272.9986,16953.9395,-1302.3391,1131.25
centered_candidate_000252_02ba85bf,centered-gaussian,8,8,0.125,1131.25,64,35.5,2650,2838.8458,8028.375,1392,843.8,17741.1,0.125,214.3125,11.25,422,35058.125,2183.5,1028,82048.4,149.875,0,2.375,0.7387,19218.625,87728.9799,17893.5575,-1383.9229,1131.25
centered_candidate_000135_760e0eed,centered-gaussian,8,8,0.125,1131.125,64.5,34.7,2664.5,2816.7373,8010.25,1340.5,823.7,17908.3,0.125,215.9125,11.375,420.125,35619,2178.5,1222.2,83488.5,157.5,0,3.125,0.6467,22920,88666.483,17764.2594,-1373.6686,1131.125
centered_candidate_000323_9f7b9a79,centered-gaussian,8,8,0.125,1130.625,92,54.6,2678.5,2716.9666,8178.25,1757.5,1186.8,18218.2,0.125,240.4,12.375,422.625,63875.125,3253.5,1899.5,151102.6,153.875,0,2.625,0.64,20293.125,160512.1587,17066.4626,-1303.8833,1130.625
centered_candidate_000068_4f6fcf50,centered-gaussian,8,8,0.125,1129.25,61,27.4,2702,2801.5274,8009.375,1253,652.1,18515.6,0.125,212.0375,11.375,420.375,45103.375,1866.5,800.9,107932.2,152,0,2,0.7521,17998.375,113615.4173,17746.7059,-1373.3637,1129.25
centered_candidate_000243_0d116769,centered-gaussian,8,8,0.125,1129.125,79,37.7,2712.5,2725.5528,8111.625,1552.5,908.8,18424.5,0.125,234.875,11.875,422.375,32782.375,2466.5,1372.9,77973,160.125,0,3,0.6943,22028.375,78889.9682,17242.5128,-1325.0764,1129.125
centered_candidate_000218_1acc10ad,centered-gaussian,8,8,0.125,1129,80,39.7,2705.1,2712.7267,8142.75,1605.5,886,18472.1,0.125,238.925,12.125,421.625,68815.125,2685.5,1152.7,164222.1,151.125,0,2.625,0.6278,19782.625,173836.4226,17004.4947,-1316.6634,1129
centered_candidate_000164_f8258ae8,centered-gaussian,8,8,0.125,1128.5,58.5,36.7,2665.6,2741.3262,8084.875,1308,871.2,18177.1,0.125,238.7,11.75,419.375,50717.75,2154.5,1425,119982.2,149.375,0,3,0.6083,21288.125,126729.7908,17331.2386,-1333.9631,1128.5
centered_candidate_000242_5c842a04,centered-gaussian,8,8,0.125,1127.875,78,39.3,2633.2,2803.1323,8022.5,1481,913.3,17663.2,0.125,219.6125,11.375,420,35710.5,2267,1289.1,83357.9,148.25,0,2.25,0.7006,18351.5,88820.1842,17625.5463,-1362.2661,1127.875
centered_candidate_000129_72b0ba9e,centered-gaussian,8,8,0.125,1127.625,49.5,31.7,2757.3,2753.023,8027.875,1120.5,785.8,18916.5,0.125,228.675,11.5,419,42651.875,1879,1097,102679.7,157.5,0,2.625,0.7016,20351.5,105721.4843,17489.8396,-1344.8115,1127.625
centered_candidate_000167_a406f4a7,centered-gaussian,8,8,0.125,1126.5,87,34.3,2744.5,2668.5422,8176,1608.5,764.4,18868.1,0.125,236.6375,12.25,426.375,43005.75,2705,953.1,103357.5,172.875,0,3.125,0.6239,22573.875,105125.8495,16981.5654,-1299.9711,1126.5
centered_candidate_000300_16321458,centered-gaussian,8,8,0.125,1126.25,78,39.7,2666.1,2766.9716,8069,1558.5,934.1,18117.1,0.125,220.9625,11.875,420.75,37339.125,2195,1329.5,88255.8,152.75,0,2.625,0.6859,20574.375,92770.2445,17443.9097,-1343.7858,1126.25
centered_candidate_000267_cd0414aa,centered-gaussian,8,8,0.125,1126.125,80,58.1,2663.7,2735.0008,8190.875,1542.5,1240.2,18348.6,0.125,235.15,12,427.625,36045.25,2610.5,2102.9,84578.8,152.375,0,2.75,0.5945,20427.75,87759.6999,17266.4614,-1309.4004,1126.125
centered_candidate_000013_53f550a9,centered-gaussian,8,8,0.125,1125.75,69.5,45.2,2755.7,2666.3973,8172.125,1447,987.5,18934,0.125,237.675,12.25,424.625,42397,2398,1560.5,101687.4,159.375,0,3.125,0.5946,22458,103755.3971,16954.7693,-1287.9987,1125.75
centered_candidate_000031_327ecd64,centered-gaussian,8,8,0.125,1125.25,59,39.9,2651.2,2821.4805,7975.5,1310.5,916.1,17861.8,0.125,218.8125,11.125,417.625,32424.25,2023.5,1560,75996.6,141.375,0,2.5,0.6478,19064.5,80173.9243,17747.7692,-1370.8402,1125.25
centered_candidate_000040_08fbddfa,centered-gaussian,8,8,0.125,1125.25,54.5,29.1,2729,2755.7258,7995.875,1201.5,720.8,18632,0.125,224.0875,11.5,418,35261.5,2138,824.7,84394.4,163.5,0,2.625,0.7441,21069.375,86577.4586,17440.5914,-1348.7629,1125.25
centered_candidate_000081_512e5e48,centered-gaussian,8,8,0.125,1124.75,56.5,41.4,2641.1,2826.5477,7977.125,1249.5,977.5,17726.4,0.125,221.8125,11,419.125,37784.25,2063,1718.6,88398.4,150.625,0,2.75,0.6642,20901.625,94299.6654,17848.4268,-1371.8738,1124.75
centered_candidate_000328_87e1e671,centered-gaussian,8,8,0.125,1124.625,91,70.2,2622.8,2700.6336,8196.5,1679.5,1481.9,17831.2,0.125,252.3375,12.25,423.875,46415.75,3451.5,2515.1,108425.6,154.625,0,2.875,0.4729,20522.125,113589.8045,16939.7093,-1280.1168,1124.625
centered_candidate_000282_926feedb,centered-gaussian,8,8,0.125,1124,62.5,47.9,2637.1,2798.9048,8063.5,1321.5,1116.6,17926.9,0.125,222.625,11.375,424,36030.375,2255,1797.7,84384.4,154.25,0,2.75,0.6659,20548.5,89200.4683,17738.1793,-1351.5524,1124
centered_candidate_000076_7a5d0541,centered-gaussian,8,8,0.125,1123.25,63.5,45.8,2650.7,2765.3861,8067.125,1360,1085.5,17953.2,0.125,238.6125,11.875,418.25,36633.625,2423.5,1679.5,86107.8,155,0,2.75,0.6361,20778.75,89578.8217,17364.3744,-1336.893,1123.25
centered_candidate_000328_8d85d1f9,centered-gaussian,8,8,0.125,1122.75,68,52.2,2687.6,2706.9956,8134,1418,1127.1,18420.5,0.125,242.1,12,423.5,41652,2577.5,1864.4,98533,165.625,0,3.25,0.5867,22607.625,101731.0208,17104.6229,-1301.2978,1122.75
centered_candidate_000098_85baadd2,centered-gaussian,8,8,0.125,1122.375,60,34.9,2633.8,2821.7828,7897,1267,842.8,17585.9,0.125,215.025,11.125,411.875,39879.375,2038,1163,93736.6,139.125,0,2.25,0.6692,17776.375,100487.2755,17742.7353,-1375.9914,1122.375
centered_candidate_000335_9e1de58b,centered-gaussian,8,8,0.125,1122,94.5,32.3,2754.2,2627.044,8115.25,1678.5,759.7,18855.8,0.125,237.0625,12.375,419.75,47968.625,3064.5,1029.5,114838.2,161.125,0,2.625,0.5952,20160.5,118090.5312,16722.8378,-1281.222,1122
centered_candidate_000266_91f7404e,centered-gaussian,8,8,0.125,1121.5,88,27.8,2666.5,2702.9985,8096.5,1625,627.2,18339.3,0.125,238.925,12,420.375,37216.5,2855,751.1,87993.1,158.875,0,2.25,0.713,18496.625,90277.9392,17260.9725,-1323.6992,1121.5
centered_candidate_000007_d67b6834,centered-gaussian,8,8,0.125,1120.625,74.5,52.5,2606.4,2788.7979,7924.875,1460,1114.4,17303.9,0.125,222.2625,11.5,411.75,35097.875,2442.5,1882.8,81460.8,151.125,0,2.875,0.593,20805.125,86964.3455,17424.5098,-1341.899,1120.625
centered_candidate_000127_6e30a9cb,centered-gaussian,8,8,0.125,1120.625,90.5,61.7,2649.7,2652.9515,8265.5,1706,1361.6,18198.1,0.125,251.7125,12.375,430.75,33669.75,3120.5,2633.1,78261.1,168.75,0,3,0.5482,22214.625,79256.1082,16798.5294,-1264.7758,1120.625
centered_candidate_000356_e3c8d345,centered-gaussian,8,8,0.125,1120.5,71.5,38.9,2691.9,2662.9343,8132.5,1442.5,914.1,18389.6,0.125,246.175,12.125,422,36305.5,2541.5,1556,85787,165,0,3.125,0.6286,22296.625,87141.7836,16934.1785,-1292.5672,1120.5
centered_candidate_000202_a44ff84f,centered-gaussian,8,8,0.125,1119.375,63,38.8,2758.9,2686.8579,8027.75,1317.5,910.3,18894.6,0.125,228.8625,11.875,416.875,51514.375,2102.5,1268.6,124342.6,152.875,0,2.625,0.6528,19963,128756.1621,17113.7076,-1304.6289,1119.375
centered_candidate_000237_3a781720,centered-gaussian,8,8,0.125,1119.25,76.5,54.6,2678.1,2690.1752,8144.375,1570.5,1169.2,18356.6,0.125,238.7375,12.25,422.25,32848.125,2610.5,1607.9,77940.6,152.125,0,2.625,0.5402,19665.125,78916.0176,16992.2022,-1290.4876,1119.25
centered_candidate_000285_e3a5cd91,centered-gaussian,8,8,0.125,1119,56.5,40.5,2678.4,2659.8379,8151.25,1240.5,965,18492.9,0.125,240.575,12.25,424,35354.125,1913.5,1430.5,83920.6,166.75,0,2.25,0.7592,18952,84976.709,16970.1904,-1289.4189,1119
centered_candidate_000336_0f67d7e0,centered-gaussian,8,8,0.125,1118.75,92.5,62.5,2652.1,2659.304,8174.125,1762.5,1242.8,18077.9,0.125,248.6,12.375,422.375,46482.375,3071,2220.1,108993.7,153.875,0,3,0.5738,21429.625,113679.4914,16745.1957,-1267.152,1118.75
centered_candidate_000144_27ed3555,centered-gaussian,8,8,0.125,1118.5,94.5,38,2657.4,2693.3255,8162.5,1723.5,851,18354.3,0.125,244.2625,12.125,424,41739.625,3286,1327.4,98264.5,154,0,2.875,0.589,21135.75,102135.0816,17176.5687,-1308.6627,1118.5
centered_candidate_000061_811f5f76,centered-gaussian,8,8,0.125,1117.5,71.5,32.1,2643.5,2672.4082,8100.875,1440.5,790.2,18232.5,0.125,239.8,12.125,419.25,53952.75,2684,1125.9,127560.2,149.25,0,3,0.6176,21686.5,134426.3328,17067.2202,-1304.1041,1117.5
centered_candidate_000096_f802a506,centered-gaussian,8,8,0.125,1117.5,74,38.2,2616.5,2790.4037,7971.375,1405.5,860.6,17748.6,0.125,217.6875,11.25,418.25,27262.75,2440.5,1225.3,63194.8,148.25,0,2.625,0.6593,20300.875,66577.7585,17755.9206,-1357.0018,1117.5
centered_candidate_000105_57e0908a,centered-gaussian,8,8,0.125,1117.125,75,46.6,2732.1,2644.2825,8082.375,1439,1071.8,18760.1,0.125,236.7625,12.25,418.75,62527.5,2505.5,1524.5,150075.4,163.25,0,2.375,0.618,18969.625,156917.6685,16748.0625,-1275.5413,1117.125
centered_candidate_000160_43259945,centered-gaussian,8,8,0.125,1116,66.5,47.3,2602.4,2789.0306,7930.375,1389,1086,17374.5,0.125,223.225,11.375,414.375,33590.125,2362,1591.1,78044.2,160,0,2.875,0.6028,21414.5,82961.6301,17467.7438,-1347.2153,1116
search_candidate_000157_1f0f2c9b,random-phased,8,8,0.125,1116,58.5,39.9,2671.3,2640.7093,8005.375,1257,923.6,18157.7,0.125,251.7125,12.125,414.75,22771.375,2023.5,1405,52817.2,201.75,0,3.5,0.5619,24800.25,51242.385,16553.4158,-1280.4546,1116
centered_candidate_000180_4e3e18ad,centered-gaussian,8,8,0.125,1115.875,54.5,41.7,2617.7,2797.7996,7912.875,1231.5,910.1,17585.1,0.125,219.55,11,417.125,39819.125,1974.5,1418.3,93706.1,169.125,0,2.625,0.7138,20714.125,99876.4914,17722.0371,-1357.1998,1115.875
centered_candidate_000122_29a6e994,centered-gaussian,8,8,0.125,1115.625,81,39.4,2614.6,2689.68,8186.875,1615.5,954.1,18100.9,0.125,242.7875,12.125,427,28060.875,2812.5,1741.6,65049,157.75,0,3,0.5176,21483.25,66114.5688,17194.0225,-1305.44,1115.625
centered_candidate_000234_bfaa02ae,centered-gaussian,8,8,0.125,1115.5,60,41,2690.1,2696.4299,8027.375,1335,935.9,18447.1,0.125,234.8,11.75,416.625,44944.75,2239.5,1338,107443.2,146.875,0,2.875,0.5256,20659.5,111131.4555,17055.2948,-1307.215,1115.5
centered_candidate_000128_42a50b05,centered-gaussian,8,8,0.125,1115.125,87.5,39.7,2592.7,2759.5626,7967.5,1680.5,875,17403.9,0.125,227.5625,11.375,416.625,38697.375,2913,1278.1,90106.3,157.875,0,2.875,0.6135,21793.625,95706.1812,17310.568,-1340.0813,1115.125
centered_candidate_000130_a9c7d31c,centered-gaussian,8,8,0.125,1114.625,74.5,53.9,2592.9,2763.4912,7992.375,1472.5,1164.7,17441.8,0.125,230.525,11.25,419,36377.375,2663.5,1955.8,84321.5,156,0,2.875,0.5837,21086.625,89533.1778,17396.3806,-1327.8456,1114.625
centered_candidate_000182_eefcf583,centered-gaussian,8,8,0.125,1114.125,82,34.6,2633.4,2712.0213,8018.625,1601.5,796.4,17998.8,0.125,225,11.875,418,38024,2626,1042.3,89667.2,158.375,0,2.875,0.6284,21493.875,93930.6262,17131.411,-1321.4107,1114.125
centered_candidate_000230_685035cd,centered-gaussian,8,8,0.125,1113.375,72.5,37,2600.8,2770.4174,7908,1455.5,891.7,17394.8,0.125,222.4375,11.375,412.75,35023.5,2283.5,1337.2,81749.8,157.625,0,3,0.5659,22285,86561.5007,17306.0569,-1348.2087,1113.375
centered_candidate_000325_2ceaca8c,centered-gaussian,8,8,0.125,1112.625,62.5,33.7,2726.6,2679.0904,7960.625,1313.5,824.9,18593.4,0.125,230.125,11.875,411.5,54359.75,2081,1127.4,130970.3,148.75,0,2.625,0.604,19727.25,136148.9795,16940.2451,-1305.8452,1112.625
centered_candidate_000012_8ecf22cb,centered-gaussian,8,8,0.125,1112.25,67.5,38.8,2678.8,2679.8997,8009.875,1390,907,18311.2,0.125,238.2125,12,414.125,51770.25,2441,1232.3,123477.4,155.875,0,2.75,0.575,20807.625,128988.5061,16959.8199,-1301.1499,1112.25
centered_candidate_000321_0212fedc,centered-gaussian,8,8,0.125,1110.75,83,52.1,2585.6,2727.6049,8060,1659.5,1210.9,17457.4,0.125,236.95,11.75,419.875,47415.75,3127,2193.8,110307,149.875,0,2.875,0.4916,20765,117611.9481,17140.2043,-1311.7025,1110.75
centered_candidate_000075_b4204e00,centered-gaussian,8,8,0.125,1110,84,39.2,2626,2692.835,8089.25,1677,971.9,18042.5,0.125,242.825,11.875,420.875,42423.75,3080,1808.4,99699.8,153.25,0,3,0.564,20845.875,104004.2627,17103.921,-1307.2175,1110
centered_candidate_000350_d41bd58a,centered-gaussian,8,8,0.125,1109.875,91.5,57,2569.9,2701.1053,8056,1733,1230.8,17437.5,0.125,230.65,12.125,418.75,57425.5,2809.5,1998.7,134636.9,156.75,0,2.875,0.5904,21153.25,144569.1243,16959.1719,-1293.5527,1109.875
centered_candidate_000147_c439ec58,centered-gaussian,8,8,0.125,1109.625,78.5,50.9,2682.8,2650.9918,8049.125,1572,1115.9,18352.1,0.125,240.1125,12,416.75,41654.25,2776,1764.5,99246.2,149.125,0,2.625,0.5491,19663.75,101695.7325,16818.9583,-1274.5959,1109.625
centered_candidate_000136_2c0fca8c,centered-gaussian,8,8,0.125,1109.5,68,32.1,2604.2,2748.9815,7953.875,1425.5,736,17718.3,0.125,216.225,11.25,417.875,33235.25,2304,1223.7,77620.3,146.75,0,2.75,0.6504,20909,81968.6341,17517.8031,-1342.3908,1109.5
centered_candidate_000051_2b1951cc,centered-gaussian,8,8,0.125,1109.25,73,46.6,2669.3,2678.5845,8054.875,1450,1086.1,18376.8,0.125,234.725,12,418.875,60782.75,2222,1659.9,145350.5,156.375,0,2.875,0.6267,21173.25,153116.1072,17062.9799,-1292.6923,1109.25
centered_candidate_000114_a2de0d9f,centered-gaussian,8,8,0.125,1108.875,69,33.1,2626.5,2650.5606,7994.625,1391.5,762.5,18039.9,0.125,238.1375,12.125,414.875,40297.125,2543,980.5,95024.9,180.375,0,3.25,0.6442,23760.5,98394.0908,16771.2818,-1292.1803,1108.875
centered_candidate_000034_da0f1f73,centered-gaussian,8,8,0.125,1108.75,67.5,38.7,2612.8,2703.1357,7935.25,1323,912.2,17753.6,0.125,235.75,11.625,411.25,34120.25,2261,1305.6,80356.7,154.25,0,2.875,0.6503,21006,83105.4717,17052.7548,-1312.8679,1108.75
centered_candidate_000070_e3eb8962,centered-gaussian,8,8,0.125,1107.375,83.5,49.3,2570.9,2734.12,7922.375,1587,1080.6,17239.9,0.125,224.5375,11.625,411.625,45643.75,2733,1767.5,106662.4,148.375,0,2.375,0.7042,18941.125,114128.5729,17169.2481,-1317.76,1107.375
centered_candidate_000141_a6a06e12,centered-gaussian,8,8,0.125,1107.375,82,38.7,2584.6,2749.6582,7946.75,1591,866.8,17519,0.125,220.5625,11.375,415.625,41690.875,2790,1252.5,97673,143.625,0,2.75,0.5951,20675.375,104360.8488,17380.4722,-1336.1291,1107.375
centered_candidate_000114_ef058c39,centered-gaussian,8,8,0.125,1106.375,75,41,2588.8,2715.7627,7937.5,1466.5,941.5,17588.2,0.125,228.55,11.5,413.625,32819.5,2595,1513.4,76370.6,152.375,0,2.75,0.55,20327,80062.2048,17092.5991,-1316.8814,1106.375
centered_candidate_000258_bfe93dcf,centered-gaussian,8,8,0.125,1106.25,71,52.2,2635.3,2684.8981,7995,1422.5,1156.6,18004.8,0.125,235.925,11.75,415.625,59530.625,2149.5,1844,141645.4,154,0,2.625,0.5984,19700.875,150194.5319,16950.195,-1290.249,1106.25
centered_candidate_000199_4d6eba56,centered-gaussian,8,8,0.125,1106.125,57,34,2699.1,2682.6019,7936.5,1242.5,875.8,18474.6,0.125,232.6375,11.625,411.5,52705.375,2000,1196.9,126551.2,147,0,2.625,0.662,20107,131963.0298,17054.7434,-1307.301,1106.125
centered_candidate_000029_d9fe9667,centered-gaussian,8,8,0.125,1105.25,50.5,36.1,2694.1,2696.66,7865.625,1156,878.2,18346.9,0.125,231.35,11.625,406.875,32843.5,1902.5,1447.8,78604.8,156.75,0,2.625,0.6512,20258.75,80037.5794,17065.3059,-1312.23,1105.25
centered_candidate_000132_7fbf5280,centered-gaussian,8,8,0.125,1105,49.5,30.7,2705.9,2710.8006,7904.375,1186,789.1,18695.1,0.125,221.675,11.5,412.625,30601.125,1686.5,1032.6,73887.2,156.625,0,2.25,0.7528,18874.75,74745.159,17239.3182,-1324.7003,1105
centered_candidate_000153_50f26ea3,centered-gaussian,8,8,0.125,1104.75,46,28.6,2610,2788.8103,7752.125,1096.5,760.1,17457.4,0.125,206.2125,10.875,405.875,25964,1604.5,926.3,60955.3,145.5,0,2.25,0.717,18670.75,64356.2876,17556.3609,-1365.8052,1104.75
centered_candidate_000205_be477414,centered-gaussian,8,8,0.125,1104.375,69.5,36.4,2634.4,2700.3014,7964.75,1419,863.9,18063.6,0.125,227.1125,11.75,414.75,41710.125,2190,1106,99701.1,153.75,0,2.75,0.6335,21141.25,103411.0294,17145.7462,-1313.7507,1104.375
centered_candidate_000353_6a2a0be8,centered-gaussian,8,8,0.125,1103.75,46,32.2,2609.1,2795.9459,7717.25,1054,731.2,17499.6,0.125,208.95,10.75,403.5,37245.375,1597.5,925.5,88111.4,145.375,0,1.75,0.8517,16271,94202.9338,17677.9859,-1365.773,1103.75
centered_candidate_000084_f333cd78,centered-gaussian,8,8,0.125,1103.625,76,50,2625.3,2676.8318,8009.25,1518,1108.3,18046.4,0.125,233.5625,11.875,416.625,48149.375,2691,1727.5,113902.3,154,0,2.5,0.6275,19379.625,119838.5933,16935.5234,-1288.4159,1103.625
centered_candidate_000270_1fdd174e,centered-gaussian,8,8,0.125,1102.125,74.5,49,2574,2720.6265,7900.875,1515.5,1072.5,17304.8,0.125,219.5875,11.625,412.25,41496.5,2351,1586.6,97182,157.625,0,2.75,0.698,20980.375,103873.8851,17144.0809,-1311.3132,1102.125
centered_candidate_000251_16392ed5,centered-gaussian,8,8,0.125,1102,49.5,41.7,2681.2,2694.6916,7901.5,1128.5,925.6,18505.1,0.125,231.225,11.375,410.875,50038.75,1977.5,1261.6,120570.1,145,0,2.75,0.6022,19847.625,125286.6084,17200.3491,-1305.6458,1102
centered_candidate_000152_47c90de2,centered-gaussian,8,8,0.125,1100.625,79,49,2563,2703.8448,8013.125,1599,1133.2,17435.9,0.125,233.1875,11.625,419.375,49499.75,3184,1975.2,115490.3,156.125,0,2.5,0.6021,19858.75,123646.5321,17188.4473,-1302.9224,1100.625
centered_candidate_000254_5665c573,centered-gaussian,8,8,0.125,1100.625,72,50.2,2574.8,2720.4589,7934.625,1437,1085.4,17446.4,0.125,225.4375,11.375,417,33372.625,2605,1571.3,77521.4,167,0,2.625,0.6191,20963.625,81854.3758,17286.3951,-1310.0294,1100.625
centered_candidate_000144_6d19e65e,centered-gaussian,8,8,0.125,1099.75,60.5,43.2,2649.4,2681.6026,7957.625,1245,1008.4,18271.6,0.125,231.175,11.75,413.5,50076.625,2331,1562.9,119350.6,148.125,0,2.5,0.6096,18897.375,125325.9875,17108.4565,-1297.6013,1099.75
centered_candidate_000220_4808e987,centered-gaussian,8,8,0.125,1098.5,65,32.1,2675.6,2651.5705,7900.625,1361.5,786.2,18373.5,0.125,228.5125,11.625,411.25,31439,2271.5,1138.3,75534.7,158.125,0,2.875,0.6114,21469.375,75734.5108,16886.5455,-1293.6853,1098.5
centered_candidate_000084_5eb58997,centered-gaussian,8,8,0.125,1098,60.5,41.1,2636.3,2698.9769,7862.25,1275,983,17969.5,0.125,235.0875,11.375,409.5,33019.25,2069.5,1619.4,78445,165.375,0,2.375,0.5612,18512.25,80529.14,17034.8014,-1308.3885,1098
centered_candidate_000032_3977dab7,centered-gaussian,8,8,0.125,1097.625,78,41.2,2564.3,2703.1542,7932.875,1546.5,1008.5,17451.1,0.125,226.2875,11.5,415.125,49852.25,2807,1400.4,117285.7,156.25,0,2.75,0.616,20892.875,125285.519,17140.0377,-1310.3771,1097.625
centered_candidate_000077_f58257aa,centered-gaussian,8,8,0.125,1097,58,36.6,2617.8,2706.7106,7847.125,1248,869.1,17862.5,0.125,226.9,11.25,409.25,49431.5,1873.5,1116.1,117754.2,151.375,0,2.375,0.6732,18415.5,124638.2025,17188.9088,-1316.7553,1097
centered_candidate_000074_07e61305,centered-gaussian,8,8,0.125,1095.75,74,33.4,2588.2,2703.2092,7822,1392,749.4,17647,0.125,220.5875,11.375,407.125,38438.125,2362,917,90768,148.125,0,2.25,0.6784,18672,95639.7574,17085.1305,-1318.2046,1095.75
centered_candidate_000186_43778e46,centered-gaussian,8,8,0.125,1095,46,19,2607.6,2776.2848,7665.5,1017.5,488.1,17711.9,0.125,195.45,10.5,404.375,33064,1309.5,610.1,78647.1,146,0,2.375,0.7139,19711.75,83917.4649,17665.1405,-1369.1424,1095
centered_candidate_000347_ce36b11a,centered-gaussian,8,8,0.125,1095,49,36.4,2580.1,2767.1112,7686.25,1106.5,809.9,17321.9,0.125,206.8375,10.75,403.5,39864,1641.5,1082.7,94198.1,156.875,0,2.375,0.8264,19817.75,101081.8433,17500.4502,-1347.1556,1095
centered_candidate_000141_ddb5b453,centered-gaussian,8,8,0.125,1094.75,65,34.3,2565.2,2739.6638,7819.625,1434,793.7,17291.6,0.125,217.3625,11,410,41515.5,2446.5,1134,97357.1,145.625,0,3.25,0.592,22405,104340.3101,17415.9558,-1335.5319,1094.75
centered_candidate_000248_8409ce9d,centered-gaussian,8,8,0.125,1094.25,98,34.3,2550.7,2688.2334,7886,1823,796.6,17344.6,0.125,220.4375,11.5,413,34377.75,3031,1111.4,80026.6,160.25,0,2.75,0.6682,21334.625,84763.6646,16982.2786,-1309.8167,1094.25
centered_candidate_000121_1061fc98,centered-gaussian,8,8,0.125,1093.875,52,27,2604.1,2729.2748,7695.375,1117,656.5,17638.9,0.125,212.2125,10.875,402,32595.75,1605,832.7,77329,150.625,0,2.625,0.6162,20075.625,81157.8657,17219.4972,-1337.6374,1093.875
centered_candidate_000290_fd030533,centered-gaussian,8,8,0.125,1093.375,73,60.4,2563.5,2676.4021,8050.5,1598.5,1284.2,17660.8,0.125,241.9625,11.75,420.375,41114.625,2872,1962.1,96543.3,149.375,0,2.75,0.6002,19803.875,100701.5062,17148.9723,-1277.801,1093.375
centered_candidate_000080_782e4c65,centered-gaussian,8,8,0.125,1093.25,69,48.8,2549.7,2719.7873,7872.625,1423,1067.8,17272.6,0.125,225.2875,11.25,411.875,44884.75,2407.5,1672.4,105226,149.375,0,2.125,0.7202,17619.25,112399.6098,17234.1208,-1311.0937,1093.25
centered_candidate_000216_2f7a899e,centered-gaussian,8,8,0.125,1093.25,75,34.5,2608.4,2665.627,7896.25,1386,833.4,17990.4,0.125,230.35,11.5,412.75,24829,2510.5,1098.3,58315.1,164.375,0,2.875,0.581,21247.125,58831.5224,16992.9286,-1298.3135,1093.25
centered_candidate_000154_79ca4174,centered-gaussian,8,8,0.125,1093.125,50.5,29.7,2584.4,2761.8136,7698.875,1046,768.4,17439.9,0.125,207.475,10.625,404.625,33785.125,1672,999,79576.7,147.375,0,2.125,0.6258,17864,85093.8475,17570.3148,-1351.2068,1093.125
centered_candidate_000158_0b9256c3,centered-gaussian,8,8,0.125,1092.375,106,40,2578.2,2640.1694,7994.625,1851,969.2,17781.6,0.125,237.25,11.875,416.375,55124.75,3107,1515,130428.8,155.5,0,2.875,0.5563,21303.125,138161.1375,16828.7852,-1280.0847,1092.375
centered_candidate_000244_6910ece6,centered-gaussian,8,8,0.125,1092.125,60.5,43.6,2605.5,2690.3926,7836.625,1265,961.1,17831.4,0.125,223.8125,11.375,409.875,26278.375,2054.5,1344.1,62157.7,164.625,0,2.875,0.6726,21600.625,63389.2035,17136.1494,-1301.5963,1092.125
general_top10-median-phased_06ede821,top10-median-phased,8,8,0.125,1089,69.5,50.8,2534.7,2705.1244,7854.125,1451,1150.1,17176.7,0.125,223.4375,11.375,409.75,40761.25,2324,1850.5,95122.3,144,0,2.375,0.6511,18699.25,101843.4752,17165.973,-1301.7622,1089
general_topN-median-phased_1d5ee51e,topN-median-phased,8,8,0.125,1089,69.5,50.8,2534.7,2705.1244,7854.125,1451,1150.1,17176.7,0.125,223.4375,11.375,409.75,40761.25,2324,1850.5,95122.3,144,0,2.375,0.6511,18699.25,101843.4752,17165.973,-1301.7622,1089
centered_candidate_000063_e8795cfc,centered-gaussian,8,8,0.125,1087.625,79,37.7,2557.3,2683.1536,7947,1561.5,934.8,17619.1,0.125,227.2625,11.625,416.875,41320.75,2852.5,1643.6,96692.3,159.875,0,2.75,0.5402,21024,102553.6709,17225.3661,-1303.8768,1087.625
centered_candidate_000012_af695295,centered-gaussian,8,8,0.125,1086.5,91,57.6,2518.6,2650.5839,7980.75,1668,1264,17221.2,0.125,233.9125,11.625,418,55876.75,3096,2281.3,130581.3,152.875,0,3.25,0.5294,22632.375,140411.9877,16902.7632,-1267.692,1086.5
centered_candidate_000087_af9aedea,centered-gaussian,8,8,0.125,1086.25,51,34.8,2661.7,2642.1787,7771.875,1086,813.9,18403.3,0.125,221.975,11.25,405.875,32026.125,1465.5,1111,77761.3,159,0,2.5,0.6542,19726.125,78435.6117,16893.0889,-1286.2894,1086.25
centered_candidate_000138_62149589,centered-gaussian,8,8,0.125,1084.125,71,48,2524,2692.6245,7842.125,1407,1119.9,17170.8,0.125,229.4,11.25,410.375,42763.875,2655,1821.6,99668.6,155,0,2.625,0.6317,20251.5,106404.3826,17128.6734,-1298.3122,1084.125
centered_candidate_000249_1360c58e,centered-gaussian,8,8,0.125,1083.25,61.5,36.9,2543.7,2692.2884,7758.75,1291,822,17249.6,0.125,214.9,11.25,404.625,40878.375,2073,1095.8,96110.4,142,0,1.875,0.7022,16823.5,102592.5149,17088.4991,-1309.2442,1083.25
centered_candidate_000173_1b71f971,centered-gaussian,8,8,0.125,1083.125,65,36.6,2566.1,2650.3681,7851.25,1363,844.3,17562.5,0.125,231.2625,11.5,409.125,36822,2133,1218.8,86662.7,154.375,0,2.75,0.6397,20483.125,90404.4533,16897.7675,-1288.5841,1083.125
centered_candidate_000324_ad78e0da,centered-gaussian,8,8,0.125,1083.125,52,33.2,2568,2717.6597,7669.5,1168.5,790.1,17402.9,0.125,209.5125,10.875,402.75,56915.875,1731.5,1043.7,135352.4,161.625,0,2.5,0.6711,20499.5,145880.7085,17201.2458,-1325.6299,1083.125
centered_candidate_000284_5985a89e,centered-gaussian,8,8,0.125,1081,49,37.6,2538.4,2733.0815,7601.375,1058,828.3,17075.1,0.125,205.9375,10.5,398.875,35359,1615,1048.6,83254.7,144.625,0,2.5,0.6877,19785,89586.5173,17339.2925,-1328.9408,1081
centered_candidate_000176_f4c46de6,centered-gaussian,8,8,0.125,1080.875,85.5,36.4,2514.2,2675.3728,7854.5,1635.5,821,17182.7,0.125,227.125,11.125,412.5,38481.25,3004,1258.4,89554.4,149.375,0,2.5,0.7023,19347.5,95002.4876,17144.1974,-1301.2864,1080.875
centered_candidate_000209_122c2ae5,centered-gaussian,8,8,0.125,1080.625,91.5,76.5,2488.8,2600.269,7984.75,1647,1490.4,17096.6,0.125,237.2,12,418.875,23067.125,3078.5,2379,51778.1,183.125,0,2.75,0.6038,20818.625,52806.6729,16590.8473,-1223.6345,1080.625
centered_candidate_000267_254593d1,centered-gaussian,8,8,0.125,1080,55.5,30.2,2583.5,2676.0737,7772.5,1259,756.9,17773.3,0.125,223.475,11.25,405,59019.625,1920,988.2,141288.3,144.25,0,2.75,0.6416,20777.75,150275.6714,17072.0115,-1307.8368,1080
centered_candidate_000110_2cfad4f8,centered-gaussian,8,8,0.125,1079.5,71.5,39.8,2522.6,2681.1656,7835.75,1443.5,880.2,17293.7,0.125,223.175,11.125,411.75,43026.5,2411.5,1442.8,100918.5,149.375,0,2.75,0.6457,20656.875,107596.7277,17145.3473,-1300.7828,1079.5
centered_candidate_000303_a26dd148,centered-gaussian,8,8,0.125,1079,59.5,39.1,2557.1,2677.3532,7731.375,1279,911.7,17351.4,0.125,220.4375,11.125,404.5,59841.875,2106.5,1339.6,141813.7,158.5,0,2.375,0.648,19579.75,152424.6742,16916.999,-1299.5766,1079
centered_candidate_000206_26edd3e2,centered-gaussian,8,8,0.125,1078.75,36.5,34.7,2546.9,2738.4758,7590.625,876.5,835,17114.6,0.125,204.35,10.5,397.125,42125.875,1230.5,1067.3,99722,130.375,0,2.25,0.6385,17737.125,107638.1453,17454.6852,-1334.5379,1078.75
centered_candidate_000015_ed18c074,centered-gaussian,8,8,0.125,1077.875,47.5,32.1,2539,2729.744,7523.5,1093,738.8,16979.9,0.125,206.575,10.625,393.125,49710.125,1805.5,1022,117622.1,158.25,0,2.625,0.7183,20802.625,127479.459,17192.2967,-1332.772,1077.875
centered_candidate_000178_5a40570e,centered-gaussian,8,8,0.125,1077.625,78,66.5,2499.7,2643.2875,7975.875,1569.5,1438,17203.9,0.125,234.5,11.75,417.75,37519.875,2850.5,2508.7,86537.4,153.25,0,2.5,0.6203,19375.25,91750.7337,16966.9176,-1255.1437,1077.625
centered_candidate_000037_94f29d6c,centered-gaussian,8,8,0.125,1077.25,60,43.5,2515.4,2704.6327,7729.125,1286.5,1031.5,16996.3,0.125,221.4875,10.875,405.375,41340.75,2161.5,1765.4,96632.5,151,0,2.75,0.5846,20141.5,103958.0151,17248.2354,-1308.8163,1077.25
centered_candidate_000318_6baa2c09,centered-gaussian,8,8,0.125,1076.875,60.5,40.5,2522.8,2693.8411,7722.75,1303.5,894,17109.3,0.125,215.9625,11,404.625,36766,2313.5,1262.4,85911,147.875,0,2.5,0.6879,19080.125,92101.7753,17167.5502,-1306.4205,1076.875
centered_candidate_000062_20ee409d,centered-gaussian,8,8,0.125,1076.625,59,36.4,2525.4,2692.8383,7653.375,1235.5,863.4,16968.4,0.125,218.8375,11,399.625,38870.625,2034.5,1282.2,91300,160.25,0,3,0.6355,22100.5,97379.424,17019.0449,-1310.0192,1076.625
centered_candidate_000296_2669fa65,centered-gaussian,8,8,0.125,1076,50.5,36.2,2536.3,2708.5489,7611.125,1107.5,786.6,17198.2,0.125,208.8875,10.75,398.5,36214.25,1634,1033.1,85534.6,149.25,0,2.5,0.6672,19514.25,91315.1287,17242.3519,-1318.0745,1076
centered_candidate_000042_d3d123f5,centered-gaussian,8,8,0.125,1075.625,61.5,37.6,2526.3,2686.4066,7679,1278.5,857.7,17105.6,0.125,214.1625,11.125,401.625,25966.625,2138.5,1126.6,60252,158.5,0,2.375,0.744,19484.75,63571.8457,17059.479,-1305.6033,1075.625
centered_candidate_000061_31810dff,centered-gaussian,8,8,0.125,1073,64.5,52.5,2501.6,2675.6287,7781.375,1294.5,1159.3,17145.4,0.125,224.6125,10.875,409.875,43108.375,2413.5,1627,101050,152.25,0,2.5,0.5927,19320.625,108142.3435,17152.2626,-1285.3144,1073
centered_candidate_000306_e831c95a,centered-gaussian,8,8,0.125,1073,62.5,55.9,2511.8,2656.7804,7726.125,1310,1205.8,17019.2,0.125,227.2625,11.25,402.75,60793,2329.5,1883.4,143410.6,158.125,0,3,0.6282,22023.5,154517.3952,16757.3563,-1272.4902,1073
centered_candidate_000188_705c4f6a,centered-gaussian,8,8,0.125,1072.875,59.5,47.5,2549.1,2579.5229,7890.125,1260,1113.1,17737.1,0.125,246.1125,12,408.125,63922,2085,1819.6,151504.8,159.625,0,2.75,0.5926,20291.5,160822.9045,16480.5257,-1242.2614,1072.875
search_candidate_000104_788bfab5,random-phased,8,8,0.125,1072.75,58.5,43.8,2523.2,2660.7302,7726.25,1268,1079.3,17123.5,0.125,232.1125,11.125,401.875,65662.25,2391,1804.5,155079.4,148,0,2.375,0.6022,18301.625,167051.0996,16804.3284,-1286.5651,1072.75
centered_candidate_000129_99d02be2,centered-gaussian,8,8,0.125,1072.375,62,39.7,2509.5,2677.0387,7724,1259,986.7,17088.1,0.125,218.25,11,404.375,43601,2013.5,1510,102444.9,142.625,0,2.125,0.6908,17808.75,109801.8408,17105.402,-1298.8194,1072.375
centered_candidate_000172_2ca77823,centered-gaussian,8,8,0.125,1072.375,61.5,40.4,2519,2684.5944,7694.5,1274,945.3,17129.2,0.125,218.4875,10.75,404,36473.5,2177,1534.1,85200.3,146,0,2.5,0.6428,19363.625,90875.2396,17152.2101,-1301.8972,1072.375
centered_candidate_000036_bc46133c,centered-gaussian,8,8,0.125,1071.375,69,36.2,2508.2,2674.0428,7638.625,1360.5,849.6,16994.9,0.125,213.05,10.875,399.75,38606.25,2144,1128.8,90696.6,148.75,0,2.25,0.7742,19161.625,97097.8907,16909.821,-1300.8214,1071.375
centered_candidate_000106_626ff8b5,centered-gaussian,8,8,0.125,1070.5,67,41.7,2533.2,2644.3074,7734.5,1362.5,970.8,17405.5,0.125,227.6375,11.25,403.125,48282.375,2386.5,1475.6,114270.5,152.125,0,2.625,0.6446,19311,121347.7218,16788.7357,-1280.4537,1070.5
centered_candidate_000248_15524757,centered-gaussian,8,8,0.125,1069.25,49.5,29,2525.7,2701.2857,7576.375,1053.5,679.6,17210.1,0.125,207.6875,10.5,398.25,24946,1615.5,880.5,58600.2,147.25,0,2,0.7097,17397.125,61784.6673,17314.254,-1321.6428,1069.25
centered_candidate_000262_37e289ed,centered-gaussian,8,8,0.125,1068.875,52,29.4,2510.7,2706.3007,7540.625,1158.5,719.2,16791,0.125,212.175,10.625,393.125,35846,1983.5,1090.5,83883.6,141.75,0,2.125,0.7063,17830.375,90305.0281,17205.3785,-1323.7504,1068.875
centered_candidate_000025_5fcc55f2,centered-gaussian,8,8,0.125,1068.5,48.5,27.4,2514.6,2708.7155,7535.875,1082.5,690.6,16908.1,0.125,204.2375,10.5,394.75,38875.5,1606.5,847.1,91723.9,139.625,0,1.75,0.7416,15965.125,98825.7714,17327.5953,-1326.9578,1068.5
centered_candidate_000028_e3bab048,centered-gaussian,8,8,0.125,1068.375,57,29.8,2519.7,2688.776,7528.625,1154,726,16970.8,0.125,210.675,10.625,393.25,31748.25,1897.5,1031.3,74825.5,149.875,0,2.5,0.7164,20016.75,79347.9932,17040.6761,-1314.588,1068.375
centered_candidate_000109_138b3b1a,centered-gaussian,8,8,0.125,1068,71,43.4,2496.9,2639.0525,7793.375,1453,1057.5,17150.5,0.125,234.675,11.25,407.375,40870.625,2610.5,1879.3,95347.9,154.375,0,2.5,0.5546,18620.875,101265.2906,16849.1613,-1276.1263,1068
centered_candidate_000213_fe04aa3a,centered-gaussian,8,8,0.125,1067.25,78.5,54.9,2480,2618.9141,7843.625,1514,1179.5,17123.2,0.125,228.9625,11.5,410.875,35138.25,2764,1898.7,81520.3,155,0,2.625,0.57,20118.625,86198.3934,16808.4719,-1254.5571,1067.25
centered_candidate_000327_61ad9ce0,centered-gaussian,8,8,0.125,1060.625,49,29.1,2501,2682.2216,7541.375,1119.5,750.9,16920.8,0.125,205.8875,10.625,396.75,42189,1717.5,937.2,99546.8,156.75,0,2.5,0.7982,20707.875,107520.6646,17171.4404,-1312.0108,1060.625
centered_candidate_000321_5608a0e6,centered-gaussian,8,8,0.125,1055.875,78.5,46.9,2455.3,2611.4612,7724.75,1539,1099.5,16794.9,0.125,229.9125,11.25,404,33303.25,2674,1668.3,76983.9,154.875,0,2.5,0.6024,19672.25,81637.4946,16752.0714,-1258.8306,1055.875
centered_candidate_000098_f63c5bf1,centered-gaussian,8,8,0.125,1054.625,84,36.5,2454.9,2617.6414,7618.75,1581,833.5,16711.5,0.125,219.475,11.125,396.75,50776.375,2405.5,1249.5,119497.5,142.875,0,1.875,0.71,16227.375,128717.2394,16731.382,-1272.3207,1054.625
centered_candidate_000173_8d4a85a9,centered-gaussian,8,8,0.125,979.875,92,44.1,3118.7,1642.1197,7576.75,1705.5,1130.7,22482.9,0.125,230.1125,13.5,391.875,22963.375,3134.5,1809.6,69468.8,221.625,0,3.875,0.6365,27586.625,37776.511,10778.2329,-776.9599,979.875
centered_candidate_000104_1bd3a326,centered-gaussian,8,8,0.125,857.875,151.5,73.8,2470.1,1222.5068,7116.625,2338,1459.3,18614.8,0.125,242.5125,14,362.75,19271.75,4902.5,2600.2,51795.2,217.125,0,3.625,0.6811,26040,26485.5431,8472.8106,-537.4534,857.875
centered_candidate_000322_08efee9a,centered-gaussian,8,8,0.125,822.25,78.5,46.6,2692.1,1307.7001,6681.125,1551,1108.8,20038,0.125,223.425,12.625,342.125,18743,2959,1862.1,55655.8,200.5,0,3.125,0.6509,23818.25,29460.8024,8988.1934,-607.25,822.25
centered_candidate_000098_d4b84558,centered-gaussian,8,8,0.125,780.625,111.5,40.7,2170.4,1119.7012,6391.375,1932.5,890,16271.2,0.125,222.025,13,322.875,16474.375,3333.5,1269.8,44778,221.375,0,3.125,0.7113,24721.25,23037.3769,7884.6963,-519.1506,780.625
centered_candidate_000276_7d117216,centered-gaussian,8,8,0.125,734.625,197,46.2,2023.8,953.6574,6391.625,2584,1048,15965.5,0.125,233.9125,13,326.125,14789.125,4879.5,1555.1,39079.7,216.125,0,3.625,0.6093,26534.625,17477.8416,6908.5599,-430.6287,734.625
centered_candidate_000014_1bace168,centered-gaussian,8,8,0.125,709.5,79.5,55.3,1621.2,1679.2104,5604.5,1584,1188.8,11667.5,0.125,184.5625,9.875,290,23313.625,3040,2060.5,52589.1,175.75,0,2.875,0.6487,21903.375,54544.3192,10852.7231,-784.3052,709.5
centered_candidate_000309_09a9be40,centered-gaussian,8,8,0.125,669.25,54.5,30.4,2377.2,1099.1494,5589.875,1207,751.3,18140.5,0.125,193.6625,10.75,288.25,13245.75,2031.5,1062.3,44528.7,197.25,0,3.25,0.6474,24623.75,20544.5648,7995.1447,-519.1747,669.25
search_candidate_000297_78c09d62,random-phased,8,8,0.125,666.25,195,50.7,1666.8,728.3193,6017.25,2563,1201.1,13766.7,0.125,251.0875,12.875,302.25,13634.625,5857,2274.8,32106.1,223.625,0,4.375,0.5098,29448.375,13072.7738,5600.8871,-313.4596,666.25
centered_candidate_000194_5661e0ca,centered-gaussian,8,8,0.125,665.5,81.5,57.5,2138,1090.0291,5799.125,1611.5,1254.8,16868.7,0.125,201.1375,11.375,300.375,15263.25,2723,1863,45334.9,196.125,0,2.875,0.7019,23096.75,24664.9385,7817.7067,-487.5146,665.5
centered_candidate_000185_af1faf75,centered-gaussian,8,8,0.125,629.875,75.5,38.2,2063.1,1046.9018,5355.875,1527.5,830.6,16286.6,0.125,203.325,10.75,272.5,14345.25,3166,1245.4,45189.5,201.625,0,3.375,0.7076,25443.25,21931.1447,7368.4064,-485.2509,629.875
centered_candidate_000024_629a7bb2,centered-gaussian,8,8,0.125,610.125,61,40.7,1397.6,1470.275,4810.5,1303,946.4,10025.4,0.125,164.6,8.875,246.5,13162.625,1898,1562.9,29367.6,174,0,2.375,0.7102,19950.875,29851.5072,9554.9537,-694.4375,610.125
general_top5-average-phased_8500d4e0,top5-average-phased,8,8,0.125,606.375,83.5,39.7,1414.9,1352.6793,5074.75,1667.5,942.8,10840.7,0.125,187.85,9.625,260.75,13887.875,3153.5,1518.7,31292.1,183.25,0,2.75,0.696,21790.875,28506.0752,9088.347,-636.6396,606.375
search_candidate_000331_dbf42179,random-phased,8,8,0.125,576,65.5,48.3,1705.6,901.3544,5063.875,1398.5,1087.4,13426.8,0.125,212.6875,11,252.5,12962.125,2268,1592,35451.2,210.75,0,3.75,0.6195,26584.25,19724.4469,6495.9634,-402.3772,576
centered_candidate_000195_53039754,centered-gaussian,8,8,0.125,546.125,86,50.4,1846.6,835.7831,4932.25,1601.5,1188.9,14481.4,0.125,202.7875,10.5,248.625,11962.125,2924,1904.5,38656.9,192.25,0,2.875,0.7042,22785.375,16412.8135,6173.5093,-367.4915,546.125
search_candidate_000321_cdec7e11,random-phased,8,8,0.125,546,63,35.6,1969.9,856.4635,4844.875,1330.5,812,15418.7,0.125,191.425,10.25,244.75,11977.875,2331,1120.5,41495.7,189.875,0,2.625,0.737,21676.125,17362.3146,6405.8218,-392.6318,546
centered_candidate_000326_7f15d653,centered-gaussian,8,8,0.125,537.25,111.5,50.4,1891.2,784.975,4886.25,2076.5,1152.8,14361.6,0.125,215.0875,10.625,243.625,11304.375,3878,2207.1,34976.3,199,0,2.875,0.6799,22573.75,14201.1317,5640.866,-342.0875,537.25
centered_candidate_000193_34ad98cf,centered-gaussian,8,8,0.125,533.125,151.5,61,1180.4,947.6245,4909.375,2261.5,1297.4,9668.1,0.125,212.8625,10.75,245.375,11874,4349,2275.2,24840.7,197.25,0,3.375,0.6446,24635.125,19136.2596,6828.6752,-412.8122,533.125
centered_candidate_000238_2789fd12,centered-gaussian,8,8,0.125,509,80,54.5,1174.8,1116.6225,4520.25,1521.5,1163.8,9489.1,0.125,181.475,9,231.75,12667.5,2492.5,1923.3,28435.4,179,0,3.25,0.6098,23524.5,26184.1722,7819.8859,-503.8112,509
centered_candidate_000230_36dd4ee8,centered-gaussian,8,8,0.125,507.625,93.5,55.4,1182.4,1050.4735,4608.875,1811.5,1218.8,9500.8,0.125,190.875,9.625,233.75,12368.75,2908,1914.8,27946.4,183.25,0,3.125,0.5984,23732.625,23921.8653,7301.6064,-469.8367,507.625
centered_candidate_000320_831d99ce,centered-gaussian,8,8,0.125,506.75,78,46.3,1621,799.1949,4660.5,1564,1092.2,13092.5,0.125,198.35,10.125,233.625,10916.375,2895,1801,31849.3,185.875,0,3.625,0.5429,26004.375,15573.6601,5927.7879,-353.2974,506.75
centered_candidate_000089_6197669c,centered-gaussian,8,8,0.125,504.625,108.5,61.6,1517.4,643.9544,4757,1868.5,1271,12364.7,0.125,218.3125,11,233.625,10843.625,3672,2365.4,29961.7,198,0,3.25,0.525,24198.25,12039.0069,4894.5074,-260.3772,504.625
centered_candidate_000043_23d5547c,centered-gaussian,8,8,0.125,494.125,121.5,59.9,1416.7,625.6701,4755.5,2058.5,1304.4,11638.9,0.125,223.6625,10.875,234.375,10546,4158,2433.8,26900.2,193.75,0,3.25,0.6052,24068,11353.2228,4751.872,-252.9351,494.125
centered_candidate_000086_f45eae50,centered-gaussian,8,8,0.125,482.5,184,83,1311.4,586.0113,4654,2489,1645.2,10521.5,0.125,227.425,11.125,225.375,10896.375,4962.5,3316,26304.6,197.875,0,3.625,0.5661,25643.25,11669.3095,4356.1662,-210.0057,482.5
centered_candidate_000031_0f84250c,centered-gaussian,8,8,0.125,473,73.5,39.8,1397.8,709.0508,4369.25,1475.5,950.5,11176.5,0.125,210.5625,10,212.375,10002.625,2891,1757,26556,185.375,0,3.375,0.6827,24671.5,12762.9997,5314.9572,-314.7254,473
centered_candidate_000105_39fb9e4f,centered-gaussian,8,8,0.125,469.25,52.5,34.7,1090.5,1093.6423,4102.75,1213.5,829.6,8784.8,0.125,157.8,8.125,211.125,9896.875,1941,1173.6,22373.1,169.375,0,2.875,0.7018,22062.25,21110.4451,7673.7309,-512.1211,469.25
centered_candidate_000299_6cbbd4f8,centered-gaussian,8,8,0.125,455,62,27.4,1047.6,1052.951,3960.625,1269,684.6,8389.4,0.125,158.4,8.25,200.5,11697.375,1925,828.4,26632.9,173.375,0,2.75,0.7681,21834.125,26038.9875,7328.5147,-499.0755,455
centered_candidate_000058_2e989526,centered-gaussian,8,8,0.125,447.25,66,37,1166.2,865.1255,4082.875,1410.5,863.8,9455.9,0.125,177.7,9,204.75,8983.125,2613.5,1272.2,21848.7,189.875,0,3.125,0.6777,23842.5,15134.2023,6272.3974,-395.5628,447.25
search_candidate_000017_fb32a082,random-phased,8,8,0.125,438.875,63.5,37.7,1079.1,922.5357,3953.25,1243.5,865.5,8899,0.125,175.825,8.5,198.75,9571.375,2136.5,1396.1,22523.4,189,0,2.875,0.5836,22678.75,18227.0251,6594.5628,-423.5678,438.875
centered_candidate_000252_e556bf88,centered-gaussian,8,8,0.125,414.25,81.5,61.5,1274.2,613.5971,4120.25,1592.5,1326.6,10603.6,0.125,192.775,9.5,205.25,9164.25,2680,1784,26777.6,183.125,0,3.5,0.6552,25332.875,12046.7086,4744.4646,-245.2986,414.25
centered_candidate_000151_0556f4cf,centered-gaussian,8,8,0.125,406.875,68.5,54.9,1287.2,622.6625,3934.375,1403.5,1178.9,10476.9,0.125,187.7875,9.25,193,9304.875,2383.5,2047.5,26660.8,180.375,0,3,0.614,22251.375,13046.8356,4782.42,-256.4313,406.875
centered_candidate_000142_92143323,centered-gaussian,8,8,0.125,395,50,39,914.5,888.6622,3633.125,1112,899.3,7725.7,0.125,157.275,7.75,185.25,8410.625,1773.5,1304.2,18781.8,181.75,0,2.875,0.7249,23364.25,17143.588,6440.4742,-405.3311,395
centered_candidate_000028_7ad77a15,centered-gaussian,8,8,0.125,371.875,71,44.1,1212.1,548.4757,3689.125,1401,1090.6,10086.5,0.125,186.875,8.875,179.875,7915.75,2252,1658.3,23404.8,181.75,0,2.75,0.7242,21804.75,10503.9355,4266.5934,-230.1379,371.875
centered_candidate_000246_7c0c1eed,centered-gaussian,8,8,0.125,371.25,50.5,30.7,1136.4,618.9143,3487.875,1093,770.7,9257.2,0.125,166.2875,8.375,171,7449.75,1757.5,949,20979.1,190,0,3.125,0.7848,24611,11567.4785,4785.2904,-278.7572,371.25
centered_candidate_000166_7c3d7432,centered-gaussian,8,8,0.125,365.5,82.5,39.7,845.2,711.5719,3655.75,1664.5,887.2,7422.6,0.125,175.2125,8.375,182.5,7917.25,3090.5,1240.5,17015.4,172.75,0,2.75,0.682,21212.25,13206.6336,5319.5497,-316.0859,365.5
centered_candidate_000175_4c9880ba,centered-gaussian,8,8,0.125,360,52,24.4,933,707.1902,3434.25,1175.5,632.6,8055.3,0.125,160.6125,8,169.625,7247.25,1908,727.8,18307.6,170.75,0,2.875,0.6529,22165.625,12680.0089,5245.2028,-329.1951,360
centered_candidate_000217_c0de376d,centered-gaussian,8,8,0.125,358.5,71,47.3,784.7,777.4981,3532.25,1417.5,1097.5,6822.1,0.125,162.975,7.75,179.125,7457.875,2348,1555,15483.8,168.5,0,3.125,0.6101,23148.625,13862.5477,5797.5898,-341.449,358.5
centered_candidate_000186_b50654a5,centered-gaussian,8,8,0.125,356.875,61,39.1,884.7,682.1828,3500,1264,900,7696.5,0.125,170.9125,8.125,173.125,7235.375,1962,1472.4,17132.7,173,0,2.625,0.6665,20746.5,11863.3666,5128.1985,-301.9914,356.875
centered_candidate_000288_d2507270,centered-gaussian,8,8,0.125,354.5,63,36.6,786,774.4976,3432.75,1338.5,829.9,6793.7,0.125,152.325,7.5,174.75,7749.625,2206,1129.1,16428.7,167.25,0,3,0.6751,23132.25,15540.2494,5778.9714,-350.6488,354.5
centered_candidate_000236_50bf8951,centered-gaussian,8,8,0.125,351.75,42,35.1,793.9,810.918,3276.625,1011.5,830.7,6639.1,0.125,150.7125,7,165.25,6635.375,1620.5,1109.4,14191.7,160.75,0,2.125,0.751,18606.125,13333.0244,5966.8874,-370.359,351.75
centered_candidate_000046_f1d4b8e4,centered-gaussian,8,8,0.125,346.625,65.5,37.7,788.1,735.6511,3426.375,1416.5,796.5,7006.9,0.125,169.9625,7.75,171.25,7448.5,2705.5,1199.5,15787.3,174.75,0,2.875,0.6848,21896.25,13051.5854,5458.1747,-330.1255,346.625
centered_candidate_000306_723f1cd6,centered-gaussian,8,8,0.125,345.125,62.5,32.4,867.1,625.2646,3432.625,1335.5,777.3,7586,0.125,169.7375,8.375,167.625,7652.375,2131.5,1063.3,18104.3,175.125,0,2.625,0.7261,21395,12569.1238,4790.033,-280.2323,345.125
centered_candidate_000116_8c661b8b,centered-gaussian,8,8,0.125,343.375,71.5,39.8,794.8,570.8881,3516.625,1492,904.4,7128.9,0.125,183.4875,8.375,172,7701.875,2750.5,1282.8,17098.8,169.625,0,2.75,0.6717,21835.5,11222.7819,4506.8451,-245.6441,343.375
centered_candidate_000133_cf986038,centered-gaussian,8,8,0.125,340.375,78.5,42.7,776,684.5909,3408.125,1538,941.7,6879.8,0.125,172.9125,8,168.125,7214.375,2671.5,1452.9,15371.3,173.75,0,2.5,0.671,20300.75,12066.2238,5081.9575,-299.5955,340.375
centered_candidate_000213_3faa6c10,centered-gaussian,8,8,0.125,336.625,79,56.4,718.4,702.1939,3431.875,1558.5,1188.4,6382.1,0.125,172.4375,7.75,171.875,7994.875,2888,2104.8,15938.2,168,0,3.25,0.5853,23683.375,14161.3938,5293.1969,-294.6969,336.625
centered_candidate_000298_fbc0534e,centered-gaussian,8,8,0.125,335.125,103.5,29.3,763.4,620.0142,3447,1751,761.4,6982.1,0.125,171.1125,8.125,171.125,7169,2926.5,1019.5,15513.8,170.5,0,2.875,0.6425,22172.75,11686.5946,4855.3183,-280.7071,335.125
centered_candidate_000008_7593341c,centered-gaussian,8,8,0.125,334.75,94.5,48.9,819,581.098,3463.5,1819,1033.2,7269.7,0.125,176.025,8.375,170.375,7227.625,3450.5,1538.8,16078.6,174.625,0,2.875,0.6823,22050,10480.7605,4520.0278,-241.649,334.75
centered_candidate_000005_8d89bcb8,centered-gaussian,8,8,0.125,332.875,70,28.5,746.6,710.429,3294.5,1417.5,743.7,6548,0.125,154.4375,7.5,165.875,6601.875,2269,862.8,13910.4,170.25,0,2.5,0.7708,20373.375,12100.6409,5264.0107,-326.7145,332.875
centered_candidate_000130_f56fc02a,centered-gaussian,8,8,0.125,328.625,47.5,34.4,736.4,748.9539,3091.25,1023,779.9,6241.6,0.125,150.3125,6.875,154.625,6697.75,1550.5,1128.2,14449.5,170.5,0,2.625,0.8037,21696.125,13558.9294,5542.3004,-340.077,328.625
centered_candidate_000108_9d736876,centered-gaussian,8,8,0.125,327,85.5,45,827.5,572.1143,3397,1646.5,1028.2,7323.4,0.125,181.725,8.125,166.25,7402.75,3053.5,1618.6,16836.5,170.875,0,3.125,0.6087,22791.375,11021.007,4472.0376,-241.0571,327
centered_candidate_000309_b63db87a,centered-gaussian,8,8,0.125,322.75,67,39,765,622.9797,3363.375,1432.5,893.6,6977.2,0.125,180.4125,7.75,166.375,7847.125,2894,1352.5,17393.2,166,0,3.25,0.6328,23453.125,12786.7301,4841.9963,-272.4898,322.75
centered_candidate_000079_0f4a6d40,centered-gaussian,8,8,0.125,321.75,84.5,45.5,761.2,577.4896,3328.125,1507,1030.4,6898.7,0.125,178.85,8,162.5,7405.75,2726,1626.9,16248.9,170.625,0,3.125,0.607,22895,11516.8619,4434.3195,-243.2448,321.75
centered_candidate_000164_d03d8f99,centered-gaussian,8,8,0.125,320.25,54.5,37.4,717.6,709.1315,3167.25,1204.5,890.6,6282.4,0.125,154.8,7,161.25,7018.25,1849,1361.1,14895.8,179.25,0,2.75,0.8717,22773.25,13832.7326,5401.7189,-317.1657,320.25
centered_candidate_000273_bda86f71,centered-gaussian,8,8,0.125,317.25,67,48,694.1,665.7614,3248,1412.5,1079.2,6224.3,0.125,157.8375,7.5,162.875,6872.875,2121.5,1686.5,14077.5,165,0,2.125,0.7936,18923.625,12672.3928,5040.2751,-284.8807,317.25
centered_candidate_000134_3c5e71e1,centered-gaussian,8,8,0.125,316,71.5,45.5,688,659.4124,3192.25,1402,1010.3,6124,0.125,159.3625,7.5,158.5,7114,2165,1625.6,14700,168.625,0,2.375,0.8367,20235,13088.5772,4905.6472,-284.2062,316
centered_candidate_000186_1342c262,centered-gaussian,8,8,0.125,312.125,83,51.8,697.5,587.7879,3361.25,1646.5,1164.4,6546.6,0.125,181.8875,8,165.875,7399.375,3243,2096.1,14847.5,169.625,0,3.375,0.5316,24027.125,11194.9184,4519.7937,-242.0939,312.125
centered_candidate_000311_4e80f8bd,centered-gaussian,8,8,0.125,310,60,37.5,725.6,622.6954,3191,1302.5,863,6669,0.125,168.7875,7.375,158.5,7168.25,2129,1285.1,16104.4,169.25,0,3.375,0.6321,24139.875,12469.3359,4768.4327,-273.8477,310
centered_candidate_000211_16b34d8e,centered-gaussian,8,8,0.125,309.125,67.5,38.4,715.1,535.9304,3236.75,1359.5,888.5,6620.7,0.125,185.625,7.875,156.375,7209.25,2070,1356.3,16218.9,171.75,0,2.75,0.6723,21507.25,10470.3821,4221.1228,-229.5652,309.125
centered_candidate_000243_be16e11a,centered-gaussian,8,8,0.125,306.25,83,40.5,707.2,528.6607,3263.25,1577.5,910,6543,0.125,178.3,7.875,160.125,7130.875,2674.5,1300.3,15578.1,171.75,0,2.625,0.6667,20875.875,10784.0545,4101.1494,-223.8304,306.25
search_candidate_000088_fa1ecb95,random-phased,8,8,0.125,292.875,51,37.4,754.4,525.7436,3052.375,1114.5,868,6807.5,0.125,159.9625,7.75,149,5885.875,1472,1087,14426.2,180.25,0,3,0.699,23385,9153.6039,4145.7791,-225.4718,292.875
centered_candidate_000027_fb69460e,centered-gaussian,8,8,0.125,289.625,62.5,37.5,660.8,582.3727,3000.125,1291.5,852.6,6025.3,0.125,166.325,7.25,146.375,6770.125,2311,1267.2,14815.6,168.625,0,2.875,0.6922,22029.375,11644.2193,4473.2014,-253.6864,289.625
centered_candidate_000359_f557f881,centered-gaussian,8,8,0.125,284.25,49.5,29.1,636.2,626.4002,2868.625,1076,700.5,5829.5,0.125,150.7625,6.625,142.5,6353.25,1684.5,874.2,14011.3,162.25,0,2.375,0.7595,20111.75,12245.9753,4841.8312,-284.1001,284.25
centered_candidate_000142_672b6c39,centered-gaussian,8,8,0.125,281.75,65.5,33.3,641,565.6681,3045.75,1409,789,6236.7,0.125,156.6,7.125,153.5,6186.375,2261,1108.1,13322.1,167.125,0,2.5,0.6927,20568.625,10715.9136,4546.3872,-249.5341,281.75
centered_candidate_000002_62da0a27,centered-gaussian,8,8,0.125,279.125,47.5,41,617.7,604.0578,2888.625,1127,934.8,5638.5,0.125,154.1125,6.75,143,6370.625,1871,1324.5,13457.9,158.875,0,2.75,0.6004,21249.625,12056.5526,4684.8636,-261.0289,279.125
centered_candidate_000032_c4ab58ea,centered-gaussian,8,8,0.125,274.875,64,38,601.7,521.8691,3036.875,1337,868.4,5854.5,0.125,169.0375,7.375,149.5,6262.875,2334,1419.1,12657.5,164.25,0,2.875,0.6696,21398.75,9676.9534,4171.6974,-222.9346,274.875
centered_candidate_000263_3c3e0dec,centered-gaussian,8,8,0.125,274.625,61.5,38.5,602.6,577.1596,2897.625,1259.5,873,5627.7,0.125,148.2375,6.75,145.5,6025.375,1668,1429,12603.3,160.875,0,2.625,0.6537,20862.5,11073.2592,4462.319,-250.0798,274.625
centered_candidate_000266_753c8d6e,centered-gaussian,8,8,0.125,268.25,49.5,30.8,593.8,587.8039,2756.625,1123.5,769.7,5397,0.125,137.4375,6.625,137.75,5966.125,1420.5,917.9,12907.5,166.125,0,2.75,0.7843,22522.625,12174.989,4606.5964,-263.102,268.25
centered_candidate_000219_9e6b5ca3,centered-gaussian,8,8,0.125,260.75,41,31.9,583.2,562.4593,2730,947.5,765.8,5508.6,0.125,147.275,6.5,135.25,5833.25,1558.5,1010.3,12543.6,161.625,0,2.5,0.7291,20683.25,11008.8098,4472.4753,-249.3296,260.75
centered_candidate_000119_610e6d36,centered-gaussian,8,8,0.125,240.25,67,36.9,579.5,415.8181,2783.625,1408,830.6,5913.3,0.125,159.575,7,136.75,5586.5,2265.5,1188.3,12855.7,162.125,0,2.625,0.7209,20856,8322.5389,3532.9516,-171.009,240.25
search_candidate_000220_ae7ab6e8,random-phased,8,8,0.125,229,39.5,34.2,504.7,500.8473,2532.875,1030,888.4,4851.2,0.125,150.875,5.875,126,4797.375,1456,1177,10070.9,155.25,0,2.5,0.6688,20341.875,8660.2862,4027.6932,-216.2236,229
centered_candidate_000301_4e43a618,centered-gaussian,8,8,0.125,224.125,46,28.4,511.8,457.7252,2505.125,1038.5,696.1,5121.6,0.125,140.2125,6.25,124,5201.125,1472,848.6,11557.7,160.875,0,2.25,0.8244,19974.375,9404.541,3805.8454,-200.4626,224.125
centered_candidate_000194_cdb09cc0,centered-gaussian,8,8,0.125,219.875,40,32.8,485,460.2807,2476.25,984.5,829.2,4823.1,0.125,140.9,6,123.375,5159.875,1469,1094.8,10874,157,0,2.25,0.7778,19381.75,9523.0077,3765.0388,-197.3404,219.875
centered_candidate_000216_a3b4142b,centered-gaussian,8,8,0,1146.875,141.5,61.2,3800.1,1826.7168,8531.375,2119.5,1275.2,26110.7,0,244.4375,15.125,443.125,30180.625,4143,2020.2,96574.4,234.25,0,3.625,0.7034,26920.5,48531.5156,11718.2051,-852.1584,1146.875
search_candidate_000137_e6182e87,random-phased,8,8,0,1078.25,124,44.3,2792.2,1298.4011,8478.125,2001.5,1045.4,20640.5,0,260.6375,15.625,441.875,19455.5,3873,1512.8,49373.8,242.625,0,3.5,0.6243,26484.25,21938.3123,9119.6228,-604.9006,1078.25
search_candidate_000121_e2cba36d,random-phased,8,8,0,1061.75,67,35.4,3889.2,1648.1701,7960.125,1419,950.2,26816.6,0,248.525,14,414,25684.875,2874,1832.6,90275.2,239.5,0,3.625,0.59,26338.25,39097.2634,10985.9904,-788.6851,1061.75
search_candidate_000002_2bf26e97,random-phased,8,8,0,963.625,766,210.1,1971.2,727.717,8065.25,6627.5,2663,15557.7,0,315.1375,17.625,401.75,18392.5,14932.5,6659.7,35211.4,274.75,0,4.875,0.4451,31814.25,12110.9135,5278.3826,-153.7585,963.625
search_candidate_000267_c15e245a,random-phased,8,8,0,872.75,807,19.4,1790,844.04,7204.5,6677.5,489.8,14306.9,0,249.1875,14.75,371,15585,13742.5,569,32359.6,257.25,0,3.875,0.7096,28309.625,14758.6324,6493.2211,-402.62,872.75
search_candidate_000003_e6a12e17,random-phased,8,8,0,842.75,271.5,78.8,1990.5,923.6976,7152.875,3060,1566.4,15464.3,0,264.05,14.75,367.875,16387.5,6869,2918.6,36326.1,256.375,0,4.25,0.5099,29494.625,16046.6165,6643.3841,-383.0488,842.75
search_candidate_000143_8a6ef669,random-phased,8,8,0,833.875,84,52.6,1972.5,1940.8486,6309.75,1525.5,1130.7,13984.3,0.125,236.2125,11,321,41099.75,2693,1875.9,96952.5,167,0,2.625,0.6922,20340.875,100662.316,12305.2669,-917.8243,833.875
centered_candidate_000067_75273701,centered-gaussian,8,8,0,772.25,164.5,49.9,2041.5,980.3094,6483.875,2322,1121.6,15650.3,0,244.825,13.5,329.125,18043.625,4877.5,1882.5,46087.7,217.75,0,3.875,0.6064,28003.125,22756.8432,6897.1183,-440.2547,772.25
centered_candidate_000268_edb88658,centered-gaussian,8,8,0,755.125,80,53.4,1818.8,1699.9354,5879.75,1569,1231.9,12969.5,0,196.8875,10.75,305.875,16376.625,2775.5,1973.3,37863.5,192.25,0,3.375,0.5883,24744,34624.0278,10745.7939,-796.5677,755.125
search_candidate_000179_7487130e,random-phased,8,8,0,750.125,464,64.3,1659,695.006,6606.625,4517,1403.9,13418.2,0,270.175,14.625,330.75,14306,9474.5,2444,29661.5,226,0,4.5,0.4898,30471.75,11946.0498,5212.8294,-283.203,750.125
search_candidate_000268_910750d2,random-phased,8,8,0,736.625,154,74,1798.3,815.5098,6536.5,2318.5,1557.6,14380.8,0,270.5,13.75,333.875,15462.375,5943.5,3217.4,34296.7,237.375,0,3.875,0.498,27215.625,14496.7205,6020.8258,-333.7549,736.625
centered_candidate_000168_cc971bd8,centered-gaussian,8,8,0,694.75,320,36.1,1795.6,724.852,5888.625,3615.5,811.8,13616.3,0,251.9,13.5,289,14256.625,7687,1252.3,34318.4,227.25,0,3.5,0.6946,26591.625,13867.0547,5195.2626,-326.326,694.75
search_candidate_000194_473e8a64,random-phased,8,8,0,692.75,449,69,1470.7,616.0099,6126.75,4655.5,1421.6,11624.9,0,296.5875,14.25,298.375,13806.875,10778.5,2525.7,25744,247.75,0,4.625,0.5042,30423.25,10291.5478,4479.4834,-239.0049,692.75
search_candidate_000345_d1dc02dd,random-phased,8,8,0,662.375,97.5,24.7,1696,807.2433,5632.625,1882.5,670.9,12913.6,0,222.4875,12.375,283.375,12209.75,3127.5,828.5,29449.6,215.5,0,3.25,0.722,24825.375,13894.2464,5831.7326,-378.9216,662.375
centered_candidate_000033_8668399b,centered-gaussian,8,8,0,599.875,76,40.1,1840,982.5914,5095,1492,959.9,14050.4,0,211.05,10.875,257.25,13493.875,2715.5,1527.7,39527.5,198.5,0,3.5,0.6576,25843.875,20001.8493,6727.3501,-451.1957,599.875
search_candidate_000290_063c245f,random-phased,8,8,0,574.125,268.5,57.4,1354.6,560.5951,5192.375,3153.5,1224.5,10947.8,0,266.6875,12.5,251.75,11421.875,7588.5,2250.2,23349.5,238.125,0,3.75,0.4625,25148.25,9050.9507,4112.1561,-222.8975,574.125
centered_candidate_000228_3b0e274c,centered-gaussian,8,8,0,561.75,68,51.3,1276.9,1300.4527,4640.625,1383,1135,9600.7,0,175.7125,9,241.125,12765.375,2356.5,1828.3,28028.3,176.75,0,2.5,0.6608,20525.25,27276.6503,8540.0536,-598.9263,561.75
centered_candidate_000169_07098ade,centered-gaussian,8,8,0,530.875,74,48.4,1702.1,737.7256,4883.375,1495.5,1012.4,13849,0,207.6375,10.875,248.25,10846,2543,1368.9,32990.2,193.125,0,3.375,0.6753,25074.375,13686.0904,5636.264,-320.4628,530.875
search_candidate_000239_87653e0b,random-phased,8,8,0,530.75,73.5,39,1614.5,898.8129,4676.625,1542.5,925.8,12444.2,0,205.4375,10,237.875,10498.5,2990,1541,29260.6,195.625,0,3.375,0.5913,24302.125,15634.7257,6457.7504,-410.4065,530.75
centered_candidate_000011_0dddbcc0,centered-gaussian,8,8,0,526.375,113.5,54.3,1313.5,924.9319,4718.125,1950,1206.3,10264.8,0,201.85,10.5,238.875,11033.375,3329.5,1896.4,25298.7,194.875,0,3.25,0.5967,24850.625,17744.2922,6420.2663,-408.1659,526.375
centered_candidate_000290_2fb24d0d,centered-gaussian,8,8,0,520.125,212.5,32.9,1309.7,553.4064,4575.625,2623,828.8,10225.2,0,223.2875,11.375,218.625,10885.75,5105,1347.5,27386.7,201.25,0,3.5,0.697,26293.625,11020.1394,4068.9267,-243.8032,520.125
search_candidate_000016_8e8478d8,random-phased,8,8,0,514,87,40.5,1338,590.0481,4656.875,1613.5,928.3,10959.2,0,215.225,11,230.625,9701,2647.5,1049,24283.8,205.875,0,3.125,0.6663,23786.375,10354.0536,4490.6949,-254.524,514
search_candidate_000053_79f60fdf,random-phased,8,8,0,502.125,42.5,28.8,1158,1216.2957,4125.875,1007.5,740.8,8758,0,150.375,8,216.5,10267.125,1445,1014.8,23081.9,171.875,0,2.625,0.7593,21272.625,23621.0149,8380.5571,-579.3478,502.125
centered_candidate_000299_d38ed454,centered-gaussian,8,8,0,485.25,220.5,52.9,1062.4,733.8337,4501.125,2698,1129.7,8804.9,0,215.55,10.75,222,10758,5960.5,1859.3,22068.1,196.25,0,3.75,0.5358,26289.625,14387.8324,5269.0493,-314.0169,485.25
centered_candidate_000233_80f28bcf,centered-gaussian,8,8,0,480.125,76,52.3,1134.7,1014.0129,4296.375,1492,1131.4,9142.7,0,184.6625,9,221.375,11761.25,2627,1888.8,26664.5,178.875,0,3.125,0.5923,22962.875,23134.4046,6967.4191,-454.7064,480.125
centered_candidate_000265_f3a6c6ae,centered-gaussian,8,8,0,478,104.5,43.2,1168.4,951.7316,4271.375,1872.5,972.1,9392.8,0,183.5625,9.5,216.625,12249.375,3302.5,1425.8,28597.9,183,0,3,0.7205,23404.875,23462.7199,6470.2296,-432.6658,478
centered_candidate_000137_1b79de49,centered-gaussian,8,8,0,476.625,55.5,37.7,1108.6,959.503,4248,1151.5,895.9,9069.5,0,179.625,9.25,217.125,10509.25,1894,1222.1,23850.8,181.625,0,2.875,0.6415,22707.875,19829.8271,6836.3718,-442.0515,476.625
search_candidate_000195_6d71069b,random-phased,8,8,0,466.875,76.5,61.1,1415.5,614.7832,4467.375,1538.5,1279.4,11750.6,0,215.45,10.625,225.125,9648.5,3202,2412.9,26196.6,223.5,0,3.75,0.559,25917.25,10795.0354,4716.0515,-246.2916,466.875
centered_candidate_000091_56a5cab6,centered-gaussian,8,8,0,465.25,87.5,40,1536.7,699.4242,4230.25,1567.5,899.1,12088.1,0,189.8,9.75,212.75,9642.5,2570.5,1389.7,28663.5,190.75,0,2.375,0.7969,20593.625,13608.3027,5170.614,-309.7121,465.25
centered_candidate_000332_fbc4c9ab,centered-gaussian,8,8,0,454.625,61,46.2,1426.1,742.3043,4214.625,1325,1098.3,11440.4,0,190.4125,9.375,214.125,9369.875,2113.5,1890.2,27331.6,179,0,3.5,0.6034,24774.625,13462.4081,5518.035,-324.9522,454.625
centered_candidate_000034_1fa3b547,centered-gaussian,8,8,0,444.25,80,45.9,989,976.1017,4061,1591.5,1127.8,7979.3,0,178.075,8.625,209.875,10353.25,2710,1820.2,21867.3,177.5,0,2.75,0.6112,21522,20233.3159,6738.2958,-442.1508,444.25
centered_candidate_000208_e2b92f9a,centered-gaussian,8,8,0,442,70,51.8,993,973.2036,3953.625,1430,1133.1,7960.8,0,170.325,8.5,203.25,11330.5,2502,1802,24562,176.25,0,2.5,0.6919,20895.25,23521.8195,6660.6324,-434.8018,442
search_candidate_000302_6e84f12c,random-phased,8,8,0,427.25,37,29,1038.2,982.0285,3599.625,994.5,758.1,8050.3,0,174.3,7.75,179.875,10723.625,1612,1042.8,25433.7,172.25,0,2.125,0.8353,19196.75,23264.3185,6499.2306,-462.0142,427.25
search_candidate_000159_c810c025,random-phased,8,8,0,424,122.5,49.1,1211.2,568.9312,4040,2063,1149.5,9676.1,0,212.2,9.875,198.375,8460.75,4181,1851.5,20542.1,200.25,0,3.625,0.5284,24172,9165.2089,4150.8684,-235.3656,424
centered_candidate_000145_a54ec92c,centered-gaussian,8,8,0,418.625,55.5,39.2,963.3,952.5409,3764.75,1172.5,910.6,7847.6,0,157.75,7.75,196.75,9930.875,1858.5,1242.9,22155.1,165.25,0,2.75,0.6603,21618.5,21332.1314,6779.3027,-437.0705,418.625
centered_candidate_000192_9d7722a9,centered-gaussian,8,8,0,417.25,58,39.6,941.2,958.5113,3617.5,1205.5,850.7,7373,0,161.025,7.75,184,9860.625,2039,1253.6,21757.4,164.25,0,2.375,0.7155,20141,20840.391,6498.3133,-439.6557,417.25
search_candidate_000295_26fffb3f,random-phased,8,8,0,413.375,186,66.8,987.7,526.1808,4030.5,2560.5,1469.3,7990.6,0,221.35,10.25,195.125,8309.625,5414,2503,16501.4,204.25,0,3.75,0.5083,25652,8146.0518,3775.1809,-196.2904,413.375
centered_candidate_000154_56597d58,centered-gaussian,8,8,0,406,61,41.7,913.7,908.8871,3692.625,1342,970.8,7403.7,0,166.7,7.875,190.125,10305,2113.5,1471.7,22537.9,167.125,0,3.125,0.6309,23070.875,21488.1522,6338.3269,-412.7435,406
search_candidate_000086_20dba9cf,random-phased,8,8,0,403.5,102,45.6,1206.6,563.3223,3804.625,1786,1010.2,9651,0,214.0875,9.5,184.375,8331.25,3736.5,1988,21540.2,207.375,0,4,0.5959,28087,9151.624,4009.3814,-236.0611,403.5
search_candidate_000173_3dab830b,random-phased,8,8,0,403.25,108.5,49,962.2,662.1904,4072.25,1905.5,1181.4,8421.8,0,202.6,9.375,206.625,8474.125,3943.5,1855,18192.5,178.625,0,3.25,0.5392,23330.75,11214.6569,4979.887,-282.0952,403.25
centered_candidate_000126_0e06139b,centered-gaussian,8,8,0,401,59.5,38.6,900.9,906.9628,3720,1320,920.1,7474.1,0,162.8875,7.75,194.25,11065.25,2221,1299,24332.2,164.25,0,2.625,0.665,20671.625,24132.8872,6568.2195,-414.8814,401
centered_candidate_000001_013f6587,centered-gaussian,8,8,0,390.5,69.5,47.1,928.9,719.3773,3778.875,1459,1071.8,7926.5,0,194.2875,8.75,189.375,8675.25,2945,1695.3,19427.6,176.5,0,3.25,0.5894,23010.5,13077.8115,5205.6038,-312.5887,390.5
centered_candidate_000321_be601579,centered-gaussian,8,8,0,383.625,62.5,38.6,936.6,792.5098,3526.75,1301.5,871.4,7742.9,0,168.375,8.125,178.125,9541.5,2144.5,1226.8,22373.3,177.875,0,2.75,0.7253,21863.375,18607.2979,5505.6375,-357.6549,383.625
search_candidate_000305_5412c9cb,random-phased,8,8,0,382.5,135.5,55.4,954.1,432.9402,3773.625,2153,1197.6,7769.9,0,232.475,9.875,179.75,8059.25,4159,1940.5,17185.1,217.875,0,4,0.4489,26447.625,7155.8067,3139.1585,-161.0701,382.5
search_candidate_000213_90dfdc37,random-phased,8,8,0,381.375,67,54.8,1050.4,605.1834,3798.75,1486,1201.3,9021.6,0,190.2125,9.125,194.125,8796.25,2751.5,2248.4,21566.3,215.75,0,4,0.7845,29607,12057.4681,4566.7086,-247.7917,381.375
centered_candidate_000171_9542a8e4,centered-gaussian,8,8,0,375.75,57,35.1,1005.5,706.8207,3544.125,1211,815.6,8521.4,0,164.75,8.25,179.625,7747.875,1955.5,1067.5,19644,171.625,0,2.625,0.6995,21127.25,13288.8567,5261.9566,-318.3103,375.75
centered_candidate_000270_ecf2bde1,centered-gaussian,8,8,0,368.5,64,48.1,836.9,612.0692,3586.375,1326,1071.8,7217.3,0,195.85,8.625,176.375,8685.125,2517.5,1772.7,18676.9,173.125,0,3,0.5966,22094.875,12431.3018,4519.1691,-257.9346,368.5
search_candidate_000012_b03707b2,random-phased,8,8,0,366.875,60,40.8,813.2,828.6064,3354.5,1280,968.5,6541.9,0,165.825,7.375,171.25,10142,2274.5,1591.8,21866.7,174.375,0,2,0.7491,18455.375,21430.8256,5742.7629,-373.5032,366.875
centered_candidate_000069_788be43a,centered-gaussian,8,8,0,357,73.5,36.2,882.9,694.941,3424,1448.5,859.7,7521.6,0,168.4625,8,173,8320.625,2359,1323.6,19390.3,170.5,0,2.875,0.6232,22149.875,14860.9168,5034.3028,-311.2705,357
centered_candidate_000277_85599375,centered-gaussian,8,8,0,353.375,69.5,47.8,776.5,748.8723,3480,1422,1168.9,6678.7,0,169.7875,8,178,8418.625,2374.5,1985.3,17337.9,171.375,0,3,0.645,22681.625,15597.9837,5424.5521,-326.6362,353.375
centered_candidate_000280_132b8d53,centered-gaussian,8,8,0,340.5,83.5,33.7,750.6,704.0059,3329.25,1602.5,808.5,6506.6,0,156.1875,7.875,170.125,7304,2600,1038.1,15487.9,170.5,0,2.875,0.7122,22258.75,13404.3351,5062.9345,-318.3029,340.5
centered_candidate_000279_45bbc813,centered-gaussian,8,8,0,335.75,67.5,40.9,745.1,712.5121,3198.375,1430,928.1,6189.9,0,167.5875,7.625,160.5,8443.75,2680,1278.8,17805,179.125,0,2.875,0.6872,22296.25,15954.6775,4906.1633,-315.356,335.75
centered_candidate_000280_1780d4d8,centered-gaussian,8,8,0,330,68.5,48.7,769.9,552.5423,3280.25,1369.5,1144.7,6551.9,0,192.275,8.5,157.375,7485.875,2316,1902,15973.9,175.375,0,3.125,0.6271,23063.5,10397.4397,3884.9439,-227.5712,330
centered_candidate_000214_31b2669f,centered-gaussian,8,8,0,325,51.5,33.3,728.5,725.4819,3182.625,1195,809.2,6354.2,0,153.2375,7.375,163.375,6963.875,1917,1118.7,14940.5,165.5,0,2.75,0.6767,21650.875,13735.9591,5356.7832,-329.441,325
search_candidate_000156_7cd1bcfd,random-phased,8,8,0,324.625,65,36.4,837.9,582.5281,3259.625,1348,883.3,7381.4,0,174.95,7.75,165,6871.5,2664,1194,16440.8,179.875,0,3.25,0.5717,23748.25,10339.0397,4379.4507,-254.864,324.625
centered_candidate_000085_f3f0cf09,centered-gaussian,8,8,0,320,69.5,57.6,775.8,559.7397,3291.75,1453,1224.4,6823.9,0,178.925,8.125,164,7472,2615,2004.6,16972.9,170.5,0,2.875,0.6834,22127.375,10977.7261,4142.4649,-222.2698,320
centered_candidate_000261_f24fd6e4,centered-gaussian,8,8,0,319,108.5,36.8,720.2,574.307,3278.375,1850.5,879.4,6437.8,0,176,8,164.125,7273,3170.5,1453.5,15443.6,167.875,0,3,0.7201,22719.25,11208.4311,4255.317,-250.3535,319
centered_candidate_000210_a75bb463,centered-gaussian,8,8,0,316.25,49.5,40.2,725.2,661.9369,3060,1130.5,939.6,6208,0,171.5625,7.375,151.25,7520.875,2024,1404.9,16492.6,166.125,0,3.375,0.6137,24186.5,13613.5477,4687.393,-290.7684,316.25
centered_candidate_000169_883d73d6,centered-gaussian,8,8,0,312.375,81,55.5,679.3,480.0838,3303.25,1610.5,1156.9,6264.1,0,190.1375,8.375,162.625,7076.875,2784.5,1721.6,14408.4,174.125,0,3.125,0.6253,23327.5,9134.6084,3612.8668,-184.5419,312.375
search_candidate_000149_6205e9ae,random-phased,8,8,0,311,82,41.3,770,535.1911,3249.875,1662.5,944.1,6929.4,0,179.625,8.125,162.875,6852.625,3064,1326.7,15608.9,184.25,0,2.625,0.6071,20589.25,9433.7658,4022.4549,-226.2955,311
search_candidate_000183_e3ac26f3,random-phased,8,8,0,309.5,50.5,35.9,747.6,611.545,3073.25,1209.5,924.9,6470.2,0,173.95,7.625,151.75,6151.875,1795,1353.5,14220.3,173.25,0,3.125,0.6899,23050.125,9833.3069,4291.5717,-269.8725,309.5
centered_candidate_000167_e07f1372,centered-gaussian,8,8,0,306.5,53,35.7,703.9,664.7887,3036.375,1152,833.8,6324.7,0,153.0875,7,155.875,6578,1728,1188,14485.1,162.5,0,2.25,0.7939,19735.5,12680.8387,4975.2594,-296.6943,306.5
search_candidate_000100_65e2a826,random-phased,8,8,0,303,60.5,38.7,754.6,579.1675,3076.875,1269.5,944.8,6780.4,0,170.4,7.5,153.75,6336.5,1985,1375.9,14784.6,167.375,0,2.375,0.7655,19676.375,10498.1308,4318.7746,-250.8838,303
centered_candidate_000181_4af0d3fa,centered-gaussian,8,8,0,302.5,57.5,41,664.5,651.5833,2951.625,1254,894.7,5688.8,0,164.45,7,147.75,7202,2389.5,1287.4,15104.9,165.875,0,2.875,0.6785,22092.5,13227.4561,4613.8041,-284.7916,302.5
centered_candidate_000308_1fae701d,centered-gaussian,8,8,0,302.375,80,43.6,808.9,470.82,3156.875,1604,999.9,7000.1,0,172.9,8.25,155.25,6983.75,2801.5,1406.8,17145.5,172.125,0,2.75,0.7047,22065.25,9555.6658,3603.4584,-191.81,302.375
centered_candidate_000072_cb3d20cb,centered-gaussian,8,8,0,302,65,39.1,656.7,634.0678,3084.75,1348.5,901.1,5956.8,0,158.5875,7.25,158,6625,2036,1423.2,13871,164.625,0,2.5,0.7224,20613.375,11807.5311,4760.4744,-277.9339,302
search_candidate_000258_da1eeb9c,random-phased,8,8,0,301.5,54.5,31.8,851.6,468.7673,3189.375,1252.5,914.4,7593.8,0,209.4,8,154,6232.375,2224.5,1307,15943,174.875,0,2.625,0.6326,20604.25,7464.2786,3614.9427,-202.5836,301.5
centered_candidate_000356_f3465e0f,centered-gaussian,8,8,0,301.375,71.5,56.6,639.9,610.4584,3088.875,1499,1249.3,5613.3,0,170.3125,7.375,155.25,7591.875,2657.5,2208.3,15199.5,161.75,0,2.75,0.6407,20894.5,12931.0322,4369.1557,-248.6292,301.375
centered_candidate_000024_070175b0,centered-gaussian,8,8,0,298.25,71,45.4,641.9,620.3831,3088.5,1450.5,1029.3,5775.7,0,166.5125,7.25,158,6759.625,2724.5,1547.2,13567.9,170.125,0,3,0.7424,22678.25,11551.2647,4676.6112,-264.7915,298.25
centered_candidate_000048_31c344c4,centered-gaussian,8,8,0,297.875,107.5,57.8,803.9,389.2924,3182,1969.5,1171.4,6994.2,0,173.525,8.5,156.625,6528,3339,1770.5,15567.8,178.125,0,3.125,0.6219,23296.75,7613.7127,2942.3624,-136.8462,297.875
centered_candidate_000185_685a410e,centered-gaussian,8,8,0,295.875,52,36,668.3,628.3507,2980.25,1159,866.7,6008.3,0,150.25,7,153.25,7069.75,1719.5,1250.1,15247.7,164.875,0,3,0.6517,22803.25,13659.0208,4678.2032,-278.1754,295.875
search_candidate_000273_c5ae1434,random-phased,8,8,0,295.375,82.5,55.2,636.5,549.3373,3117,1711,1231.6,5659.3,0,189.425,7.875,153.375,6926.25,3459.5,2323,13104.3,179,0,3.375,0.511,23145.25,9613.9692,3908.5701,-219.4687,295.375
search_candidate_000281_23bc2fa8,random-phased,8,8,0,293.5,41.5,29,790.5,548.4079,2899.375,925.5,707.7,6951.3,0,159.4125,7.125,146.5,5697.625,1415,940,14547.3,186.125,0,2.375,0.8673,20451.875,9332.3796,4180.7871,-245.204,293.5
centered_candidate_000005_d0d8afc8,centered-gaussian,8,8,0,289.25,53.5,38.3,699.3,563.5995,3028.25,1214,905.6,6387,0,171.0375,7.375,151.875,6311.5,1910,1404.7,14400,164.25,0,2.625,0.7635,21094.125,10174.2975,4375.0852,-243.4998,289.25
centered_candidate_000208_b539f838,centered-gaussian,8,8,0,288.625,59,33.2,635.6,618.7485,2907.125,1280.5,724.9,5669.5,0,151.2,6.875,148.875,6300.5,2089,1110.9,13041.6,165.875,0,2.75,0.7163,21718.25,11827.175,4654.6774,-276.1743,288.625
search_candidate_000059_b217d0f5,random-phased,8,8,0,285.25,80,60.5,595.9,534.0044,3082.125,1616.5,1295.7,5478.6,0,184.9125,7.625,154,6438.375,3128.5,2358,11818.5,176.375,0,3.75,0.5102,25357.25,8672.2749,3844.2524,-206.5022,285.25
centered_candidate_000350_7ff35a5d,centered-gaussian,8,8,0,282.75,68.5,31.7,615.7,588.9482,2856.5,1409,777,5368.7,0,158.5625,7.125,142.25,6606.125,2561,1078.3,13474.7,164.625,0,3,0.6512,22302.5,11543.9442,4245.3335,-262.7741,282.75
centered_candidate_000184_bafe808e,centered-gaussian,8,8,0,282.625,91,39.2,612.9,447.7376,3021.5,1621,933.9,5732.7,0,188.8875,7.875,146.125,6746.125,3184,1793,13430.2,169.375,0,3,0.6273,22163,8476.0188,3258.2382,-184.6688,282.625
centered_candidate_000192_a30b8cda,centered-gaussian,8,8,0,282.375,80.5,58.8,651,452.9638,2988.625,1626,1263.3,5717.3,0,193.0875,7.875,142.625,6922.75,2857.5,2189.3,14750.1,168.25,0,3.25,0.5661,23272.125,9136.6886,3169.998,-167.6819,282.375
centered_candidate_000035_19b0a2f4,centered-gaussian,8,8,0,281.625,62,50.8,608.5,577.469,2814.375,1322,1075.9,5194.3,0,154,7.25,138.75,5784,1892,1469.9,11674,164.375,0,2.5,0.665,20013,10273.6195,4016.066,-237.9345,281.625
centered_candidate_000157_5c4b8b26,centered-gaussian,8,8,0,276.25,42,30.8,627.5,607.9512,2641.375,925.5,777.1,5311,0,142.8875,6.5,132,6090.375,1248.5,1069.5,13380.6,162.625,0,2.5,0.7426,20688.625,12145.7551,4352.7333,-273.1756,276.25
centered_candidate_000177_e853be98,centered-gaussian,8,8,0,272.75,108,60.1,571.9,371.7202,3028.375,1873.5,1242.3,5407.9,0,187.125,8.25,146.25,6611.125,3542.5,2036.5,12715.7,176.25,0,3.625,0.6509,25499.875,7140.8518,2698.1107,-125.7601,272.75
centered_candidate_000355_85b7c656,centered-gaussian,8,8,0,271.875,87.5,37.1,564.9,514.3623,2858.875,1666.5,863.1,5062.7,0,168.575,7.375,140.5,6493.375,3297,1328.1,12581.7,165.625,0,2.875,0.6413,22029.125,9913.4192,3598.9493,-220.0812,271.875
centered_candidate_000024_be4591e0,centered-gaussian,8,8,0,270.875,46,36.8,607.1,586.8585,2753.375,1068.5,832.5,5509.2,0,152.05,6.5,140.5,6503.25,1581,1209.9,14102,163,0,2.5,0.7647,20383.75,12509.365,4372.9219,-256.6292,270.875
centered_candidate_000160_9d51ff07,centered-gaussian,8,8,0,269.625,79,37.6,619.9,483.0587,2834.125,1619,874.5,5552.3,0,172.475,7.5,139.75,6158.75,2793,1306.9,12722.3,191.625,0,3,0.7141,23793.625,9064.9098,3396.0533,-203.9294,269.625
centered_candidate_000107_c23e7574,centered-gaussian,8,8,0,268.5,80.5,35.3,593.1,504.3305,2895.75,1523,857.7,5546.8,0,161.3875,7.25,145.75,6186,2627,1218.2,12501.1,162.25,0,2.625,0.6544,20717.625,9829.35,3832.1137,-216.8652,268.5
search_candidate_000180_05c88af9,random-phased,8,8,0,267.125,32,29.7,609.6,608.9625,2546.125,899,811.3,5094,0,155.0875,6.25,125.5,5995.125,1352,1044.2,13150.6,168.375,0,2.375,0.7834,20135.125,12118.6169,4265.5896,-274.7813,267.125
search_candidate_000316_2eb5a657,random-phased,8,8,0,265.75,108,53.9,676.2,288.7281,2979.75,1927,1233.4,6235.7,0,202.4,8.375,141.625,6611.875,3959,2205.7,15414.7,195.75,0,3.25,0.552,23165,5312.0952,2127.2986,-90.4641,265.75
centered_candidate_000292_8669a65c,centered-gaussian,8,8,0,263,75.5,49.1,549.9,511.7411,2863.625,1498,1139.5,5144.6,0,163.75,7,145.125,6357.875,2600.5,1755.9,12436.4,162.375,0,2.875,0.5899,21743.75,10468.3637,3871.9276,-206.7706,263
search_candidate_000130_e0e92c45,random-phased,8,8,0,261.5,82.5,31.8,623.8,409.1506,2866.25,1681.5,782.8,5736.7,0,174.675,7.625,140,5462.25,3038,1032,11867.2,169.75,0,2.625,0.6858,20613.125,6561.7973,3121.5764,-172.7753,261.5
centered_candidate_000341_75f034e2,centered-gaussian,8,8,0,257.25,52.5,38.1,557.8,549.2019,2670.875,1157,891.4,5053.2,0,152.4875,6.375,135.625,5781.5,1800.5,1410.4,11790.2,158,0,2.875,0.6447,21797.875,10686.1261,4188.7205,-236.5009,257.25
centered_candidate_000156_da4ecce8,centered-gaussian,8,8,0,255.375,63,53.7,568,364.3662,2747.625,1322,1158.6,5096,0,186.475,7.625,128.75,6192.625,2229,1725.6,12893.4,167.875,0,3.625,0.6097,24776.625,7471.6413,2657.1243,-128.4831,255.375
centered_candidate_000241_a3b3cfc3,centered-gaussian,8,8,0,252.125,54.5,27.1,550.5,542.888,2595.625,1121,671.8,5044.4,0,139.475,6.375,133.125,5416.125,1585.5,782,11530.4,167.375,0,2.25,0.8498,19873.5,10530.1928,4174.1115,-244.344,252.125
centered_candidate_000200_b5500781,centered-gaussian,8,8,0,251.375,77,41.4,559,441.6231,2823.375,1483.5,1057,5406.1,0,172.8,7.25,140.125,6016,2707,1750.2,12591.9,164.25,0,3.25,0.5976,23238.875,8466.958,3449.6066,-179.4116,251.375
centered_candidate_000103_67df0a1e,centered-gaussian,8,8,0,247.875,79.5,49.7,549.1,287.7079,2842.875,1550,1160.4,5289,0,181.4,7.875,137,5742.75,2933,1856.2,11356.4,171.125,0,2.875,0.6474,21743.25,5149.2616,2280.0404,-94.154,247.875
search_candidate_000151_67e26412,random-phased,8,8,0,246.25,136,86,485.6,297.0474,2895.75,2140,1586.3,4698.3,0,208.6,8.125,136.5,6619.375,4573,3255.1,11489.4,182.875,0,4.125,0.4567,26503.125,5650.6109,2146.4866,-62.5237,246.25
centered_candidate_000266_f4075a04,centered-gaussian,8,8,0,245.5,57,44.8,526.8,489.1774,2606.5,1237,1086.7,4733.8,0,161.9375,6.75,127.625,5427.375,2146,1634.6,10480,159.25,0,2.5,0.7398,20197.375,8623.375,3474.2257,-199.7887,245.5
search_candidate_000329_d249825b,random-phased,8,8,0,244,54,39.9,621.4,418.8132,2683.75,1218,866.1,5893.1,0,165.5625,7,133.75,5439.625,1940.5,1355.7,12783.5,177.875,0,3.125,0.6483,23624,7615.6326,3284.3561,-169.5066,244
centered_candidate_000257_266a8be2,centered-gaussian,8,8,0,238.5,76,38.1,504.2,448.6847,2662.125,1566,848.4,4840.7,0,155.075,6.875,133.75,5874,2581,1145.4,11669.9,162.625,0,3,0.6572,22367.25,9550.3674,3445.4157,-186.2424,238.5
search_candidate_000046_beacfdc0,random-phased,8,8,0,236.125,53,41.4,535.1,459.8637,2567.5,1214.5,1041.1,4977.2,0,173.5375,6.625,125.375,5754.5,1912.5,1531,12504.6,167.75,0,2.5,0.661,19678.75,9369.6777,3332.4581,-188.5318,236.125
centered_candidate_000040_effd34c1,centered-gaussian,8,8,0,236,70,40.2,557.5,392.9084,2665.5,1463,856.1,5410.5,0,163.4375,7.125,131.625,5797.125,2431,1223.4,12813.4,167,0,3,0.7034,22842.5,8523.9188,3122.9554,-156.2542,236
centered_candidate_000148_f3a20de5,centered-gaussian,8,8,0,235.25,83.5,49.8,532.7,340.1128,2666.75,1556,1145.5,5051.3,0,179.025,7.375,128,5567.75,3059.5,1994.9,11062,172.625,0,3.625,0.5497,25267.125,5699.3479,2482.957,-120.2564,235.25
centered_candidate_000037_30d92237,centered-gaussian,8,8,0,235.125,55.5,34.4,580.7,426.7919,2613.875,1248,814.3,5607.6,0,156.075,6.625,131.5,5699.625,1863.5,1039.2,13290.6,159.875,0,2.875,0.6768,21624.25,9320.0819,3408.5121,-178.996,235.125
centered_candidate_000093_de7f18cb,centered-gaussian,8,8,0,234.25,84,50.7,518.2,378.704,2728.625,1626,1184.4,5068.6,0,177.1875,7.375,132.625,5612.25,2804,2227.9,10795.5,162.875,0,3,0.5373,22084.25,6829.6563,2841.0663,-138.652,234.25
centered_candidate_000051_ad969995,centered-gaussian,8,8,0,233.5,78,51.9,528.8,374.2703,2668.5,1527.5,1135.5,5077.7,0,169.175,7.25,130.125,5416.25,2518,1777.3,10937.1,164.875,0,2.875,0.5806,21527.375,7107.982,2809.6487,-135.2351,233.5
centered_candidate_000211_eebca7f8,centered-gaussian,8,8,0,231.625,79.5,48.6,573.1,262.0462,2737.75,1568,1123.7,5472,0,173.15,7.625,133.875,5291.25,2634.5,1817,11085.7,175.5,0,3.375,0.611,24501.375,4775.7153,2211.612,-82.4231,231.625
centered_candidate_000232_fdf36403,centered-gaussian,8,8,0,223.5,80.5,37.5,519.1,354.8531,2601,1610,863.6,5110.4,0,166.4875,6.875,128.75,5378.5,2711.5,1210.2,11694.8,163.875,0,2.5,0.7999,20383.125,6824.3023,2776.0457,-139.9266,223.5
centered_candidate_000177_366606d0,centered-gaussian,8,8,0,221,65,59.1,480.3,279.1348,2611.375,1370.5,1232.4,4734.3,0,185.2375,7.25,124.125,5331.125,2659,2269.7,9949.1,163.75,0,3.125,0.5813,22187.25,4394.0801,2175.8798,-80.4674,221
centered_candidate_000134_7d45ff4c,centered-gaussian,8,8,0,220.5,61,25.7,551.1,321.8761,2434.75,1284.5,629.4,5217.2,0,161.1,6.875,116.125,5029.5,2120.5,807.2,11641.7,163.5,0,2.5,0.7376,20128.5,5949.1224,2496.4968,-135.2381,220.5
centered_candidate_000240_36684a07,centered-gaussian,8,8,0,217.5,41.5,36.7,480.3,430.9742,2356.25,929.5,861.8,4614.6,0,147.4375,6.125,117.5,4945.75,1569,1200.9,10306.8,162.875,0,2.125,0.863,19712.125,8337.9665,3286.0744,-178.7871,217.5
centered_candidate_000102_d79c6f1b,centered-gaussian,8,8,0,216.25,110.5,51.8,498.4,214.2573,2614,1881,1135.9,4906.4,0,167.85,7.5,125.875,4971.875,3307,1628.8,10220.2,161.625,0,2.75,0.6106,20878.625,3826.925,1767.7556,-55.3286,216.25
centered_candidate_000355_233910bf,centered-gaussian,8,8,0,214.625,74,34.5,513.4,258.4158,2516.875,1517,803.1,5040.4,0,162.8125,7.375,120.5,5153.625,2643.5,1018.1,11558.2,169.625,0,2.75,0.7095,21702,5090.7852,2073.9087,-94.7079,214.625
search_candidate_000263_9c48dd11,random-phased,8,8,0,213.5,63.5,39.7,569,308.6365,2332.125,1348,909.8,4934.2,0,167.4,6.875,113.25,4494.75,2412,1499,9858.3,222,0,2.625,0.9074,23477.75,4635.1157,2269.3554,-114.6183,213.5
centered_candidate_000222_94a7ebea,centered-gaussian,8,8,0,212.875,69.5,27.4,508.9,330.216,2470.125,1421,677.9,5064.9,0,160.775,7,119.625,4854.125,2490,891.5,10820.1,167.75,0,2.75,0.6788,21567.75,5878.956,2673.6653,-137.708,212.875
centered_candidate_000218_43fe34ca,centered-gaussian,8,8,0,211.875,68.5,60.2,446.2,357.778,2479.125,1405.5,1238.2,4392.9,0,161.15,6.875,121.125,5224.5,2499.5,1897.9,10022,165.625,0,2.75,0.6715,21415.5,7170.6964,2674.7809,-118.689,211.875
search_candidate_000043_ccdbc884,random-phased,8,8,0,210.875,56.5,38.9,481.1,371.1918,2469.125,1284.5,1076,4712.7,0,189.9375,6.75,116.5,5453.125,2360,1986.9,11695.8,165.875,0,2.75,0.5766,20106.375,6851.0523,2802.1128,-146.6959,210.875
centered_candidate_000254_a51aeb44,centered-gaussian,8,8,0,206.875,64,54.1,503.9,261.3711,2503.875,1299.5,1164.8,4999.7,0,167.6875,7,122,5032.5,2099.5,1864.5,11214.6,167.5,0,3,0.6549,22370,5077.0638,2103.5098,-76.5856,206.875
centered_candidate_000303_f562d0ab,centered-gaussian,8,8,0,206.75,88.5,43.4,409.5,333.2206,2518.875,1727,1008.4,4212.6,0,159.6,6.875,124.75,5098,3039,1546.8,9114.7,159.875,0,2.5,0.7269,19962.875,6467.2415,2589.3255,-123.2103,206.75
centered_candidate_000102_e5aa07b3,centered-gaussian,8,8,0,203.375,61.5,39,545.4,274.1528,2323.375,1282,900.8,5138.9,0,166.4125,6.625,109.625,4855.625,2058.5,1429,12407.9,161,0,2.625,0.6399,20221.125,5052.1517,2065.3012,-98.0764,203.375
centered_candidate_000133_39a6f2be,centered-gaussian,8,8,0,202.25,86,55.3,434.2,221.2938,2484.875,1641,1174.9,4484.4,0,172.725,7.125,120,4890.75,3086,1940,9036.6,174.625,0,3.5,0.674,25276.25,3845.4278,1722.3151,-55.3469,202.25
centered_candidate_000298_6f90709c,centered-gaussian,8,8,0,201.5,48,35.2,452.2,392.9017,2208.125,1167.5,836.8,4216.6,0,147.6625,6.125,106.75,4664.875,1807.5,1180.1,9789.5,159.25,0,2.375,0.8193,20317,7637.8591,2846.8808,-161.2509,201.5
centered_candidate_000163_752930a1,centered-gaussian,8,8,0,198,71,39.8,428.9,335.8981,2301.5,1411.5,872.7,4222.8,0,160.25,6.375,111.875,5052.5,2595.5,1327.8,10446.4,167,0,3,0.6949,22598.75,7154.2178,2542.679,-128.149,198
centered_candidate_000274_e721f7c2,centered-gaussian,8,8,0,197.375,91.5,38.8,416.6,188.0757,2364.125,1610.5,839.9,4272.1,0,166.225,7.125,111,4598.125,2779,1279.7,9096.3,168.25,0,3,0.7216,22643.5,3591.9085,1587.5281,-55.2379,197.375
search_candidate_000171_54e8db6d,random-phased,8,8,0,196.5,64.5,35.1,410.7,369.5406,2200.5,1343,819.8,3941.9,0,151.625,6.25,106.125,3897.5,2176,1092,7366.4,168.25,0,2.5,0.7288,19956.25,5521.6057,2701.309,-149.6703,196.5
centered_candidate_000312_96593bf4,centered-gaussian,8,8,0,196.375,85.5,63.2,427.8,167.1369,2471.375,1668,1295.7,4341.3,0,177.3875,7.5,115.75,5119.5,3242,2087.3,9858.8,170.25,0,3.5,0.5588,24230.875,3341.1552,1340.2142,-20.3684,196.375
centered_candidate_000331_5965eae3,centered-gaussian,8,8,0,190.375,65,51.6,385.2,313.8148,2343.5,1452.5,1123.9,3944.1,0,159.4625,6.375,115.25,4760.375,2926,1986.5,8335.9,154.875,0,3.5,0.52,24154.125,5449.3282,2359.4341,-105.3074,190.375
centered_candidate_000264_75fe83f2,centered-gaussian,8,8,0,188.125,48.5,29.7,408.6,370.0045,2074.25,1049,731.2,3981.1,0,137.65,5.875,100.375,4376.75,1556,944.9,9323.4,155.875,0,2.5,0.6889,20494.625,7379.1106,2725.7217,-155.3023,188.125
search_candidate_000358_9ce4ce33,random-phased,8,8,0,187.75,139,78.4,327.4,133.027,2546.125,2159,1585.6,3724,0,200.825,7.5,120,5463.25,4776.5,2923.5,8644.7,178.625,0,3.75,0.451,24562.625,2457.9531,1079.3225,11.8865,187.75
centered_candidate_000096_f809db12,centered-gaussian,8,8,0,186.625,59.5,32.7,471.9,292.9739,2205.25,1278.5,775.1,4758.9,0,145.4375,6.25,107.625,4129.75,2087,1024.2,9780,156.875,0,2.75,0.6441,21350.625,4998.2465,2329.4477,-113.787,186.625
centered_candidate_000261_1307f83b,centered-gaussian,8,8,0,186,168,47.4,374.1,137.0137,2406.875,2431,1013.6,3991,0,175.6375,7.25,113.375,4805,4623.5,1411.6,8982.5,167,0,3.375,0.5385,23778.5,3162.8473,1262.0662,-21.1068,186
search_candidate_000219_1b274a9a,random-phased,8,8,0,185.625,93,43.8,511.4,192.8548,2286,1673.5,1003.4,4780.3,0,165.5625,6.875,109.25,4663.375,3525,1932.9,10102.4,182.5,0,3.125,0.6998,24152.375,3303.5634,1507.8859,-52.6274,185.625
centered_candidate_000286_822893c9,centered-gaussian,8,8,0,184.625,83.5,38.1,455.5,213.5685,2274,1582.5,873.7,4537.5,0,163.05,6.625,108.25,4587.125,2909,1413.8,10130.3,159.25,0,3.625,0.5699,24709.125,3936.8122,1720.5894,-68.6842,184.625
centered_candidate_000340_6ea19ba3,centered-gaussian,8,8,0,184,48.5,39.1,384.7,361.4243,2092.75,1124,931.9,3659.7,0,152.3,5.625,101.375,4234.5,2024.5,1430.1,7892.3,152.125,0,2.375,0.7259,19424.75,6432.0021,2633.6499,-141.6121,184
search_candidate_000352_8bde7f2f,random-phased,8,8,0,181.625,57,35.6,377.3,344.3635,2113.25,1203.5,944.9,3715.1,0,165.8625,6,100.125,4220.125,2179,1601.6,7805.7,168.75,0,2.375,0.6838,19612.625,5748.0343,2483.8235,-136.5818,181.625
centered_candidate_000064_66735b67,centered-gaussian,8,8,0,174.5,61.5,33.4,374.2,275.4655,2109.5,1334,801.2,3779.5,0,152.2875,6.125,100.875,4079.75,2058,1069.6,8775.2,156.75,0,2.875,0.6836,21803,4662.8958,2047.0998,-104.3328,174.5
centered_candidate_000065_19697fc5,centered-gaussian,8,8,0,174.375,167,59.3,291.6,105.6633,2322.625,2342,1299,3382.2,0,182.6125,7.125,107.5,4649.125,4841,1820.4,7286.8,166.5,0,2.625,0.581,19806.25,2411.5972,955.585,6.4683,174.375
centered_candidate_000161_d7739ebb,centered-gaussian,8,8,0,174.25,55.5,36,384.4,277.9689,2156.625,1167.5,878.3,4146.7,0,137.6875,6.125,107.875,3909.75,1651,1268.7,8294.3,162.875,0,2.75,0.767,21909,4787.6952,2274.8474,-102.9844,174.25
search_candidate_000226_118312fa,random-phased,8,8,0,174,96.5,47.8,352.5,129.2507,2300,1780,1166.5,3709.5,0,190.225,7.125,105.625,5032.625,3401.5,2266,8656.5,178.875,0,3.875,0.4069,25409.5,2825.0608,1067.2679,-16.8254,174
search_candidate_000176_022a802a,random-phased,8,8,0,173.25,46,36.1,363.6,342.439,2049.25,1050,853.6,3638.5,0,140.2125,5.75,101.875,3848.5,1383.5,1102.2,7613.6,168.625,0,2.375,0.8339,20455,6495.7649,2704.9219,-135.1195,173.25
centered_candidate_000038_29b23372,centered-gaussian,8,8,0,171.25,44.5,32.1,433.2,270.1804,2019.875,994,745.3,4363.5,0,139.8,5.875,97.5,3767.875,1708,910.1,9032.5,155,0,2.75,0.7099,21250.75,4614.0054,2146.0413,-102.9902,171.25
centered_candidate_000242_05b9fca4,centered-gaussian,8,8,0,170.75,148.5,49.7,315.3,123.4927,2298.125,2209,1123.5,3682.2,0,178.725,6.875,107.5,4469.875,4623.5,1699,7159.2,158.375,0,3.25,0.6114,23219.125,2434.0986,1114.6076,-12.0463,170.75
centered_candidate_000033_b9ff20eb,centered-gaussian,8,8,0,169.5,48,36.6,365.2,316.242,1984.125,1098,852.5,3626.3,0,145.9,5.75,94.5,4068,1774,1251.2,8174.5,153.875,0,2.375,0.6793,19724.125,6156.9189,2357.3711,-121.521,169.5
search_candidate_000292_3bcc4cfb,random-phased,8,8,0,169.25,47,33.4,362.7,316.7534,1987.75,1065.5,821,3689.8,0,141.6,5.75,97.5,3755.125,1642,1067.2,7423,173.125,0,2.25,0.8278,20513.875,5527.1707,2374.1033,-124.9767,169.25
centered_candidate_000209_1d2bf949,centered-gaussian,8,8,0,167.75,100,39.4,409.3,176.1056,2201.25,1817.5,868.1,4241.8,0,165.0625,6.625,104.25,4486.25,3629,1503.8,9222.7,162.25,0,3.25,0.5706,23091.375,3358.8954,1481.3576,-48.6528,167.75
centered_candidate_000009_31e44538,centered-gaussian,8,8,0,167.125,53,33,364,272.7143,2150.625,1188.5,781.8,3993.3,0,138.5375,6.125,107.25,4029,1751,1003.8,8066.8,154.125,0,2.5,0.6559,20336.125,5378.3373,2307.3684,-103.3572,167.125
centered_candidate_000220_623b9a26,centered-gaussian,8,8,0,166.75,95,49.4,336.9,129.8959,2251.125,1735.5,1094.4,3832.6,0,177.175,6.75,105.375,4590.125,3193,1691.7,8608.3,159.625,0,3.125,0.6376,22765.75,3015.8637,1207.5664,-15.5479,166.75
search_candidate_000227_4827417f,random-phased,8,8,0,164.75,63,36.8,335.4,279.2261,2086.375,1376.5,912.6,3537.4,0,156.2,5.875,101.625,4104.25,2232,1348,7571.3,160,0,2.625,0.6727,20825.375,5405.2838,2165.2974,-102.813,164.75
centered_candidate_000249_6d83c9d3,centered-gaussian,8,8,0,163,47,33,339.4,307.1343,1908.5,1126.5,801.7,3326.2,0,147,5.625,90.75,3798.125,1785.5,1035,7396.7,164.125,0,2.25,0.8177,19497.875,5612.0073,2232.8161,-120.5672,163
centered_candidate_000339_b4ad0616,centered-gaussian,8,8,0,162,63,39.7,321,277.3409,2043.875,1307.5,952.4,3393.2,0,140.825,5.875,100.5,3732,2097.5,1512.4,6713.2,155,0,2.75,0.6707,21291.375,4685.4419,2185.3304,-98.9705,162
centered_candidate_000064_a3961aab,centered-gaussian,8,8,0,161.75,93.5,57.2,400.5,141.6763,2169.75,1630,1245.8,4080.4,0,165.6375,6.625,102.5,4236.75,3026.5,1948.2,8892.3,164.375,0,3.125,0.6036,23053.125,2777.9536,1140.7552,-13.6382,161.75
centered_candidate_000350_ef22b158,centered-gaussian,8,8,0,161.625,91.5,52.8,383.1,146.1163,2201.75,1695,1163.4,4034,0,162.025,6.625,105,4252.125,2712,1687.8,8946.8,156.5,0,2.75,0.676,21026.125,3016.5586,1193.948,-20.2582,161.625
centered_candidate_000278_9bcbc924,centered-gaussian,8,8,0,161.5,78.5,43.9,327.3,140.484,2180,1553,1043.3,3613.8,0,174.5,6.75,100.375,4467,2814,1836.8,8002.1,158.125,0,3.25,0.6157,23099.5,2824.906,1177.8002,-26.342,161.5
search_candidate_000109_650e2c4d,random-phased,8,8,0,161.25,146,78.9,249,93.2198,2282.125,2187.5,1587.5,3041.8,0,194.3,7.125,104.625,4941.25,4414.5,3247.8,7207.8,174.375,0,3.375,0.4658,23233.25,1850.6896,743.6087,32.2901,161.25
centered_candidate_000094_21a2d649,centered-gaussian,8,8,0,160.875,71,39,313.1,255.7271,2104,1454,860.6,3474.7,0,142.625,6,105,3886.625,2137,1178.4,7079.1,160.25,0,2.375,0.7046,19976.625,4976.3077,2159.635,-88.8636,160.875
centered_candidate_000056_3924a88d,centered-gaussian,8,8,0,160.75,81.5,47.9,364,166.5238,2127.125,1611.5,1121.1,3800.7,0,163.0375,6.75,98.375,4257.25,2944.5,1777.8,8601,162.25,0,2.875,0.5719,21553.375,3186.1049,1264.4239,-35.3619,160.75
centered_candidate_000196_7db674ce,centered-gaussian,8,8,0,160.625,54.5,30.1,352.4,277.2598,2004,1228.5,766,3704.7,0,143.225,5.875,97.125,3798,1749.5,1049.1,7792,156.875,0,2.5,0.7662,20539.5,5215.254,2198.8225,-108.5299,160.625
search_candidate_000075_a4bb9cf4,random-phased,8,8,0,159.5,127.5,71.8,276.8,87.2683,2296.75,2134,1467.1,3336.2,0,190.0625,6.875,107.875,4908.375,4916.5,2691.2,7042.8,167.875,0,3.375,0.4788,23065.75,1964.853,788.0079,28.1659,159.5
centered_candidate_000254_8cf1b59a,centered-gaussian,8,8,0,159,53,35.8,324.8,276.5158,1984.75,1113,859.1,3530.7,0,141.9375,5.75,96.625,3777,1829,1249,7144.3,155.125,0,2.5,0.6488,20144.25,5325.4308,2265.088,-102.4579,159
centered_candidate_000120_2b717c91,centered-gaussian,8,8,0,155.25,69,37,345.4,142.4831,2052.375,1398.5,847.9,3669,0,161.575,6.375,95.25,3935.875,2276,1142.2,8201.5,157.25,0,3,0.573,21461.75,2985.3097,1252.6641,-34.2416,155.25
centered_candidate_000203_b8f3945d,centered-gaussian,8,8,0,153,99.5,34,305.1,120.2529,2085.5,1811.5,814.8,3462.5,0,165.525,6.5,97,4112.25,3147.5,1191.8,7677.5,159.5,0,2.875,0.6132,21362.125,2840.1697,1135.2433,-26.1264,153
centered_candidate_000150_947fc85d,centered-gaussian,8,8,0,152.625,60.5,37,357.6,141.8211,2036.25,1308,849.9,3877.8,0,149.6625,6.25,96.75,3779.5,1938.5,1162.9,8233.9,153.375,0,2.75,0.6753,20759.75,3041.0486,1324.5742,-33.9106,152.625
centered_candidate_000021_6be75017,centered-gaussian,8,8,0,151.625,86,63.7,357.4,124.7557,2120.5,1672,1325.2,3771.5,0,173.5625,6.375,99.375,4498,3372.5,2433.2,8872.3,157,0,3.375,0.4988,23220.625,2590.5216,1009.4515,1.3222,151.625
centered_candidate_000171_0ea2dc50,centered-gaussian,8,8,0,147.125,116.5,47.7,308.9,108.5995,2056.75,1924,1055.6,3523.6,0,159.65,6.375,96.875,3868.75,3328,1509.4,7307.8,156.5,0,2.75,0.7,20836,2447.9655,1011.4515,-6.5998,147.125
centered_candidate_000004_a64bd9f0,centered-gaussian,8,8,0,146.75,50.5,30.1,393.7,186.7805,1923.25,1195,702.8,4208.9,0,136.4,6,92.125,3392.625,1776,923.1,8300.9,154.625,0,3,0.5899,22372.125,3405.1235,1611.9596,-63.2902,146.75
centered_candidate_000090_2ff55824,centered-gaussian,8,8,0,146.25,100,47.4,294.2,101.321,2107.125,1745.5,1091,3416.5,0,165.7125,6.5,99.5,3976.625,3036,1714.5,7111,158.625,0,2.875,0.5898,21313.375,2234.6786,963.4513,-3.2605,146.25
centered_candidate_000165_b699ab1c,centered-gaussian,8,8,0,143.875,91.5,57,264.5,95.9993,2046.375,1673,1169.2,3179.5,0,171.625,6.25,95.5,4106.25,3127,1901.6,7100.4,158.625,0,3.125,0.5431,22064.875,2278.0407,887.9489,9.0004,143.875
centered_candidate_000298_5784e747,centered-gaussian,8,8,0,143.125,97.5,46.8,308.6,112.4727,2071.625,1781.5,1079.3,3614.5,0,167.675,6.375,97.625,4052.5,2928,1726.6,7588.8,159.75,0,2.875,0.6131,21082.875,2596.8879,1059.5613,-9.4364,143.125
search_candidate_000026_64beca05,random-phased,8,8,0,142.875,82.5,39.6,348.6,136.1235,2020.5,1599.5,983.7,3804.6,0,170.525,6.125,94.625,4143.375,3049,1784.3,8464.9,158.875,0,2.875,0.5605,20969.75,2875.6954,1154.2329,-28.4618,142.875
centered_candidate_000204_d48953aa,centered-gaussian,8,8,0,142.625,113.5,73.8,261.1,90.7799,2111.625,1943,1421.5,3216.5,0,160.325,6.375,101.875,3801,3160.5,2278.3,6378,155.875,0,2.875,0.5572,21302.625,1883.1831,819.2239,28.4101,142.625
centered_candidate_000347_d8714609,centered-gaussian,8,8,0,142,85,39.4,326.1,123.9536,1990.75,1642,895.9,3607.6,0,161.2125,6.125,93.375,3983,2889,1364.4,8648.7,154.875,0,3.125,0.5316,22188,2894.3953,1062.4867,-22.5768,142
centered_candidate_000021_b9fcf457,centered-gaussian,8,8,0,140.625,107,38.1,321.6,118.9001,1971.875,1882.5,847,3559.5,0,162.375,6,92.5,4036.375,3570,1364,8304.9,153.125,0,3,0.5795,21953.125,2670.6075,1089.3053,-21.3501,140.625
centered_candidate_000302_e7c616ec,centered-gaussian,8,8,0,140.5,69.5,34.9,289.9,147.9164,1924.625,1465.5,793.8,3312.2,0,158.2375,6,89.875,3659.75,2381,1109.6,6925.9,159.25,0,2.625,0.6843,20488,3027.3438,1281.6864,-39.0582,140.5
centered_candidate_000292_2548401b,centered-gaussian,8,8,0,140.375,101,33.7,301.3,104.6004,2036.625,1814,797,3494.4,0,152.8125,6.25,98.375,3733.375,3351.5,1131.2,6843.5,159.375,0,2.375,0.709,19550.375,2203.454,1033.2541,-18.6002,140.375
centered_candidate_000107_58818427,centered-gaussian,8,8,0,140,94.5,35.1,299.1,109.3961,1971.75,1680,784.2,3538,0,153.8,6,94.75,3669.25,2724.5,1085.7,7190.6,160.875,0,2.5,0.6758,19941.25,2636.197,1134.1452,-19.598,140
centered_candidate_000092_d319b837,centered-gaussian,8,8,0,139.75,89,31.7,345.3,128.3801,1902.125,1637,741.4,3703.2,0,152.45,6,88.5,3697.375,2626,999.2,8713.2,153.625,0,2.875,0.667,21723.75,3068.9525,1160.7854,-32.49,139.75
centered_candidate_000265_1944e617,centered-gaussian,8,8,0,139.625,125.5,68.7,239.7,72.2754,2092.25,2068,1381.4,2924.6,0,170.575,6.375,99.125,4226.75,4099,2179.2,6658.1,158,0,3.375,0.6095,23549.875,1840.1899,683.2128,32.5623,139.625
centered_candidate_000045_d1c17c43,centered-gaussian,8,8,0,139.125,100,46,257.3,97.9431,2025.5,1816.5,1058,3163.8,0,162.65,6.375,95,3826.75,2889,1757.7,6581.4,158.75,0,3.125,0.5451,22031.75,2280.3006,946.2843,-2.9716,139.125
centered_candidate_000005_4da62dd3,centered-gaussian,8,8,0,138.75,76.5,41.7,316,126.0503,1990.875,1515.5,1021.2,3557,0,156.85,6,95.625,3752,2723,1560.2,6962.2,156.75,0,3.125,0.6044,22531.875,2529.8754,1074.3123,-21.3252,138.75
centered_candidate_000288_f21b4162,centered-gaussian,8,8,0,138.75,90,53.3,292.1,113.8648,2057.25,1651,1186.1,3474.4,0,159.6625,6.125,99.75,3969.25,3140.5,1992.1,7303,156.5,0,2.75,0.6237,20629.875,2366.2483,1081.1862,-3.6324,138.75
search_candidate_000119_46cd86ba,random-phased,8,8,0,137.5,80,52.3,292.7,139.2426,1944.625,1610.5,1111.8,3313.8,0,168.1375,6.125,91.75,4031.625,3018,1948.1,7911.7,182.875,0,2.625,0.6707,21296,2828.4146,1058.4027,-17.3213,137.5
search_candidate_000343_7645188d,random-phased,8,8,0,137.25,59,38.4,294.4,184.2904,1947.125,1224.5,882.7,3519.8,0,142.375,5.625,98.5,3624,2011,1284.3,7022.8,169.75,0,2.375,0.7727,20815.25,3646.112,1688.3909,-53.7452,137.25
centered_candidate_000221_581fcf1c,centered-gaussian,8,8,0,135.75,70.5,35.3,340.9,147.9694,1847.5,1403.5,801.3,3724.3,0,145.525,5.75,87.25,3503.375,2175,993,8369,152.375,0,2.125,0.7947,18343.875,3276.7744,1309.2403,-38.6847,135.75
centered_candidate_000067_2e665549,centered-gaussian,8,8,0,135.375,70.5,39.8,309.8,143.6993,1906.875,1457.5,955,3480.4,0,156.075,5.75,90.375,3805.25,2686.5,1444.7,7885.9,151.25,0,3,0.6219,21657.875,2850.4991,1189.0645,-32.0496,135.375
centered_candidate_000317_4d9c1b9f,centered-gaussian,8,8,0,133.625,84,40,309.1,109.9749,1960.375,1600.5,954.7,3546.5,0,150.1125,6.125,94,3510.75,2570,1392.8,7195.5,157.375,0,2.625,0.6626,20409.875,2281.3008,1019.2276,-14.9875,133.625
centered_candidate_000262_56e9b3d9,centered-gaussian,8,8,0,133.5,53,39.7,264,211.2676,1746.5,1142.5,894.7,2909.9,0,135.0625,5.25,84,3223.125,1886.5,1317.9,5711.9,148.375,0,2.375,0.7045,19020.875,3655.909,1600.2149,-65.9338,133.5
search_candidate_000024_ef756577,random-phased,8,8,0,133.375,81.5,49.4,314.8,119.2266,1952.375,1629,1155,3453.6,0,164.25,6,91.5,3856.375,2984.5,1915.3,7517,153.625,0,3.375,0.491,23150,2266.4755,997.5601,-10.2133,133.375
centered_candidate_000050_411f61d8,centered-gaussian,8,8,0,133,86.5,32.4,341.1,123.8366,1881.625,1588,803,3723.1,0,146.0625,5.875,89.375,3559.5,2586.5,1106.3,8252.4,151.625,0,2.875,0.5714,21275.875,2820.909,1160.9529,-29.5183,133
search_candidate_000280_8b675451,random-phased,8,8,0,132.875,63,39.7,322.8,127.4965,1907,1462,976.6,3497,0,170.2875,5.875,87.75,4142.5,3078,1850.9,8114.1,154.375,0,2.875,0.5233,20990,2678.2021,1035.563,-24.0483,132.875
search_candidate_000042_5993eb6b,random-phased,8,8,0,132.25,73,40,276.9,144.3656,1919.75,1529,942.1,3310.2,0,151.975,6,91.75,3413.625,2349,1369.2,6463.7,161.375,0,2.75,0.6818,20863.5,2554.5777,1182.7697,-32.1828,132.25
search_candidate_000286_719183f8,random-phased,8,8,0,131.875,71,23.7,270.4,181.9213,1832.375,1394.5,590.2,3224.1,0,131.5,5.5,91.125,3308.5,2214,710.7,6448.3,157.75,0,2.375,0.6368,19442.25,3723.362,1661.9218,-67.2606,131.875
centered_candidate_000130_d29ebefe,centered-gaussian,8,8,0,131.5,72.5,46.2,257.6,97.2304,1908.625,1465,1001.4,3084.4,0,165.4125,6,88.25,3915.375,2870,1640.8,6809.3,157.125,0,2.75,0.6589,20875.125,2423.6212,942.2313,-2.4152,131.5
centered_candidate_000116_bba4b009,centered-gaussian,8,8,0,131,90,38.7,281.1,112.5278,1905.625,1623,875.6,3318,0,153.7625,5.875,90.875,3581,3102.5,1301.9,6570.3,157.125,0,2.75,0.63,20775.375,2174.1634,1034.1183,-17.5639,131
centered_candidate_000228_e7810b0e,centered-gaussian,8,8,0,127,94.5,64.8,239,74.3825,2005.75,1755.5,1349,3063,0,168.275,6.125,95.375,4038.875,3212,2426.9,6928.2,155.25,0,3,0.5836,21685,1810.8279,700.3227,27.6088,127
centered_candidate_000018_612e9f2d,centered-gaussian,8,8,0,126.75,73.5,33.5,245.6,161.4983,1780,1550.5,766.8,2815.5,0,142.625,5.625,84,3344.5,2672,1123.6,5709.8,151.125,0,2.375,0.6592,19274.75,2912.2241,1235.7711,-47.2491,126.75
search_candidate_000218_4fef54eb,random-phased,8,8,0,126.25,40.5,29.2,364.5,160.3143,1767.625,955.5,808,4057.1,0,162.1875,5.375,83.25,3484.875,1326,999,9536.9,168.5,0,2.75,0.6688,21246.25,4065.286,1535.4471,-50.9572,126.25
centered_candidate_000235_8712d37c,centered-gaussian,8,8,0,126.125,54,45,238.7,183.029,1775.5,1236,1028,2762.7,0,133.9125,5.5,86,3169.375,2000.5,1406.3,5468.3,150.75,0,2.5,0.6313,19637.375,3504.7608,1424.5564,-46.5145,126.125
centered_candidate_000264_5fbb1487,centered-gaussian,8,8,0,126.125,81,52.2,257.9,90.3167,1943.875,1580.5,1073.8,3263.1,0,150.0625,6,94.5,3498.375,2867.5,1489,6424.2,157.875,0,3,0.6324,21895.75,2024.3652,922.7923,7.0416,126.125
centered_candidate_000333_3c74f852,centered-gaussian,8,8,0,126,100.5,55.1,223.3,76,1948.375,1803,1199.8,2864.2,0,164.225,6,92.125,3875.75,3371.5,1995.8,6025.6,153.875,0,3,0.5838,21353.125,1826.6891,708.7424,17.1,126
centered_candidate_000115_9396bcc8,centered-gaussian,8,8,0,125.5,71,46.1,284.6,110.1045,1868.5,1392.5,1036.5,3403.1,0,160.75,5.875,87.25,3740,2700.5,1664.1,7761.3,156.5,0,2.75,0.571,20772.75,2469.3486,1011.718,-8.9522,125.5
centered_candidate_000223_0ea28aad,centered-gaussian,8,8,0,125.375,89.5,58.3,236.2,89.0111,1949.75,1619,1253.7,3067.4,0,151.05,6,94.625,3443.75,2467,2095,6009.4,155,0,2.5,0.6103,19585.25,1940.6942,881.2277,13.7944,125.375
centered_candidate_000269_fdf28fb1,centered-gaussian,8,8,0,125.375,74,48,280,111.791,1933.25,1570,1081.6,3438.6,0,165.825,5.875,91.375,3905.75,2958,1788.8,7552.6,152.125,0,3.25,0.5003,22795.5,2479.2722,1019.5068,-7.8955,125.375
centered_candidate_000143_61cf652b,centered-gaussian,8,8,0,125.125,73,51.1,286.5,95.7085,1916.625,1478,1127.9,3397.1,0,157.375,6,91.375,3586.125,2589.5,1712.8,7297.3,160,0,2.75,0.6681,21144.625,2278.3364,920.7248,3.2458,125.125
centered_candidate_000197_26da83bf,centered-gaussian,8,8,0,125.125,67.5,34.2,293.2,121.822,1844.5,1439.5,881,3396,0,150.9125,5.75,87.625,3560,2285.5,1185.2,7511.9,154.375,0,2.25,0.7179,18353,2972.846,1107.4086,-26.711,125.125
centered_candidate_000250_7147841b,centered-gaussian,8,8,0,124.75,77,37.4,286.2,101.9972,1950.625,1547.5,895.8,3650.8,0,152.8625,5.875,95.375,3737.875,2587.5,1346,7736.5,155,0,2.75,0.6256,20733.75,2670.8791,1082.5905,-13.5986,124.75
centered_candidate_000302_93ad89af,centered-gaussian,8,8,0,124.5,105,38.7,236.9,82.0853,1993.375,1977.5,892.2,3095.1,0,163.1125,6,96.125,3950.25,3719,1361.9,6515.7,152.375,0,2.625,0.6273,19828.25,2011.2332,821.9107,-2.3427,124.5
centered_candidate_000109_452d5c49,centered-gaussian,8,8,0,124.125,91.5,33.7,287.1,100.3686,1863,1747.5,813.3,3415.9,0,147.0875,5.75,89.5,3433.375,2922,1083.7,6906.5,150,0,2.625,0.6496,20436.875,2320.8397,1019.3066,-16.4843,124.125
search_candidate_000271_63d6903a,random-phased,8,8,0,123.875,74,55,210.8,145.9644,1909.25,1528.5,1258.5,2659.6,0,153.775,5.75,92.5,3780.375,3000,2269.2,5483.2,152.25,0,3.125,0.5445,21996.5,2624.7721,1130.2126,-17.9822,123.875
centered_candidate_000060_3aba996d,centered-gaussian,8,8,0,123.25,56,34.7,294.8,148.3423,1766.375,1262,865.8,3436.4,0,145.95,5.5,83.375,3270,2149.5,1213,7221.2,148.75,0,2.875,0.6436,21142.875,2925.0035,1298.7994,-39.4711,123.25
centered_candidate_000231_7c61964f,centered-gaussian,8,8,0,123.25,79,27.7,294.8,121.8142,1798.875,1580,691.9,3493.7,0,144.7125,5.75,84.75,3367.5,2832,860.6,7138,151.125,0,2.875,0.6784,21577,2560.082,1155.268,-33.2071,123.25
centered_candidate_000068_3e20bc35,centered-gaussian,8,8,0,123.125,86.5,54.5,251.8,85.8785,1915.375,1640,1189.2,3095.7,0,152.7875,5.875,92.5,3519,2796,1963.5,6295.3,153.75,0,2.625,0.5941,19993.75,1886.7331,794.4528,11.5608,123.125
centered_candidate_000019_722c300a,centered-gaussian,8,8,0,122.75,60,35.7,230.8,162.8264,1715.375,1236,830.7,2706.9,0,140.7,5.25,82.625,3241.5,1866,1230.9,5862.4,156.5,0,2.5,0.721,20301,3094.8979,1275.9335,-45.7132,122.75
centered_candidate_000112_bed81312,centered-gaussian,8,8,0,122.5,84,34.7,220.9,135.8041,1808.125,1602,813.8,2791.6,0,139.45,5.625,87.25,3303.625,2671,1184.8,5539.6,149.625,0,2.5,0.6152,19630.375,2629.3742,1101.7398,-33.202,122.5
centered_candidate_000313_da511ad7,centered-gaussian,8,8,0,122.375,74,48.8,261,103.9097,1847.25,1419,1092.1,3153.6,0,153.35,5.75,88,3498,2393,1659.6,7021.3,156.625,0,2.75,0.6424,20886.875,2315.2629,959.066,-3.1549,122.375
search_candidate_000010_60444cd1,random-phased,8,8,0,122.375,44,36.4,302.7,139.4058,1755.375,1005,877.5,3531,0,147.3125,5.375,84,3148.375,1457,1144.4,7395.1,156.5,0,2.125,0.7665,18355.375,2839.842,1289.7392,-33.3029,122.375
centered_candidate_000335_26140c0b,centered-gaussian,8,8,0,121.875,97,37.6,229.6,87.6918,1898.875,1857.5,898.7,2927.3,0,159.15,5.75,90.875,3733.125,3623.5,1391.6,6550.2,151.375,0,3.125,0.5614,22108.125,2075.9492,881.6808,-6.2459,121.875
centered_candidate_000170_ebcc6c1f,centered-gaussian,8,8,0,121.75,77.5,46.1,284,100.212,1847.875,1516.5,1069.4,3355.8,0,156.65,5.875,86.25,3629.375,2628.5,1901.5,7314.6,151.875,0,2.625,0.5814,20050.875,2290.6641,934.4738,-4.006,121.75
centered_candidate_000015_aa8a332b,centered-gaussian,8,8,0,121.5,81.5,57.4,204.3,110.4219,1856.25,1654,1222.7,2578.2,0,147.775,5.75,89.25,3525.75,2928.5,1882.1,5433.7,151.125,0,3.25,0.535,23073.75,2264.0135,874.9665,2.189,121.5
centered_candidate_000262_6bb42ea9,centered-gaussian,8,8,0,121.125,75,42.3,279.5,105.2122,1891.625,1531.5,1063.7,3353.1,0,159.8875,6,89.25,3735.75,2718,1686.8,7539.8,159.25,0,3,0.5958,21840.25,2392.5715,985.6997,-10.3061,121.125
centered_candidate_000348_021f79ca,centered-gaussian,8,8,0,120.75,63,30.2,240.8,168.0013,1667.375,1263.5,728.1,2870.6,0,132.9125,5.25,79.5,2989.75,2031,1015.7,5573.4,149.75,0,2.625,0.6677,20604.875,3092.5138,1356.5793,-53.8007,120.75
search_candidate_000101_e657d293,random-phased,8,8,0,120.5,52,40.4,264,156.2194,1738.75,1195.5,917.5,2996.4,0,171.8875,5.125,82.5,3584.25,1963.5,1310,7133.3,176.25,0,2.75,0.7276,21462.625,3879.2388,1419.1962,-37.7097,120.5
search_candidate_000052_c0f1381f,random-phased,8,8,0,120.125,33.5,28.4,246.8,232.0493,1564.75,896,768,2630.8,0,130.85,4.75,75.125,2898.75,1274.5,1034,5414.7,151.625,0,2.25,0.8369,19396.5,4403.4489,1859.0643,-87.6246,120.125
centered_candidate_000360_a2f81c19,centered-gaussian,8,8,0,119.875,83,35.4,213.2,133.7633,1801.875,1641.5,801.6,2835.6,0,137.825,5.5,88.625,3271.5,2562.5,997,5670.4,153.625,0,2.25,0.7342,19150,2855.8605,1128.122,-31.4816,119.875
centered_candidate_000277_2d23a108,centered-gaussian,8,8,0,118.625,62.5,41.2,290.9,109.0641,1789.125,1345,976.1,3425.2,0,151.7125,5.75,83.75,3506.125,2331.5,1494.8,7886.3,155.125,0,2.75,0.6797,21094.375,2678.9386,1037.1115,-13.3321,118.625
search_candidate_000062_39618212,random-phased,8,8,0,118.125,45,28.8,241.9,191.2305,1648.25,1040.5,764.3,2866.1,0,129.95,5,82.375,3078.5,1600.5,977.9,5961.3,168.625,0,2.375,0.8196,20294.625,3737.0075,1592.3079,-66.8153,118.125
centered_candidate_000003_3f249fe0,centered-gaussian,8,8,0,118,74.5,45,212.4,115.1228,1825.875,1510.5,1049,2777.2,0,151.35,5.625,87.5,3436.5,2707,1669.4,5516.6,151.625,0,3.25,0.5527,22723.5,2280.9341,1000.5314,-12.5614,118
centered_candidate_000004_23d01528,centered-gaussian,8,8,0,117.875,47,36,322.6,129.5873,1682.5,1075.5,810.2,3630.2,0,146.2375,5.25,78.625,3230.25,2030.5,1121.1,7983.5,147,0,2.75,0.7334,20628.625,2819.2257,1198.4882,-28.7936,117.875
centered_candidate_000125_240ccd1a,centered-gaussian,8,8,0,117.75,95,54.7,179.6,75.919,1910.25,1796,1230,2515.9,0,163.0375,5.75,91.75,3898,3558,2255.2,5371.4,151.875,0,2.75,0.5701,20233,1826.0277,703.9898,16.7405,117.75
centered_candidate_000129_98aca2f7,centered-gaussian,8,8,0,117.125,73,41.7,257.9,93.0839,1782.5,1381,930.2,3144.9,0,147.575,5.5,85.375,3272.25,2386.5,1390.7,6603.5,150,0,3,0.5927,21782.25,2166.7262,909.7027,-4.8419,117.125
centered_candidate_000127_8006963e,centered-gaussian,8,8,0,116.625,93.5,52.8,185.9,63.7239,1895,1678.5,1172,2665.5,0,165.85,5.75,90.5,3733.5,3076.5,1858.2,6057,155.375,0,2.75,0.5639,20404.25,1757.935,674.2553,20.9381,116.625
centered_candidate_000149_29de5cc9,centered-gaussian,8,8,0,116.625,66.5,30.7,276,107.1855,1768.625,1395.5,741.9,3295.4,0,153.5,5.625,83,3580.625,2603,942.2,7811.7,156.125,0,2.625,0.6772,20461.125,2751.5083,1040.1167,-22.8928,116.625
search_candidate_000225_56f9d1f3,random-phased,8,8,0,116.625,72.5,58.4,252,84.1189,1863.875,1436.5,1280.8,3140.7,0,169.7,5.625,89.5,3706.375,2730,2358,6439.8,168.875,0,3.375,0.5145,22789.125,1825.1862,817.2363,16.3406,116.625
centered_candidate_000091_8cdd2834,centered-gaussian,8,8,0,116.25,82,36.6,220.1,97.9065,1806.25,1705,824.9,2820.6,0,158.8875,5.5,86.25,3636.625,3058,1343.7,6529.5,157,0,2.75,0.6935,21178.125,2308.3103,919.605,-12.3533,116.25
centered_candidate_000104_59eb46c7,centered-gaussian,8,8,0,115.875,84.5,50.2,210.6,90.1893,1836.375,1614,1109.9,2855.3,0,153.925,5.625,88.375,3513.25,2719.5,1963,6217.6,153.125,0,3.25,0.5344,22924.875,2263.884,845.772,5.1054,115.875
centered_candidate_000017_2644b890,centered-gaussian,8,8,0,114.875,50,40.4,267.7,132.6984,1678.5,1149.5,883.1,3197.4,0,142.4875,5.25,80,3083.125,1961,1169,6484.5,154.125,0,2.5,0.7261,19924,2789.3922,1175.9792,-25.9492,114.875
centered_candidate_000148_8178b992,centered-gaussian,8,8,0,114.875,69.5,57.8,203.4,108.818,1815.625,1451,1249.8,2683,0,148.325,5.5,88.125,3289,2310.5,1914.1,5548.1,148.625,0,2.75,0.5325,20490.125,2388.032,950.5268,3.391,114.875
centered_candidate_000110_10981e06,centered-gaussian,8,8,0,114.625,76.5,40,239.1,84.4155,1780.625,1473,974.1,3003,0,154.1,5.625,83.75,3400.375,2651.5,1452.8,6230.2,152.5,0,3,0.5883,21761.125,2174.5392,850.362,-2.2078,114.625
centered_candidate_000225_8553d16a,centered-gaussian,8,8,0,114.375,57.5,42.8,247.6,104.21,1750.5,1218.5,1012.9,3068,0,144.2875,5.5,83.375,3195.375,2198.5,1404.1,5987.4,148.375,0,2.75,0.6131,20697.875,2316.2003,997.7359,-9.305,114.375
search_candidate_000117_572f5e03,random-phased,8,8,0,113.625,54.5,39.8,217,153.6644,1595.625,1251,921,2435.6,0,145.3375,5.25,76.875,3240.125,2525,1524.4,5196.9,195.25,0,2.625,0.9617,23874.375,2452.9473,1153.1924,-37.0322,113.625
centered_candidate_000082_981efb7d,centered-gaussian,8,8,0,113.375,88,35.7,236.6,76.5946,1812.25,1610,769.7,3113.8,0,154.0875,5.625,86.75,3503.75,2732,1053,7237.2,154.25,0,2.375,0.6604,18943.875,2349.1181,864.0528,-2.5973,113.375
centered_candidate_000141_1135b780,centered-gaussian,8,8,0,113.25,61,41.7,239.5,89.0684,1756.125,1296.5,928,3023.8,0,153.6875,5.375,83.375,3377.625,2302,1473.3,6264.1,148.75,0,2.625,0.6167,19891.125,2049.0551,864.9086,-2.8342,113.25
centered_candidate_000323_0df142fd,centered-gaussian,8,8,0,112.625,66.5,49.7,202.1,117.016,1775,1460.5,1071.8,2690.8,0,148.35,5.375,85.75,3394.625,2643,1608.8,5434.1,147.125,0,2.625,0.6132,19694.75,2528.1589,1016.1963,-8.808,112.625
centered_candidate_000089_b6516869,centered-gaussian,8,8,0,112.5,80,55,204.9,85.9375,1830.5,1560.5,1252.7,2693.5,0,159.725,5.625,87.75,3526.5,2748,2014.3,5956.5,157.375,0,3.125,0.5841,22245.25,1905.9213,768.635,12.0313,112.5
centered_candidate_000086_3e5b6b2d,centered-gaussian,8,8,0,112.375,40,30.5,325.5,126.4041,1565.625,895,721.7,3609.9,0,131.6875,5.125,73.375,2800.375,1164,853.7,7585.9,151.875,0,2.625,0.7665,20925.875,2865.7488,1192.3851,-32.702,112.375
centered_candidate_000043_a1c46cf1,centered-gaussian,8,8,0,111.875,65,59,191.3,105.7266,1786.625,1379.5,1233.7,2554,0,145.9875,5.375,87.125,3206.125,2429,1915.7,5173.3,146.125,0,2.25,0.7077,18221.375,2120.3493,912.5977,6.1367,111.875
centered_candidate_000113_dc83d1db,centered-gaussian,8,8,0,111.625,84.5,33.1,236.9,77.9117,1771.25,1577.5,764.3,3070.8,0,145.6625,5.5,85.25,3160.25,2467.5,1084.7,6225.2,148.375,0,2.875,0.6235,21333.75,1997.4582,875.6974,-5.8559,111.625
centered_candidate_000207_634c0980,centered-gaussian,8,8,0,111.5,59,37.5,221.4,135.6715,1664.125,1256.5,884.3,2775.2,0,133.6125,5.125,80.875,2884.25,1946,1175.8,5511.2,147.125,0,2.5,0.6653,19987.75,2537.8186,1111.0948,-30.3357,111.5
centered_candidate_000305_4e88e425,centered-gaussian,8,8,0,111.375,71.5,39.6,246.1,88.9774,1745.125,1411.5,905.8,3099.6,0,151.4,5.375,83,3431.25,2490.5,1499.5,6692.3,147.875,0,2.875,0.6179,21147,2381.5563,886.6257,-4.8887,111.375
centered_candidate_000293_8424d738,centered-gaussian,8,8,0,111,78.5,38.6,228.8,85.9855,1772.625,1554,870,2941.5,0,149.85,5.375,85.75,3425.75,3094,1506.6,6015.2,149.5,0,2.625,0.6184,19894.125,1979.6743,877.9856,-4.3927,111
general_top10-average-phased_f08bb91c,top10-average-phased,8,8,0,110.75,77,48.7,186.4,90.5273,1784.875,1546.5,1135.2,2592.7,0,150.7375,5.5,85.75,3346.5,2970.5,1765.7,5154.7,149.625,0,2.875,0.5819,21209,1718.8669,833.4027,3.4364,110.75
centered_candidate_000295_91b569b3,centered-gaussian,8,8,0,110.5,73.5,26.7,211.7,128.5778,1679.875,1485,751.7,2652,0,135.3875,5.25,81.25,3063.25,2495,1019.3,5140.8,148.375,0,2.375,0.7107,19289.625,2618.4881,1128.8285,-37.5889,110.5
centered_candidate_000237_ccbf3118,centered-gaussian,8,8,0,110,77,29.8,190.8,126.4595,1661.25,1489.5,752.3,2454.6,0,133.3875,5.375,79.25,2950.125,2363.5,1020.1,4838.9,148.75,0,2.5,0.6805,19670.125,2586.0163,1097.2468,-33.4297,110
centered_candidate_000057_b18806f1,centered-gaussian,8,8,0,109.75,78.5,50.7,215.8,67.9995,1837.5,1574,1191.8,2985.6,0,155.575,5.75,88,3399.5,3107.5,1938.2,5836.6,152.5,0,2.875,0.5374,20805.125,1521.7116,718.5464,16.7002,109.75
centered_candidate_000271_1b6602ec,centered-gaussian,8,8,0,108,73.5,55.2,179.1,96.4261,1702.5,1456.5,1188.4,2387.7,0,143.1,5.375,82.125,3053.75,2299.5,1945,4532.3,156.75,0,2.875,0.6249,21818.5,2041.8798,797.0096,6.9869,108
centered_candidate_000289_fac6b530,centered-gaussian,8,8,0,108,55.5,34.4,207.2,140.5463,1599.25,1193.5,785.7,2560.8,0,133.375,5,77.75,3027.5,2121,1100.1,5392.1,156.25,0,2.25,0.8004,19801.625,2962.7805,1184.4782,-35.8731,108
centered_candidate_000139_0ad87ada,centered-gaussian,8,8,0,107.25,77,57.5,180.8,87.2722,1782.875,1571.5,1156.2,2593.7,0,154.3125,5.375,86.25,3519.375,3046,2022.6,5409,148.75,0,2.875,0.5544,20857.625,2035.9385,862.1342,13.8639,107.25
centered_candidate_000122_1b6b51a6,centered-gaussian,8,8,0,107,62,36.4,200.4,131.345,1628.25,1309,834.8,2549.7,0,136.0875,5,78.5,2881,2265,1208.3,4776.9,142.875,0,2.375,0.6143,19081.375,2474.3708,1129.0872,-29.2725,107
search_candidate_000039_377772e1,random-phased,8,8,0,106.5,66,50.4,191.4,99.7835,1719.875,1354,1092.8,2632.5,0,153.9,5.375,83.5,3362.5,2572,1747,5524.1,172.25,0,2.875,0.5609,20935.5,1975.7405,911.6283,0.5082,106.5
centered_candidate_000041_e9ce8612,centered-gaussian,8,8,0,105.75,61,41,206.4,105.489,1680.875,1265,932.1,2768.9,0,134.2875,5.375,81.875,2872.625,1996.5,1393.5,4966.5,154.875,0,2.5,0.7431,20639.375,2099.4562,1048.3637,-11.7445,105.75
centered_candidate_000124_f0cc3ae0,centered-gaussian,8,8,0,105.5,78.5,54.7,169.5,92.7483,1717.625,1561,1190,2315.3,0,144.025,5.375,83,3157.5,2687,1773.9,4672.7,151.125,0,2.5,0.6739,19458.875,2146.2731,804.4574,8.3258,105.5
centered_candidate_000260_6a003e6b,centered-gaussian,8,8,0,104.125,82.5,36.1,169.4,92.7368,1714.625,1602,808.8,2445,0,137.8875,5.25,84.375,2994,2582,1042.5,4901,146.875,0,2.75,0.6638,20868.75,2060.3085,886.9588,-10.2684,104.125
centered_candidate_000307_636c5f78,centered-gaussian,8,8,0,103.875,84,38.8,174.2,99.1835,1694.875,1612,891.5,2472.8,0,136.775,5.25,83.875,3065.375,2557.5,1323.2,4930.1,156.25,0,2.375,0.7804,19823.625,2408.5379,1022.9844,-10.7917,103.875
centered_candidate_000140_a58fa906,centered-gaussian,8,8,0,103.625,93.5,68.5,155.8,44.3901,1781.25,1753.5,1320.4,2364,0,146.35,5.5,87.25,3245.5,2985,2241.8,4729.8,151,0,3.125,0.6174,22541.25,1406.8785,534.571,46.3049,103.625
centered_candidate_000083_2ebd7886,centered-gaussian,8,8,0,103.5,68,40.1,185,98.0268,1669,1443.5,931.7,2528.8,0,143.3375,5.125,80.625,3187.125,2609,1513.9,5126.8,146.75,0,2.75,0.6313,20599.375,2190.8986,918.8819,-8.9134,103.5
search_candidate_000298_eef0289e,random-phased,8,8,0,103.5,36,23.3,218.4,178.3185,1441.125,926,710.8,2534.1,0,140.475,4.5,67,2834.375,1513,907,5796.1,151.375,0,2.5,0.6983,20097.75,3693.5186,1429.0996,-65.8593,103.5
search_candidate_000228_59037032,random-phased,8,8,0,103.25,63,49.6,176.7,89.1877,1720.25,1326.5,1149.8,2516.1,0,147.5375,5.25,84.125,3171.25,2406,2040.3,4788.7,154.625,0,3.125,0.5089,22121.625,1744.2883,858.0135,5.0062,103.25
centered_candidate_000286_3f77096b,centered-gaussian,8,8,0,103.125,63.5,41,182.7,112.8444,1651.625,1318.5,947.9,2461.7,0,143.225,5,80.25,3111,2288.5,1498.5,4951.9,147.75,0,2.625,0.6409,20224.875,2456.1534,1032.8544,-15.4222,103.125
centered_candidate_000310_8824637c,centered-gaussian,8,8,0,103,58,40,228,85.213,1674.25,1280.5,930.6,2985.9,0,145.2,5.25,80.5,3060.5,2136,1252.5,6090.5,152.375,0,2.75,0.699,20910.625,2050.7085,857.9651,-2.6065,103
centered_candidate_000355_953a3350,centered-gaussian,8,8,0,102.875,49.5,33.5,204.1,101.5018,1579.625,1084.5,805.5,2680.3,0,142.525,5,74.25,2946,1550,1053.4,6010.7,146.375,0,2,0.7528,16991,2437.3729,962.4604,-17.2509,102.875
centered_candidate_000015_3331df77,centered-gaussian,8,8,0,102.75,76.5,41.9,181.2,86.9479,1699.25,1527,1052.5,2495.9,0,145.3125,5.375,81.375,3131.75,2560.5,1708.4,5056.9,149.125,0,3,0.6058,21778.5,1975.6383,795.5556,-1.574,102.75
centered_candidate_000304_307fe9b2,centered-gaussian,8,8,0,102.75,58.5,46.6,215.9,73.2526,1704.125,1285.5,1060.7,2905.7,0,152.925,5.25,81.25,3223.75,2506,1883.9,5522,147.625,0,3.25,0.5411,22651.875,1523.4436,774.9546,9.9737,102.75
search_candidate_000125_672cfc55,random-phased,8,8,0,102.75,52,30.1,204.8,137.0052,1540.625,1204,785.1,2508.5,0,143.625,4.75,72.875,2969.5,2457.5,1100.9,5214.8,149.125,0,2.625,0.6618,20288.375,2456.7733,1115.3682,-38.4026,102.75
centered_candidate_000008_5d20f7a6,centered-gaussian,8,8,0,102.375,62.5,51.1,221.7,78.9682,1742.625,1364.5,1212.4,2920.2,0,167.25,5.375,81.125,3641.75,2510.5,2331.6,7033.3,146.625,0,2.625,0.5665,19662.625,2018.4244,746.0048,11.6159,102.375
search_candidate_000033_fb2b976a,random-phased,8,8,0,101.875,77,33.3,185.8,85.4787,1704.125,1470.5,833.5,2689.9,0,146.3625,5.375,82.125,3344.5,2772,1138.4,5595,152.875,0,2.75,0.6341,20788,2506.6279,935.0244,-9.4394,101.875
centered_candidate_000273_adf3c039,centered-gaussian,8,8,0,101.5,76.5,34.2,229.1,76.9935,1656,1503,789.3,2935.2,0,147.1,5.375,77.75,3048,2542,1136.5,6299.4,150.25,0,2.5,0.6841,19757.75,2023.0339,807.9264,-4.2968,101.5
centered_candidate_000250_96169970,centered-gaussian,8,8,0,101.375,87,44.8,174.4,57.6128,1721.5,1564,1097.2,2566.3,0,156.5875,5.375,81.625,3303.375,2851,2054.3,5604.1,150.125,0,2.875,0.5464,20946.875,1418.1612,620.9227,15.9936,101.375
centered_candidate_000315_d265e05c,centered-gaussian,8,8,0,101.375,68.5,41.7,170.8,108.0636,1628.625,1434,962.5,2292.7,0,138.8625,5.125,78.625,2774.75,2170,1463,4214.4,150.125,0,2.625,0.6582,20077.375,2091.4447,912.9299,-12.3318,101.375
centered_candidate_000117_a09528b0,centered-gaussian,8,8,0,101,74,42.9,186,79.6586,1681.375,1460.5,1030.7,2576.5,0,155.5125,5.375,78.375,3160.125,2583.5,1531,5521.4,148.875,0,2.5,0.5804,19279,1749.8535,790.3676,3.0707,101
search_candidate_000001_fa0a09bb,random-phased,8,8,0,101,73,37.1,178.9,97.1442,1585,1449.5,803.2,2438.7,0,138.5375,5,76.125,2785.125,2142,1115.6,4854.9,151.75,0,2.375,0.6628,19107.375,1985.8965,861.8133,-11.4721,101
centered_candidate_000119_59eedeab,centered-gaussian,8,8,0,100.875,72,30.8,219.2,81.8695,1637.875,1467.5,743.9,2889.7,0,145.8875,5.25,77,3120.75,2411,1028.7,6354,145.875,0,2.625,0.6555,20267.75,2219.1474,853.3222,-10.1347,100.875
centered_candidate_000226_83ee67a2,centered-gaussian,8,8,0,100.875,46.5,34.7,251.9,104.5221,1564.625,999,832.4,3208.1,0,135.1,5,75,2830.5,1488,1123.9,6806.6,151.5,0,2,0.7856,18012.75,2536.92,1095.7541,-17.561,100.875
centered_candidate_000253_bd407d5a,centered-gaussian,8,8,0,100.5,89.5,42,156.1,56.3471,1660.625,1589,914.5,2225.2,0,142.025,5.25,79.5,3014.25,2657.5,1336.3,4447.5,145.375,0,2.125,0.6477,17728.875,1535.5155,585.0276,13.8264,100.5
centered_candidate_000095_09c34856,centered-gaussian,8,8,0,100.375,51.5,40.8,251.1,89.6548,1606.875,1142,963.9,3077.2,0,147.2625,5.375,73.875,3148.625,1969.5,1433.1,6973.2,151.375,0,2.75,0.5857,20795.875,2410.236,884.3692,-4.0274,100.375
centered_candidate_000268_40fdf8f6,centered-gaussian,8,8,0,100.375,69,23.7,196.8,106.2155,1601.375,1463.5,647,2608.2,0,136.5125,5.125,76.625,2971,2637,801.1,5227.3,147.875,0,2.625,0.6768,20347,2363.6107,976.2286,-29.4078,100.375
centered_candidate_000159_268e8f12,centered-gaussian,8,8,0,100.25,61,34,203.5,94.9997,1602.75,1258.5,814.3,2661.2,0,147.8875,5.125,75,2985.25,2050,1205.7,5923.9,149.125,0,2.5,0.5952,19380.75,2170.1704,903.3788,-13.4998,100.25
centered_candidate_000337_1bdb6cfe,centered-gaussian,8,8,0,99.625,51.5,39.4,185,128.1736,1532,1134,871.1,2423.4,0,127.95,4.75,75.625,2598.875,1879,1166,4299.5,153.75,0,2.25,0.7784,19433.25,2430.6629,1178.1378,-24.6868,99.625
centered_candidate_000162_60858c41,centered-gaussian,8,8,0,99.125,69.5,52.7,163,74.6482,1690.375,1425,1168.3,2370.3,0,143.3125,5.375,81.875,3032.25,2403,1960,4472.5,153.5,0,2.75,0.6278,21317.5,1643.9277,711.2448,15.3759,99.125
search_candidate_000122_a42aedae,random-phased,8,8,0,98.875,64,39.4,173.3,104.2286,1654,1334,939,2481.9,0,137.8625,5,81.75,2854.5,2420.5,1505.7,4449.7,146.625,0,3,0.4797,21580.875,1831.6807,1055.0404,-12.7143,98.875
centered_candidate_000198_d2c45251,centered-gaussian,8,8,0,98.625,67,37.1,181.5,98.8799,1596.375,1349.5,896.6,2455.1,0,133.9125,5,77.5,2788.375,2111,1234.1,4745.5,145.375,0,2.5,0.6653,19985.875,2217.3803,930.8809,-12.3399,98.625
centered_candidate_000080_a493620e,centered-gaussian,8,8,0,98.25,46.5,31.7,187.8,136.798,1459.75,1047,725.9,2364.9,0,130.2,4.75,68.875,2662,1627,947.4,4855.1,148.625,0,2.375,0.7858,19542.5,2805.6195,1174.4197,-36.699,98.25
centered_candidate_000042_5e0a353d,centered-gaussian,8,8,0,97.625,88.5,45.5,154.4,60.4751,1679,1638,1059.4,2324,0,139.3,5.125,82.75,2859.625,2804.5,1383,4234,145.625,0,2.125,0.7313,18061.375,1562.8908,615.4793,15.2625,97.625
centered_candidate_000022_c3f1db14,centered-gaussian,8,8,0,97.5,44,24.1,196.7,144.0434,1413.75,1012,588.3,2415,0,117.825,4.625,67.375,2440.75,1443.5,702,4762.9,141.5,0,2.25,0.8339,18994,2868.1086,1245.2967,-47.9217,97.5
centered_candidate_000165_2eb102a6,centered-gaussian,8,8,0,97,61.5,33.4,187.6,78.4395,1652.375,1354.5,780.4,2695.7,0,138.675,5.25,80.125,2925.25,2162.5,1162,4951.9,148.5,0,1.75,0.8141,16528,1896.4333,845.7396,-5.8197,97
centered_candidate_000082_52e2b5b0,centered-gaussian,8,8,0,96.875,71,38.9,169.9,67.202,1624.875,1380,838.9,2548,0,134.575,5.125,79.625,2707.875,2241,1246.8,4259.7,150.5,0,2.25,0.7671,19096.125,1476.0403,753.0492,5.299,96.875
centered_candidate_000260_24a1c2cb,centered-gaussian,8,8,0,96.25,62,34.9,168.9,96.4077,1557.5,1275.5,846.1,2334.1,0,136.8875,4.875,75.25,2793.5,2173.5,1292.6,4588.4,148.625,0,2.5,0.6348,19473.125,1940.2964,887.4163,-13.3038,96.25
centered_candidate_000325_4be6b83b,centered-gaussian,8,8,0,96.25,57,36.9,173.4,116.6948,1520.625,1227,883.6,2310.2,0,130.05,4.875,73.125,2753.75,1894.5,1228.8,4552.4,146.375,0,2.125,0.768,18209.625,2714.7066,1026.2408,-21.4474,96.25
centered_candidate_000192_e20ab2ec,centered-gaussian,8,8,0,96,65,54,159.3,61.6705,1653.875,1380,1101.7,2379.3,0,145.75,5.125,80,2985.25,2607.5,1776.4,4430.3,147.75,0,2.875,0.5776,21036.125,1241.9671,633.3657,23.1648,96
centered_candidate_000219_9def7392,centered-gaussian,8,8,0,96,71.5,53.4,161.5,60.0978,1656.875,1458,1179,2366.1,0,147.0125,5.125,80.25,3053.875,2489,1726.8,4960.1,149.75,0,2.75,0.5498,20173.125,1514.8083,559.8657,23.3511,96
centered_candidate_000272_822a6f15,centered-gaussian,8,8,0,95.75,70,49.9,161.3,60.8497,1653.25,1368,1118.6,2389.8,0,135.5,5.25,81,2798.375,2155,1751,4325.6,149.5,0,2.625,0.6605,20429.75,1396.8789,664.1946,19.4751,95.75
centered_candidate_000282_6ad8992d,centered-gaussian,8,8,0,95.5,75.5,34.4,165.3,76.0937,1584.375,1484.5,847,2354.6,0,137.7875,5.125,75.625,2826,2675.5,1237.5,4372.9,148,0,2.375,0.6978,19498.375,1700.8114,748.9803,-3.6468,95.5
centered_candidate_000027_d74d6233,centered-gaussian,8,8,0,95.375,75.5,35,165.5,76.969,1581.875,1449,840.2,2373.3,0,141.7375,5,75.625,2935.75,2521,1262.5,4818.2,147.625,0,2.625,0.6597,20193.25,1800.9608,718.2184,-3.4845,95.375
centered_candidate_000285_98631639,centered-gaussian,8,8,0,95.375,74.5,36.8,161.4,65.9544,1613.75,1529,858.1,2288.9,0,141.0875,5.125,77.375,3021,2677,1266.2,4579.4,146.25,0,2.625,0.6766,20114.875,1720.2822,663.9907,3.8228,95.375
centered_candidate_000085_d5c26c12,centered-gaussian,8,8,0,95,61,48.1,173.7,78.0513,1612.125,1300.5,1114.4,2463.9,0,140.825,5,78.375,2922.75,2226,1758.1,4844.8,147.875,0,2.375,0.6672,18904.375,1792.6572,721.4311,9.0744,95
centered_candidate_000175_ee9f36ad,centered-gaussian,8,8,0,94.75,58.5,36.7,167.6,98.9315,1544,1289.5,856.6,2322,0,132.2,4.875,75,2680,1952,1304.2,4405.2,147.25,0,2.5,0.7032,20004.375,2075.2928,936.2082,-12.7657,94.75
search_candidate_000153_c505a638,random-phased,8,8,0,94.375,68.5,47.6,155,74.8881,1673,1423,1094.4,2405.2,0,140.6125,5.125,82.75,3083.75,2564.5,1939.7,4635.3,148.75,0,3,0.5574,21458.25,1631.4421,818.1638,10.1559,94.375
centered_candidate_000127_d7b3a568,centered-gaussian,8,8,0,94,101,42,128.9,35.5352,1674.75,1780.5,986.2,2101.7,0,142.4625,5.125,82.625,3044.125,3210.5,1699.3,3971.3,148.375,0,2.625,0.6164,20056.375,952.3583,464.2569,24.2324,94
centered_candidate_000174_e806e271,centered-gaussian,8,8,0,93.875,59,34.2,174.9,95.1058,1563.125,1266.5,825.8,2450.8,0,132.625,5,75.5,2732,2056.5,1182.5,4674.6,144.875,0,2.875,0.6388,21168.25,1906.7337,918.7828,-13.3529,93.875
search_candidate_000203_cee055f4,random-phased,8,8,0,93.875,78.5,60.8,136.1,56.8824,1721.125,1609,1327.4,2189,0,156.1375,5.25,83.5,3352.375,3138.5,2347.4,4378.6,150.375,0,3.125,0.5579,21992.375,1536.8191,627.4457,32.3588,93.875
centered_candidate_000068_791ad80b,centered-gaussian,8,8,0,93.75,71,41.7,154.3,81.1338,1563.375,1430,941.9,2274.3,0,138.3125,4.75,76.125,2892.875,2578.5,1405.6,4829.7,142.75,0,2.5,0.6604,19550,1799.9886,768.7735,1.1331,93.75
centered_candidate_000351_52c880a7,centered-gaussian,8,8,0,93.75,95,51.4,137.4,36.6359,1625.5,1709.5,1107.5,2102.8,0,135.4125,5.375,78.25,2770.125,3091,1752.4,3648.4,151.5,0,2.5,0.6129,19866.375,944.6731,450.5336,33.0821,93.75
search_candidate_000334_cd73f998,random-phased,8,8,0,93.75,77.5,51.6,140,59.4259,1662.5,1545.5,1208.5,2128.5,0,155.175,5.125,80.25,3173.75,2595,1890.7,4626.6,156,0,3.125,0.5929,21898.375,1520.5731,569.3143,21.8871,93.75
centered_candidate_000058_03375032,centered-gaussian,8,8,0,93.625,58,33.1,169.3,101.7644,1523.625,1259,835.6,2286.8,0,134.9375,4.875,72.75,2755.375,2171,1207.4,4476.8,145.25,0,2.875,0.535,21134.375,2072.7892,887.2159,-17.7822,93.625
search_candidate_000095_3a41866a,random-phased,8,8,0,93.5,63,36.7,165.8,96.951,1576.25,1390,894.6,2325.6,0,149.2625,4.875,75.125,3062.75,2572,1501.6,4775.5,148.625,0,2.625,0.5986,20061.375,2052.227,884.9971,-11.7755,93.5
centered_candidate_000106_fe8691ad,centered-gaussian,8,8,0,93.375,65,50.2,149.4,77.4289,1580.875,1352,1128.7,2173.3,0,140.4875,4.875,76.875,2862.625,2508,1709.6,4091.1,147.625,0,2.75,0.6069,20556.75,1623.5342,734.0103,11.4856,93.375
centered_candidate_000222_b2a54aeb,centered-gaussian,8,8,0,93.375,69,42.8,167.3,59.8351,1616.875,1374.5,987,2431.6,0,136.8625,5.25,78,2819,2362,1345.1,4814.4,149.125,0,2.375,0.6582,19127.625,1571.0727,655.4154,12.8825,93.375
centered_candidate_000198_f0d0340e,centered-gaussian,8,8,0,92.875,61,42.5,169.4,81.99,1552.5,1327,989.8,2318.4,0,137.0125,5,74.25,2817,2283,1535,4543.9,147.5,0,3,0.5922,21617.5,1802.573,760.5674,1.505,92.875
centered_candidate_000323_4aa00cfa,centered-gaussian,8,8,0,92.875,92.5,55.1,126,33.2394,1657.125,1702,1178.1,2058.6,0,142.7625,5,82.125,3159.5,3267,2059.9,4075.5,148.5,0,2.5,0.6327,19675,929.6767,406.6812,38.4803,92.875
search_candidate_000047_3d8d560e,random-phased,8,8,0,92.875,54,37.4,173.9,104.3305,1458.625,1163.5,910.8,2217.3,0,138.825,4.75,70.125,2643.375,1849.5,1321.6,4461.3,169.375,0,2.125,0.7553,19323.125,2221.0969,824.1897,-14.7653,92.875
centered_candidate_000146_1126ab37,centered-gaussian,8,8,0,92.625,64,38.5,157.4,94.3477,1530.5,1330.5,900.2,2245.1,0,137.3875,4.875,73.5,2732.75,2318.5,1385.8,4297.9,149.75,0,2.5,0.6286,19727.75,1829.7352,884.4951,-8.6738,92.625
centered_candidate_000182_797cdbf8,centered-gaussian,8,8,0,92.5,61,43.4,161.1,66.1853,1615.75,1324.5,964.7,2454.2,0,144.4625,5.125,77.375,2911.375,2136.5,1503.9,4913.8,146.625,0,2.75,0.603,20428.5,1656.2397,718.8125,10.3073,92.5
search_candidate_000169_7a2efa15,random-phased,8,8,0,92.5,77.5,50.8,167.6,48.6441,1647.75,1491.5,1155.1,2452.1,0,149.5125,5.125,80,3121.625,2651.5,1979.3,5153,154.625,0,3.125,0.4876,21930.75,1345.2457,555.4349,26.4779,92.5
centered_candidate_000249_3bd21d7a,centered-gaussian,8,8,0,92.25,47.5,36.5,168.5,120.4883,1436.75,1095,851.3,2184,0,131.425,4.5,68.625,2624.875,1784.5,1183.6,4556.4,142,0,2.75,0.6587,20870.25,2527.7238,1050.0127,-23.7442,92.25
centered_candidate_000112_9a758841,centered-gaussian,8,8,0,92.125,78,39.2,156,49.9911,1638.875,1555.5,879.8,2419.8,0,130.825,5,82.25,2731.125,2613.5,1195.9,4229.1,144,0,2.625,0.6487,20223,1239.9436,614.7962,14.2045,92.125
centered_candidate_000183_49570b13,centered-gaussian,8,8,0,92,54,34.7,163.2,113.178,1460.875,1238.5,830.5,2166.1,0,129.825,4.625,70.125,2645.125,2020,1086,4363.1,142.75,0,2.125,0.7802,17999.875,2459.3847,981.0552,-21.889,92
centered_candidate_000273_236442fd,centered-gaussian,8,8,0,91.625,54.5,36.2,166.7,83.242,1530.125,1244,845.2,2369.1,0,136.6875,4.875,73.5,2726.875,2108.5,1176.1,4547.7,147.375,0,2.5,0.6984,19454.125,1766.6836,796.87,-5.421,91.625
search_candidate_000077_e530a39c,random-phased,8,8,0,91.625,45,33,168.4,119.1154,1465,1029.5,832.4,2305.6,0,118.6,4.625,72.75,2286,1330,1034.4,4014.8,146.625,0,1.875,0.8686,17486,2479.7579,1128.6367,-26.5577,91.625
centered_candidate_000354_5552d554,centered-gaussian,8,8,0,91.5,74.5,48,152.1,55.8167,1620.375,1529.5,1038.2,2274.9,0,142.9875,5.125,78.125,2941,2672,1508.6,4654.1,146.625,0,2.5,0.6213,19293.125,1577.7566,582.9123,20.0917,91.5
centered_candidate_000178_9853b9aa,centered-gaussian,8,8,0,91.375,87.5,63.6,117.5,27.955,1668.5,1677.5,1358.2,1996.8,0,141.1125,5.375,80.75,3000,3097.5,2297,3479.2,147.125,0,2.375,0.6432,18790.5,612.2071,324.9192,49.6225,91.375
centered_candidate_000197_825d7bc1,centered-gaussian,8,8,0,91.25,63,50.7,148.2,76.282,1582.25,1289.5,1180.3,2140.5,0,135.3375,5,77,2813.625,2126,1868.3,4050.3,145,0,2.875,0.6145,21115.75,1846.8284,732.812,12.559,91.25
centered_candidate_000065_4726a44d,centered-gaussian,8,8,0,91.125,66,38,165.2,56.6578,1588.75,1417.5,888.6,2373.6,0,130.225,5.125,77.875,2663.875,2347,1102.6,4401,148.75,0,2.125,0.7675,18545.375,1445.181,659.9941,9.6711,91.125
search_candidate_000300_f50b0f47,random-phased,8,8,0,91.125,58.5,41.4,162.1,72.7022,1541.875,1261.5,916,2259.3,0,144.85,4.875,74.625,3029.625,2276.5,1639.3,4865.1,161.875,0,2.75,0.702,21131.25,1792.3579,724.8416,5.0489,91.125
centered_candidate_000111_9446fa9e,centered-gaussian,8,8,0,91,81.5,37.1,141.9,63.2416,1580,1583.5,856.4,2187.3,0,133.6625,5,77.625,2841.75,2618.5,1161.8,4296.5,150.25,0,2.875,0.6151,21817.25,1746.4127,654.3715,5.4792,91
search_candidate_000209_78f3c93a,random-phased,8,8,0,90.75,77.5,54.7,131.2,50.2687,1645.625,1518,1216.8,2103,0,145.7125,5.125,80.375,3003.75,2461,2191.4,4215.2,151.625,0,3,0.6051,20993.75,1087.4708,524.7425,29.5657,90.75
centered_candidate_000239_bf00ca80,centered-gaussian,8,8,0,90.5,60.5,39.4,153.7,95.8932,1494.75,1307,877.3,2153.3,0,129.5875,4.75,72.375,2562.125,1981.5,1205.2,4159.3,143.875,0,2.75,0.6317,20572.875,2197.5446,952.5127,-8.5466,90.5
centered_candidate_000006_3ffff1ed,centered-gaussian,8,8,0,90.25,80.5,42.4,140,64.3015,1563.5,1533,972.1,2127.4,0,136.2,5,75.25,2768.25,2502,1476,4193.4,143.5,0,2.75,0.6155,20534.5,1691.9336,668.0921,10.2492,90.25
centered_candidate_000215_2dd53b9f,centered-gaussian,8,8,0,90,66.5,36.5,152.5,80.7991,1460.625,1354,824.1,2104.6,0,129.4875,4.75,70.125,2463.25,2056,1165.1,3857.7,148.5,0,2.875,0.5864,21526.75,1731.7973,768.8184,-3.8996,90
centered_candidate_000033_2f60eae1,centered-gaussian,8,8,0,89.875,62,35.8,153.7,83.7219,1499,1269.5,835.9,2174.5,0,134.2125,4.875,71.625,2650.125,1986.5,1183.5,4441.6,148.75,0,2.5,0.6746,20020.75,2185.1504,832.6548,-6.061,89.875
centered_candidate_000018_d09668f1,centered-gaussian,8,8,0,89.5,41,33.2,196.7,84.7835,1467.5,932,748.6,2738,0,141.925,4.625,69.375,2891.75,1464,970.2,6449.2,146.875,0,2.125,0.7417,17562.625,2589.0662,960.926,-9.1918,89.5
centered_candidate_000017_a9fb6e0e,centered-gaussian,8,8,0,89.375,84,38.7,150.2,50.9263,1614.125,1683.5,952.6,2202.2,0,144.35,4.875,79.125,2902.875,2753.5,1458.5,4124.9,143.5,0,2.75,0.6158,20427.125,1273.4293,537.0632,13.2369,89.375
search_candidate_000007_a8f74bd8,random-phased,8,8,0,89.375,68,50.8,148.6,57.8099,1623.375,1448,1175.3,2253.4,0,151.3625,5.125,78,3042.25,2678,1912.8,4476.8,154.25,0,2.75,0.5191,20234.75,1380.9653,569.0358,21.8951,89.375
centered_candidate_000188_3f5608ad,centered-gaussian,8,8,0,88.375,75,39,142.1,65.2456,1582.125,1570,973.6,2245,0,145.4125,4.875,76.375,2996,2669,1765.2,4445.5,143.5,0,2.625,0.6464,19601.75,1621.076,656.7544,6.3772,88.375
centered_candidate_000080_3480387c,centered-gaussian,8,8,0,88.25,60.5,35.9,159,73.8728,1542.125,1390.5,850,2319.6,0,137.9125,4.875,74.25,2713.75,2455,1369,4249.8,142.75,0,2.5,0.6519,19596.125,1484.1339,767.1601,-1.0364,88.25
centered_candidate_000201_31968066,centered-gaussian,8,8,0,88.25,48,33.1,191.6,83.0704,1490.875,1043,753.1,2808.2,0,127.25,4.75,73.375,2577.75,1630.5,1026.7,5413.7,150.125,0,2.5,0.7926,19950.375,2164.7093,959.3081,-8.4352,88.25
centered_candidate_000053_fefae68d,centered-gaussian,8,8,0,88.125,65,28,172.8,69.2684,1483.25,1304.5,671.4,2539.3,0,132.2125,4.75,71.5,2668.875,2350,882.4,4810.4,146.125,0,2.25,0.6999,18477.625,1814.6934,812.1122,-6.6342,88.125
centered_candidate_000075_26802fec,centered-gaussian,8,8,0,88.125,56.5,46.4,151.1,82.0708,1512.25,1212.5,1081.5,2173.3,0,137.9125,4.875,71.875,2650.625,1946,1603.8,4118.4,143.75,0,2.625,0.6783,20131.75,1920.494,746.9564,5.3646,88.125
centered_candidate_000245_349b9412,centered-gaussian,8,8,0,88.125,57.5,41.7,149,77.7728,1542.375,1301,944.8,2227.1,0,137.65,4.75,75.625,2767.875,2288,1457.1,4284.1,146.875,0,2.25,0.6605,18325,1700.575,800.9028,2.8136,88.125
centered_candidate_000229_ef7c1715,centered-gaussian,8,8,0,88,54.5,33.5,155.4,102.4048,1447.25,1207,860.8,2101.9,0,128.5125,4.75,69.625,2515.25,1735.5,1236.3,4053.3,150.75,0,2.375,0.7542,19727.125,2310.5946,898.6917,-17.7024,88
search_candidate_000106_e617e387,random-phased,8,8,0,88,36.5,32.6,178.9,125.872,1411,890,811.1,2461.6,0,118.2375,4.5,69.5,2256.875,1270,1047.4,4279.3,145.125,0,2.25,0.7027,18828,2433.2654,1229.0853,-30.336,88
search_candidate_000261_1f074dd0,random-phased,8,8,0,87.875,68.5,39.4,151.2,59.3284,1570.25,1392,941.3,2270.7,0,141.8625,4.875,76.875,2837.625,2411,1349.2,4475.4,152,0,2.125,0.7394,18016.875,1708.1993,635.6553,9.7358,87.875
centered_candidate_000056_03790f2f,centered-gaussian,8,8,0,87.5,81.5,25.9,142.3,56.0692,1545.75,1575,618.4,2254.9,0,138.6625,4.875,74.625,2899.5,2832,797.6,4721.7,143.875,0,2.625,0.66,20199.75,1899.6124,740.0462,-2.1346,87.5
centered_candidate_000066_cd964d6f,centered-gaussian,8,8,0,87.5,82.5,53.7,120.1,45.401,1603.375,1616,1206.8,1960.9,0,147.675,5,77.5,2983.625,2664,1981.7,4183.8,148.375,0,3,0.4933,21422,1242.0674,457.2204,30.9995,87.5
centered_candidate_000238_dfb6c66e,centered-gaussian,8,8,0,86.875,84.5,63.4,115.3,20.9191,1607.625,1601.5,1230.6,1978.7,0,135.6625,5,79.625,2745.375,2902,1867.8,3468.3,145.625,0,2.75,0.5545,20653.625,712.5551,283.0861,52.9404,86.875
centered_candidate_000007_1384e90d,centered-gaussian,8,8,0,86.75,60,35.6,157.4,73.6644,1540.75,1329.5,855.1,2309.2,0,133.5375,5,74.5,2638.875,2069.5,1363.1,4259.4,146.25,0,2.25,0.7001,18747.75,1706.9975,804.806,-1.2322,86.75
centered_candidate_000114_d9a94966,centered-gaussian,8,8,0,86.75,71,37.5,139.4,63.0233,1532.25,1443.5,861.2,2174.1,0,135.5375,4.75,74.875,2780,2561.5,1218.1,4356.3,142.625,0,2.25,0.6274,17933.25,1711.2326,695.896,5.9883,86.75
centered_candidate_000162_ea330c64,centered-gaussian,8,8,0,86.75,53.5,37,167.9,82.4117,1484.125,1186,833.9,2427.3,0,131.25,4.75,71.75,2506.125,1815.5,1159.1,4314,144.375,0,2.125,0.6707,17801.75,2003.8554,842.3256,-4.2058,86.75
centered_candidate_000197_3e556c72,centered-gaussian,8,8,0,86.75,61,39.1,150,59.0672,1522.625,1281.5,912.1,2247.3,0,137.5375,5,73,2619.375,1974,1275.5,4448.4,152.875,0,2.375,0.7041,18901.875,1539.4369,650.0344,9.5664,86.75
centered_candidate_000140_b75a4d70,centered-gaussian,8,8,0,86.5,67,37.5,142.6,69.1737,1527.125,1379.5,877.4,2198.8,0,138.7,4.875,73.375,2736.375,2136.5,1365.8,4561.3,145.75,0,2.375,0.6696,18984.375,1804.0436,746.3408,2.9132,86.5
centered_candidate_000263_1c613750,centered-gaussian,8,8,0,86.5,51.5,35.7,152.9,83.933,1445.5,1128,841.4,2224.9,0,127.8875,4.625,69.75,2489.125,1696.5,1161.1,4236.3,141.875,0,2.375,0.7098,19051.375,2000.4025,837.7106,-6.2665,86.5
centered_candidate_000320_e29ca582,centered-gaussian,8,8,0,86.25,63,39.4,143.7,64.6679,1545.125,1322,975.4,2224.6,0,140.6875,4.75,75.25,2825.75,2394.5,1574.1,4255.7,143.625,0,2.625,0.6075,19520.25,1441.1938,654.5912,7.066,86.25
general_top5-average-phased_c167807a,top5-average-phased,8,8,0,86.25,51,35.9,170.7,83.3453,1426.125,1095,784.7,2367.7,0,129.525,4.625,68.25,2592.75,1851,1020,4545,145.375,0,2.375,0.6556,19359.875,2154.6041,865.4306,-5.7726,86.25
search_candidate_000327_5eb69a3f,random-phased,8,8,0,86.25,77,40.1,127.6,36.6904,1571.25,1491,935.2,2125.2,0,140.725,5,76.25,3036.25,2906,1681,4294.1,149.875,0,3.25,0.5742,22622.125,1081.3637,472.3031,21.7548,86.25
centered_candidate_000303_3dff8896,centered-gaussian,8,8,0,86,83,34.7,135.8,49.2874,1580.5,1639.5,801.7,2204.9,0,131.975,4.875,79,2708.625,2923,1150,3883.5,146,0,2.5,0.6197,19749,1300.3029,616.2258,10.0563,86
centered_candidate_000322_64357f6f,centered-gaussian,8,8,0,85.875,79.5,36.8,129.7,46.0582,1588,1610,842.1,2173.5,0,136.025,5,78.25,2754.5,2652,1179.6,4074.5,147.25,0,2.875,0.6354,21123.125,1339.6741,557.0029,13.7709,85.875
search_candidate_000238_449ee6d6,random-phased,8,8,0,85.75,57.5,31.3,153.2,84.7758,1455,1207.5,813.7,2223.2,0,138.9,4.625,69.625,2604.5,1864,1209,4305.3,150.25,0,2.375,0.6852,18856.5,2142.166,811.0239,-11.0879,85.75
centered_candidate_000259_36d89661,centered-gaussian,8,8,0,85.375,42,35.4,163.2,102.9319,1339.25,926.5,801.4,2160.3,0,127.275,4.375,63.5,2452.25,1412,1130.3,4366.4,147.625,0,2.875,0.6043,21374.25,2331.1226,914.8228,-16.066,85.375
centered_candidate_000300_fde1bda2,centered-gaussian,8,8,0,85.375,69.5,26.7,148.6,74.1298,1459.875,1421.5,620.1,2260.7,0,126.95,4.75,71,2547.75,2285,829.2,4231.4,148,0,2.375,0.7727,19408.625,1888.268,815.5537,-10.3649,85.375
centered_candidate_000291_62eb1ef4,centered-gaussian,8,8,0,85,79.5,67,112.3,19.9687,1595.75,1547,1351.7,1915.5,0,136.9375,5.125,77.75,2768.375,2710,2362,3167.5,145.25,0,2.25,0.615,18493.5,390.6152,217.6751,57.0156,85
centered_candidate_000215_b46c6288,centered-gaussian,8,8,0,84.875,62,50.7,130.5,67.0269,1518,1299.5,1064.1,2039.2,0,143.4375,4.875,72.125,2970.75,2326.5,1579.3,4534.8,146.5,0,2.875,0.6413,21233.875,2280.728,732.1996,17.1865,84.875
centered_candidate_000256_eab777e1,centered-gaussian,8,8,0,84.875,63,37.8,147.6,76.3781,1453.75,1264,891.3,2199,0,134.225,4.5,71.25,2665.5,2125,1305.8,4478.1,149.5,0,2.125,0.7764,18164.375,2035.6934,789.8917,-0.389,84.875
centered_candidate_000308_00954138,centered-gaussian,8,8,0,84.75,46.5,35.2,155.5,88.194,1459.5,1127.5,769.1,2337.9,0,124.8875,4.75,70.75,2518.875,1720.5,916.4,4510.4,141.875,0,2.375,0.7666,19348,2246.6341,910.3177,-8.897,84.75
search_candidate_000246_6be497be,random-phased,8,8,0,84.75,42,32,168.3,88.4544,1445,1032.5,851.2,2364.5,0,149.25,4.75,66.375,2515.125,1625,1191.2,4769.2,150.625,0,2.5,0.674,20081.5,1988.032,868.8284,-12.2272,84.75
centered_candidate_000097_03504ef6,centered-gaussian,8,8,0,84.625,66.5,38.4,137.8,61.5588,1493.875,1371,844.1,2093.8,0,132.6875,4.75,72.625,2656.625,2180,1173.4,4190.2,144.75,0,2.25,0.7058,18148,1788.2815,672.8175,7.6206,84.625
search_candidate_000178_f06781f0,random-phased,8,8,0,84.625,46,36.6,156.7,87.3369,1377.625,975.5,793.7,2200.6,0,132.85,4.625,65.875,2673.125,1686.5,1006.1,4921.1,165.375,0,2.625,0.7015,21122.875,2421.6988,853.5438,-7.0685,84.625
centered_candidate_000100_d08edf85,centered-gaussian,8,8,0,84.375,87,48.4,119.2,33.6858,1601.75,1688,1056.5,2089.5,0,133.75,5.125,78.875,2781.25,2847,1529.4,3895.1,145.25,0,2.375,0.6461,19162.375,985.6465,484.2432,31.5571,84.375
centered_candidate_000126_1340e356,centered-gaussian,8,8,0,84.25,62,32.9,169.6,56.2111,1463,1280,766.5,2507.9,0,125,4.625,72.125,2497.875,2204,1223,4347,143.25,0,2.75,0.5998,20170.375,1287.973,696.5625,4.7945,84.25
centered_candidate_000314_b560bd7d,centered-gaussian,8,8,0,84.125,64,40.2,141.8,70.7574,1515.625,1294,935.3,2258.7,0,128.45,4.75,75.125,2583,2130,1300.1,4124.6,144,0,2.625,0.6638,20310,1846.1479,815.15,4.8213,84.125
centered_candidate_000283_22a6ac5f,centered-gaussian,8,8,0,83.5,63,39.1,138.8,60.2038,1527,1383,906.7,2201.3,0,143.6,4.875,72.625,2867.75,2324.5,1514.2,4585.4,142.625,0,2.625,0.6531,19790.375,1560.6292,677.2791,8.9981,83.5
centered_candidate_000118_88734c41,centered-gaussian,8,8,0,83.25,53,36.5,160.9,78.3242,1435,1161.5,849.4,2402.4,0,124.6875,4.625,69.875,2380.875,1706.5,1130.8,4214.2,142.375,0,2.25,0.7665,18800.5,1846.3103,813.0557,-2.6621,83.25
search_candidate_000266_76007778,random-phased,8,8,0,83.125,63.5,39.4,158.4,52.358,1479.375,1293.5,891,2420.5,0,142.1,4.625,71.5,2775.125,2341.5,1435.7,4971.2,150.5,0,2.625,0.6069,19499.75,1413.639,618.9091,13.221,83.125
search_candidate_000202_bc5e152d,random-phased,8,8,0,82.875,40.5,27.4,161.3,115.3954,1279.375,911,701.7,2104.3,0,111.7625,4.25,62.875,2047.375,1278.5,834.8,3725.9,153.5,0,2.25,0.8024,19432.25,2246.3059,1053.2128,-30.2977,82.875
centered_candidate_000072_ac87c146,centered-gaussian,8,8,0,82.75,46,35.8,170.7,77.9627,1398,1058,826.5,2411.7,0,124.175,4.5,67.75,2286.125,1516,1119.7,4314.5,141.5,0,2.125,0.7489,18213.375,1754.2513,822.5571,-3.1814,82.75
centered_candidate_000060_c5f66d09,centered-gaussian,8,8,0,82.375,52.5,35.7,172,68.6129,1481.75,1221,830.4,2555.9,0,124.9375,4.75,73.125,2369.875,1749,1202.7,4523,144,0,2.125,0.7353,18216.75,1598.8256,794.6533,1.3935,82.375
centered_candidate_000271_c4391363,centered-gaussian,8,8,0,82.375,66,46.5,132.4,40.8899,1562.5,1428,1021,2230.6,0,142.975,4.875,76,2809.875,2264.5,1563.4,4279,144.5,0,2.375,0.6734,18927.25,1347.5645,527.5216,26.055,82.375
centered_candidate_000190_098ff888,centered-gaussian,8,8,0,81.625,46,34.2,160.6,71.0316,1414.25,1065.5,793.9,2415.9,0,126.2375,4.5,68.875,2424.75,1710,1097.1,4616.8,141.375,0,2.375,0.6931,19061.625,1720.6305,782.8678,-1.3158,81.625
centered_candidate_000165_6ba5c537,centered-gaussian,8,8,0,81.25,88.5,36.1,116.9,33.1879,1501.25,1617,886,1968,0,133.3875,4.75,73.375,2760.125,2953,1520.6,3857.4,142.875,0,2.75,0.5762,20631.625,1001.9197,447.1065,19.506,81.25
centered_candidate_000204_a0f64dce,centered-gaussian,8,8,0,81.125,66.5,56.1,116.8,28.1267,1563.25,1396.5,1212.1,2025.8,0,133.925,4.875,77.625,2697.5,2286,2102.4,3708,143.5,0,2.75,0.6227,20660.75,697.5385,355.0305,42.0367,81.125
centered_candidate_000230_fa8dfa49,centered-gaussian,8,8,0,81.125,56,32.6,141.8,81.4362,1409,1238.5,761.5,2130.4,0,131.375,4.625,67.25,2527.125,2040.5,1170.8,4164.4,146.5,0,2.5,0.6972,19972.625,2009.3263,791.9568,-8.1181,81.125
centered_candidate_000088_a18fa3f9,centered-gaussian,8,8,0,80.875,75,42.8,125.9,31.4739,1531.25,1528.5,984.7,2061.6,0,133.05,4.875,75.375,2721.125,2649,1564.2,3803.7,145.875,0,2.375,0.6667,19197.75,970.9138,420.0062,27.063,80.875
centered_candidate_000101_9cfe1c4c,centered-gaussian,8,8,0,80.875,45,36,161.3,67.0996,1437.875,1093,834.1,2401.5,0,133.2125,4.5,69.75,2545.375,2032.5,1102.6,4573.6,141.25,0,2.25,0.6795,18379,1600.922,746.2775,2.4502,80.875
centered_candidate_000199_53dbe68d,centered-gaussian,8,8,0,80.875,61,36.2,134.8,66.3427,1430.5,1251,814.6,2063,0,128.8125,4.625,69.125,2428.625,2029,1098.1,4018,142.625,0,2.875,0.6035,21391.125,1533.1599,664.4264,3.0286,80.875
centered_candidate_000081_31ec54af,centered-gaussian,8,8,0,80.75,58.5,33.1,133.5,66.2943,1445.25,1249.5,765.5,2115.8,0,129.2875,4.625,70.375,2473.5,2136.5,1112.1,4007.4,143.375,0,2.75,0.6112,20818.375,1531.362,744.0796,-0.0472,80.75
search_candidate_000049_a7f29abf,random-phased,8,8,0,80.625,92.5,48.8,106.4,25.6073,1557,1662,1062.6,1996.4,0,131.2625,4.875,78.25,2641.25,2855,1506.3,3515.7,150,0,2.25,0.6901,18549.5,827.5723,394.0184,35.9963,80.625
centered_candidate_000287_c68f7064,centered-gaussian,8,8,0,80.375,46.5,32.4,147.3,82.9457,1363.625,1010,790.7,2196.8,0,127.125,4.5,65.125,2354.375,1615.5,1065.4,4187.6,146,0,2.375,0.6615,19452.625,2043.2786,815.8448,-9.0728,80.375
centered_candidate_000339_7d15f2d4,centered-gaussian,8,8,0,80.25,38,28.1,168.1,105.4736,1270.25,898.5,680.4,2279.1,0,120.4125,4.25,60,2349.625,1372.5,815.9,5006.5,143.5,0,2.125,0.7914,18357.875,2546.0754,977.6732,-24.6368,80.25
search_candidate_000190_37cab7af,random-phased,8,8,0,80,39.5,26.3,162.3,104.1345,1264,877,726,2222.4,0,117.325,4.125,61,2002,1188.5,925.5,3825.5,144.375,0,2.125,0.7929,18636.875,2059.2451,974.1355,-25.7673,80
centered_candidate_000131_a521eabd,centered-gaussian,8,8,0,79.75,55,40.2,131.5,56.0106,1472.875,1217.5,925.1,2122.2,0,132.1375,4.625,72.25,2498.75,1995.5,1394.7,3920.9,142.75,0,2.625,0.5564,20065.5,1331.605,654.8982,12.1947,79.75
centered_candidate_000168_2e11204e,centered-gaussian,8,8,0,79.625,43.5,38.8,139.3,68.4926,1411.375,1024.5,910.2,2133.3,0,128.3375,4.375,69.25,2312.125,1470.5,1271,3855.8,139.5,0,2.5,0.6514,19374.5,1536.2565,717.2576,4.5537,79.625
centered_candidate_000191_81f9a5d3,centered-gaussian,8,8,0,79.625,65.5,37.7,124.3,50.1347,1439.875,1363,864.8,1951.1,0,130.1375,4.625,70.375,2442.75,2160.5,1181.6,3664.3,147.75,0,2.375,0.747,19355.375,1340.1275,571.8115,12.6327,79.625
centered_candidate_000036_85aedff4,centered-gaussian,8,8,0,79.375,52.5,35.8,141.4,53.425,1425.125,1121.5,830.4,2219.8,0,128.1375,4.5,69.75,2308.25,1696,1204.4,3819.5,141.5,0,2.5,0.6673,19482.375,1273.3579,646.0647,9.0875,79.375
centered_candidate_000143_41e7321a,centered-gaussian,8,8,0,79.125,67,39.2,127.6,39.8009,1468.375,1421.5,863.4,2063.2,0,134.6625,4.625,71.5,2514,2308,1465.8,3679.3,142.25,0,2.375,0.6089,18872.375,1051.681,504.064,19.2996,79.125
centered_candidate_000232_40783b75,centered-gaussian,8,8,0,78.75,40.5,28.3,155,98.7392,1276.5,924,683.7,2209.2,0,113.7375,4.25,61.5,2092.375,1210.5,794,4112.7,140.25,0,2.5,0.69,19929.375,2313.3365,942.4729,-21.0696,78.75
centered_candidate_000288_fc63b02e,centered-gaussian,8,8,0,78.75,82.5,30.4,115.6,33.8812,1491.75,1624,734.8,1977.6,0,122.35,4.875,74.125,2402.5,2587.5,911.5,3504,145.625,0,2.75,0.6104,20968.75,986.5649,490.9521,13.4594,78.75
search_candidate_000009_e1f788b1,random-phased,8,8,0,78.75,37,24.1,214.8,82.0225,1342.75,914.5,676.2,2854.4,0,124.225,4.25,65.875,2221.875,1170.5,796,5629,146.5,0,2.75,0.6974,21138.75,2078.9856,919.9168,-16.9112,78.75
search_candidate_000303_e432fc83,random-phased,8,8,0,78.5,81,52.9,99.4,19.3714,1555.5,1639,1206.3,1790.8,0,135.775,4.875,77.375,2784.375,2853,1951.6,3333,147.375,0,2.875,0.5663,20965.75,561.1096,250.3857,43.2143,78.5
centered_candidate_000035_a82fb1a4,centered-gaussian,8,8,0,77.875,55,43,129.1,64.6035,1407.75,1170,990.1,2003.6,0,134.8,4.625,66.625,2511.5,1868.5,1543.8,4047.6,142.875,0,2.375,0.6471,18852.375,1656.4185,648.8593,10.6983,77.875
centered_candidate_000227_41bd63ed,centered-gaussian,8,8,0,77.875,76,46.9,115,31.2427,1489,1478.5,1017.8,1983.2,0,125.7375,4.625,75,2438.375,2426.5,1454.9,3436.1,143.75,0,2.25,0.6542,18616.75,916.9099,477.5565,31.2786,77.875
centered_candidate_000346_49872759,centered-gaussian,8,8,0,77.875,77,44.2,110.6,33.5427,1518.375,1537.5,1061,2004.4,0,131.1875,4.75,75.75,2565.5,2433.5,1594.9,3742.5,144.625,0,2.5,0.6479,19790.875,908.6621,443.5792,27.4287,77.875
centered_candidate_000221_f7925cd1,centered-gaussian,8,8,0,77.625,60.5,47.6,113.2,49.8772,1486.625,1288.5,1062.3,1964.2,0,137.0375,4.625,72.875,2622.125,2275,1604.6,3751.2,143,0,2.5,0.6612,19143,1354.7564,578.9585,22.6614,77.625
centered_candidate_000010_84aed6a0,centered-gaussian,8,8,0,77.25,54,38.5,130.3,62.066,1395.375,1251.5,874.3,2019,0,135.325,4.5,66.75,2566.75,2237,1322.4,4014.9,145.375,0,2.125,0.7479,17976,1669.0573,654.2987,7.467,77.25
search_candidate_000291_a1cd72e0,random-phased,8,8,0,77.125,76,62.7,97.4,13.995,1547.25,1524.5,1334.5,1796.8,0,146.4875,4.75,76.125,3006.75,2929,2508.6,3548.7,148.75,0,3,0.5606,21179.75,455.408,192.1521,55.7025,77.125
centered_candidate_000019_1efd6643,centered-gaussian,8,8,0,76.875,51,36.8,134,64.1062,1372.125,1112,836.8,2096.5,0,126.9625,4.375,66.625,2281.625,1681.5,1083,4018.6,140.375,0,2.25,0.6615,18420.5,1728.6806,691.4478,4.7469,76.875
centered_candidate_000187_f314eb09,centered-gaussian,8,8,0,76.625,73.5,42,116.3,28.5392,1476.5,1457,977.6,2038.2,0,130.725,4.5,73.875,2492.5,2322,1384.9,3696.7,140.875,0,2.375,0.687,18730.25,880.7329,414.8671,27.7304,76.625
search_candidate_000161_f495d29d,random-phased,8,8,0,76.5,39.5,31.3,138.2,101.3176,1277,951,771.6,1928.5,0,120.6125,4.125,62.625,1899.625,1236.5,930,3139.8,150.875,0,2.125,0.7247,18177.125,1930.7254,957.0022,-19.3588,76.5
centered_candidate_000287_4f7133bd,centered-gaussian,8,8,0,76.375,65.5,37,119.3,42.6202,1436.875,1409,887.6,1934.9,0,129.2,4.625,70,2402.75,2211,1228.3,3561.7,141.25,0,2.375,0.5847,18736,1127.985,500.6669,15.6899,76.375
centered_candidate_000212_dd7e6a9b,centered-gaussian,8,8,0,76,77,43.4,108.7,25.4116,1468.625,1493.5,986.8,1907.3,0,127.5125,4.75,72.5,2446.875,2595.5,1717.4,3015.7,145.125,0,2.875,0.6455,21342.625,642.4351,370.7357,30.6942,76
centered_candidate_000087_fba4f54f,centered-gaussian,8,8,0,75.75,77.5,41.1,108.9,26.1618,1490.25,1521.5,928.7,1993.3,0,127.3625,4.625,75.125,2444.375,2423,1372.1,3455.5,144,0,2.375,0.6551,19349,815.5585,406.424,28.0191,75.75
search_candidate_000008_9e224844,random-phased,8,8,0,75.625,42,33.4,161.2,53.4928,1395.625,1062,934.1,2305.2,0,159.6375,4.375,65.625,2779.25,1751,1468.6,5313.4,163.75,0,2.125,0.7621,18698.125,1650.8536,569.9316,6.6536,75.625
centered_candidate_000239_10375491,centered-gaussian,8,8,0,75.375,82,53.2,92.3,17.5067,1464.75,1564,1112.8,1716.7,0,129.725,4.5,73.125,2517.75,2418,1789.7,3296.3,139.75,0,2.375,0.6612,18878.125,625.2001,267.9224,44.4467,75.375
search_candidate_000187_e09c17b9,random-phased,8,8,0,74.75,52,36.9,126.3,59.3817,1349.125,1136,831.1,1962.1,0,128.975,4.375,65.375,2253.625,1707.5,1115.8,3692.9,147.75,0,2,0.7857,17653.625,1623.8708,674.6989,7.2091,74.75
search_candidate_000325_06e51973,random-phased,8,8,0,74.625,66,58.8,95.2,18.2067,1477.375,1378,1235.5,1836.9,0,134.6375,4.625,72.875,2783,2479.5,2269.8,3704.5,142.875,0,2.75,0.5731,20110.75,604.2386,251.6093,49.6966,74.625
centered_candidate_000037_0e8ea53a,centered-gaussian,8,8,0,74.5,43,35.8,146.4,65.0269,1356.375,970,863.2,2275.9,0,125.3625,4.375,66,2275.875,1461.5,1159.4,4295.2,141.75,0,2.375,0.6674,19274.875,1832.8132,760.4924,3.2865,74.5
centered_candidate_000207_d762578c,centered-gaussian,8,8,0,73.75,80,39.2,95.3,21.9986,1462.375,1539.5,947.4,1756.8,0,122.0375,4.625,74,2253.5,2417.5,1301.6,2857.6,144.5,0,2.375,0.6745,19010,643.1341,330.0988,28.2007,73.75
search_candidate_000309_4d0eae8b,random-phased,8,8,0,73.75,77,35.4,110.4,28.6912,1420.375,1532,875.2,1888.1,0,120.725,4.625,71.25,2254.75,2474,1104.6,3245.5,149.875,0,2.75,0.7277,21432,844.8721,419.8488,21.0544,73.75
search_candidate_000276_ba4c5bb2,random-phased,8,8,0,73.625,62,47,110.9,32.6571,1409.375,1275.5,1053,1949.5,0,127.3875,4.5,69.75,2497.625,2363,1589.8,3650.4,146.25,0,2.625,0.5903,19679.125,916.9279,419.6302,30.6715,73.625
centered_candidate_000108_a8d00a3f,centered-gaussian,8,8,0,73.5,61,39.7,112.9,51.5534,1366.875,1312.5,888.5,1882,0,134.425,4.25,66.375,2440.75,2200.5,1282.4,3599.3,141.5,0,2.75,0.6131,20278.125,1279.9731,570.8405,13.9233,73.5
centered_candidate_000039_5860e178,centered-gaussian,8,8,0,72.75,56,39.7,125.6,39.2134,1394.625,1245.5,922.7,2088.3,0,136.925,4.375,67.625,2380.375,1947.5,1396.3,3848.6,143.375,0,2.375,0.6509,18848.125,1187.8627,505.8631,20.0933,72.75
centered_candidate_000094_2cfedd65,centered-gaussian,8,8,0,72.75,57.5,35.1,119.9,40.2671,1412.875,1255.5,843.3,2049,0,127.3625,4.5,69.625,2443.75,2111.5,1247.4,3827.2,140.625,0,2.5,0.6889,19600.625,1190.554,529.1782,14.9665,72.75
centered_candidate_000226_957570c0,centered-gaussian,8,8,0,72.75,64,44.6,113,29.4905,1418,1332,1025.1,1906,0,122.0375,4.625,70,2317.25,2035.5,1554.4,3423.4,140.25,0,2.75,0.6377,21004.5,777.5001,398.5182,29.8548,72.75
centered_candidate_000334_a6de0150,centered-gaussian,8,8,0,72.75,70,43.8,105.9,23.5146,1489,1524,1044.6,1899.9,0,136.3875,4.625,73.625,2662.625,2785,1700.5,3564.2,141.25,0,2.875,0.5251,20805.375,740.686,341.7378,32.0427,72.75
search_candidate_000028_dd05c90c,random-phased,8,8,0,72.625,70.5,47.3,100.2,23.6058,1457.25,1474.5,1087,1835.2,0,129.825,4.625,73.25,2638,2654,1666.3,3603.8,153.375,0,3,0.5575,21547.375,917.6518,357.7184,35.4971,72.625
search_candidate_000102_7ea14585,random-phased,8,8,0,72.375,74,46.5,95.1,22.0564,1452.75,1517.5,1110.5,1775,0,139.1125,4.625,70.625,2641.375,2783,1938.4,3174.6,145.625,0,2.375,0.6127,18867.125,605.1316,292.9824,35.4718,72.375
search_candidate_000324_665890a2,random-phased,8,8,0,72.25,71.5,56,88.9,15.3765,1447.375,1471,1201.7,1677.5,0,134.2,4.5,72.625,2593.75,2572,2149.3,3197.1,152.75,0,2.875,0.5592,20735.5,490.8003,226.3476,48.3117,72.25
search_candidate_000133_1a0bbd94,random-phased,8,8,0,71.875,76,36.7,101.1,24.6447,1398.25,1500.5,854.9,1826.7,0,117.9875,4.625,69.5,2390.625,2634.5,1218,3456.8,144,0,2.875,0.5998,21289.125,841.5315,370.5826,24.3777,71.875
centered_candidate_000067_635a8df4,centered-gaussian,8,8,0,71.75,58.5,48.5,103.3,31.606,1415.25,1243.5,1085.3,1823.3,0,134.5375,4.5,69,2487.5,2091.5,1724.9,3493.5,143.25,0,2.625,0.6519,19743,931.5258,401.3209,32.697,71.75
centered_candidate_000154_1566afb9,centered-gaussian,8,8,0,71.75,66.5,51.5,97.1,20.3332,1418.625,1407.5,1166.3,1694.2,0,124.8375,4.5,70.875,2340.125,2317.5,1861.3,2862.2,142.875,0,2.625,0.601,20090.25,524.8129,270.8145,41.3334,71.75
search_candidate_000260_33da2c01,random-phased,8,8,0,71.625,64,53.3,97.8,20.6151,1445,1304,1203.3,1831.1,0,131.325,4.5,72.375,2464.75,2328,1843.4,3101.2,146.625,0,2.75,0.5699,20293,739.5277,297.4895,42.9924,71.625
centered_candidate_000344_42db04f1,centered-gaussian,8,8,0,71.5,52.5,32,124,41.2735,1386.375,1162,846.4,2077.4,0,122.6625,4.5,69,2168.625,1733,1081.4,3577.7,147.125,0,2.625,0.6833,20633.375,1026.1687,533.6246,11.3633,71.5
centered_candidate_000329_c5b0217a,centered-gaussian,8,8,0,71.375,48.5,38.2,135.6,40.2521,1380.125,1127,905.1,2188.8,0,119.1375,4.5,68.625,2250.5,1824,1329.1,3760.6,142.875,0,2.5,0.6878,20049.125,1037.4743,531.4486,18.0739,71.375
centered_candidate_000339_4e1079e2,centered-gaussian,8,8,0,70.75,74,38.4,95.6,23.8577,1383.375,1494,880.4,1760.6,0,122.875,4.5,68.125,2246.75,2421,1255.9,3075.2,140.5,0,2.5,0.5966,19500.75,761.7212,366.7499,26.4712,70.75
centered_candidate_000112_a3e25aeb,centered-gaussian,8,8,0,70.625,70,50.1,93.4,21.6329,1408.25,1405.5,1081,1743,0,125.6125,4.5,69.75,2315.25,2365,1688.6,3041.9,140.25,0,2.375,0.6658,18981.875,621.9023,311.546,39.2835,70.625
centered_candidate_000124_d4189e86,centered-gaussian,8,8,0,70.625,51,33.1,119.2,46.4595,1337.625,1139.5,784.4,1986.9,0,129.8125,4.25,65.125,2377.75,1923.5,1150.8,4015.1,142.25,0,2.625,0.6502,20094.125,1446.3649,600.307,9.8703,70.625
centered_candidate_000342_d9e17b6c,centered-gaussian,8,8,0,70.5,48,33.3,117.2,69.7997,1271.75,1105,799.7,1829.3,0,126.5375,4.25,60.25,2266.5,1787.5,1184.3,3493.7,142.625,0,2.25,0.7065,18484.875,1789.1807,683.3322,-1.5999,70.5
centered_candidate_000276_2f02ef37,centered-gaussian,8,8,0,70.25,67,47.9,94.6,23.2957,1382.625,1377,1071.2,1682.5,0,126.3625,4.5,68.125,2323.375,2380,1561.2,2930.9,146,0,2.5,0.6917,19838,627.1549,298.5724,36.2522,70.25
search_candidate_000048_a812ed28,random-phased,8,8,0,70.25,50,35.8,112.3,59.5772,1287.5,1091,847.1,1804.1,0,127.1125,4.125,62.25,2110.75,1672.5,1060,3283.3,141.5,0,2.25,0.7014,18495.875,1596.588,660.6255,6.0114,70.25
search_candidate_000087_887e6283,random-phased,8,8,0,70.25,37.5,22.1,142.5,81.6023,1268.125,875.5,611.1,2251.3,0,113.0875,4.25,62.5,1892.25,1150,679,3575,145.625,0,2.125,0.8346,18837,1777.8783,931.7704,-18.7012,70.25
search_candidate_000152_e4ff4ff2,random-phased,8,8,0,70.125,66.5,39.8,95.5,26.3839,1365.5,1345.5,892.4,1734.5,0,128.6625,4.375,66.875,2431,2390,1465.1,3322,142.625,0,2.875,0.574,20706.75,805.2568,362.2151,26.6081,70.125
centered_candidate_000340_47f4d74b,centered-gaussian,8,8,0,70,70.5,42.7,96.1,27.9643,1432.25,1541,976.9,1805.7,0,133.9,4.5,70.625,2780.25,2878,1981.1,3577.5,142,0,2.5,0.668,19470,1004.5466,500.4228,28.7179,70
search_candidate_000197_b2ed6b98,random-phased,8,8,0,70,61,53.1,94.2,17.3421,1461.5,1329.5,1222.7,1819.5,0,142.4875,4.5,71.75,2724,2694,2168.1,3483.7,143.5,0,3.25,0.5162,22594.75,519.652,271.7991,44.4289,70
centered_candidate_000078_15fcc39e,centered-gaussian,8,8,0,69.75,61.5,33.4,118.7,38.8064,1351.625,1320.5,814.1,2049.9,0,119.0875,4.375,67,2235.375,2146.5,1061,3595.2,139.125,0,2.25,0.5839,18571.375,1119.5607,544.4421,13.9968,69.75
centered_candidate_000163_fe2e9b5d,centered-gaussian,8,8,0,69.75,63,31.4,113.7,37.7053,1344.375,1289,776.4,1968.8,0,122.1375,4.375,66,2234.125,2158,1012.4,3472.8,140.25,0,2.125,0.7223,18070.125,1110.3916,524.3544,12.5474,69.75
centered_candidate_000198_9220ea25,centered-gaussian,8,8,0,69.75,60,41,106.6,25.5966,1372,1296.5,929.1,1896.3,0,127.9375,4.375,67,2338,2111,1608.6,3410.2,136.875,0,2.625,0.5862,19963.875,678.8529,359.0947,28.2017,69.75
search_candidate_000172_10a8fc65,random-phased,8,8,0,69.75,73,46.2,89.2,17.4481,1387,1463,1045.2,1636.7,0,127.375,4.5,68.75,2517.5,2674.5,1740.7,3106.4,149.75,0,2.5,0.5947,19278,568.6816,246.5071,37.4759,69.75
centered_candidate_000094_d4694cae,centered-gaussian,8,8,0,69.625,67.5,39.9,103.3,25.9708,1369.375,1353,892,1850.7,0,123.5875,4.5,67.125,2224.375,2171,1330.2,3256.6,141.875,0,2.5,0.7191,19312.625,786.5121,389.2576,26.9146,69.625
centered_candidate_000224_b7929341,centered-gaussian,8,8,0,69.625,66,38.3,99.7,29.2529,1386.875,1359.5,898.9,1806.6,0,125.5375,4.5,68.625,2340,2432.5,1248.3,3145.9,145.375,0,2.375,0.6893,18744.5,864.8381,401.0958,23.6735,69.625
search_candidate_000283_240aa62f,random-phased,8,8,0,69.5,68,53.7,85.1,14.3962,1415.25,1393.5,1179.8,1677.4,0,127.425,4.5,71.25,2450.25,2435,1972.8,2957.1,151.375,0,2.875,0.564,20923.375,430.4012,207.4703,46.5019,69.5
search_candidate_000318_a7cad0ac,random-phased,8,8,0,69.5,63.5,34,108.3,32.5231,1349.375,1281,831.7,1939.5,0,114.25,4.5,68.125,1857.75,1760.5,966.5,2819,152.875,0,2.25,0.8158,19508.625,803.063,466.7188,17.7385,69.5
centered_candidate_000327_b47ea5e9,centered-gaussian,8,8,0,69.375,69.5,29.4,104.4,33.3352,1347.25,1441.5,725.4,1840.1,0,119.1875,4.625,65.375,2152.75,2380.5,845.9,3027.8,144,0,2.375,0.7163,19327,910.5015,468.0611,12.7324,69.375
centered_candidate_000010_5002aead,centered-gaussian,8,8,0,69.25,77,33.1,95.6,29.4777,1399.125,1598,804.7,1797,0,122.4,4.5,69.5,2237,2497.5,1061.3,3096.9,138.375,0,2.5,0.6625,19354.875,857.9458,437.7975,18.3611,69.25
search_candidate_000224_e17fc925,random-phased,8,8,0,69.25,45,28.7,119.4,67.5606,1243.125,1037.5,745.7,1825.6,0,124.7625,4.125,61.125,2137.25,1570,990,3603,162.25,0,2.25,0.8592,19972.25,1586.4529,657.7789,-5.0803,69.25
search_candidate_000230_816c6aa5,random-phased,8,8,0,69.25,65.5,54.6,87.5,15.2787,1401.5,1334,1145.7,1729,0,130.075,4.25,71.125,2473.25,2471.5,1763,3131.5,147.75,0,3,0.5524,21207.75,572.2398,265.0424,46.9607,69.25
search_candidate_000323_50732769,random-phased,8,8,0,69.25,60,43.3,109.3,35.0812,1342.375,1248.5,1027.8,1824,0,134.7875,4.375,64.125,2258.375,1879,1474,3492.1,143.625,0,2.625,0.6787,20213.25,1122.8803,404.5228,25.7594,69.25
search_candidate_000212_3ac82ab6,random-phased,8,8,0,69.125,59.5,43.6,103.1,27.8812,1376.125,1238,987.4,1842.3,0,120.75,4.375,69.125,2171.625,1791,1341,3453.9,142,0,2.625,0.6616,20136.5,934.3264,410.7501,29.6594,69.125
search_candidate_000103_d79f3f6a,random-phased,8,8,0,69,67.5,53.8,83.9,13.1814,1445.625,1427.5,1225.1,1694.4,0,130.4125,4.5,72.625,2351.5,2360,1948.2,2679,143.875,0,3.125,0.6171,21987.5,333.9936,208.7318,47.2093,69
centered_candidate_000279_f785ced2,centered-gaussian,8,8,0,68.5,56.5,40.3,106.7,36.6708,1350.75,1199.5,956.8,1874.3,0,130.0875,4.5,64.625,2300.5,1873,1426.6,3866.9,141.875,0,2.625,0.6412,20036.75,1088.3546,472.7864,21.9646,68.5
centered_candidate_000248_2b42d34c,centered-gaussian,8,8,0,68.25,53,33.4,112.3,41.7096,1304,1167.5,810.5,1911.5,0,121.3375,4.125,64.75,2152.25,1869,1119.8,3579.9,140.75,0,2.125,0.7686,18159.5,1126.6744,534.5919,12.5452,68.25
centered_candidate_000058_be533267,centered-gaussian,8,8,0,68.125,49.5,33.1,110.5,60.3954,1296,1159,750.7,1846.5,0,128.9875,4.25,62,2318.125,1827.5,1076.8,3622.1,141.375,0,2.5,0.6849,19845.25,1819.4938,738.6087,2.9023,68.125
centered_candidate_000159_15d2b40d,centered-gaussian,8,8,0,68,73.5,38.4,94.9,24.7841,1365,1502.5,879.3,1773.8,0,126.475,4.375,67.25,2270.5,2484,1357.3,2990.5,140.5,0,2.5,0.6697,19583.125,706.9645,389.1857,26.008,68
centered_candidate_000146_53beeb77,centered-gaussian,8,8,0,67.875,69,39.1,94.1,23.9345,1357.25,1413.5,922.4,1706.7,0,130.0375,4.375,66.125,2381.5,2431,1513.8,3182.7,141.875,0,2.375,0.5796,18695.5,679.4185,342.6528,27.1328,67.875
search_candidate_000341_450174cd,random-phased,8,8,0,67.875,79.5,32.7,88.3,23.8927,1349,1476.5,785,1692.6,0,132.5875,4.5,68.25,2507.25,2692.5,1178,3473.8,182.625,0,2.625,0.9886,23237.375,927.5754,386.9606,20.7537,67.875
centered_candidate_000218_5d76bb9b,centered-gaussian,8,8,0,67.75,59.5,42.6,102.8,27.7207,1376.75,1356,1052.9,1748.9,0,123.5375,4.375,68.75,2185.5,2016.5,1468,3001.3,140.625,0,2.5,0.6481,19580.875,726.4855,322.7936,28.7396,67.75
centered_candidate_000296_0fe56cb9,centered-gaussian,8,8,0,67.75,65,31.1,111.5,32.422,1333.5,1319,776.3,1960.2,0,118.85,4.375,66.75,2144,2223.5,999.8,3301.1,148.75,0,2.125,0.7716,18498.5,952.8607,484.1717,14.889,67.75
centered_candidate_000310_bcf3b4db,centered-gaussian,8,8,0,67.75,58,39.5,100.6,28.2787,1376.125,1264,906.5,1832.6,0,130.45,4.375,67.5,2396.75,2396,1370.1,3381.1,140.25,0,2.5,0.6044,19276.375,815.6751,396.5462,25.3606,67.75
centered_candidate_000147_8b3aab83,centered-gaussian,8,8,0,67.5,66,53.6,83.9,13.7568,1359.375,1387,1083.8,1596.5,0,124.2125,4.375,67.5,2171.625,2437,1503.1,2527.2,143.5,0,2.5,0.7351,19980.5,430.423,220.3712,46.7216,67.5
centered_candidate_000357_53b782a2,centered-gaussian,8,8,0,67.5,64,32.2,103.9,29.9291,1344.625,1345.5,817.9,1874.7,0,115.3125,4.375,67.5,2071.125,1928,1048,3145.7,140.875,0,2.375,0.6164,19359.25,926.6026,438.6006,17.2355,67.5
centered_candidate_000326_eb89d16c,centered-gaussian,8,8,0,67.375,67.5,45.1,90.6,21.5751,1333.25,1378,1025.9,1647,0,122.8,4.375,65.25,2234.375,2297.5,1580,2856,140.375,0,2.125,0.7182,17871.125,631.8394,302.4334,34.3125,67.375
centered_candidate_000353_31ac5993,centered-gaussian,8,8,0,67.375,66.5,32.6,100.1,28.2353,1313.25,1389.5,766.4,1750,0,113.2375,4.375,65.625,1893.5,1977.5,916.9,2706.6,144.875,0,2.25,0.7576,19165.375,714.1418,402.7567,18.4823,67.375
centered_candidate_000099_c7fd17ba,centered-gaussian,8,8,0,67.125,62.5,45.2,97.2,25.8139,1379.75,1387.5,1042.1,1784.4,0,131.8875,4.375,67.75,2522.5,2387.5,1639.3,3556.9,141.25,0,2.375,0.6583,19067.75,976.47,368.9948,32.293,67.125
search_candidate_000074_e044194a,random-phased,8,8,0,67.125,50,37.8,110.7,44.6555,1390.375,1226.5,972,1992.5,0,151.15,4.375,65.75,2500.125,2065,1538.2,3888.6,144.5,0,2.125,0.6313,17570.5,1280.158,508.7941,15.4723,67.125
centered_candidate_000052_6e05d17b,centered-gaussian,8,8,0,67,65.5,40.4,91.2,23.3024,1362.5,1351.5,915.6,1769.1,0,129.0625,4.375,67.25,2341.75,2178,1490,3252.1,145.875,0,2.25,0.6928,18513.75,701.2045,374.9433,28.7488,67
centered_candidate_000187_ad6f60c9,centered-gaussian,8,8,0,67,52,36.6,109.4,37.2592,1289.25,1105.5,797.1,1905.5,0,122.9,4.125,63.625,2177.375,1800.5,1178.1,3455.7,142.625,0,2.375,0.6674,19380.875,1147.9682,526.8552,17.9704,67
centered_candidate_000007_89b773d9,centered-gaussian,8,8,0,66.875,45.5,36.4,122.9,35.9703,1283.625,1046.5,858,2004.6,0,118.9125,4.125,63.875,2104.25,1618.5,1164.6,3584.4,142.75,0,2.5,0.717,19884.375,1052.421,473.5248,18.4149,66.875
centered_candidate_000315_9460aee5,centered-gaussian,8,8,0,66.875,64,35.7,98.4,32.4709,1320.875,1325.5,825.5,1778.4,0,123.0875,4.375,64.25,2191.25,2209,1203.4,3201.5,140.375,0,2.625,0.6284,20201.25,854.2707,442.3942,19.4645,66.875
search_candidate_000037_5256e23b,random-phased,8,8,0,66.875,57,45.5,96.1,24.7762,1373.375,1268,1124.4,1746.5,0,132.1375,4.375,67.375,2427.25,2339.5,1972.6,2982.2,143,0,2.875,0.5731,20827.125,544.7639,283.3085,33.1119,66.875
search_candidate_000182_a3b9c048,random-phased,8,8,0,66.875,66,54,81.3,10.6705,1407,1384,1234.1,1628,0,129.6375,4.5,70.5,2565.5,2397,2145,3140,150.875,0,3.25,0.5737,22675.625,447.0657,165.3912,48.6648,66.875
search_candidate_000336_83e46361,random-phased,8,8,0,66.875,60.5,51.6,90.1,20.5818,1360.125,1288.5,1154.1,1627.5,0,130.9125,4.375,67.125,2554,2432.5,2098.7,3113.2,149.375,0,3,0.541,21321,503.242,251.4997,41.3091,66.875
centered_candidate_000101_6ec4b87d,centered-gaussian,8,8,0,66.75,68.5,43.1,88.1,17.7746,1334.125,1342,1072.1,1602.9,0,118.9,4.375,66.25,2046,2030.5,1510,2596.2,142.25,0,3.125,0.557,22664.125,505.8476,236.0219,34.2127,66.75
search_candidate_000118_d0e0c52a,random-phased,8,8,0,66.75,67.5,40.1,94,22.4486,1344.875,1403.5,903.9,1702.7,0,128.025,4.375,66,2397.125,2512.5,1334.1,3171.7,145.875,0,3.125,0.5843,22104.5,838.7578,324.7558,28.8757,66.75
centered_candidate_000245_04586a97,centered-gaussian,8,8,0,66.625,54,39.3,105.7,30.0539,1311.75,1171,874,1864.7,0,116.7625,4.375,64.75,2066.75,1747.5,1219.6,3206,142.125,0,2.25,0.7988,19146.5,897.2503,423.7702,24.2731,66.625
search_candidate_000124_407106a3,random-phased,8,8,0,66.625,68.5,55.1,77.9,10.9879,1386.125,1428,1186.7,1559.4,0,134.1625,4.5,67.5,2703.5,2820.5,2255.1,3091.9,145.375,0,3,0.5882,21279,351.4772,173.9745,49.606,66.625
centered_candidate_000003_5772bf7d,centered-gaussian,8,8,0,66.5,63.5,36.4,98,24.5764,1309.75,1331,833.7,1715.9,0,116.375,4.375,64.5,2002.125,2003,1196.5,2781,140.25,0,3,0.6447,21935.5,617.4432,346.3938,24.1118,66.5
centered_candidate_000060_a7a1d75a,centered-gaussian,8,8,0,66.5,46.5,30.9,128.9,39.8529,1302.5,1081,769.8,2150.1,0,112.5375,4.375,65,1978.25,1487,959.9,3631.2,145.25,0,2,0.7965,18470.875,1080.4804,568.6022,10.9736,66.5
centered_candidate_000066_4104b2ce,centered-gaussian,8,8,0,66.25,60,44.1,94.9,27.6485,1341.5,1266.5,1021.8,1731.9,0,122.85,4.375,66.25,2235.375,2091.5,1462,3083.5,141.875,0,2.625,0.5939,20268.5,796.6444,374.5991,30.2758,66.25
centered_candidate_000304_0c50bd95,centered-gaussian,8,8,0,66,59,49.1,94.6,19.3326,1375,1315,1145.3,1756.5,0,124.9375,4.25,69.125,2242.5,2123,1896.6,2810.5,137.25,0,2.5,0.6504,19281.875,387.1321,262.124,39.4337,66
centered_candidate_000109_5b42607f,centered-gaussian,8,8,0,65.875,69.5,35.3,95.7,27.347,1323.75,1408,826,1766,0,122.8,4.125,66.375,2191.5,2377.5,1235.3,3068.8,139.875,0,2.75,0.5813,20877,828.1891,438.3739,21.6265,65.875
centered_candidate_000145_50ac4013,centered-gaussian,8,8,0,65.875,45,38.4,105.3,39.7757,1275.625,1006,896.6,1827.4,0,115.2875,4.125,63.875,1960.5,1512,1277.5,2920.9,142.625,0,2,0.795,17723.125,949.8202,494.4021,18.5121,65.875
centered_candidate_000225_dc43b7d8,centered-gaussian,8,8,0,65.875,61.5,41.6,96.1,21.9854,1324.75,1298.5,993.2,1683.1,0,118.6375,4.25,66.25,2142.375,2143,1466.4,2854.2,139.875,0,2.25,0.7033,18402.875,608.5838,295.9826,30.6073,65.875
search_candidate_000344_cf9c7dfe,random-phased,8,8,0,65.75,59.5,46.2,93.3,19.0115,1381.25,1302,1095.9,1711.7,0,140.1875,4.25,67.625,2564,2590,1812.8,3310,142.125,0,2.75,0.5509,19923.75,659.615,266.8158,36.6942,65.75
centered_candidate_000153_390f905d,centered-gaussian,8,8,0,65.25,63.5,55.5,78,8.8424,1374.625,1317.5,1244,1564,0,129.8125,4.375,67.875,2364.5,2238,1966.2,2875,141,0,2.5,0.6102,19204.625,398.3246,139.8749,51.0788,65.25
centered_candidate_000277_4378b48c,centered-gaussian,8,8,0,65.25,64,35.9,99.5,28.0791,1302.125,1341,827.9,1816.1,0,117.15,4.25,65,2081.75,2096.5,1129.3,3148.4,142.75,0,2.75,0.619,21212.875,816.0435,411.7118,21.8604,65.25
search_candidate_000314_a1ffa27b,random-phased,8,8,0,65.25,66.5,50.4,78.2,11.1887,1332.375,1364.5,1121.3,1514.8,0,126.725,4.5,66.25,2252.875,2226.5,1838.4,2713.6,163.625,0,2.875,0.5992,20913.75,367.8911,168.5103,44.8056,65.25
centered_candidate_000006_c43c6fc7,centered-gaussian,8,8,0,65.125,59,38.5,93.9,22.8223,1312.375,1238,910.1,1763,0,120.425,4.25,65.125,2075.5,1970.5,1326.6,2967,140.625,0,2.5,0.6524,19927.5,699.8075,351.8053,27.0888,65.125
centered_candidate_000097_4eb665ec,centered-gaussian,8,8,0,65.125,68,30.6,93.6,25.3793,1354,1470,774.2,1712,0,129.2375,4.25,66.75,2431.5,2580,1106,3419.3,137,0,2.25,0.628,18184.75,932.5591,389.062,17.9103,65.125
centered_candidate_000173_5a778131,centered-gaussian,8,8,0,64.875,49,32.6,108.5,47.2849,1278.75,1127.5,817.3,1911.4,0,119.625,4,64.25,2095.875,1863,1214.7,3137.1,140.625,0,2.625,0.6573,20163.75,1166.1015,603.9631,8.9576,64.875
centered_candidate_000073_b7c11c2b,centered-gaussian,8,8,0,64.75,52,36.1,103.3,38.9575,1262.5,1153.5,794.4,1795.2,0,127.8375,4.125,60.875,2204,1783,1083.2,3581.2,142.875,0,2.5,0.6672,19378.625,1472.0459,510.9266,16.6212,64.75
centered_candidate_000346_575ed82e,centered-gaussian,8,8,0,64.75,43,33.6,111,41.4088,1303.625,1024,820.5,1998.5,0,115.5,4.125,65.875,2030.75,1497.5,1028,3355,138,0,2.5,0.6621,19697.375,1324.7857,599.6686,12.8956,64.75
centered_candidate_000001_38955e51,centered-gaussian,8,8,0,64.625,59,36.5,105.4,26.7485,1290.125,1238,824.1,1887,0,117.9875,4.25,63.625,2028.375,1900,1196.8,3218.9,139.5,0,2.25,0.6798,18435.625,785.6589,391.0315,23.1257,64.625
centered_candidate_000210_646bd3cb,centered-gaussian,8,8,0,64.625,66,42,88.4,18.0412,1314.875,1398.5,946.2,1610.8,0,120.475,4.25,65.25,2149,2069.5,1353.7,2971.8,139.375,0,2,0.7641,17749.125,694.8102,280.5109,32.9794,64.625
centered_candidate_000052_6d5caf71,centered-gaussian,8,8,0,64.5,57,39.7,97,26.6083,1313,1263.5,868.9,1772.5,0,125.4,4.125,65.625,2260.75,2165,1166.5,3292.1,143.875,0,2.5,0.6305,19804.875,880.6651,386.6232,26.3959,64.5
centered_candidate_000134_363ae9b1,centered-gaussian,8,8,0,64.5,58,45.5,88.1,17.557,1321.75,1221.5,1087.5,1646.7,0,127.45,4.25,65.375,2221.75,2126.5,1832.1,2822.5,146.125,0,2.75,0.5743,20589.125,462.2791,253.2932,36.7215,64.5
search_candidate_000282_1a1aa82d,random-phased,8,8,0,64.375,68.5,30.4,97.6,27.106,1308,1395,690.2,1854.6,0,119.1125,4.5,63.875,2181.625,2270,1129.8,3203.5,146.625,0,2.5,0.7401,20208.125,882.8161,477.8718,16.847,64.375
search_candidate_000332_91d57c52,random-phased,8,8,0,64.375,38,23.9,138.4,48.0519,1232.75,871,583.6,2354.7,0,106.2,4.125,61.875,1826.125,1162.5,673,3786.8,141.125,0,2.25,0.7837,19098.125,1303.7755,713.3827,-0.1259,64.375
centered_candidate_000097_3c90f15b,centered-gaussian,8,8,0,64.25,65,46,81.2,17.9705,1359.375,1390.5,1079.1,1598.6,0,129.325,4.25,67.625,2311.625,2403,1694,2900,140.5,0,2.375,0.6742,18691.125,650.3866,284.9495,37.0148,64.25
centered_candidate_000157_fe773e20,centered-gaussian,8,8,0,64.125,61.5,46.9,84.3,15.933,1327.5,1281.5,1074.5,1600.6,0,126.6125,4.25,65.625,2261.75,2242.5,1631,2969.6,142.125,0,2.375,0.664,19240.375,576.7716,235.7944,38.9335,64.125
centered_candidate_000227_8ff7f244,centered-gaussian,8,8,0,64.125,62,39,91.2,24.8064,1256.375,1280.5,833.8,1658.3,0,119.7875,4.125,61.625,2163.25,2000.5,1131.1,3389.7,141.125,0,2.25,0.739,18622.125,1037.2892,384.7382,26.5968,64.125
centered_candidate_000255_207b96ff,centered-gaussian,8,8,0,63.875,50,39.7,105,27.7553,1293.25,1178.5,853.5,1909.5,0,114.275,4.25,65,1983.125,1841,1106.9,3136,143.625,0,2.5,0.7153,19980.5,827.2618,431.6392,25.8223,63.875
search_candidate_000142_df07067d,random-phased,8,8,0,63.875,43,35.8,111.3,46.9639,1334.75,1088.5,939.9,1965.1,0,137.9375,4.125,65.125,2313,1769.5,1492,3625.5,141,0,2.25,0.7079,18459.25,1086.5946,562.5033,12.318,63.875
centered_candidate_000020_2b56ad20,centered-gaussian,8,8,0,63.75,59.5,33.4,99.3,29.2564,1268.375,1241.5,780.9,1787.4,0,121.675,4.125,62.625,2089.5,1932.5,1074.8,3238.2,143.875,0,2.25,0.6817,18490.5,903.3987,438.269,18.7718,63.75
centered_candidate_000175_cfff0194,centered-gaussian,8,8,0,63.75,66,50,73,8.9547,1342.625,1328.5,1152.5,1523.6,0,132.25,4.375,64.875,2449.5,2491,1760.8,2997.8,140,0,2.375,0.6249,18817.5,514.4711,159.0565,45.5226,63.75
centered_candidate_000135_1af1dc4c,centered-gaussian,8,8,0,63.625,66.5,35.2,89.3,22.8743,1272,1351.5,815.1,1617.3,0,120.8875,4.25,61.5,2144.75,2284.5,1161.6,2964.3,137.125,0,2.375,0.6018,19136.125,738.864,340.244,23.7628,63.625
search_candidate_000296_c58a8a4f,random-phased,8,8,0,63.625,57.5,35.8,94.2,26.8325,1293.625,1315.5,818.3,1732.3,0,119,4.25,64.375,1977.75,2091.5,1115.9,2764.2,144.625,0,2.625,0.5662,20047.25,745.6066,401.3197,22.3837,63.625
centered_candidate_000202_12eea7d3,centered-gaussian,8,8,0,63.5,65.5,37.1,85.5,19.1638,1311.375,1404.5,799.3,1641.7,0,118.9125,4.25,65.625,2112.375,2280.5,1124.9,2814.6,142,0,2.625,0.6567,20211.875,660.8555,339.9283,27.5181,63.5
centered_candidate_000217_dda944e3,centered-gaussian,8,8,0,63.5,59,31.3,95.3,30.8221,1257.375,1236,729.9,1743.3,0,111.5625,4.125,63.25,1951.25,1905,1082.7,2819.4,142.25,0,2.625,0.6219,20577,845.207,457.8234,15.889,63.5
search_candidate_000054_021ef4ae,random-phased,8,8,0,63.5,60,47.5,86.2,15.1987,1290.75,1272,1057.9,1558.1,0,122.725,4.375,62.75,2236.5,2197.5,1732.9,2789.4,145.25,0,2.5,0.6331,19222.125,425.8356,196.8335,39.9007,63.5
centered_candidate_000170_fac15a5d,centered-gaussian,8,8,0,63.375,57,39.8,88.6,22.2201,1299.75,1264.5,898.5,1675.3,0,125.2,4.25,63.5,2143,2273.5,1317.3,3030.7,140.75,0,2.5,0.6201,19743.125,708.6925,336.2944,28.6899,63.375
centered_candidate_000223_ea8a6273,centered-gaussian,8,8,0,63.375,62,33.9,91.5,22.847,1259,1287.5,758.6,1674.6,0,119.775,4.125,62,2118.375,2093,1148.7,3044.6,141.75,0,2.375,0.7282,19108.625,777.4969,355.2781,22.4765,63.375
centered_candidate_000312_be5c31a2,centered-gaussian,8,8,0,63.375,55.5,32.3,108.5,31.8431,1283.25,1206,777.3,1969.1,0,115.325,4.25,63.75,2011,1853,1014.7,3245.1,140.375,0,2.75,0.6305,20759.75,919.847,481.76,16.3784,63.375
centered_candidate_000029_66bff504,centered-gaussian,8,8,0,63.125,60.5,41.1,88.9,18.9897,1307.75,1288,936.9,1675.1,0,123.0125,4.25,64.625,2139.375,2259,1565.6,2649,141.25,0,2.375,0.7008,19052.375,471.3502,287.7437,31.6051,63.125
centered_candidate_000214_b438ae14,centered-gaussian,8,8,0,63.125,48,35.5,101.9,29.2337,1273.375,1051.5,859.1,1897.6,0,115.15,4.125,63.375,1997.125,1442,1042.6,3394.3,135.625,0,2.25,0.6938,18616.375,1005.8583,450.5533,20.8831,63.125
centered_candidate_000307_179cd25f,centered-gaussian,8,8,0,63.125,59,30.1,96.2,38.2604,1217,1233.5,700.4,1722.7,0,129.1625,4,58.25,2249.125,2102.5,1211.5,3410,145.875,0,2.25,0.8156,18846,1359.8814,514.6314,10.9698,63.125
centered_candidate_000239_1e6eda75,centered-gaussian,8,8,0,63,64.5,48.3,81.6,15.8035,1286,1274.5,1050.9,1617.1,0,124.7875,4.125,63.125,2152.25,2311,1521.2,2801.4,138.375,0,2.25,0.6674,18131.375,609.0084,275.6148,40.3983,63
centered_candidate_000344_5ed27f16,centered-gaussian,8,8,0,63,53.5,37.9,93.3,34.821,1282.75,1174.5,918.9,1740.8,0,122.7875,4.125,63,2166.25,1798,1416.8,3482.4,136.75,0,2.125,0.7028,17582.25,926.8132,432.9918,20.4895,63
search_candidate_000215_06d73644,random-phased,8,8,0,63,63.5,40.7,81.5,16.0779,1326.75,1345.5,952.4,1612.2,0,130.125,4.125,66.375,2403.25,2615.5,1703.6,2911.3,145.875,0,2.75,0.6106,20247.5,521.73,259.783,32.661,63
search_candidate_000255_aabbf252,random-phased,8,8,0,62.875,59.5,48,78.8,13.541,1340.625,1272.5,1114.8,1598.2,0,133.05,4.25,65.75,2439.875,2379.5,2020.4,2911.8,142,0,3,0.601,21179.375,376.8247,222.1272,41.2295,62.875
centered_candidate_000224_6ec2b147,centered-gaussian,8,8,0,62.75,57.5,35.2,95.2,27.9095,1301.75,1288,851.5,1773.2,0,127.1125,4.125,64,2136.75,1925,1113.7,3217.1,137.5,0,1.75,0.749,16149.25,912.8555,382.8671,21.2453,62.75
centered_candidate_000264_2b19d511,centered-gaussian,8,8,0,62.75,61.5,37.7,94,21.0758,1285.5,1306,899.4,1694.7,0,123.7375,4,64.625,2189.625,2167,1300,3102.9,143,0,2.125,0.725,18185.75,685.3791,297.2327,27.1621,62.75
centered_candidate_000279_e723af34,centered-gaussian,8,8,0,62.5,54,37.8,91.7,29.1204,1290.625,1165,922.9,1749.9,0,121.4625,4.25,63.125,2003.625,1900,1160.3,2872.3,137.25,0,2.25,0.7567,18619.25,794.016,427.9094,23.2398,62.5
search_candidate_000288_fc216a49,random-phased,8,8,0,62.5,60.5,45.7,82.2,16.3783,1316.5,1291.5,1044,1600.7,0,122.3875,4.25,66.375,2130.625,2055,1547,2743.5,149.75,0,2.75,0.6397,20454.75,600.1169,239.3455,37.5108,62.5
centered_candidate_000108_15706886,centered-gaussian,8,8,0,62.375,57.5,32.7,90.8,24.3923,1249.25,1201,799,1634.9,0,115.725,4.25,61.375,1994.75,2038.5,1055.3,2890.6,144.625,0,2.125,0.7563,18472.875,704.6932,347.4862,20.5038,62.375
search_candidate_000080_a19d11e0,random-phased,8,8,0,61.875,40,27.9,105.8,59.075,1216.5,948,721.2,1859.4,0,115.2,4,61.5,1744.125,1304,824,2968.5,154.125,0,2.125,0.8485,18988.875,1347.2578,734.2716,-1.6375,61.875
search_candidate_000243_7502aea8,random-phased,8,8,0,61.875,56,35.7,94.3,25.3497,1248,1218,797.4,1681,0,132.875,4.125,62,2532.375,2288,1555.2,3743.9,171.25,0,3.25,0.8119,24993.875,947.2687,373.2489,23.0251,61.875
search_candidate_000279_3d9b9282,random-phased,8,8,0,61.875,64.5,44.1,76.4,13.9592,1311,1307.5,1017.4,1567.1,0,122.15,4.25,65.625,2115.75,2185,1495.6,2530.3,145.375,0,2.75,0.5825,20243.125,416.4921,218.0762,37.1204,61.875
search_candidate_000050_bf3380ee,random-phased,8,8,0,61.25,59.5,23.4,102.2,32.4182,1289.875,1373,652.9,1896.8,0,124.575,4.25,63.375,1972.375,2083.5,747,2955.7,144,0,2.25,0.8015,18705.125,928.3821,525.6747,7.1909,61.25
search_candidate_000262_e7beddcd,random-phased,8,8,0,61.125,59.5,48.4,77.3,13.119,1285,1250.5,1100.9,1531.5,0,123.5375,4.125,64.25,2150.625,2120,1638.2,2795,146,0,2.875,0.5404,20979,457.7955,204.9488,41.8405,61.125
centered_candidate_000065_4b498d33,centered-gaussian,8,8,0,61,58.5,37.9,92.5,22.9565,1253,1221,846.9,1723.4,0,123.175,4,62.125,2152.25,2065.5,1233.7,2923.7,142,0,2.375,0.6669,18862.875,688.6762,348.2553,26.4218,61
centered_candidate_000217_07f0fdd8,centered-gaussian,8,8,0,61,58,38.2,86.5,23.2863,1266.125,1212.5,868.6,1733.7,0,118.25,4.125,62.625,2003.25,1840.5,1224.6,3003.7,136.5,0,2.375,0.6355,18916.625,749.6467,395.1922,26.5569,61
centered_candidate_000349_2263c05a,centered-gaussian,8,8,0,61,57,40.7,85.5,18.2071,1223.5,1186,881.8,1593.8,0,115.0625,4.125,60.75,1898.5,1853.5,1229.1,2563.5,148.25,0,2.25,0.8535,19735.75,539.8456,286.8283,31.5964,61
search_candidate_000338_18335b0f,random-phased,8,8,0,60.875,55.5,38.3,86.2,19.5412,1275.5,1233.5,931,1642.5,0,117.175,4.125,64.125,2011.625,1910,1410,2765.9,141.875,0,2.625,0.6241,20084.625,601.1225,304.64,28.5294,60.875
centered_candidate_000284_e1d3978d,centered-gaussian,8,8,0,60.75,61.5,44.3,79.6,14.9562,1289.25,1299,1029,1566.4,0,121.7,4.125,64.125,2173.5,2206,1479.7,2905.9,137.75,0,2.5,0.6042,19328.625,566.6952,235.0419,36.8219,60.75
centered_candidate_000155_0d5bc6b7,centered-gaussian,8,8,0,60.625,43,37.3,109,31.5434,1232.5,998,859.6,1934.1,0,115.8,4,61.5,1959.125,1486.5,1191.3,3437.2,140.125,0,2.125,0.7027,18373,935.223,447.7896,21.5283,60.625
search_candidate_000025_59f1dabc,random-phased,8,8,0,60.625,60.5,36.8,93.2,22.5385,1265.625,1245.5,883,1749.1,0,116.0375,4.125,63.75,2032.625,2117.5,1206,2902.5,144,0,3,0.5967,21820,661.1127,347.2438,25.5307,60.625
search_candidate_000094_dff7285f,random-phased,8,8,0,60.625,61,41.7,79.9,16.3702,1269.125,1270.5,937.4,1610.6,0,125.45,4,63.5,2252.75,2224,1601,3028.2,145.5,0,2.625,0.5711,19578.125,574.0825,273.4261,33.5149,60.625
centered_candidate_000357_40586031,centered-gaussian,8,8,0,60.5,60.5,39.4,88.1,19.6342,1260.125,1270.5,910.7,1672.1,0,118.425,3.875,63.75,2086.5,1958,1437.3,3028.4,135,0,2.5,0.6482,19007,632.6213,298.5023,29.5829,60.5
centered_candidate_000261_3eed380a,centered-gaussian,8,8,0,60.375,49,30.2,107.4,33.5669,1250,1084,775,1928,0,117.3375,4.125,61.75,1951.625,1846,1066,3146.2,139,0,2.625,0.6206,20092.875,890.1212,491.5089,13.4166,60.375
centered_candidate_000360_99946ece,centered-gaussian,8,8,0,60.125,48,37.2,94.1,32.9562,1226.25,1104.5,824.8,1754.6,0,112.525,4.125,60.75,1784.5,1479,1080.5,2662.9,140.625,0,2.375,0.681,19339.625,813.0266,450.8098,20.7219,60.125
centered_candidate_000246_fe19d0fa,centered-gaussian,8,8,0,60,56,26.6,98,30.5819,1232,1232,692.1,1740,0,109.45,4,62.375,1819.625,1824.5,856.4,2668.1,137.875,0,2,0.7432,17730.5,774.4512,447.5768,11.3091,60
search_candidate_000107_0ce8d6a3,random-phased,8,8,0,60,60.5,50.4,68.4,8.5147,1282.75,1286.5,1133.7,1430,0,131.1,4.125,62.875,2213.25,2305,1946,2415.5,145.5,0,2.625,0.5837,19133,219.264,127.6673,46.1427,60
centered_candidate_000016_6de31151,centered-gaussian,8,8,0,59.75,58.5,36,85.3,20.6987,1255.25,1313,873,1600.2,0,121.6375,4,62.375,2083,2155,1245.7,2878.5,138.375,0,2.5,0.6237,19353.875,695.2097,316.1399,25.6506,59.75
centered_candidate_000244_c94ac57c,centered-gaussian,8,8,0,59.75,56.5,38.1,88.3,18.8398,1240.875,1211.5,907.5,1659.9,0,120.8375,4,61,2090.125,2025,1487.1,2869.9,135.375,0,2,0.7569,17149.625,547.1011,283.6699,28.6801,59.75
search_candidate_000073_673d7f4e,random-phased,8,8,0,59.75,53,49.8,75.3,11.2667,1260.75,1165.5,1060.8,1511.6,0,120.475,4.375,61.125,2175.625,2183.5,1739.7,2633.1,145.875,0,2.875,0.57,21203.875,375.4008,184.5689,44.1667,59.75
search_candidate_000240_c4104022,random-phased,8,8,0,59.625,57.5,32.8,89.4,23.8167,1222.25,1156.5,746.1,1718.5,0,119.025,4.125,60.5,2089.125,1923.5,1153.6,3265.1,151.625,0,2.625,0.6435,20738.375,889.092,402.2231,20.8917,59.625
centered_candidate_000285_9956538c,centered-gaussian,8,8,0,59.5,60,33,86.1,22.8364,1225.25,1287,785.6,1634.3,0,112.3375,4,61.125,1877.875,2094,1076.7,2548.8,135.25,0,2.125,0.7755,17854.625,637.5562,342.9609,21.5818,59.5
search_candidate_000347_f1da53cd,random-phased,8,8,0,59.375,47,30.4,101.4,32.9884,1216.125,1051,777,1820.4,0,122.425,4,60.375,2097.25,1630,1118.5,3534.7,151.875,0,2.875,0.6352,21825.375,1066.014,477.4813,13.9058,59.375
centered_candidate_000275_fc11381d,centered-gaussian,8,8,0,59.25,49,30.5,97.7,28.0033,1217.75,1166,735.5,1785.2,0,110.225,4.125,60.5,1794,1717.5,889.3,2775.1,140.125,0,2,0.7844,18132.875,757.7628,424.2419,16.4983,59.25
centered_candidate_000092_5f49ca89,centered-gaussian,8,8,0,59.125,48.5,18.3,115.6,37.6213,1184,1125.5,449.3,1978,0,107.7,3.875,59.5,1855.5,1753.5,571,3330.6,136.125,0,1.875,0.8022,17231.75,1070.79,594.3368,-0.5106,59.125
centered_candidate_000172_a7a1ab57,centered-gaussian,8,8,0,59.125,50,39.7,84.6,21.5258,1219.75,1100,898.5,1617.6,0,112.8625,4,61,1790,1609.5,1190.6,2562,139,0,2.125,0.6785,18091.125,684.5783,335.8276,28.9371,59.125
search_candidate_000235_d56d3c39,random-phased,8,8,0,59.125,50,37.1,92.8,28.0198,1169.625,1028.5,823.3,1676.4,0,115.85,4,58.75,1992.75,1866.5,1102.5,2886.3,163,0,2.25,0.9213,20276.375,950.5732,403.0127,23.0901,59.125
centered_candidate_000320_31e28496,centered-gaussian,8,8,0,59,47.5,32.3,91.5,43.9943,1190.75,1127,735.6,1679.1,0,119.7625,4,58,1970.375,1666,1070,3052.1,144.5,0,2.5,0.7722,20343.75,1276.9728,612.3171,10.3028,59
search_candidate_000284_edf2dac2,random-phased,8,8,0,58.75,52,37,89.6,21.8389,1216.625,1139,842.8,1714.9,0,125.725,4.125,59.5,2189.875,2027.5,1272.1,3550.9,156.125,0,2.25,0.7855,18967,907.5276,345.9259,26.0806,58.75
centered_candidate_000203_7fc613dd,centered-gaussian,8,8,0,58.625,51.5,37,84,20.4202,1240.375,1168.5,833.7,1685.4,0,116.3875,4.125,61.125,1929.875,1843,1145,2765.6,137.125,0,2.375,0.7093,18993.5,687.8822,344.394,26.7899,58.625
search_candidate_000233_7ce995da,random-phased,8,8,0,58.625,50,37,87.6,24.1451,1167.625,1079,821.2,1605.8,0,108.875,4.125,57.75,1798.5,1602.5,1081,2712.4,151.5,0,2.25,0.7243,19560.25,709.862,346.0152,24.9275,58.625
centered_candidate_000313_8ca4f386,centered-gaussian,8,8,0,58.25,53,26.7,97.2,28.477,1149,1089,669.9,1677.8,0,106.7,4,57.125,1743.375,1673.5,814.9,2738.8,147.75,0,2.125,0.9164,19311.25,750.0427,405.2764,12.4615,58.25
centered_candidate_000358_01dd039f,centered-gaussian,8,8,0,58.25,54,35.8,87.9,21.2941,1204,1143.5,875.9,1618.6,0,114.225,3.875,60.125,1844.875,1714.5,1184.5,2799.5,135.375,0,2.375,0.6529,18832.75,665.0375,327.7083,25.153,58.25
search_candidate_000021_08f8c909,random-phased,8,8,0,58.25,33,28,118.4,48.1112,1141.125,812.5,733.4,1988.6,0,109.85,4,57.125,1759,1110.5,930,3491.3,159.375,0,2.125,0.8727,19311.625,1349.4135,623.7156,3.9444,58.25
search_candidate_000245_c1304a2c,random-phased,8,8,0,57.875,59.5,34.2,79.8,19.9151,1209.375,1268.5,801.5,1559.8,0,114.85,4.125,59.25,1914.5,2012,991.5,2649.3,140.5,0,2.25,0.6831,18643,722.2936,337.4648,24.2425,57.875
centered_candidate_000223_2816b5bd,centered-gaussian,8,8,0,57.625,51,40,84.4,18.1034,1200.375,1131,959.6,1581.5,0,109.4875,4.125,59.625,1772.875,1622,1365,2423.1,142.625,0,2.25,0.7576,19148.125,456.7539,261.7284,30.9483,57.625
search_candidate_000038_264ad388,random-phased,8,8,0,57.625,58.5,36,81,17.9021,1209.5,1250.5,819.6,1571.7,0,116.6625,3.875,61,1968.125,2027.5,1314.6,2661.5,142.625,0,2.75,0.5614,20212.25,562.4681,304.4787,27.049,57.625
centered_candidate_000250_3099e8f8,centered-gaussian,8,8,0,57.375,43.5,33.7,90.4,26.1674,1202.5,1041,808.9,1735.2,0,109,4.125,59.25,1714.625,1308.5,1016.8,2709.3,136,0,2.125,0.7487,17901.875,733.7275,403.9251,20.6163,57.375
search_candidate_000065_22706225,random-phased,8,8,0,57.375,51,40.7,81.6,17.8251,1227.125,1119.5,977.9,1627.8,0,121.975,4.125,59.875,2199.625,1975,1592.1,3028,143.5,0,2.75,0.5938,20576.375,648.4289,280.6027,31.7874,57.375
centered_candidate_000204_a7455e06,centered-gaussian,8,8,0,57.125,56,35,78.6,17.7161,1219.125,1257.5,794.6,1553.8,0,110.3875,4,61.25,1730.625,1784.5,976.4,2288.4,135.25,0,1.875,0.7221,17196,571.838,307.9762,26.142,57.125
centered_candidate_000243_fd419c9f,centered-gaussian,8,8,0,57.125,53.5,34.4,82.7,21.8027,1182.125,1202,803.4,1559.4,0,106.3375,4,59.25,1650.75,1658.5,988.4,2363.2,139.125,0,2.125,0.816,18401,607.2485,347.1388,23.4986,57.125
search_candidate_000108_12e47031,random-phased,8,8,0,57.125,47,35.9,83.4,26.4265,1200.75,1086,860.7,1604.6,0,108.4,4.25,60.125,1611.625,1450,997.2,2340.4,153.625,0,2,0.8465,18576,768.4969,398.79,22.6868,57.125
search_candidate_000211_4348ab78,random-phased,8,8,0,57,66.5,29.5,77.3,22.2935,1161.5,1339.5,651.7,1528.4,0,108.5,4,57.375,1780.125,2095,712,2585.3,141.25,0,2.625,0.611,19891.75,783.7956,402.4891,18.3533,57
search_candidate_000342_65a6cd79,random-phased,8,8,0,57,50.5,38.3,86.2,21.6795,1163.75,1154.5,843.7,1480,0,115.975,4.125,58.125,1720.875,1605,1169,2439,168.125,0,2,0.866,19426.875,568.098,263.3523,27.4603,57
search_candidate_000222_2befea0f,random-phased,8,8,0,56.875,57,32.8,80.8,20.3128,1190.875,1211,809.7,1554.1,0,117.85,4,59.125,2035.5,2065,1271.5,2745.5,149.625,0,2.625,0.5734,19685,612.4569,324.0954,22.6436,56.875
search_candidate_000140_e3851903,random-phased,8,8,0,56.75,57.5,40.1,69.7,13.3581,1155.875,1178.5,891.8,1358.3,0,122.5625,3.875,59.375,2109.375,2281.5,1241,2553.5,180,0,2.25,0.8934,20246.375,533.3877,218.7501,33.421,56.75
search_candidate_000346_2a8789f3,random-phased,8,8,0,56.75,52,47.2,70,12.1218,1218,1177.5,1065.8,1391,0,116.8625,4.125,60.125,1899.625,1791,1398,2622.7,144.25,0,2.75,0.5549,20562.375,468.5445,165.3285,41.1391,56.75
centered_candidate_000106_5a6f8b4a,centered-gaussian,8,8,0,56.625,46.5,33.1,96.3,27.4087,1165.875,1073.5,803.7,1721.7,0,118,3.875,56.75,1939.25,1738.5,1083,3246.1,137.875,0,2.125,0.6836,17826.625,858.232,385.2296,19.3957,56.625
search_candidate_000131_0bf82262,random-phased,8,8,0,56.625,58,36.9,73.9,15.3618,1228.875,1245.5,919.3,1531.8,0,122.7125,4,60.875,2086,2078.5,1638.6,2495.5,143.375,0,2.75,0.6103,20298.25,457.2844,244.915,29.2191,56.625
centered_candidate_000214_0a53769e,centered-gaussian,8,8,0,56.5,56,41.7,73,16.2942,1199,1218,927.8,1467.8,0,121.8375,3.75,59.375,2029,2022,1301,2772.2,134,0,2.625,0.6264,19854.625,626.9952,260.0577,33.5529,56.5
centered_candidate_000259_e8bee521,centered-gaussian,8,8,0,56.5,56,39.1,74.8,13.4536,1213.625,1249,873.8,1452.6,0,121.1625,4,59.625,2099.875,2180,1472.3,2631.2,140.875,0,2.5,0.6274,19470.875,451.6587,220.268,32.3732,56.5
search_candidate_000031_1c5d7ab0,random-phased,8,8,0,56.5,61,24.7,78.8,21.0713,1159.125,1267,587.3,1561.5,0,105.75,4,57.5,1744.125,1995,640.4,2534,139.25,0,2.25,0.6305,17901.625,721.7254,374.3439,14.1643,56.5
search_candidate_000191_dc37de7b,random-phased,8,8,0,56.375,49,35,84,26.2295,1145.125,1020,804.5,1585.8,0,105.8375,3.875,57.875,1633.375,1398,1028,2451.5,146.125,0,2.25,0.7686,19375.375,704.1715,396.2788,21.8853,56.375
centered_candidate_000063_5f70f76c,centered-gaussian,8,8,0,56.25,58.5,37.4,72.7,16.3459,1191.5,1165.5,887.2,1548,0,115.175,3.875,59.875,1915.75,1865.5,1293.8,2584.9,142.625,0,2,0.793,17518.5,557.8572,276.038,29.2271,56.25
centered_candidate_000066_2f1255db,centered-gaussian,8,8,0,56.25,45,35.9,85.6,22.4986,1166.5,1018.5,782.8,1701,0,111.775,3.875,58.5,1825.5,1538.5,1053.8,2868.7,143.875,0,2.5,0.7008,20393.125,732.2221,385.7337,24.6507,56.25
centered_candidate_000166_ea21d4b1,centered-gaussian,8,8,0,56.25,56.5,35.7,82.6,19.0837,1186.25,1176,848.7,1617.8,0,120.15,3.875,58.25,1982.625,1907,1207.5,2898.6,139.125,0,2.25,0.7303,18465,697.2141,303.7572,26.1582,56.25
search_candidate_000128_e1f14c17,random-phased,8,8,0,56.25,53,39.7,73.1,15.8015,1196,1198,923.5,1411.9,0,115.2625,3.875,60.25,1812,1826,1310,2196,142.625,0,2.875,0.6013,21438.125,414.1835,239.5089,31.7992,56.25
centered_candidate_000294_f1e414fb,centered-gaussian,8,8,0,55.875,53,36.1,85.5,19.9025,1191.75,1215.5,839.9,1578.2,0,117.925,4,58.25,1912.875,1832.5,1146.6,2935,139.25,0,2.625,0.6072,20306.125,711.2286,303.2968,26.1488,55.875
search_candidate_000207_484db2ac,random-phased,8,8,0,55.875,55,46.2,66.4,8.838,1214,1212,1067.4,1343.7,0,124.95,4,59,2103.25,2055,1713.4,2533.3,139.5,0,2.75,0.5947,20420,351.5924,130.0923,41.781,55.875
centered_candidate_000326_c516b48d,centered-gaussian,8,8,0,55.5,45,29.7,84.6,26.7114,1139.5,994.5,685.9,1630.1,0,106.6625,4,55.75,1659.375,1355.5,827.7,2535.5,138.375,0,2.125,0.7247,18281.875,848.4126,425.6322,16.3443,55.5
search_candidate_000085_d269d1da,random-phased,8,8,0,55.5,57,40.5,70.8,13.9463,1164.5,1210.5,896.4,1439.2,0,114.5625,3.75,59.375,1854.5,1963,1164,2355.2,149.125,0,2.75,0.5673,20619.75,527.1551,241.1193,33.5268,55.5
centered_candidate_000002_eb07ce51,centered-gaussian,8,8,0,55.375,53.5,41.1,69.3,12.5393,1171.75,1114,926.7,1404.1,0,115.675,3.875,58,1850.875,1762,1322.6,2461,140,0,2.125,0.734,18023.25,453.0881,235.6129,34.8303,55.375
search_candidate_000019_4a52abcc,random-phased,8,8,0,55.375,45,37.7,89.1,21.3304,1175.5,1013.5,860.6,1732.6,0,120.125,3.75,58.5,1970.5,1595,1149.4,3295,140.375,0,2.125,0.6562,17958.75,898.8633,359.2186,27.0348,55.375
centered_candidate_000159_d2af53f5,centered-gaussian,8,8,0,54.875,52.5,37.4,74.1,15.7515,1150.75,1145,884.5,1414.7,0,112.7,4,56.375,1722.125,1668.5,1192.4,2336.8,144.5,0,2.25,0.6644,18513.75,502.8634,248.7045,29.5243,54.875
search_candidate_000082_1fafedb7,random-phased,8,8,0,54.625,44,33.8,87.1,22.5939,1151.375,1055,764.6,1686,0,113.0125,3.875,57,1757.5,1571,999.3,2901.9,141.625,0,2.25,0.6903,18688.875,755.3916,374.9416,22.503,54.625
centered_candidate_000291_01c44fa4,centered-gaussian,8,8,0,54.5,51,36,80.6,18.9473,1155.25,1104,820.4,1609.4,0,113.0375,3.75,58.125,1875.125,1719.5,1111.6,2904.5,140.75,0,2.25,0.6741,18693.5,784.7526,338.521,26.5264,54.5
search_candidate_000199_ed0fca59,random-phased,8,8,0,54.25,54.5,38.3,69.6,12.2347,1172.125,1191,962.9,1372.4,0,125.0125,4,58.625,2090,2060.5,1539.7,2690.7,168.875,0,2.375,0.8606,21040.625,477.2798,172.2211,32.1827,54.25
centered_candidate_000046_17a4797e,centered-gaussian,8,8,0,54,39,30.4,84.5,37.8583,1097,892,711.9,1585.7,0,101.05,3.75,55.125,1555.625,1160,873.1,2400.5,138.625,0,2.125,0.7916,18475.75,904.1741,506.0852,11.4709,54
centered_candidate_000344_c2a96c50,centered-gaussian,8,8,0,54,56.5,36.6,67,12.9228,1174,1159,872.2,1449.8,0,112.7375,3.875,58.625,1712.375,1734,1148.9,2192.8,138,0,2.125,0.7325,18240.375,413.5181,233.6306,30.1386,54
centered_candidate_000349_fafceb4a,centered-gaussian,8,8,0,54,46,30.7,91.5,25.2537,1149.875,1045.5,738.1,1729.4,0,113.6375,3.875,56.75,1771.625,1703,994.8,2659.6,140.625,0,2.5,0.7013,19807.625,697.7053,411.2248,18.0731,54
search_candidate_000070_138a6a71,random-phased,8,8,0,54,44,35.1,85.5,20.6095,1092.75,991,851.3,1464.7,0,118.7,3.875,55.375,1933,1420.5,1297.9,2982.4,182.75,0,2.125,1.0098,20967.875,765.8629,260.5747,24.7953,54
centered_candidate_000235_8e69657e,centered-gaussian,8,8,0,53.75,50,36.4,72.7,17.8308,1165.25,1172,868.7,1458.3,0,115.0125,3.75,58.375,1834.875,1813.5,1287.7,2398.6,137.125,0,2.125,0.728,17990.25,570.0205,298.9627,27.4846,53.75
search_candidate_000355_73f8fabd,random-phased,8,8,0,53.5,51,29.6,79.3,20.7485,1126.875,1108,749.9,1578.1,0,110.3625,4,55.375,1696.125,1572,1000,2533.6,149,0,2.375,0.6814,19372.625,650.4824,329.9236,19.2258,53.5
search_candidate_000141_25bfd7a6,random-phased,8,8,0,53.375,54,38.3,66.2,12.4994,1159.875,1210,880.5,1342.3,0,115.8625,3.875,57.625,1814.125,1876,1289,2284.5,144.125,0,2.625,0.5771,19752.875,472.3702,220.5405,32.0503,53.375
centered_candidate_000014_87006fe7,centered-gaussian,8,8,0,53,44.5,27.7,82.3,29.6816,1134.375,1005,730.2,1566.3,0,113.575,3.75,56,1818.125,1597.5,981.1,2778.8,135.75,0,1.75,0.7884,16196.75,870.898,441.6543,12.8592,53
centered_candidate_000189_a74c40e1,centered-gaussian,8,8,0,53,44,33.8,75.9,28.8097,1133.25,996,822,1513.2,0,108.4125,3.75,57.25,1661.375,1502.5,1055.8,2397.2,140.75,0,2.25,0.7639,19198.125,795.8846,399.8924,19.3951,53
centered_candidate_000336_5cea275d,centered-gaussian,8,8,0,53,49.5,32,80,17.7975,1158.375,1173,737,1589.4,0,116.6,3.875,56.75,1836.25,1816.5,969.5,2722.1,137.125,0,2.625,0.658,20100.875,655.1663,313.5351,23.1013,53
search_candidate_000155_9f91a98a,random-phased,8,8,0,53,38.5,12.8,111.1,39.9061,1053.5,867,372,1956.7,0,97.9875,3.75,52.25,1593.375,1156.5,422.1,3384.2,139.75,0,1.875,0.803,17597.375,1182.6655,636.9698,-7.1531,53
search_candidate_000030_8bbb9179,random-phased,8,8,0,52.75,56.5,30.5,74.4,20.1851,1113.25,1200.5,688.3,1508.1,0,110.775,3.75,54.875,1792.375,2031.5,955.8,2629,137.25,0,2.375,0.7351,18881.125,729.1701,362.3181,20.4075,52.75
search_candidate_000168_f1d403ac,random-phased,8,8,0,52.5,51,36,67.9,14.3003,1166.625,1158,911.3,1387.8,0,124.575,3.875,56.75,2071.75,1920.5,1671,2524.3,143,0,2.625,0.589,19457.875,440.4645,207.923,28.8498,52.5
centered_candidate_000034_f6e265ff,centered-gaussian,8,8,0,52.375,50.5,40.4,65,10.2706,1154.25,1150,919.7,1370.5,0,124.575,3.875,55.125,1989,2017,1464.8,2411.6,137,0,2.75,0.6101,20613.75,424.8026,170.2026,35.2647,52.375
centered_candidate_000319_4e9e841f,centered-gaussian,8,8,0,52.375,44,35.2,73.1,22.028,1140.5,1063.5,828.8,1466.7,0,121.3375,3.75,55.625,1989.25,1773,1269,2848.7,139.125,0,2.125,0.7033,17688.875,836.5331,368.7048,24.186,52.375
centered_candidate_000093_39c88c61,centered-gaussian,8,8,0,52.25,50,34.5,77.4,17.9983,1137.875,1138.5,800.9,1530,0,113.3375,3.875,55.75,1734.375,1727,1027.1,2558.1,137.875,0,2.125,0.7255,18101.125,634.1496,307.8077,25.5009,52.25
search_candidate_000006_c65128f0,random-phased,8,8,0,52.125,51.5,36.2,69.3,12.4443,1168.125,1192,833.2,1455.4,0,115.1,4,57.375,1895.375,1916,1246,2478.5,140.625,0,2.625,0.6216,19839.25,496.7081,238.1509,29.9779,52.125
search_candidate_000313_15d0b6d7,random-phased,8,8,0,52.125,55.5,20.2,73.8,21.3333,1113.875,1182,514.8,1495,0,111.1125,3.875,54.375,1699.25,1866,601,2343.7,140.125,0,2.25,0.7152,18284,691.9456,384.805,9.5334,52.125
centered_candidate_000036_1bbd8e83,centered-gaussian,8,8,0,52,50,30.4,74.1,17.7412,1107.625,1123,741.9,1457.2,0,107.225,3.875,54.375,1639.375,1645.5,1031.1,2112.1,139,0,1.875,0.8021,17318,466.2102,288.4033,21.5294,52
search_candidate_000051_b0ad5204,random-phased,8,8,0,52,42.5,34.1,78.8,22.3719,1144.125,1044.5,833.7,1580.5,0,107.825,3.875,57.875,1633.25,1476.5,1065.5,2469.6,144.375,0,2.25,0.7353,19228.125,643.8876,341.4522,22.9141,52
search_candidate_000089_fa4b2692,random-phased,8,8,0,51.875,37,19.9,91.6,44.0694,1007.375,878,483,1549,0,96.0125,3.5,50.625,1422.625,1151,595.2,2383.6,139.75,0,1.875,0.777,17143.25,1056.7889,571.2865,-2.1347,51.875
centered_candidate_000304_cbcc17a2,centered-gaussian,8,8,0,51.75,46.5,30.5,76.4,22.4819,1102.25,1083,739,1490.8,0,109.8625,3.75,54,1625.5,1536,969.9,2488.7,134.875,0,2.125,0.6708,17763.75,624.4353,333.9617,19.259,51.75
search_candidate_000014_8c27d9b5,random-phased,8,8,0,51.625,49.5,33.7,74.7,18.3435,1103.5,1141.5,733.7,1542.4,0,109.5125,3.75,54.75,1773.875,1740,894.3,2751.8,140.5,0,2.625,0.6531,20522.75,755.8114,357.911,24.5282,51.625
centered_candidate_000117_2a20fb94,centered-gaussian,8,8,0,51.375,47.5,39,67.3,12.6287,1154.875,1111.5,915.9,1408.3,0,119.2875,3.875,56.125,1859.125,1801.5,1465.9,2478.6,136.375,0,2.625,0.5607,19743.625,431.6235,238.0869,32.6856,51.375
centered_candidate_000287_6a7f34d7,centered-gaussian,8,8,0,51,42,34.5,73.9,19.3326,1100.375,992,848.8,1452.3,0,111.3625,3.75,53.75,1662.75,1481,1215.9,2365.9,135.75,0,2.375,0.7277,19153.375,516.0544,272.8946,24.8337,51
centered_candidate_000162_57dd29a2,centered-gaussian,8,8,0,50.875,48,27.5,72.7,20.7872,1110.375,1067,719.9,1502.5,0,106.875,3.625,56.25,1599,1602,789.3,2319.1,135.625,0,2.375,0.7249,19097.375,637.0905,344.1446,17.1064,50.875
search_candidate_000257_ed1d0156,random-phased,8,8,0,50.875,50,30.5,71.1,17.3237,1066.625,1077.5,671.8,1437.2,0,102.525,3.875,51.875,1634.125,1711.5,839.9,2238.4,138.875,0,2.75,0.6149,21079,583.1105,306.4449,21.8382,50.875
centered_candidate_000121_876f3c00,centered-gaussian,8,8,0,50.75,51.5,36.3,64.6,12.872,1088.75,1097,824,1358.7,0,106.8,3.625,54.875,1556.875,1584.5,1058.4,2069.1,139.75,0,1.75,0.8692,16781.5,421.4862,231.4837,29.864,50.75
search_candidate_000032_9b92e8f4,random-phased,8,8,0,50.625,46,39.1,64.9,15.2638,1100.375,1044.5,886.6,1353.9,0,115.1125,3.625,54.25,1886.375,1786.5,1402.7,2565.3,137.375,0,2.5,0.5631,19233.875,495.4261,230.7146,31.4681,50.625
search_candidate_000162_aab8d712,random-phased,8,8,0,50.625,45.5,36,68.9,14.4303,1100,1078.5,835,1418,0,108.125,3.875,55.375,1661,1602.5,1084.1,2221.8,155.125,0,2.5,0.8003,21419,505.609,247.9632,28.7848,50.625
centered_candidate_000143_e4a81352,centered-gaussian,8,8,0,50.375,39,34.4,85.7,23.1837,1072.625,877.5,796.7,1694.5,0,108.9375,3.625,52.875,1661.125,1329,931.3,3010.8,136.25,0,1.875,0.784,17247.25,857.6132,398.7878,22.8081,50.375
centered_candidate_000188_f135aad0,centered-gaussian,8,8,0,50.25,41,29.1,75.8,23.1503,1053.625,933,701.9,1478.1,0,108.2,3.625,51.625,1609.25,1468.5,907.7,2394.1,137.875,0,1.875,0.8732,17414.375,657.8084,371.6675,17.5248,50.25
search_candidate_000135_22a5f5ef,random-phased,8,8,0,50.125,46,36.5,69,13.9323,1099.875,1056.5,848.9,1420.1,0,111.8,3.625,55,1645.25,1613.5,1287,2090.4,139.125,0,2.625,0.5601,20136.75,355.1059,247.9589,29.5338,50.125
centered_candidate_000301_6c8d7046,centered-gaussian,8,8,0,50,37.5,29.1,77,25.045,1070.75,913,741.1,1500.3,0,107.25,3.625,52.75,1564.75,1279.5,900.5,2517.4,133.375,0,2,0.7765,17216.25,783.3627,389.0873,16.5775,50
search_candidate_000154_32ab455a,random-phased,8,8,0,50,43.5,27.4,80.5,21.3892,1090.625,1039.5,703.8,1565.6,0,105.575,3.75,54.75,1541,1385,821.8,2320.6,142.75,0,2.125,0.8059,18812,631.9327,344.6563,16.7054,50
centered_candidate_000191_5427f4af,centered-gaussian,8,8,0,49.625,49,35.4,64.1,13.8739,1108.5,1134,828.6,1375.5,0,117.3125,3.75,54.125,1827.75,1865,1142.1,2580.8,140.625,0,2.125,0.7786,18027.125,645.5245,256.2201,28.4631,49.625
centered_candidate_000272_6f57478e,centered-gaussian,8,8,0,49.625,40.5,24.8,81.2,23.4037,1056.75,962.5,639.3,1614.7,0,102.2125,3.625,53,1463.5,1274,767,2232.7,138.75,0,2.125,0.7284,18281.125,615.5808,389.9108,13.0981,49.625
centered_candidate_000281_7b631a1f,centered-gaussian,8,8,0,49.625,50,37.7,63,10.7114,1090.5,1120.5,856.7,1289.8,0,111.3625,3.75,53.125,1657.75,1747.5,1229.8,1972.1,135.75,0,2.125,0.7122,18045.125,285.3821,190.8894,32.3443,49.625
centered_candidate_000241_21d6e16e,centered-gaussian,8,8,0,49.375,45,40.4,64.7,10.6412,1108,1098.5,876.4,1375.8,0,119.3,3.75,53.5,1845.375,1832.5,1230.9,2444.5,137.875,0,2.125,0.6426,17431.375,522.9899,217.7263,35.0794,49.375
search_candidate_000063_33ac6433,random-phased,8,8,0,49.25,50,35.9,63,11.627,1097.5,1104.5,831.4,1312.8,0,114.5375,3.75,53.875,1760.875,1815,1365.3,2075.4,142,0,2.625,0.6333,20099.375,339.5502,205.7997,30.0865,49.25
search_candidate_000250_70144494,random-phased,8,8,0,48.875,43,34,65.7,13.4948,1045.375,995,790.8,1305.2,0,112.6125,3.625,51,1695.25,1619,1045.3,2306.4,144.375,0,2.125,0.7489,18393,503.309,218.1542,27.2526,48.875
centered_candidate_000107_7677eab9,centered-gaussian,8,8,0,48.625,47.5,35.4,64.1,13.0474,1066.375,1052.5,788.6,1322,0,116.3375,3.625,51.375,1838,1776,1096.1,2595.6,136.5,0,2.25,0.6235,18170.125,628.544,232.869,28.8763,48.625
search_candidate_000036_f54113e1,random-phased,8,8,0,48.5,50.5,26,66.9,15.7162,1114.625,1228.5,744.1,1364.4,0,109.1875,3.75,55.75,1579.875,1743,824,2132.1,137,0,2.125,0.6601,17984.25,541.0715,274.3237,18.1419,48.5
search_candidate_000055_f07618f4,random-phased,8,8,0,48.125,38,30.7,76.5,24.6447,1055.875,878.5,753.9,1536.2,0,103.95,3.625,53.125,1465.625,1150.5,902,2365.4,141.375,0,2,0.8246,18120.375,730.9196,385.5835,18.3777,48.125
centered_candidate_000055_5a34de8e,centered-gaussian,8,8,0,47.5,40,31.1,69.9,19.5832,1034.125,874,771.7,1402,0,104.8625,3.5,51.625,1489,1325,979.9,2102.4,136.5,0,2,0.7805,17671.375,481.8739,296.9366,21.3084,47.5
centered_candidate_000278_3720edbd,centered-gaussian,8,8,0,47.5,44.5,36.7,59.8,9.8995,1052.75,1044.5,843.1,1268.6,0,110.1125,3.5,52.125,1624.125,1656,1125.8,2074.8,134.625,0,2,0.7679,17567.25,417.159,180.2351,31.7503,47.5
search_candidate_000114_a3b5913e,random-phased,8,8,0,47.375,46.5,41.1,55.8,6.518,1021.75,1043.5,876.3,1172.5,0,106.625,3.625,49.625,1537.5,1496.5,1149.4,1912.3,138.25,0,2.5,0.6404,19612.25,294.1156,121.3051,37.841,47.375
search_candidate_000148_73916289,random-phased,8,8,0,47.375,41.5,35.5,67.1,13.4158,1020.125,884.5,801.7,1389.6,0,104.725,3.5,50.375,1598.75,1320,990.7,2503.1,135.375,0,2.125,0.6445,17733,624.3901,252.4854,28.7921,47.375
search_candidate_000005_9454c79f,random-phased,8,8,0,47.125,40.5,30.6,76.1,19.8459,1061.25,963,784.4,1540.6,0,110.675,3.5,53.75,1440.125,1230,910,2255.7,144.5,0,2,0.8016,18039.75,572.5711,316.0766,20.6771,47.125
search_candidate_000034_33333841,random-phased,8,8,0,47.125,44,28.1,66.3,15.7515,1044.25,1023.5,706.1,1352.1,0,115.75,3.625,52.125,1794.75,1880.5,920,2437.7,159.625,0,2.5,0.8151,20961,654.8776,244.9213,20.2243,47.125
search_candidate_000185_5588d5ff,random-phased,8,8,0,47,43.5,35.8,62.2,12.9904,1018.25,950,800.4,1330.4,0,106.5,3.625,50.25,1646.75,1599,981.2,2287.8,146.875,0,2.5,0.7227,20257.875,582.7681,244.6077,29.3048,47
search_candidate_000175_6d9446c8,random-phased,8,8,0,46.875,42.5,36.4,59.5,12.7812,1106.375,1078.5,924.5,1334.1,0,117.3,3.625,55.5,1617.875,1615,1265,1996.1,144,0,2,0.7212,17296.625,332.6531,195.737,30.0094,46.875
search_candidate_000193_da1a9e05,random-phased,8,8,0,46.875,44,34.7,62.2,11.174,1042.625,994.5,834,1300.1,0,112.1375,3.5,51.75,1721.5,1651.5,1202.9,2326.9,142.125,0,2.75,0.6368,20527.125,438.3649,186.9512,29.113,46.875
search_candidate_000160_03613617,random-phased,8,8,0,46.75,44.5,30.5,68.1,18.0537,1082.625,1016,800,1491.1,0,108.6625,3.75,54.375,1549.625,1384.5,986,2326.7,146.625,0,2.25,0.7821,19552.375,580.8332,299.6581,21.4731,46.75
search_candidate_000294_ed1a13b3,random-phased,8,8,0,46.625,48,22.6,73.2,21.6503,999.25,1036,527.2,1524.3,0,96.75,3.625,49.375,1359.625,1455.5,654.1,2047,137.5,0,1.75,0.8545,16946.125,607.8538,416.418,11.7749,46.625
search_candidate_000196_3dee87fa,random-phased,8,8,0,46.5,40,37.1,62.6,15.3786,965.75,843.5,812.4,1259.1,0,101.4875,3.375,48.5,1467.125,1246,1143.2,2054.5,146.375,0,2.5,0.7474,20421,533.8477,261.8262,29.4107,46.5
search_candidate_000110_912091f9,random-phased,8,8,0,46.375,42,27.7,66.9,17.9648,1001.625,932.5,675.7,1449.6,0,102.075,3.375,50.625,1455.875,1318.5,779.9,2311.7,138.875,0,2.25,0.7154,18733.625,604.003,337.2032,18.7176,46.375
search_candidate_000158_97933418,random-phased,8,8,0,46.375,40.5,34.6,62.1,19.039,977.875,870,784.1,1296.4,0,94.225,3.375,49.875,1254.5,1128,880,1795,137.75,0,2,0.7646,17875.875,459.8106,299.3106,25.0805,46.375
centered_candidate_000351_e147af91,centered-gaussian,8,8,0,46.25,41,36.1,60.3,10.195,1015.875,957,811,1255.2,0,103.45,3.375,51.625,1403,1396,1025.2,1791.5,139.125,0,2.375,0.6837,19195.375,327.6954,187.6349,31.0025,46.25
centered_candidate_000006_ade185aa,centered-gaussian,8,8,0,45.75,46,27.2,64.2,19.8416,1028.625,1081,658,1344.8,0,112.4625,3.5,49.75,1713.625,1780.5,945.3,2534.9,132.875,0,2,0.6983,17384.375,735.3644,357.1579,17.2792,45.75
search_candidate_000319_ac4fdfa2,random-phased,8,8,0,45.625,39,31.2,68.7,16.9406,1125,994.5,887.5,1515.4,0,128.3875,3.5,55.25,1745.375,1607.5,1305,2238,134,0,2.25,0.7072,18275.875,441.1488,283.1153,22.7297,45.625
search_candidate_000164_d3cada35,random-phased,8,8,0,45.375,45.5,26.5,61.3,14.594,1038.75,1018.5,689.7,1347.9,0,101.225,3.5,53.25,1441.75,1446.5,797,2015.2,140.25,0,2,0.7222,17394.625,492.6882,271.223,19.203,45.375
search_candidate_000084_6bbb80bf,random-phased,8,8,0,45.25,39.5,25,66.3,28.7087,939.875,897,579.2,1320.6,0,93.5625,3.625,46,1199.5,1050,679,1775.2,146,0,2.25,0.7616,18898.625,712.2477,435.4611,10.6457,45.25
search_candidate_000066_0dd48f59,random-phased,8,8,0,45.125,41.5,36,57.5,8.6954,1048.75,988,938.8,1227.1,0,121.9375,3.375,51.375,1822.125,1745.5,1591.4,2247.9,138.375,0,2.875,0.6034,20631.125,262.6944,126.2624,31.6523,45.125
search_candidate_000237_d8c3c015,random-phased,8,8,0,45,46,25.8,61.5,14.0268,1009.5,1074,660,1241.8,0,106.0375,3.5,50.625,1418.875,1495,736,1936,146,0,2.25,0.7681,19594.875,469.6769,228.3988,18.7866,45
search_candidate_000348_48e45259,random-phased,8,8,0,45,43.5,33.2,60.5,12.5,1000.875,980.5,766.6,1260.9,0,114.9125,3.375,49.125,1715.375,1782,1103.2,2206.9,144.125,0,2.625,0.6836,20266.125,491.0109,230.6786,26.95,45
centered_candidate_000167_bdd8c089,centered-gaussian,8,8,0,44.875,37,27,63.9,29.7508,963.5,846.5,638.5,1347.3,0,98.7875,3.25,48.5,1384.5,1102.5,776.4,2165.5,133,0,2.25,0.7274,18641.875,968.7537,500.1797,12.1246,44.875
centered_candidate_000212_308c9c05,centered-gaussian,8,8,0,44.75,40,32.9,64.9,13.1885,1012.75,944,745.2,1388.4,0,102.6625,3.625,49.625,1441.375,1245,947.2,2142.8,136.25,0,2,0.8028,17643.125,517.5495,272.6879,26.3057,44.75
centered_candidate_000289_8021966a,centered-gaussian,8,8,0,44.625,41,30.5,63,14.4822,1022.25,963.5,782.5,1338.8,0,102.2875,3.375,52.25,1480.5,1365,1043.5,2035.5,135.875,0,2.125,0.7572,18180.125,410.1247,255.7019,23.2589,44.625
search_candidate_000333_d62cdab2,random-phased,8,8,0,44.5,39.5,31.8,65.5,13.4443,1042.375,974,823.2,1396.2,0,108.15,3.5,53.375,1534.625,1408.5,1086.9,2147.5,148.75,0,2.25,0.7326,19391.375,454.6295,227.1013,25.0778,44.5
search_candidate_000078_b0baa5ab,random-phased,8,8,0,44.375,30,26.2,89,27.2164,1021,813,687.9,1781.3,0,98.45,3.5,52.375,1435.625,986,871.4,2930.6,140.375,0,2,0.8008,18049.5,869.6284,454.5954,12.5918,44.375
search_candidate_000113_346d6656,random-phased,8,8,0,44.375,48,23.2,58.4,15.4753,1017.5,1103.5,617.7,1314.6,0,113.0375,3.625,49.875,1590.875,1675,753,2382,151.625,0,2.125,0.7738,18756.5,644.0397,311.4743,15.4624,44.375
search_candidate_000242_1d6f8395,random-phased,8,8,0,44.375,40,30.4,62.6,14.2209,1038.5,1021.5,764.2,1343.8,0,113.1375,3.25,53.125,1474.25,1465,984.3,2022.7,139.875,0,1.875,0.7718,16737.5,429.1867,258.4971,23.2895,44.375
search_candidate_000356_59b7e063,random-phased,8,8,0,44.25,36.5,30.3,68.8,18.9588,1056.625,974.5,837.4,1393.6,0,118.9375,3.375,52.375,1595.5,1557.5,1047.5,2102.5,135.875,0,1.625,0.8771,16235.875,482.7025,256.018,20.8206,44.25
search_candidate_000270_db9d19ad,random-phased,8,8,0,44.125,49.5,21.6,56.5,14.6581,1014.625,1116.5,578.5,1265.1,0,103.8625,3.625,49.5,1512.75,1664.5,639.1,2121.3,134.375,0,1.625,0.822,16130.375,556.24,282.2937,14.271,44.125
search_candidate_000311_2021c024,random-phased,8,8,0,44.125,38.5,24.5,68.3,24.892,988.375,880.5,672.1,1422.6,0,106.6375,3.375,50.25,1377,1232,823.3,2081.7,150.5,0,2.125,0.7769,18585.5,594.3936,376.3911,12.054,44.125
search_candidate_000069_6bf5af5f,random-phased,8,8,0,44,38,34.7,60,12.7769,1004.375,914.5,863.9,1279.2,0,109.4875,3.375,50.375,1443.5,1354,1223.4,1781.8,143.25,0,2.125,0.6878,18494.375,256.4196,208.06,28.3115,44
search_candidate_000229_9f791119,random-phased,8,8,0,43.625,43,33.7,54.6,8.1077,967.5,946.5,755.1,1191.6,0,99.95,3.5,47.375,1419.125,1307.5,1037.5,1825.1,136.375,0,2.5,0.6327,19765.875,343.6504,175.9531,29.6462,43.625
search_candidate_000278_ba5e8a34,random-phased,8,8,0,43.375,35,29.6,69.2,19.0915,1049.625,880.5,809.6,1564,0,107.4625,3.375,53.875,1505.125,1287,1021.4,2269.8,136.375,0,2,0.8067,18019.375,609.8902,342.4047,20.0543,43.375
search_candidate_000096_49c5c6ee,random-phased,8,8,0,43,40.5,36.7,52.6,7.8899,953.75,905.5,804.6,1120.6,0,109.0875,3.375,47.25,1507.875,1460,1130.7,1840.4,152.25,0,2,0.8821,18398.5,403.3393,147.0023,32.7551,43
search_candidate_000274_2210fe00,random-phased,8,8,0,43,38,34.2,58.8,12.0416,945.375,865,796.8,1192,0,108.05,3.375,47.5,1639.75,1446,1257.8,2241.1,159.875,0,2.25,0.8728,20397.375,495.3539,199.4147,28.1792,43
search_candidate_000304_074e25ff,random-phased,8,8,0,43,36.5,35.7,57,9.2736,975.625,887,793.9,1225.6,0,103.0625,3.375,49.625,1357.875,1284.5,969,1781.5,147.875,0,2.125,0.8603,19130.25,309.1114,175.2284,31.0632,43
search_candidate_000067_e8b1333f,random-phased,8,8,0,42.75,36,24,66.4,17.683,1020.375,889,716.1,1415.4,0,109.625,3.5,51.125,1416.25,1275.5,906,1975.4,145,0,2,0.721,17725.75,456.992,294.8758,15.1585,42.75
search_candidate_000011_6dba2db3,random-phased,8,8,0,42.375,41.5,33.1,53.6,9.2458,918.25,893,769.1,1110.2,0,95.85,3.375,45.5,1301.75,1301,989.5,1651.4,141.625,0,2.625,0.6796,20672.25,303.3611,159.7347,28.4771,42.375
search_candidate_000081_fae19c77,random-phased,8,8,0,42.25,38.5,32.4,55.1,12.9976,925.625,845,763.2,1162.3,0,101.0125,3.375,45.125,1335.125,1288,1009.1,1686,140.125,0,2.375,0.6757,19086.875,299.301,215.0767,25.9012,42.25
search_candidate_000184_72f7c514,random-phased,8,8,0,42.25,38.5,33.2,59.3,10.497,899.875,833,726.1,1216.7,0,93.7,3.25,45.625,1217.5,1175,871,1669,145.875,0,2.25,0.6779,19296.25,336.8883,194.3749,27.9515,42.25
search_candidate_000328_543aef9f,random-phased,8,8,0,42.125,35,29.5,57.3,19.8899,1000.5,903,780.2,1268.1,0,102.4625,3.25,51.375,1425.5,1329,931.9,1959.7,133.625,0,2.375,0.6808,19250.625,581.5499,302.3359,19.555,42.125
search_candidate_000223_b8032ca6,random-phased,8,8,0,41.875,39,27.4,58.2,16.7514,989.875,974.5,726.6,1291.3,0,103.2,3.375,50.125,1363.125,1335,883,1839.2,139.625,0,2.25,0.7566,19039.75,554.8194,282.3094,19.0243,41.875
search_candidate_000232_3b71d298,random-phased,8,8,0,41.75,35,21.7,69.6,18.8531,967.125,908.5,543.9,1485.9,0,94.8,3.375,49.5,1231.875,1232.5,670,1862,138.25,0,1.875,0.7748,17289.625,456.5218,356.7644,12.2735,41.75
search_candidate_000132_591317cf,random-phased,8,8,0,41,36,32.4,55,11.7367,986.5,863.5,837.5,1258.4,0,105.125,3.375,50.125,1395.125,1229.5,1097.6,1837,144.5,0,2.25,0.6964,18907.25,426.2298,221.1679,26.5317,41
search_candidate_000058_18ca36c3,random-phased,8,8,0,40.875,33.5,24.7,65.2,17.3237,960.125,827,691.4,1339.8,0,95.6125,3.5,48.25,1257,1053,767,1841.2,140.625,0,2.25,0.7305,19114.75,508.676,289.9588,16.0382,40.875
search_candidate_000022_dbfb13b8,random-phased,8,8,0,40.625,38,30.4,58.3,11.7679,941.375,927.5,772.2,1169,0,104.3125,3.125,47.625,1358.5,1342.5,1002,1802.5,137.75,0,1.75,0.8489,17014.875,329.9246,165.9661,24.516,40.625
search_candidate_000234_ea3b47b3,random-phased,8,8,0,40.625,37,33.8,49.8,10.7696,949.375,871.5,835,1103.9,0,96.9875,3.25,48.25,1219.5,1138,996,1453.4,134,0,2,0.7415,17490.375,330.708,229.8706,28.4152,40.625
search_candidate_000044_31681692,random-phased,8,8,0,40.375,37.5,24.9,63.8,15.628,938,906,637.7,1323.5,0,96.825,3.25,48,1239.5,1182,727,1924.8,140.375,0,1.875,0.8354,17459,455.6794,285.4549,17.086,40.375
search_candidate_000165_0a4f95c4,random-phased,8,8,0,40.375,39,23.1,57.7,13.6376,1001.375,1006.5,683.9,1284.6,0,107.625,3.25,51.125,1441.625,1481.5,814.9,1949.5,136.75,0,1.875,0.7325,16982.25,422.7922,250.2069,16.2812,40.375
search_candidate_000013_83a3b183,random-phased,8,8,0,40,34,27.5,56.6,18.5472,937.75,839.5,699.2,1261.6,0,111.7375,3.375,44.25,1292,1143.5,817.4,1946.5,136.25,0,2,0.7755,17751.125,543.5092,292.0906,18.2264,40
search_candidate_000200_5e4686e9,random-phased,8,8,0,39.875,35.5,33,53.7,9.36,881,807.5,752.3,1162,0,91.4875,3.25,43.75,1204.875,1109.5,1019.5,1547.4,135.75,0,2.125,0.6551,18304.75,234.4885,167.4104,28.32,39.875
search_candidate_000216_023920b4,random-phased,8,8,0,39.875,32.5,27.4,59.3,19.1144,953.875,817.5,753,1272.5,0,95.875,3.375,48.25,1291,1104.5,940.7,1737,136,0,2.375,0.7102,19622.5,624.1789,339.3657,17.8428,39.875
search_candidate_000339_b32f3523,random-phased,8,8,0,39.75,38.5,33.4,45.8,7.1371,932.125,902,822.7,1080.5,0,110.0375,3.125,46.5,1419.375,1394,1049.2,1776.3,142.5,0,2.625,0.7023,20451.5,330.1132,121.4953,29.8315,39.75
search_candidate_000120_b159b0f3,random-phased,8,8,0,39.5,34,23.5,58.1,20.8686,950.625,934.5,613.9,1232.1,0,100.2,3.25,48.375,1322.375,1238,719.6,1854.8,138.25,0,1.75,0.7934,16568,632.7094,317.7267,13.0657,39.5
search_candidate_000150_f3bfdb85,random-phased,8,8,0,39.375,37,23.7,57.6,17.9021,995.625,985.5,748.7,1269.6,0,120.7375,3.25,48.25,1524.625,1498,999,1970.8,133.375,0,1.75,0.7564,16178.25,496.2242,288.6724,14.749,39.375
search_candidate_000115_43573e02,random-phased,8,8,0,39.25,39,25.5,51.5,15.4576,909.75,830.5,739.1,1128.4,0,95.4875,3.125,47.5,1205.875,1122.5,892,1536.2,146.5,0,2.375,0.7555,19474.625,408.5555,260.9482,17.7712,39.25
search_candidate_000198_b3562df0,random-phased,8,8,0,39.125,35,25.1,59.5,15.2433,957,923.5,671.7,1286,0,111.3625,3.375,46.25,1396.5,1231.5,777,2190.5,138.625,0,1.75,0.8056,16406.375,586.9321,264.6361,17.4783,39.125
search_candidate_000259_c3b1f520,random-phased,8,8,0,39.125,34,28.7,55.1,12.4543,952,852,770.8,1208.3,0,99.5375,3.375,47.75,1334,1146.5,1008.8,1765.1,137.875,0,2,0.7155,17710.875,426.1335,224.3814,22.4729,39.125
search_candidate_000351_a79d1b2c,random-phased,8,8,0,39.125,37.5,29.7,50.2,9.5451,905,870,718.1,1084.7,0,98.0125,3.25,45.875,1212.375,1136.5,801,1648.6,147,0,2.125,0.7844,19004.625,352.7293,159.07,24.9274,39.125
centered_candidate_000171_2fd4fd5f,centered-gaussian,8,8,0,38.5,35,27.4,55.8,11.3027,911.375,853.5,756,1184.3,0,96.8625,3.25,45.5,1234.375,1114.5,916.7,1751.7,135.375,0,2.125,0.7654,18427,339.3541,178.8295,21.7487,38.5
search_candidate_000167_3fd6c975,random-phased,8,8,0,38.375,36,27.5,49.9,14.7134,894,846,712.7,1116.7,0,97.1,3.125,45.375,1196.25,1080,842.4,1593.3,139.875,0,1.875,0.7743,16864.25,424.1429,239.8338,20.1433,38.375
search_candidate_000236_e59aafcd,random-phased,8,8,0,38.375,36,30,49.3,7.9047,973.75,952.5,813.6,1151.8,0,111.65,3.375,47.5,1432.625,1495,1086.2,1720.7,136.625,0,1.625,0.8119,15803.125,271.5419,148.5149,26.0476,38.375
centered_candidate_000317_1de18a0a,centered-gaussian,8,8,0,38.25,38.5,23.9,53.9,11.5081,852.625,876.5,619.8,1084,0,92.675,3.125,41.75,1140.125,1212.5,769.3,1439.4,130.625,0,2.125,0.7528,18078.25,284.4571,188.673,18.1459,38.25
search_candidate_000083_98cd1cb2,random-phased,8,8,0,38.125,34.5,27.8,50.1,12.7714,915.25,872,735.2,1086.5,0,114.1625,3.25,43.625,1265.25,1150,920.5,1671.5,141.75,0,1.625,0.8417,16368.75,354.5873,203.7939,21.4143,38.125
search_candidate_000090_e7d5eafb,random-phased,8,8,0,38.125,35,27.7,54.2,10.3855,899.375,831.5,702.5,1201,0,94.3125,3.25,45.25,1143.25,1010,792,1705.1,138.125,0,1.75,0.8471,16944.125,346.5771,187.1717,22.5072,38.125
search_candidate_000126_54e88b9f,random-phased,8,8,0,38,36.5,34,43,5.0744,893.5,867.5,805.9,997.7,0,101.975,3.125,44.25,1259.25,1170,1048,1592.6,136.75,0,1.875,0.7613,16820.25,233.0278,94.6137,31.4628,38
search_candidate_000349_580c6a82,random-phased,8,8,0,37.875,36,33.1,44.7,5.7758,949.25,909.5,835.8,1080.1,0,104.1625,3.125,48.875,1311.75,1277,1061,1596.9,139.875,0,2.125,0.7511,18422.625,222.6616,131.6432,30.2121,37.875
search_candidate_000306_a8572ec6,random-phased,8,8,0,37.5,31.5,24,53.8,19.5128,919.25,848.5,727.3,1168.8,0,91.3875,3.125,48.5,1197.125,1014.5,820.2,1682.1,139.625,0,2.125,0.7281,18606.25,573.4419,299.0776,14.2436,37.5
centered_candidate_000095_5f3e1a64,centered-gaussian,8,8,0,37.375,38.5,32.8,42,4.0292,861.375,855,782.8,948,0,94.9625,3,42.875,1188,1196.5,1019.5,1337,128.375,0,2.5,0.6794,19451.75,148.9656,72.9297,30.7854,37.375
search_candidate_000285_c45e5ce0,random-phased,8,8,0,37.25,33.5,32.7,43.9,6.6661,911,875.5,846.1,1003.3,0,112.1375,3.125,43.625,1264.625,1231.5,1113.2,1427.2,131.75,0,1.875,0.8327,17104.375,170.7908,98.1504,29.3669,37.25
search_candidate_000310_33d31a8e,random-phased,8,8,0,36.75,36,28.4,47.4,8.9826,877.5,878.5,723.5,1050.2,0,91.6875,3.125,45.75,1123.75,1118.5,893.6,1430.9,146.375,0,1.75,0.8711,17503.375,236.4116,164.4156,23.9087,36.75
search_candidate_000020_b3e75630,random-phased,8,8,0,36.5,35,21.7,50.4,15.3704,856.375,786,578.1,1151.5,0,86.525,3.125,44,1088.125,938,640.6,1594,137.375,0,2,0.8333,18000.5,398.9544,276.739,14.0148,36.5
search_candidate_000248_180db9e6,random-phased,8,8,0,36.375,28.5,22.7,53.5,21.5171,833.375,743.5,587.4,1092.5,0,85.1875,3.125,42.125,1016.75,815,658,1491.6,135.625,0,2,0.7923,18297.75,556.0908,325.1576,11.9415,36.375
search_candidate_000317_7fd2f94f,random-phased,8,8,0,36,34,25.4,45.4,11.7473,909.125,854,709.9,1140.8,0,95.575,3.125,47,1188.25,1090,814,1610.4,138,0,2.5,0.7299,19890.5,366.3478,210.4789,19.5263,36
search_candidate_000192_d3668227,random-phased,8,8,0,35.875,33.5,28.6,44.6,8.2073,891.125,846.5,771.9,1037,0,91.075,3.125,46.625,1128.875,1136,898.5,1401.9,141.5,0,2.125,0.8725,18827.5,194.6532,142.0963,24.4964,35.875
search_candidate_000269_bf443a2a,random-phased,8,8,0,35.875,35.5,30.2,42.2,5.5326,847,832.5,726.7,999.7,0,90.825,3.125,43.25,1087.125,1052,859,1323.7,144.375,0,2.125,0.844,18741.125,239.5733,114.0877,27.4337,35.875
search_candidate_000264_91433ce2,random-phased,8,8,0,35.375,38.5,28.4,40.3,5.3136,795.25,813,693.9,875.1,0,84.9625,3,40,969.875,1000.5,839,1073.2,135.5,0,1.75,0.7662,16868.75,118.5005,75.4665,25.7432,35.375
search_candidate_000076_1d4ed857,random-phased,8,8,0,35.25,32,27.7,45.3,9.9969,848.5,810.5,717.2,980.1,0,88.4125,3.125,43.25,1059.25,1024,877.6,1236.1,138.25,0,2,0.7979,18305.125,219.901,162.9478,22.7016,35.25
search_candidate_000205_079d7720,random-phased,8,8,0,35.25,33.5,25.4,45.5,9.4041,948.5,961,707,1157.6,0,113.825,3.125,47,1326.5,1385,845.4,1744,134.75,0,1.875,0.7738,17172,439.0054,202.8614,20.6979,35.25
search_candidate_000265_eae4e928,random-phased,8,8,0,35.125,32.5,24.1,47.4,13.1666,865.625,797.5,666.2,1121.3,0,89.2,3.125,44.75,1100,954.5,747,1669.6,139.75,0,1.625,0.9047,16889.125,384.2164,220.0119,17.5167,35.125
search_candidate_000241_9c083064,random-phased,8,8,0,35,38,20.7,48.7,12.0208,787.5,849,519.1,1052.4,0,83.45,2.875,40.625,975.5,990,647,1294.8,136.625,0,2.125,0.6973,18463.375,294.0608,220.5017,14.6896,35
search_candidate_000217_f4b2267a,random-phased,8,8,0,34.625,33.5,29.8,39.4,4.9482,909.75,890.5,787.9,1020.3,0,101.325,3.125,46.875,1220.75,1199.5,1059.5,1405.1,143.875,0,1.875,0.8023,17183.625,159.0627,113.6329,27.3259,34.625
search_candidate_000275_8b5dbc52,random-phased,8,8,0,34.625,37.5,26.9,39.6,5.9359,827.375,853,669,949.5,0,92.3375,2.875,42,1106,1070,828,1378.2,131.375,0,2.125,0.8178,18270.375,260.8328,123.4037,23.9321,34.625
search_candidate_000289_4a452984,random-phased,8,8,0,34.625,35.5,28.2,41.3,5.6555,809.5,778.5,721.1,936.9,0,85.975,3,41.5,1000.5,968.5,831,1223.5,139.625,0,1.75,0.902,17345,164.8469,93.4947,25.3723,34.625
search_candidate_000064_b521967e,random-phased,8,8,0,34,34,24.1,41.5,8.4261,770.625,789.5,601.6,893.5,0,87.175,3,38.5,999.75,1067,664,1212.3,143.25,0,1.75,0.882,17658.625,234.1115,128.5612,19.8869,34
search_candidate_000146_d3114733,random-phased,8,8,0,33.75,33,21.2,45.6,12.5673,878.125,839.5,691.5,1078.4,0,99.5,3,44.875,1239.375,1147,807.2,1651.6,137.375,0,2,0.8511,18115.5,435.3791,214.288,14.9163,33.75
search_candidate_000188_4344750e,random-phased,8,8,0,33.625,32,22.7,46.9,10.7464,887.25,842.5,664.8,1127.8,0,98.2625,3.125,45,1145.875,1093.5,780,1536.6,137.625,0,1.875,0.9086,17488.125,328.5272,201.3515,17.3268,33.625
search_candidate_000116_7c1cd332,random-phased,8,8,0,33.375,27,23.8,47.9,13.057,787.375,748.5,585.9,1062.2,0,81.2125,3,40.375,969,880,638.7,1445.7,137.125,0,2,0.8644,18211.625,322.607,210.4121,17.2715,33.375
search_candidate_000251_e0363f4a,random-phased,8,8,0,32.5,33,27.7,36.3,3.4278,892.625,910.5,753.5,978.8,0,110.475,3,44.125,1240.125,1297.5,980.4,1411.8,134.625,0,1.875,0.785,17159.125,180.5176,90.0915,25.9861,32.5
search_candidate_000040_89e61c90,random-phased,8,8,0,32.375,32.5,24.9,40.2,8.2301,846,835,698,996.1,0,89.7625,3,44,1095.625,1052.5,857.7,1336.2,137.5,0,1.625,0.88,16258.75,367.0126,194.1662,20.785,32.375
search_candidate_000186_e5778534,random-phased,8,8,0,32.375,33.5,22.5,41.3,8.0458,760,752,620.9,914.3,0,84.025,2.875,38.625,896.5,875,680,1110,137,0,1.875,0.8355,17597.75,176.2973,125.2587,18.4771,32.375
search_candidate_000208_51a9e573,random-phased,8,8,0,31.5,31.5,25.4,36.6,4.5277,809.375,799,742.4,896.4,0,84.975,3,42.25,954.75,942.5,839,1089.5,141.375,0,1.875,0.9063,17820.625,100.5196,61.1554,23.1362,31.5
search_candidate_000112_755d87b6,random-phased,8,8,0,31.375,33,23.2,37.9,6.5753,795.5,831,629.8,932.7,0,90.025,2.875,41.625,994.75,1010,715,1244,146.25,0,1.75,0.896,17321.375,228.6656,127.3911,19.9124,31.375
search_candidate_000359_ede3be8d,random-phased,8,8,0,31,33.5,22.3,40.3,9.4604,830.625,877,612.3,985.6,0,110.825,2.875,40.25,1156.625,1296,796.5,1429,137.375,0,1.5,0.9613,15934.625,327.1842,211.0379,17.5698,31
search_candidate_000181_9291add8,random-phased,8,8,0,30.75,25.5,22.4,43.4,11.0425,774.25,729,632,954,0,83.1375,3,39,909.5,836,741.8,1123.8,134.375,0,1.75,0.7897,16823.125,180.653,153.1198,16.8787,30.75
search_candidate_000322_2edacbba,random-phased,8,8,0,30.75,32.5,23.1,36.1,5.8683,806.25,831.5,678.6,940.8,0,86.05,2.875,41.75,1008.375,1009.5,820.3,1205.5,131.125,0,1.375,0.8802,15034.25,165.9917,122.7576,20.1658,30.75
search_candidate_000166_93ef9d17,random-phased,8,8,0,30.625,32,24.8,36,4.9984,799.875,810.5,749.3,853.7,0,87.1625,2.875,41.5,1019.5,1031.5,961.5,1078.9,135.625,0,1.75,0.8197,17001.75,63.4015,57.4966,22.3008,30.625
search_candidate_000111_32d1294b,random-phased,8,8,0,30.5,32.5,21.7,39.2,8.3217,854.375,853.5,701.7,993,0,91.675,2.875,45.75,1104.875,1005,862.5,1399.7,140.125,0,1.875,0.7895,17647.625,251.8901,131.8408,17.5392,30.5
search_candidate_000335_3baad882,random-phased,8,8,0,30.375,31.5,21.5,36.8,6.6697,799.625,806,703,885.4,0,83.475,2.875,41.875,935.25,930.5,824.7,1062.4,133.125,0,1.625,0.8776,16201.25,119.2694,96.2457,18.1652,30.375
search_candidate_000061_5d780a28,random-phased,8,8,0,29.875,29,20.7,37.6,6.8818,799.5,839.5,578.5,921.7,0,90.4125,2.75,41.75,1057.125,1095.5,781.3,1227.4,134,0,1.875,0.8015,17312.125,186.8893,139.4749,17.2591,29.875
search_candidate_000099_6fd71bcb,random-phased,8,8,0,29.875,32,20.2,39.1,8.6232,803.125,831,644.1,973.9,0,89.225,2.75,42.375,1005.25,1010.5,831.1,1233.6,135.25,0,2,0.8226,17869.875,168.531,135.7787,15.8884,29.875
search_candidate_000068_52dff14e,random-phased,8,8,0,29.75,28,23.4,38.3,6.0776,832.5,832,739.3,912.4,0,102.25,2.875,41.75,1079.375,1097,964.4,1183,134.875,0,1.875,0.7591,16895.375,99.5376,73.4796,20.3612,29.75
search_candidate_000163_0c014ab2,random-phased,8,8,0,29.75,24,20.8,41.2,13.8812,810.5,739.5,637.8,1032.7,0,86.675,2.875,42.5,1014.875,877.5,724,1372.3,134.75,0,1.625,0.8627,16852,435.5389,255.3434,13.8594,29.75
search_candidate_000204_7cb4fe7f,random-phased,8,8,0,29.75,28.5,19.5,40.2,11.5839,818.75,831,588.8,1008.6,0,105.2625,2.875,40.375,1140.375,1105,837.2,1509.8,137.625,0,1.75,0.7993,16933,291.5043,176.3943,13.708,29.75
search_candidate_000308_c97d7948,random-phased,8,8,0,29.625,28.5,19.8,41,9.7588,807.125,817,628.7,994.3,0,95.9125,2.875,42,1083.25,1046.5,766,1456.3,147.875,0,1.25,0.9866,15488.625,312.0672,178.8242,14.9206,29.625
search_candidate_000129_0577067f,random-phased,8,8,0,29.5,23,17.7,47.9,16.9632,793,691.5,527.4,1115.8,0,99.55,2.75,40.25,1052.75,863,709,1506,139.125,0,1.375,0.9352,15486.5,478.4756,319.5246,9.2184,29.5
search_candidate_000340_5d4cc420,random-phased,8,8,0,29.5,30.5,19.5,39.3,7.8899,726.625,724.5,526.6,981,0,79.5625,2.75,37.875,858.625,829,645.6,1164,137.5,0,2.125,0.776,18668.375,210.7706,183.5538,15.5551,29.5
search_candidate_000123_09b54aed,random-phased,8,8,0,29.25,31,20.4,35.3,5.8683,730.125,789,495.5,853.9,0,83.25,2.75,37.5,898.75,945.5,602.4,1096.6,136.75,0,2,0.7486,17901.125,208.9358,148.8795,17.4658,29.25
search_candidate_000091_9413162c,random-phased,8,8,0,29.125,28,19,39.2,7.7852,806.75,767,678.7,970.3,0,93.0125,2.75,42.375,1089.75,980.5,836.3,1446,137.5,0,1.875,0.8232,17355.625,327.0133,142.8397,15.1074,29.125
search_candidate_000136_449385e6,random-phased,8,8,0,28.75,28.5,21.7,35.9,6.1593,739,730,613.8,864.4,0,82.7875,2.75,38.375,907,843.5,745,1122.9,136.75,0,1.75,0.8452,17552.5,163.5734,101.267,18.6203,28.75
search_candidate_000307_b7cd78c7,random-phased,8,8,0,28.5,27.5,22.4,35.1,5.8523,769.75,761,664.7,875.9,0,84.7875,2.875,39.875,931,944,761,1109,137.75,0,1.625,0.895,16572.625,134.4693,91.9181,19.4738,28.5
search_candidate_000299_f008ded1,random-phased,8,8,0,28.125,29.5,17,35.2,7.0611,830.875,875.5,631.8,959.7,0,113.4875,2.75,40.625,1194.625,1174.5,950.3,1462.4,132.875,0,1.875,0.7604,16999.375,248.9498,147.0182,13.4694,28.125
search_candidate_000134_903b88eb,random-phased,8,8,0,28,28,22.5,34,5.1478,827.25,826.5,727.8,919.4,0,93.8125,2.875,42.875,1071.375,1035,923.9,1277.4,134.25,0,1.625,0.9094,16640.875,146.219,77.3543,19.9261,28
search_candidate_000357_a237486e,random-phased,8,8,0,28,31,16.5,34.6,7.8102,800.375,851.5,532.1,962.6,0,90.6875,2.75,42.125,1055.875,1071.5,660,1395.8,135.125,0,1.75,0.8144,16570.875,292.2548,173.161,12.5949,28
search_candidate_000337_f4ea6632,random-phased,8,8,0,27.75,29,19.4,34.3,6.057,769.25,781,596.2,922.2,0,86.8,2.75,40.625,940,890,778,1206.9,139.125,0,1.625,0.9455,16610.125,164.8022,121.5419,16.3715,27.75
search_candidate_000098_0e07b6cd,random-phased,8,8,0,27.625,27,17.4,36.6,7.8412,713.75,742.5,459,904.1,0,79.9,2.75,37.125,850,868.5,536.7,1159.6,138.625,0,2.125,0.7578,18765.625,231.7644,175.358,13.4794,27.625
search_candidate_000045_e9b461e3,random-phased,8,8,0,27.5,27.5,21,32.9,4.899,852.5,860.5,694.9,998.1,0,98.2375,2.75,45.5,1124.625,1115,867.9,1363.8,137.625,0,2,0.8006,18047.375,202.7899,121.9088,18.5505,27.5
search_candidate_000041_72aa1ded,random-phased,8,8,0,27.375,29,21.3,31.4,5.7866,781,786,618.6,962.9,0,84.5125,2.875,40.375,942.375,935.5,684.7,1253.7,131.75,0,1.375,0.9649,15717.875,219.2464,150.6859,18.4067,27.375
search_candidate_000301_881a83f2,random-phased,8,8,0,27.375,29.5,16.4,36,8.2301,771.125,833,566.4,925.4,0,84.5125,2.625,41.625,940.625,955,691,1129.4,134.5,0,1.5,0.934,16145.5,183.0082,141.6602,12.285,27.375
search_candidate_000004_23e5a5eb,random-phased,8,8,0,27.25,30.5,14.7,37.9,9.5884,714.25,752,531.5,889,0,80.875,2.625,37.5,864.125,890,656.9,1079,134.625,0,1.5,0.9434,15691.375,178.0424,150.8789,9.9058,27.25
search_candidate_000170_65505e76,random-phased,8,8,0,27.25,27.5,19.7,33.7,6.359,660.5,666,461.2,824.3,0,75.125,2.75,32.75,757.75,762,570.8,921.8,131.25,0,1.75,0.8058,16960.5,152.4514,140.3469,16.5205,27.25
search_candidate_000189_7d8a8533,random-phased,8,8,0,27.25,25,17.5,39.4,11.1552,785,779.5,592.5,993.4,0,106,2.75,38.25,1053.125,1028,766.5,1395.4,133.75,0,1.75,0.8516,16781.25,248.0244,191.3942,11.9224,27.25
search_candidate_000027_debcbca7,random-phased,8,8,0,27,30.5,18.9,32.3,6.2849,798.25,852,642.3,925.2,0,94.425,2.75,41.875,1061.375,1115.5,780.7,1295.3,139.375,0,2.125,0.7279,18583.625,204.8633,139.9453,15.7575,27
search_candidate_000247_2a727677,random-phased,8,8,0,26.875,26,19,35.2,6.8818,689.625,697.5,531.6,856.8,0,79.825,2.625,35.625,850.75,811,689.4,1059.1,134.125,0,1.625,0.7901,16326.625,167.1315,139.924,15.5591,26.875
search_candidate_000060_16b1f8a0,random-phased,8,8,0,26.5,25.5,18.7,33.9,6.3836,788.125,846,604.7,932.3,0,111.1625,2.625,38.5,1131.625,1128,924.9,1384,132.625,0,1.75,0.661,16047.5,216.6241,133.4658,15.5082,26.5
search_candidate_000353_25d592b0,random-phased,8,8,0,26.375,27.5,17,34.1,7.3474,767.25,797,595.6,921.5,0,88.7625,2.625,40.875,949.875,957.5,738,1131.6,136.5,0,1.875,0.8422,17420.75,173.4484,134.5945,13.3263,26.375
search_candidate_000174_17a370b9,random-phased,8,8,0,25.875,27.5,15.5,33.3,7.623,792.75,822.5,657.8,869.8,0,85.175,2.75,42.375,1017.25,1016.5,855.5,1165.9,132.25,0,1.625,0.9209,16666.5,145.6398,96.6563,11.6885,25.875
search_candidate_000315_29d9691b,random-phased,8,8,0,25.875,25,17.1,35.9,7.3048,647.25,630,493.4,841.8,0,71.6875,2.75,32.75,739.25,690.5,543.8,985.7,134.875,0,1.625,0.8529,16525.75,181.1206,144.415,13.4476,25.875
search_candidate_000330_f20a6ba7,random-phased,8,8,0,25.75,26,17.5,34.4,7.8859,721.375,756,562.6,844.7,0,89.575,2.625,37.5,957.125,985.5,797.8,1118.3,140.875,0,1.5,0.9624,16415,157.7406,124.1953,13.557,25.75
search_candidate_000092_86984979,random-phased,8,8,0,25.625,21,13.7,38.3,12.3181,619.625,505,392,910.3,0,71.6,2.5,32.125,761.625,632.5,465.4,1141.6,133.25,0,1.875,0.8053,17761.875,304.5123,241.559,7.541,25.625
search_candidate_000244_6c85d503,random-phased,8,8,0,25.625,25.5,14.2,35.8,12.3282,770.75,791.5,453.6,1053.7,0,111.2625,2.75,37.375,1127.5,1144.5,551,1678,143.5,0,1.875,0.8942,18100.625,607.3541,326.5125,8.0359,25.625
search_candidate_000354_a188bf06,random-phased,8,8,0,25.375,21.5,14.7,40.9,13.3317,723.125,622.5,522.5,972.9,0,82.9,2.625,37.875,962.5,784,686.4,1385.6,132,0,1.75,0.8721,17082.625,425.85,259.7068,8.0341,25.375
search_candidate_000139_1d865ba5,random-phased,8,8,0,25.25,21.5,17,35.5,8.5403,609.375,569,393.5,846.5,0,70.675,2.5,31.375,706.375,642.5,468,992.2,132.375,0,1.375,0.9232,15533.5,216.0081,185.7969,12.7298,25.25
search_candidate_000097_b1541407,random-phased,8,8,0,25.125,27,13.8,37.3,9.7524,649.75,738,383.4,853.2,0,75.6,2.625,33.5,761.25,835,437,1009,136.625,0,1.625,0.8358,15954.125,248.8191,207.5824,8.9238,25.125
search_candidate_000252_61112ad3,random-phased,8,8,0,25.125,23,17.7,35.3,7.3218,733.5,726,512.4,968.2,0,94.2625,2.5,38.125,949.5,934.5,637,1267.1,135.625,0,1.75,0.7951,16993.875,275.3834,193.7034,14.0391,25.125
search_candidate_000360_7f1e5b5c,random-phased,8,8,0,24.875,22,17.4,35.7,8.1308,712.5,660.5,538.3,920.9,0,91.4,2.5,36.5,918.5,814,642.7,1299.3,132,0,1.625,0.9125,16736.625,285.4225,173.9705,13.3346,24.875
search_candidate_000056_bf8f4c05,random-phased,8,8,0,24.625,29.5,8.4,37.3,12.5194,729.125,852.5,415.7,935.7,0,87.6,2.5,38.875,954.625,1038,547,1309.3,135.125,0,1.625,0.8955,16415,339.0933,232.7963,2.1403,24.625
search_candidate_000249_b11aeabb,random-phased,8,8,0,24.25,23,13.1,37.9,9.9844,712.875,678.5,534.1,976.1,0,82.2375,2.5,38.25,896.625,812.5,656.1,1248.2,132.75,0,1.625,0.8368,16086.375,259.9855,187.9863,8.1078,24.25
search_candidate_000326_311a32cc,random-phased,8,8,0,24.25,23.5,14.1,33.8,8.1968,722.375,795,485.6,921.5,0,103.225,2.625,34.25,929.75,1037.5,594.7,1207,128.875,0,1.5,0.8882,15667.125,269.537,192.8762,10.0016,24.25
search_candidate_000018_900b5288,random-phased,8,8,0,24.125,23.5,19,29.5,5.1584,696.875,707,554.5,831.8,0,83.9625,2.5,37.25,876.125,874,709.4,1047.7,139,0,1.375,0.8699,15565.25,141.1422,115.7578,16.4208,24.125
search_candidate_000035_0eda1c75,random-phased,8,8,0,23.75,21,16.4,32.8,7.0666,750.125,714,540.9,972.6,0,91.6625,2.375,40.25,1007.25,963.5,667.5,1332.6,128,0,1.5,0.8956,15600.25,267.4938,179.3742,12.8667,23.75
search_candidate_000093_3371ab84,random-phased,8,8,0,23.625,24,17,30,5.2187,708.375,745.5,569.1,803.2,0,94.0875,2.5,36.125,902.25,954,683,1061.8,134.25,0,2,0.7426,17853,158.1121,100.6043,14.3907,23.625
search_candidate_000287_542140e4,random-phased,8,8,0,23.625,25.5,18.1,27.3,3.9667,729.375,786,590.4,845,0,88.65,2.625,37.875,935.25,990,768,1064,134.125,0,1.75,0.882,16983.125,134.4356,111.2047,16.1167,23.625
search_candidate_000029_1f3edfe5,random-phased,8,8,0,23.5,20.5,17.7,34.4,7.6485,628.5,581.5,510.8,803.3,0,78.65,2.25,33,815.25,716,643.8,1090.8,126.125,0,1.5,0.9098,15508.25,249.6757,137.1614,13.8757,23.5
search_candidate_000145_572ddcd8,random-phased,8,8,0,23.5,22,14.8,33.1,8.2614,768.125,784,597.4,911.9,0,86.9875,2.5,42,973.125,1006.5,754.7,1128.9,131.125,0,1.75,0.8104,16946.375,165.9747,132.8706,10.6693,23.5
search_candidate_000079_1c5a6c8b,random-phased,8,8,0,23.375,21.5,17.2,30.8,6.3233,685,639.5,557.5,883.5,0,93.175,2.375,35.75,870.25,812.5,664,1174.5,139.5,0,1.625,0.9279,16978.375,207.3769,131.7365,14.0383,23.375
search_candidate_000293_fbf6c25f,random-phased,8,8,0,23.25,24.5,15.2,29.6,6.4177,739.25,741,580.3,870.5,0,93.3125,2.625,38.5,938.375,960.5,684.9,1177.9,139.375,0,1.875,0.8632,17992.75,227.6582,136.0218,11.9911,23.25
search_candidate_000057_a32a2e7c,random-phased,8,8,0,22.875,22,15.4,32.8,7.6065,719,701,564.7,924.1,0,84.125,2.5,38.5,898,888.5,683.7,1145.1,131.5,0,1.75,0.8425,17072.125,194.4042,147.6093,11.5967,22.875
search_candidate_000144_b797ef27,random-phased,8,8,0,22.625,21,16.2,30.5,7.8889,629.75,583.5,478.4,825.6,0,76.075,2.25,33.625,754,718,567,963.8,125.875,0,1.625,0.8411,16156.25,176.1597,137.6597,12.2556,22.625
search_candidate_000072_7af49036,random-phased,8,8,0,22.5,21,13.7,32.3,8.8318,719.5,720,467.2,983.8,0,107.2375,2.5,35,994.875,995,593.7,1450.2,134.375,0,2,0.7933,17594.375,360.0095,221.6095,9.2841,22.5
search_candidate_000206_c8c3ca06,random-phased,8,8,0,22.375,21.5,15.1,30.3,5.8296,634.375,674,446.8,799.1,0,73.8,2.375,33.625,778,838,553.8,927.1,126.75,0,1.625,0.8671,16397.25,167.8042,145.6082,12.1852,22.375
search_candidate_000277_421b5883,random-phased,8,8,0,22.25,21,19.7,25.9,2.9047,663.625,658,553.2,762.3,0,77.4,2.375,36,798.25,830,665,893.1,132,0,1.5,0.8345,15762.75,98.0341,87.5984,18.2476,22.25
search_candidate_000071_82610507,random-phased,8,8,0,22,25,13.7,28.2,6.4807,641.75,661,448.4,837.8,0,88.5,2.625,31.125,748.75,755,501,1046,137.25,0,2,0.8006,18094.5,216.8201,161.5346,10.4596,22
search_candidate_000320_4aaafb7d,random-phased,8,8,0,21.75,21.5,16.1,28.6,4.9181,682.5,672,582,797.2,0,96.825,2.25,35.5,932.375,964,761.5,1052.5,134.125,0,1.5,0.8936,16101.875,118.0942,84.6419,13.641,21.75
search_candidate_000147_e2f5e233,random-phased,8,8,0,21.625,20.5,16.1,27.9,4.9984,665.75,664,560.4,773.5,0,90.6125,2.375,35,826.5,825,658,966.6,141.375,0,1.75,0.8323,16832.25,124.903,85.5376,13.6008,21.625
search_candidate_000350_c2be478f,random-phased,8,8,0,21.625,20,14.1,28.4,8.0768,691.875,697,505.3,836.1,0,92.9375,2.25,37,924,916.5,599.9,1175.4,135,0,1.625,0.8558,16630,239.2091,159.2203,10.0616,21.625
search_candidate_000138_c363acc6,random-phased,8,8,0,21.5,20.5,17.8,25.4,4.3012,652.5,650.5,517.5,802.6,0,101.2375,2.375,31.125,870.125,850,719.8,1032.6,131.125,0,1.625,0.8438,16109.375,142.025,112.5355,15.6494,21.5
search_candidate_000221_20a7a210,random-phased,8,8,0,20.25,17.5,16.4,28.4,6.0363,696.5,642.5,588.2,867.8,0,83.0375,2.25,38.625,891.125,816,714,1122,129,0,1.25,0.9755,14732.5,228.5342,150.2365,13.3818,20.25
search_candidate_000253_2909b5a7,random-phased,8,8,0,20.125,17.5,12.1,29,7.8651,666.75,618.5,505.6,865.7,0,83.2375,2.375,35.75,896.875,855,649.3,1185.1,134,0,1.5,0.9003,16076.25,256.489,166.8261,8.1675,20.125
search_candidate_000312_8cc9906b,random-phased,8,8,0,19.625,18.5,15.4,25.3,3.9031,635,620,550.4,764.9,0,95.3125,2.25,31.625,813.75,810,723,941,129.875,0,1.625,0.832,16163.5,108.9653,94.1395,13.4484,19.625
search_candidate_000105_a662ada3,random-phased,8,8,0,19.25,17.5,12.7,27.5,6.0776,682.375,618,555.2,897,0,92.0125,2.25,36.375,880,790,701,1097,131.875,0,1.5,0.8737,15993.125,176.281,142.0906,9.6612,19.25
search_candidate_000177_914d51bc,random-phased,8,8,0,18.625,18,14.7,23.2,3.998,624,648.5,517.7,709.3,0,77.8625,2.125,34.75,777,810,632,883,131.125,0,1.125,0.9778,14387.5,104.8475,83.9017,12.701,18.625
search_candidate_000127_b4088344,random-phased,8,8,0,18.25,19.5,14.5,21,3.1524,613,592,514.5,719,0,92.425,2,32,802.5,785,642,986,127.75,0,1.5,0.8559,15505,183.7628,113.4284,12.9238,18.25
search_candidate_000254_22e77349,random-phased,8,8,0,18.125,17,13.7,24.3,4.226,579,538.5,466.2,742.7,0,94.05,2.25,27.25,763.125,685.5,549.9,991.7,128.5,0,1.625,0.8727,16347,234.4192,125.5757,11.587,18.125
search_candidate_000015_e6ed2972,random-phased,8,8,0,17.125,17,11.4,22.9,5.1584,543.25,520,411.7,672,0,86.0375,2.125,27,691.125,655,450,932.9,132.625,0,1.125,1.0027,14553.75,199.1026,113.5184,8.8208,17.125
