candidateId,strategyVariantId,runs,scenarioCount,bossKillRate,avgExp,medianExp,p10Exp,p90Exp,expStdDev,avgScore,medianScore,p10Score,p90Score,completionRate,avgSurvivalTimeSeconds,avgLevel,avgKills,avgDamageDealt,medianDamageDealt,p10DamageDealt,p90DamageDealt,avgDamageTaken,damageWindowPassRate,avgDamageWindowViolationCount,avgMaxDamageWindowRatio,damageSafetyPenalty,damageDealtStdDev,scoreStdDev,consistencyScore,generalFitnessScore
centered_candidate_000099_cb3cf52b,centered-gaussian,5,5,0.8,7449,8343,4863.4,9216.8,2406.3336,47743.8,53480,32605.6,57459.4,0.8,813.16,55.6,2518.2,543464.2,392889,197427.6,1018010,333.6,0,5.4,0.4748,35454.6,433363.0166,14255.0623,3660.2332,7449
general_top1-phased_b3e93463,top1-phased,5,5,0.8,7449,8343,4863.4,9216.8,2406.3336,47743.8,53480,32605.6,57459.4,0.8,813.16,55.6,2518.2,543464.2,392889,197427.6,1018010,333.6,0,5.4,0.4748,35454.6,433363.0166,14255.0623,3660.2332,7449
centered_candidate_000087_df63c2c5,centered-gaussian,5,5,0.8,7072,8330,3234.6,9512.4,3553.4733,44968.6,53487,21499.8,59281,0.8,746.08,50.6,2378.2,597574.8,652908,199435.2,962034.6,309.4,0,4.8,0.5331,32272.6,365516.2241,21971.6014,1457.8634,7072
centered_candidate_000507_6241e3c2,centered-gaussian,5,5,0.8,7031.4,8168,3161.2,9583,3560.5727,44611.2,52256,21104.2,59408.8,0.8,744.96,50,2360.6,612591.4,629876,181385.6,1034793,336,0,5.6,0.4542,36755.8,395825.8243,21970.3412,1380.9136,7031.4
centered_candidate_000020_bfd58b3c,centered-gaussian,5,5,1,6795.8,8056,4172,8180.2,2550.2806,44598.8,52241,28919,52875.8,1,801.22,52.4,2351.2,389651,358354,159958.6,614143.2,304.6,0,5.6,0.457,36102.6,212781.3684,15175.2372,2896.8597,6795.8
centered_candidate_000515_1c0279ca,centered-gaussian,5,5,0.8,6453.8,7986,3278.6,8094.6,3127.283,41997,51845,22139.4,52139.4,0.8,766.86,48.6,2220.2,444729.2,452500,165717,712224.4,325.8,0,6,0.4968,38582.2,266890.2642,19549.5016,1714.9585,6453.8
centered_candidate_000239_a1ffc191,centered-gaussian,5,5,0.8,5607.4,7977,1685.2,8007.8,3116.0104,37007.6,51550,12706,51796,0.8,689.02,45.6,1944,328657.2,439327,45635.6,564372.4,321.4,0,5.8,0.4673,37444.2,235291.5804,19370.6116,127.1948,5607.4
centered_candidate_000299_cf031301,centered-gaussian,5,5,0.8,5574.2,7965,926.8,9004.8,3739.0967,36470.8,51575,8133.6,56724.2,0.8,669.8,44,1915,402291.4,502227,19362.8,758976.6,291.8,0,5,0.5857,33767.6,332439.9702,22638.4119,-942.7484,5574.2
general_top1-phased_c3c0c326,top1-phased,5,5,0.8,5574.2,7965,926.8,9004.8,3739.0967,36470.8,51575,8133.6,56724.2,0.8,669.8,44,1915,402291.4,502227,19362.8,758976.6,291.8,0,5,0.5857,33767.6,332439.9702,22638.4119,-942.7484,5574.2
centered_candidate_000254_1e3269d7,centered-gaussian,5,5,0.8,5521.8,7942,834.2,8983,3774.5715,36067.8,51114,7316.2,56707.4,0.8,654.62,43.2,1898.2,392777.2,447502,18497.2,771559.4,312,0,5.4,0.5365,36352,339782.2668,22980.4483,-1053.0858,5521.8
centered_candidate_000283_a5133212,centered-gaussian,5,5,0.8,5458.4,7814,1308,8131.6,3286.7359,35994.2,50550,10265.2,52299.4,0.8,663.36,43.4,1896.8,401326,494049,32110.4,727267,308.6,0,5.4,0.4901,35410.4,309136.6352,20435.0674,-335.3679,5458.4
centered_candidate_000285_4d76e7fe,centered-gaussian,5,5,0.8,5345.2,8137,932.2,8212.8,3509.6935,35319,52221,8199,52891.6,0.8,670.24,43.2,1849.6,289974.4,357025,21133.4,542222.8,255.2,0,4.4,0.5014,29339,234180.3414,21508.4806,-822.6468,5345.2
general_top1-phased_e8d86eaa,top1-phased,5,5,0.8,5345.2,8137,932.2,8212.8,3509.6935,35319,52221,8199,52891.6,0.8,670.24,43.2,1849.6,289974.4,357025,21133.4,542222.8,255.2,0,4.4,0.5014,29339,234180.3414,21508.4806,-822.6468,5345.2
centered_candidate_000169_40250400,centered-gaussian,5,5,0.8,5157.8,7723,897.4,7932,3373.392,34237.2,50397,7463,51412.2,0.8,650.26,41.6,1806.8,284973,352832,20373.4,530923,348,0,4.6,0.5338,31967.2,229274.2257,21172.5892,-789.296,5157.8
centered_candidate_000405_63c710a9,centered-gaussian,5,5,0.8,5150.2,7809,763.2,8053,3489.0767,34269,50726,7112.8,51955.6,0.8,655.02,41.8,1806,323209.2,392500,17937.4,595771.4,326,0,6.2,0.4533,39089.6,257644.3563,21522.4181,-981.3384,5150.2
centered_candidate_000116_9d932cfb,centered-gaussian,5,5,0.8,5109.2,7768,741.4,7997,3474.2291,33995.8,50510,6767,51814.8,0.8,648.98,41.6,1788.4,316523.8,451829,16943,555043.2,302.2,0,4.6,0.4489,31136.4,246500.8242,21589.794,-995.7146,5109.2
centered_candidate_000398_c9aefd77,centered-gaussian,5,5,0.8,3203,2214,710,6751,3323.3915,22287.4,17524,6385.6,43419.8,0.8,457.24,31.4,1157.6,169693,47800,15423.8,447870.4,326.4,0,4.2,0.672,31418,272137.0229,19747.6176,-951.6958,3203
centered_candidate_000011_ee1e0def,centered-gaussian,5,5,0.6,6394.6,7819,2618.8,8959.8,3292.4225,41277.8,51138,17751.2,56622.2,0.8,749.9,48,2176.8,513658.8,476574,165358.8,858746,263,0,4.8,0.4608,30548.6,317169.8101,20476.0526,972.5888,6394.6
centered_candidate_000491_1c2a6383,centered-gaussian,5,5,0.6,6316,8182,2609,8504.6,3216.21,40974.6,52891,17610.2,54642.2,0.6,681.02,47.8,2177.6,314059.4,345273,129122.4,469769,296.6,0,4.8,0.5952,32123,174270.6072,20286.6015,1000.895,6316
centered_candidate_000161_626a27ff,centered-gaussian,5,5,0.6,5859.4,8290,1176.8,9174.4,3730.447,37929,53320,9113.6,57815,0.6,662.1,45.2,1999.6,318603.8,387270,28518.8,598158.8,267.6,0,5,0.4611,32111.8,259704.1574,22889.2692,-688.4235,5859.4
general_top1-phased_8a2f977b,top1-phased,5,5,0.6,5859.4,8290,1176.8,9174.4,3730.447,37929,53320,9113.6,57815,0.6,662.1,45.2,1999.6,318603.8,387270,28518.8,598158.8,267.6,0,5,0.4611,32111.8,259704.1574,22889.2692,-688.4235,5859.4
centered_candidate_000183_f9733a30,centered-gaussian,5,5,0.6,5706.4,7778,2048.8,7925.2,2963.5918,37245.4,50324,14051.2,51423,0.6,694.92,46,1961.4,413256,451599,80975.2,749002.4,375.6,0,5.8,0.6242,39643.6,307147.2406,18713.5614,567.0041,5706.4
centered_candidate_000255_8193bda8,centered-gaussian,5,5,0.6,5657.6,7801,2184.6,7961.4,2770.639,37738,50550,16812,51640.2,0.6,714.34,47.4,1994.2,367324.4,400636,45791.2,686148,364,0,5.8,0.5574,38433.8,283310.1518,16673.4189,799.2805,5657.6
centered_candidate_000365_1ca72eaa,centered-gaussian,5,5,0.6,5509,7713,768.2,9058.2,3806.0209,35993.2,50534,6613.6,57238.6,0.6,650.3,42.8,1903.4,336917.4,383346,16590.4,639491.2,291.6,0,5.6,0.4545,35601,275676.6031,23442.7185,-1134.8104,5509
centered_candidate_000274_e74eedbc,centered-gaussian,5,5,0.6,5496.8,7783,856,8926.2,3722.2197,35779.8,50431,7241.4,56228.4,0.6,652,43.2,1886,350146.4,518134,17754.8,597604.6,311.2,0,4.6,0.5582,31928,270229.0334,22763.2035,-1005.1099,5496.8
centered_candidate_000300_53ac43a7,centered-gaussian,5,5,0.6,5488.2,8161,93.2,9548,4433.7152,34962.2,52725,1727.4,59311.8,0.6,600.12,39.4,1853.8,396956,536007,3530.2,727313,304.2,0,5.6,0.4766,36192.4,328870.3032,27232.8306,-2123.6576,5488.2
centered_candidate_000240_e629ad91,centered-gaussian,5,5,0.6,5482,8192,76,9559.8,4441.0774,35036.4,52886,1522.8,59721,0.6,595.64,39.8,1850.8,342421.6,461893,2758.4,623314.4,225.4,0,4.4,0.4617,28699,283447.2691,27464.3945,-2144.5387,5482
centered_candidate_000437_226d3397,centered-gaussian,5,5,0.6,5405.6,7780,1304.2,8108.4,3247.1992,35760.4,50456,10500.2,52169.8,0.6,680.8,44.4,1882.8,305522,432608,28782.8,514296.4,314,0,5.6,0.4109,35831.4,224540.1126,19981.1598,-319.3996,5405.6
centered_candidate_000116_0e9186f1,centered-gaussian,5,5,0.6,5372.8,7805,55.6,9479,4381.2103,34241,50561,1131.8,59177.2,0.6,588.86,38.8,1812,311845,459884,2123,560117.6,281.6,0,4.6,0.5333,31267.4,257937.7065,27178.9739,-2135.0052,5372.8
centered_candidate_000286_f6ae9a6c,centered-gaussian,5,5,0.6,5298.4,8074,72.6,9214.6,4289.6757,34016.6,52174,1504.2,57839,0.6,597.22,38.8,1793.6,347888,480266,2838.8,648442.4,205.6,0,3.8,0.4735,25428.6,294844.0562,26613.7981,-2072.2379,5298.4
centered_candidate_000256_3dc729fd,centered-gaussian,5,5,0.6,5294.2,7982,371.6,8940.4,4000.9545,34237.6,51535,3561.8,56427.4,0.6,628.74,40.8,1796.8,335641,494490,7928.6,597486.6,242.4,0,4.4,0.4234,28393.8,272581.8954,24803.5161,-1628.8773,5294.2
centered_candidate_000487_5efef638,centered-gaussian,5,5,0.6,5258,8005,210,9044.4,4135.1479,33962.6,51959,2628.2,56785,0.6,625.64,40.2,1782.2,451002.8,495037,5709.6,894242,232.6,0,5.4,0.4097,33107.2,393944.3982,25542.8975,-1857.574,5258
centered_candidate_000481_abbb472b,centered-gaussian,5,5,0.6,5209.2,7959,173,8980.2,4129.7704,33764.6,51217,2401,56838.4,0.6,622.26,39.6,1780.2,335690.6,358466,5181.6,656699.2,268.6,0,4,0.4784,27216.8,290479.2022,25612.4904,-1891.8852,5209.2
centered_candidate_000394_502453c5,centered-gaussian,5,5,0.6,5199.6,7982,155.4,8968.6,4135.7062,33733.2,52046,2091.4,56719,0.6,613.84,39.2,1782.6,332775,371339,4437.8,671966.2,264.2,0,4.8,0.4113,30525.6,301258.9016,25823.5783,-1912.4531,5199.6
centered_candidate_000065_d2627de0,centered-gaussian,5,5,0.6,5197.4,8125,79.8,8993.8,4210.2885,33475,52313,1579.8,56672.8,0.6,597.7,38.6,1768,341934,337753,3229.2,703059.2,261.4,0,5.4,0.455,34572.4,310611.4496,26173.2365,-2025.3442,5197.4
centered_candidate_000278_013043d1,centered-gaussian,5,5,0.6,5179.8,8181,69.8,8898.8,4191.3108,33319.4,52403,1443.6,56179.6,0.6,595.14,38.6,1755.6,287895.8,415770,2570.4,522582.2,240.8,0,4,0.5339,27473.6,239173.4199,26097.946,-2025.8554,5179.8
centered_candidate_000344_5594a7bf,centered-gaussian,5,5,0.6,5153.6,7782,215.2,8921.6,4067.7572,33625,50722,2834.6,56541.2,0.6,640.72,39.6,1767.8,320132.4,367534,6887.4,620070.6,221.8,0,5.2,0.3378,30750.8,272570.0962,25258.0203,-1818.6786,5153.6
centered_candidate_000188_51c423bd,centered-gaussian,5,5,0.6,5150.8,7986,177.4,8815.6,4071.3893,33452.6,51300,2422.8,56029.4,0.6,612.96,39.6,1763.6,449521.8,418869,4589,939817,274,0,5,0.4429,32518.4,416019.2352,25304.1859,-1858.2947,5150.8
centered_candidate_000024_e09e1b1e,centered-gaussian,5,5,0.6,5140.2,7840,61.4,8877,4163.3934,33247,51083,1252.8,56370,0.6,592.16,38,1757,264666.6,413956,2453,455415.2,218.2,0,3.8,0.4805,25455.4,214767.1469,26184.7935,-2020.2967,5140.2
centered_candidate_000009_532f9697,centered-gaussian,5,5,0.6,5123.8,7966,114.6,8831.2,4109.7543,33281.2,51684,1839,56075.2,0.6,612.46,38.8,1758.2,365615.8,544465,3933.2,642736.4,271.4,0,5,0.5125,32162.6,297470.5423,25694.1055,-1940.2771,5123.8
centered_candidate_000021_5a3314ba,centered-gaussian,5,5,0.6,5123.2,8008,72.6,8870.4,4154.3782,33173.8,51760,1434.6,56314,0.6,593.54,38.2,1756.4,337964.2,449564,2668.4,623593.2,268,0,4.4,0.4748,29783.8,281189.7442,26032.6034,-2004.5891,5123.2
centered_candidate_000502_ade2e09d,centered-gaussian,5,5,0.6,5118.2,7916,80.4,8869.8,4139.2647,33291.2,51446,1614.2,56433.8,0.6,596.1,38.6,1760,332881,372997,3042.4,662478.6,232.6,0,3.8,0.4919,25669.2,293498.2458,25950.822,-1989.2323,5118.2
centered_candidate_000429_a44a48ab,centered-gaussian,5,5,0.6,5109.4,7776,74.6,8974.4,4160.0804,32993.2,50589,1551.2,56469.6,0.6,596.38,38.4,1739.6,334178.2,400652,2907.8,636688,252.8,0,4.2,0.4891,28689,283710.2207,25871.1642,-2005.4402,5109.4
centered_candidate_000336_81a95f9d,centered-gaussian,5,5,0.6,5109,7702,805.4,7967.6,3420.7783,33957.4,50540,7001.2,51501.8,0.6,662.78,41.8,1795.2,337385,518760,16737,565487.4,356,0,5.8,0.5107,38376.4,260007.7572,21372.4892,-904.9891,5109
centered_candidate_000359_28106a0b,centered-gaussian,5,5,0.6,5103.2,7811,48.2,8916,4157.0192,33028.6,50738,1049.8,56706,0.6,585.36,37.8,1747.4,368490,517670,1697.6,669686.8,232.2,0,4,0.5457,26753.2,305269.6706,26217.2758,-2030.3096,5103.2
centered_candidate_000060_38876a64,centered-gaussian,5,5,0.6,5100.6,7747,49,8991,4174.1458,32851.8,50535,1120.6,56511.4,0.6,591.36,37.8,1736.4,337220,415330,2217.2,662422.2,276.4,0,4.8,0.4845,31091.2,299524.8221,26076.3361,-2038.0729,5100.6
centered_candidate_000130_4f98f0b4,centered-gaussian,5,5,0.6,5097.2,7849,80,8877.8,4130.2451,32934.2,50945,1550.2,55988.2,0.6,614.96,38.2,1734.8,375100.6,491225,3576,697378,255.2,0,4.6,0.4867,29624,312914.7622,25731.6952,-1985.1226,5097.2
centered_candidate_000341_701b2a20,centered-gaussian,5,5,0.6,5075.8,6297,1351.6,7896.8,3011.3337,33745.4,40768,10533.2,51387.6,0.6,594.48,42.4,1789.2,208718.2,258104,37609.6,359129.2,359.8,0,5.4,0.6512,37023.4,144744.8192,18893.4719,-154.0668,5075.8
centered_candidate_000107_84b1a910,centered-gaussian,5,5,0.6,5071.6,8014,74,8632,4082.7293,32878.8,51796,1459.2,54999.8,0.6,598.54,38.2,1730,337659,467607,2762.6,632770.4,194,0,3.6,0.5286,23883.2,289363.6558,25633.4297,-1967.3647,5071.6
centered_candidate_000201_0fa95d7d,centered-gaussian,5,5,0.6,5052.8,8001,191,8457.4,3949.4085,32878.6,51898,2352,53844.6,0.6,617.14,39,1726.4,354294.2,494224,4958.4,655637.8,222.2,0,3.6,0.5004,24425.2,297895.4488,24730.9932,-1783.7042,5052.8
centered_candidate_000237_edb8aa94,centered-gaussian,5,5,0.6,5030.6,7740,95,8762,4067.0032,32765.6,50461,1707.8,55718.6,0.6,599.58,38.2,1732.8,366536.4,462394,3310.8,701524,266.6,0,4.4,0.5139,29634.2,313423.2655,25475.8785,-1938.5016,5030.6
centered_candidate_000314_7d500c5f,centered-gaussian,5,5,0.6,5026.4,7995,240.6,8306.8,3886.3661,32987,51663,3067,53368,0.6,627.4,39.4,1735.8,217120.8,311177,6613.2,385243,238.2,0,3.8,0.4346,25128.4,174022.9885,24267.4472,-1702.583,5026.4
centered_candidate_000255_6e8c830e,centered-gaussian,5,5,0.6,5006.2,8014,66.8,8498.4,4037.4924,32561.8,51505,1364.4,54542.6,0.6,596.06,37.8,1720,280644.4,451708,2575.8,476089.2,243.6,0,3.8,0.5254,26547.4,227346.1942,25475.8974,-1951.9462,5006.2
centered_candidate_000328_28accd5a,centered-gaussian,5,5,0.6,4996.4,8042,239,8203,3856.1202,32685.8,51649,2841,52833,0.6,618.88,39.2,1722.4,371947.6,457178,5966.8,709880.6,289.2,0,5,0.5657,33415.2,314311.3931,24142.3874,-1689.0601,4996.4
centered_candidate_000222_47c4bb1c,centered-gaussian,5,5,0.6,4978.6,8023,214,8208.6,3872.4885,32684.8,51995,2755.8,52798.4,0.6,623.8,39,1721.8,280334.2,392936,5975.8,516028.2,256.2,0,5,0.4702,31945.4,234014.8823,24307.5348,-1722.2443,4978.6
centered_candidate_000511_bdd1158f,centered-gaussian,5,5,0.6,4970.8,7894,73.4,8483.6,4008.8428,32455,51227,1503.8,54430.4,0.6,596.24,37.6,1718,271079.2,376623,2903.4,492622.6,254.8,0,4.8,0.5433,31057.6,223419.7861,25296.9633,-1931.0214,4970.8
centered_candidate_000260_4890e738,centered-gaussian,5,5,0.6,4966.2,7985,99.8,8364,3974.4131,32584,51864,1821.2,53901,0.6,601.02,38,1722,297828.4,390604,3601.8,563943,217.8,0,4.2,0.4343,27455.4,253488.8893,25107.2384,-1887.4066,4966.2
centered_candidate_000288_095d79fa,centered-gaussian,5,5,0.6,4959.6,8021,127.6,8267.6,3938.2203,32432.4,51766,2032.2,53128,0.6,618.4,38.2,1707.2,240138.4,338689,4582.6,436366.2,231.2,0,4.4,0.4909,29023.4,197403.2755,24753.9872,-1841.5102,4959.6
centered_candidate_000168_256a33ab,centered-gaussian,5,5,0.6,4928.2,8086,72.2,8215.2,3962.673,32178,51973,1414.2,53105,0.6,595.4,37.4,1697.6,265038.4,374510,2939.6,482989.2,213,0,4.2,0.4196,26558,219519.3565,25096.5778,-1909.1365,4928.2
centered_candidate_000323_dc9172e2,centered-gaussian,5,5,0.6,4922.2,8056,78.6,8217.4,3954.8648,32079.2,51930,1472.2,52881.6,0.6,597.28,37.6,1690.4,352256.2,461566,3029.8,671042.6,233,0,4.2,0.4929,27983.4,302895.575,24986.2128,-1898.8324,4922.2
centered_candidate_000305_d4b9f6a9,centered-gaussian,5,5,0.6,4922,8050,63.8,8217,3964.1696,32113.6,51995,1359.6,52902.6,0.6,600.2,37.6,1693.8,328030.2,458384,3044.6,596223.2,243,0,5.2,0.4355,32314.4,270780.5203,25076.4535,-1918.2848,4922
centered_candidate_000517_2d8bd238,centered-gaussian,5,5,0.6,4914.8,7977,190.4,8098,3836.1491,32387.6,51849,2416.8,52482.8,0.6,618.44,38.6,1709.6,281546.2,441666,5397.4,481001.8,264.6,0,5,0.4527,31629.2,225700.7296,24306.0609,-1727.6745,4914.8
centered_candidate_000296_55c1bcbe,centered-gaussian,5,5,0.6,4913.6,8057,78.2,8179.4,3948.0932,32127.6,51820,1556.2,52863.6,0.6,593.5,37.6,1696.4,269053.8,365190,2802.8,491063,235.4,0,3.6,0.4889,24677.4,222239.198,24963.2534,-1895.8466,4913.6
centered_candidate_000098_b6edb0ca,centered-gaussian,5,5,0.6,4910.2,7954,66.2,8245,3953.6402,32050,51554,1418.8,52981.6,0.6,594.72,37.4,1694.6,287178.2,332000,2573.8,588409.8,265.8,0,4,0.5293,28013.2,274922.7733,24974.678,-1910.6201,4910.2
centered_candidate_000151_b278756d,centered-gaussian,5,5,0.6,4887.6,8062,77.6,8114.6,3926.6862,32032,52183,1468,52537.4,0.6,594.76,37.4,1692.8,302539.4,336845,2619.6,596235.2,234.6,0,4.2,0.4978,27887.8,263401.0304,24953.7367,-1885.7431,4887.6
centered_candidate_000117_14953ee0,centered-gaussian,5,5,0.6,4885.8,8018,59.6,8145,3936.4836,31855,51679,1209.6,52549.6,0.6,598.52,37,1682.2,331451.8,441868,2636,612484.6,251.8,0,5.2,0.4103,33053.8,275954.8434,24976.8737,-1908.6418,4885.8
centered_candidate_000376_e1f9dc30,centered-gaussian,5,5,0.6,4884.6,7988,65.8,8167.8,3932.8443,31967.4,51677,1427.6,52684.8,0.6,598.38,37.4,1688.6,317139.4,468189,2753,569127.4,248.8,0,4.6,0.4939,29899.6,261956.7339,24899.053,-1900.6221,4884.6
centered_candidate_000223_a66f9c73,centered-gaussian,5,5,0.6,4881.8,7895,61,8210.4,3934.0796,31862,51111,1245.2,52909.8,0.6,590.36,37,1683,335492.8,440102,2081.2,645611.4,235.6,0,4.6,0.4535,29454.8,294432.5149,24954.2494,-1906.0398,4881.8
centered_candidate_000012_41295743,centered-gaussian,5,5,0.6,4881.4,8028,85.8,8109.4,3911.2282,32085,51992,1598.6,52627.8,0.6,597.26,37.4,1696,326354.6,428419,2811.6,607742.4,218.8,0,3.4,0.526,23427.2,272781.3186,24840.3447,-1869.8141,4881.4
centered_candidate_000455_d22af630,centered-gaussian,5,5,0.6,4872.6,7805,85,8228.4,3911.3149,31835.6,50531,1696.6,52778.4,0.6,597.12,37.6,1678.8,353865,397200,3067.8,710167.4,257.4,0,4.6,0.4792,30220.6,316722.5155,24611.3732,-1870.6574,4872.6
centered_candidate_000204_04c53dca,centered-gaussian,5,5,0.6,4869,8008,86.8,8085.2,3901.7966,31869,51703,1698.4,52149.4,0.6,595.78,37.6,1679.6,392501,518866,3189.2,741742.2,230.8,0,3.8,0.5526,25896,334208.0898,24605.017,-1864.0983,4869
centered_candidate_000342_8f88811e,centered-gaussian,5,5,0.6,4848,7968,66.2,8080.8,3901.684,31682.6,51490,1418.8,52055,0.6,594.72,37.2,1669.2,370134.2,522170,2573.8,665756,226,0,3.8,0.4643,25014.8,304587.2944,24669.3548,-1884.642,4848
centered_candidate_000163_b084fc89,centered-gaussian,5,5,0.6,4844.2,7889,62.4,8119.8,3905.3675,31604.4,50936,1327.6,52358.6,0.6,592.54,37,1667.8,335747.6,469184,2404.4,620031.6,254.6,0,4.8,0.5096,31170.2,282058.3505,24727.6299,-1890.2837,4844.2
centered_candidate_000045_4ad00f6a,centered-gaussian,5,5,0.6,4840.2,7940,101.2,8034.6,3866.1341,31791.6,51310,1827,52045.6,0.6,601.48,37.6,1679.6,333115.6,428527,3641.4,626663.6,269,0,4.6,0.3964,29866.6,279959.6919,24449.1823,-1831.867,4840.2
centered_candidate_000053_a8070944,centered-gaussian,5,5,0.6,4839.2,7925,57.4,8079.4,3902.6156,31786,51849,1242.8,52287,0.6,592.52,37.2,1680,298684.6,474462,2232.6,507249,233.2,0,4.2,0.4825,27431.6,242309.7499,24903.7786,-1893.9078,4839.2
centered_candidate_000286_5cc80e70,centered-gaussian,5,5,0.6,4829,7833,130,8021.8,3832.0774,31836.2,50766,2115.4,52063,0.6,611.2,38,1677.2,407171,468611,4091.2,825356.2,238.4,0,3.8,0.52,26163.4,377188.4294,24213.4599,-1786.0387,4829
centered_candidate_000133_c95d12bc,centered-gaussian,5,5,0.6,4820.4,7564,63,8210,3890.2545,31699.6,49846,1386.2,52954,0.6,599.44,37.2,1672,288415.6,362673,2888.6,542823.6,213.2,0,4.2,0.4448,27380,242335.4352,24751.9242,-1882.1273,4820.4
centered_candidate_000148_9ea28aad,centered-gaussian,5,5,0.6,4804.4,7774,70.2,8065,3864.7595,31608,50580,1429.8,52323.6,0.6,596.14,37,1669.2,418274.4,439119,2836.6,823991.8,222.2,0,3.2,0.5505,22610,367018.9561,24612.8533,-1862.1798,4804.4
centered_candidate_000398_0757943e,centered-gaussian,5,5,0.6,4796.4,7833,82.2,7997.6,3847.3619,31474.8,50633,1645,51697.2,0.6,593.7,37.4,1664,385541,563034,3012.8,679836.6,295.2,0,5,0.4691,32960.8,315170.3158,24331.4832,-1841.4809,4796.4
centered_candidate_000317_66b704b2,centered-gaussian,5,5,0.6,4794.6,7862,90.8,7964.8,3839.8398,31556,50930,1712.8,51725.4,0.6,595.18,37.4,1667.8,282574.6,428198,3081.6,495721.8,265.8,0,4,0.4807,26988.6,230194.7561,24364.352,-1829.1199,4794.6
centered_candidate_000424_037ecc8d,centered-gaussian,5,5,0.6,4774.2,7699,152.6,7950.4,3763.1591,31616.6,50399,2294.8,51563.4,0.6,615.98,37.8,1670.6,340050.2,521978,4727.6,585026.8,280.6,0,5,0.458,32037.8,274509.4564,23844.7322,-1728.9795,4774.2
centered_candidate_000181_17c85085,centered-gaussian,5,5,0.6,4773,7725,54.4,8011.2,3850.0028,31356.2,50478,1163.2,51973.6,0.6,590.06,36.8,1657.8,279342,425170,1982.8,493216.8,254.2,0,3.8,0.5512,26529.6,229342.9916,24592.7374,-1870.6014,4773
centered_candidate_000212_939c78bf,centered-gaussian,5,5,0.6,4772.2,7804,68.8,7983.2,3840.1645,31301.6,50708,1449.4,51521.4,0.6,595.16,36.8,1652.8,399425.6,461928,2902.2,812893.6,257.2,0,4,0.4754,26906.8,374540.5926,24349.8681,-1851.2822,4772.2
centered_candidate_000046_c9b6e069,centered-gaussian,5,5,0.6,4770.4,7838,66.2,7944.4,3840.9205,31248.8,50731,1416,51367.2,0.6,592.96,37,1649.4,360746.8,471901,2547.8,693955.6,275.6,0,4.4,0.5429,30098.6,315888.9959,24340.7632,-1854.2603,4770.4
centered_candidate_000085_0f7ca48f,centered-gaussian,5,5,0.6,4767.8,4223,1884,7928.2,2706.5288,32382.8,28655,15180.2,51400.8,0.6,626.72,43,1704.4,202603.2,115416,38331,423051.2,358.6,0,5.6,0.5114,38213.2,176524.1627,16239.5965,530.7356,4767.8
centered_candidate_000303_57d1a267,centered-gaussian,5,5,0.6,4766.8,7792,76,7955.2,3830.5654,31245.6,50491,1468.6,51489.8,0.6,597.94,37,1648.6,327806.6,419357,3060,626014.8,274,0,4.8,0.4828,31890.2,280517.8475,24309.021,-1839.2827,4766.8
centered_candidate_000376_e96c2dae,centered-gaussian,5,5,0.6,4727.4,7654,58,7939,3812.7432,31118.8,50299,1266.4,51342.8,0.6,589.3,36.8,1648.4,339138.2,505525,2028.2,593659.2,299.8,0,5.4,0.5419,35155.4,277033.7106,24339.7312,-1848.3716,4727.4
centered_candidate_000036_39fb86e6,centered-gaussian,5,5,0.6,4587,3056,1138.8,8691.2,3425.2871,30630.6,22553,8473.6,55792.6,0.6,561.66,39,1613.6,276975.8,84937,26793.8,623718.6,292.8,0,4.8,0.4777,32778.8,279685.0606,21378.0769,-573.8436,4587
centered_candidate_000367_6912bb20,centered-gaussian,5,5,0.6,4516.2,3934,905.2,8227,3256.4216,30279.2,27132,7801.4,52861.4,0.6,572.22,39.2,1591.8,234530.2,107897,20605.4,510429.2,310.8,0,5.4,0.5285,36200.4,225486.3477,20098.6112,-723.0108,4516.2
centered_candidate_000502_d5a72c5e,centered-gaussian,5,5,0.6,4508,4385,182.2,8967.4,3881.5091,29389.6,29766,2159.4,56687.8,0.6,540.62,36.4,1538.6,306003.2,133352,4886.8,738243.2,259.4,0,4.6,0.4697,29981.8,350181.7345,24080.5601,-1758.5545,4508
centered_candidate_000041_c63ff778,centered-gaussian,5,5,0.6,4454,2598,839,8929,3670.2417,29738.2,19424,7374.8,56467,0.6,564.92,38,1565.2,271632.4,56724,16275,673169,321,0,5.4,0.4785,35853,322594.1492,22210.2811,-996.1208,4454
centered_candidate_000080_a304d28e,centered-gaussian,5,5,0.6,4405.8,2738,100.8,9559.6,4303.8101,28608.4,20647,1761.2,59455,0.6,506.68,34.8,1505.4,323868.2,62536,3346.4,779931.2,280.6,0,4.4,0.5297,30674.2,369291.1143,26071.0294,-2051.1051,4405.8
centered_candidate_000340_a023a4db,centered-gaussian,5,5,0.6,4398.2,2652,759.2,8913,3680.816,29371,20153,6675.8,56282.8,0.6,562.28,37.8,1544.8,248265.4,62586,16005,621463,334.4,0,6.6,0.5408,43292.8,309217.6445,22255.1882,-1081.208,4398.2
centered_candidate_000237_4f5f25ad,centered-gaussian,5,5,0.6,4361,4327,61.4,8797.6,3870.1862,28504.4,29444,1335.2,55770.2,0.6,513.24,35,1499.6,264927.2,199016,2501.6,576817.4,278.2,0,4.2,0.5911,29432,256972.713,24144.1977,-1873.6931,4361
centered_candidate_000249_b137f5cb,centered-gaussian,5,5,0.6,4338.2,3350,1016.2,7927.4,3112.4276,29352.4,24105,8204.8,51437,0.6,567.26,38,1547.6,251018.8,72968,23107.6,566045,325.6,0,5.6,0.5079,37080,255713.8802,19518.5347,-540.0138,4338.2
centered_candidate_000502_9d56f351,centered-gaussian,5,5,0.6,4321,3751,248.6,8816.6,3795.1,28750.6,26788,3060.4,56024.6,0.6,538.18,36.2,1515.4,321243.8,104255,6374.4,749649.4,307.6,0,5.2,0.5104,34647.4,347545.4692,23397.3154,-1648.95,4321
centered_candidate_000159_a6130269,centered-gaussian,5,5,0.6,4242.2,4624,154.2,8148.8,3568.8622,28177,30876,2342.2,52711.6,0.6,546.36,35.4,1478.4,187054.4,150342,5382.2,404662.4,274,0,3.6,0.5279,26138.4,180513.0118,22473.3553,-1630.2311,4242.2
centered_candidate_000260_7f62bd7c,centered-gaussian,5,5,0.6,4231.8,2893,1101.8,7776,3056.3074,28603.2,20662,8673.8,50702.8,0.6,565.82,37.6,1502.6,245718.4,65860,26894.2,579089.8,336,0,5.8,0.5638,37346.6,266545.3344,19293.9776,-426.3537,4231.8
centered_candidate_000265_6037f39b,centered-gaussian,5,5,0.6,4231.8,1921,757.6,8795.2,3712.6,28339.8,15075,6701.4,55851.8,0.6,553.16,36.2,1488.4,215024.2,39540,17200.2,512479.4,293,0,4.8,0.5853,34077.4,235752.1857,22615.463,-1098.7,4231.8
centered_candidate_000488_10cbe49e,centered-gaussian,5,5,0.6,4227.6,2821,423.2,8848.6,3771.8984,28243.8,21150,4255.8,56118,0.6,543.76,36.4,1482.2,283490.6,68291,9545.4,685132.8,304.6,0,5.2,0.5543,34684.6,318461.5458,23052.1444,-1462.7492,4227.6
centered_candidate_000141_8a832038,centered-gaussian,5,5,0.6,4197.6,2844,198.2,8976.4,3933.6153,27757.6,21422,2420.8,56646.4,0.6,530.76,34.8,1455.4,199100,71775,5158.2,468307.4,269.4,0,5.2,0.5507,33992.8,214710.3066,24140.1905,-1768.6076,4197.6
centered_candidate_000362_59b2b871,centered-gaussian,5,5,0.6,4163.8,3096,49.4,8975.8,3987.0826,27225,22756,1064,56390.6,0.6,496.98,33.6,1432.4,381580.2,72466,1712.4,937511.6,299.4,0,4.8,0.5746,33704.8,442326.1827,24582.1111,-1944.1413,4163.8
centered_candidate_000463_db500c8e,centered-gaussian,5,5,0.6,4054.6,3683,102,8199,3614.7323,27003.4,26014,1697,52818.2,0.6,520.98,33.8,1420.8,170654,97828,3616,385632.4,286,0,4.4,0.6131,31386.4,173479.9404,22783.7675,-1705.3662,4054.6
centered_candidate_000279_5d5827af,centered-gaussian,5,5,0.6,4036.4,2358,195.4,8875.8,3924.677,26835.2,18319,2532.6,56150.6,0.6,528.34,34.2,1407,252592,53914,5754,624748.8,305.8,0,6,0.4917,39067.8,294933.6687,24052.9197,-1766.9385,4036.4
centered_candidate_000333_e25c0738,centered-gaussian,5,5,0.6,4027.6,2609,629.8,8007.4,3336.6671,27270.8,19995,5331,51882.4,0.6,554.96,36,1426.6,227491.4,56972,13355,537351,299.8,0,5,0.5436,33476.6,246399.2286,20920.1778,-1038.5335,4027.6
centered_candidate_000196_65b48bc0,centered-gaussian,5,5,0.6,4004.2,2833,60.4,8698.4,3868.8529,26586.6,21133,1350,55367,0.6,503.18,33,1403.6,319445.2,67565,2325.2,814905.8,312,0,5,0.5166,33629.2,398629.0908,24074.4451,-1874.0264,4004.2
centered_candidate_000416_cd34ff8c,centered-gaussian,5,5,0.6,3967.4,3275,130.2,8137.6,3586.9787,26616,23927,2025.2,52363.4,0.6,525.7,33.6,1396.8,216074.4,81217,4297.4,514672.8,253.2,0,4.4,0.4744,29516,237744.473,22459.7001,-1663.2894,3967.4
centered_candidate_000370_2c460873,centered-gaussian,5,5,0.6,3940.6,2132,100,8809.8,3962.2395,26345.6,17119,1885.6,56068.4,0.6,509.34,32.8,1389,236973.2,42395,3924.4,582402.6,283.4,0,4.6,0.5334,31796,274258.2856,24454.1607,-1881.1197,3940.6
centered_candidate_000029_7d4bea4a,centered-gaussian,5,5,0.6,3917,2949,159.4,8144.6,3591.9329,26387.8,21895,2362,52527.4,0.6,518.64,33.6,1385.4,196777.2,71219,4313.4,461174.4,254.8,0,4.2,0.4897,28378.4,211647.5769,22444.3573,-1636.5665,3917
centered_candidate_000161_b3ec8a06,centered-gaussian,5,5,0.6,3908.2,1960,591.8,8075.2,3451.0772,26652,15196,5656,52324,0.6,546.44,35,1397.2,202615.8,37481,12130.4,483858,287.2,0,5,0.5084,33468.8,223802.8164,21442.0651,-1133.7386,3908.2
centered_candidate_000476_787d3bc1,centered-gaussian,5,5,0.6,3857.2,3156,97.8,7964.8,3525.7994,25978.4,23154,1616,51640.2,0.6,523.44,33,1362.8,213504,72499,3304,494170,260.8,0,4.8,0.5337,31693,230308.8878,22345.9571,-1665.0997,3857.2
centered_candidate_000289_78ed0746,centered-gaussian,5,5,0.6,3823.8,1565,75.6,8875.6,4056.494,25429.2,13066,1525.4,56425.4,0.6,496.64,31.6,1334.4,266339.2,31593,2969.4,682378,248.8,0,4.2,0.5085,28102.8,330474.7607,25079.2508,-1952.647,3823.8
centered_candidate_000450_9fa3f109,centered-gaussian,5,5,0.6,3819.2,2294,187.2,8214.2,3647.1886,25609.8,17307,2462.2,52808.6,0.6,522.2,33.2,1337.2,161212,61906,5180.2,368369.4,276.8,0,4.8,0.474,31754.8,168867.9167,22760.35,-1636.3943,3819.2
centered_candidate_000046_14dd38dd,centered-gaussian,5,5,0.6,3819,2922,150.2,7936.4,3492.8444,25925.8,21732,2175.6,51680.2,0.6,524.12,33.2,1360.6,237253.8,68895,4335,574326.4,250.2,0,4.4,0.5463,29484,267517.8219,22097.1894,-1596.2222,3819
centered_candidate_000035_63d544c5,centered-gaussian,5,5,0.6,3810,2864,84.4,8005.4,3570.3241,25679.8,21491,1566.2,51850,0.6,507.76,32.6,1349.2,174318.4,64462,3040.8,413137,260.2,0,4.8,0.4674,32284.2,190263.0932,22557.9833,-1700.762,3810
centered_candidate_000515_dd39c161,centered-gaussian,5,5,0.6,3775.2,2847,221.2,7798.6,3417.3471,25715.2,21505,2879.8,50686.6,0.6,550.18,33.8,1346.6,203989.2,67074,6870,480252.2,317,0,5.2,0.4914,33809.2,220527.6789,21454.3531,-1487.4736,3775.2
centered_candidate_000040_d8bf3d56,centered-gaussian,5,5,0.6,3769.2,3196,69.8,7756,3447.8822,25415,23205,1475.6,50446.8,0.6,515.6,32.4,1336.4,183139.2,75035,3155.2,425356.4,301,0,5,0.507,33852.6,194595.7063,21909.8181,-1654.1411,3769.2
centered_candidate_000038_f73ab95f,centered-gaussian,5,5,0.6,3766.8,2866,127,7852.2,3472.1338,25521.4,21372,1934.4,51093,0.6,528.02,32.8,1338.4,189740.8,68130,4398.6,451550.6,278.2,0,4.8,0.4807,31268.6,208271.9661,21985.0023,-1609.0669,3766.8
centered_candidate_000437_7a12e5df,centered-gaussian,5,5,0.6,3761,1502,140,8578.4,3907.1699,25271.8,12827,2109.2,54943.4,0.6,513.82,32,1319.4,211419.8,29922,4429.2,518939.2,208.4,0,3.6,0.5095,24781.4,245107.6783,24231.8324,-1813.585,3761
centered_candidate_000026_8f8e2957,centered-gaussian,5,5,0.6,3738.2,2892,79,7821,3485.6639,25227.6,21703,1603.4,50585.8,0.6,509.38,32.2,1327,267659,64213,3021.4,640088.2,299.8,0,5,0.5014,34279.6,300523.152,21952.7642,-1663.8319,3738.2
centered_candidate_000030_a0dd076a,centered-gaussian,5,5,0.6,3677.2,1992,72.2,8137.4,3693.5435,24687.8,16123,1328,52310.6,0.6,499.7,31.6,1289.6,271455.6,40351,2560.8,695244.6,240.4,0,4.4,0.5456,29627.2,338007.8681,23143.2775,-1774.5718,3677.2
centered_candidate_000078_8bf88956,centered-gaussian,5,5,0.6,3666.8,2024,65,8094,3681.7092,24609.2,16184,1350.8,52085,0.6,495.58,31,1291.2,206795.8,42103,2452.4,510548.6,259.4,0,4.4,0.5577,30442.6,240649.4028,23069.2525,-1775.8546,3666.8
centered_candidate_000408_e8d4afeb,centered-gaussian,5,5,0.6,3664.6,2344,75,7936.6,3566.2289,24638.2,17960,1433.6,51294.4,0.6,500.78,31.4,1293.4,226983.4,51741,2786.4,548867.6,291.8,0,4.8,0.5608,32227.6,257158.9495,22476.3662,-1708.1144,3664.6
centered_candidate_000518_d3912251,centered-gaussian,5,5,0.6,3648.6,2075,69.8,8013.4,3637.8762,24663.4,16749,1416.6,51879.6,0.6,496.86,31.2,1297.2,181487.4,43700,2673.8,435584.8,268.2,0,4.8,0.5667,32555.8,203806.9242,22889.4622,-1749.1381,3648.6
centered_candidate_000322_d9098166,centered-gaussian,5,5,0.6,3599.4,2176,64.8,7846.2,3551.1491,24394.2,17275,1371.4,51012.6,0.6,497.42,31,1281.2,192417.8,52363,2443.8,466062.2,257.4,0,4,0.5085,27183.8,217388.0265,22461.1807,-1710.7746,3599.4
centered_candidate_000156_a629a811,centered-gaussian,5,5,0.6,3513.6,1509,86.2,7972,3654.4617,23775.8,12787,1608.2,51545.8,0.6,496.92,30.4,1244.8,172711.2,31342,3282.4,426065,258.4,0,4.4,0.5093,29603.8,200730.2647,22944.3298,-1741.0308,3513.6
centered_candidate_000069_3bbff8d9,centered-gaussian,5,5,0.6,3338.2,3962,62.4,6650.2,3017.3194,22667.6,27576,1265.2,43729.2,0.6,439,30.6,1185,125301.8,109547,2468.4,275911,282.4,0,5,0.5473,33663.8,130035.8226,19413.4727,-1446.2597,3338.2
centered_candidate_000195_bf226e0b,centered-gaussian,5,5,0.6,3111.8,2925,114.2,6824.6,3374.2382,21515.2,22033,1894.8,44420.4,0.6,431.54,29.4,1129.4,186058.2,64794,3898.6,499334.8,305.8,0,5.6,0.5272,37679.8,299506.1814,20843.0619,-1572.9191,3111.8
centered_candidate_000244_394a00b5,centered-gaussian,5,5,0.6,2939.4,2546,622.6,5837,2644.8562,20886.8,19675,5474.6,39030,0.6,465.88,31,1081.6,121709.4,61648,12644.4,296213.4,306.8,0,4.8,0.6213,34419.2,164416.7846,16595.2004,-699.8281,2939.4
centered_candidate_000478_1d3558d0,centered-gaussian,5,5,0.6,2831.6,1736,811.2,5826.6,2713.1645,20350.8,13866,7441,38753.8,0.6,471.32,30.8,1050.4,94418.4,36754,17571.4,226118.8,301.8,0,5,0.4961,33955.4,124218.5436,16610.6466,-545.3823,2831.6
centered_candidate_000409_0886eac3,centered-gaussian,5,5,0.6,2724.6,1932,50.2,6229.6,2941.4083,19057.6,15735,1139.6,41176.8,0.6,409.82,26.8,991,145078.6,39089,2097.6,391756.4,265.8,0,4.2,0.5318,29648,226997.4914,18684.7761,-1420.5041,2724.6
centered_candidate_000192_b3eb6122,centered-gaussian,5,5,0.6,2697.8,1645,93.6,6230.4,2912.2001,19087.6,13885,1587.6,41618,0.6,413.1,27,993.2,94987.8,29458,2928.2,245285.8,248.6,0,4.2,0.532,28534.2,130428.8029,18688.0865,-1362.5,2697.8
centered_candidate_000402_9b0b5401,centered-gaussian,5,5,0.6,2694,2263,108.4,5950.2,2826.6473,19041.6,17777,1750.6,39613.4,0.6,416.8,27.4,988.6,150376.6,51968,2930.8,401336.6,270.8,0,5,0.5142,34034.2,236331.8052,17950.0044,-1304.9236,2694
centered_candidate_000200_c89e10c8,centered-gaussian,5,5,0.6,2607.6,1786,85,6038.8,2937.4935,18522,14652,1709.6,40157.8,0.6,414.7,26.4,962.8,143868.4,37400,3356.8,388670,264,0,4.6,0.4597,30601.8,226607.5662,18505.4146,-1383.7468,2607.6
centered_candidate_000203_6f42ef75,centered-gaussian,5,5,0.6,2133.2,1873,729,3620.4,1334.2551,16122.2,14902,6643.6,25607,0.6,380.3,27.2,829.2,53261.6,36438,15803.4,101071.4,334,0,5.8,0.5549,38988,40279.828,8871.145,61.8725,2133.2
centered_candidate_000204_098d7d49,centered-gaussian,5,5,0.6,1924.6,1614,64.8,4133,1844.4781,14282.6,13465,1426.6,28580.2,0.6,332.42,23.2,735,54217.8,34865,2686.8,124468,301,0,5.2,0.5263,35345,58773.437,12137.1352,-857.439,1924.6
centered_candidate_000077_170c3c20,centered-gaussian,5,5,0.6,1748.8,1770,769,2580.8,894.0272,13813.8,14707,6955.6,19090.8,0.6,366.62,25.2,700.2,37441,39267,16786.2,54355.2,322.6,0,5.4,0.6477,37796.8,18324.5034,6252.807,321.9864,1748.8
centered_candidate_000481_8c22f1b5,centered-gaussian,5,5,0.6,1572.4,2039,277,2687,1099.5733,12352.8,16176,2870.8,20188.4,0.6,334.74,22.6,620.6,36189,41410,6176.4,66554.2,286.4,0,5.4,0.5286,36485.8,28007.6117,7898.1799,-272.7866,1572.4
centered_candidate_000031_1ae3865f,centered-gaussian,5,5,0.6,1516.8,1779,72.8,2846.6,1238.7008,11990.4,14633,1474.6,21262,0.6,320.62,21,610,34296.4,36983,3041.8,65025.8,275.8,0,4.2,0.5195,30434,27477.284,8879.5476,-546.5504,1516.8
centered_candidate_000416_a922b87f,centered-gaussian,5,5,0.4,4842.6,5966,753.6,8206,3346.626,32072,38738,6666.8,52901.4,0.4,577.78,40.6,1698.4,187241.4,216314,14037.6,343500.4,316.2,0,5,0.597,33888.8,146916.3561,20766.9596,-919.713,4842.6
centered_candidate_000432_0383eee2,centered-gaussian,5,5,0.4,4750.2,6328,54.4,8775,3943.2007,30654.6,40558,1171.8,55783.8,0.6,591.08,36.4,1615.2,303869.4,407373,2182.6,558256,274.2,0,4.4,0.5619,29534.6,252366.5,24694.5297,-1917.2003,4750.2
centered_candidate_000175_612dfbbc,centered-gaussian,5,5,0.4,4697.8,4309,47.6,9543.4,4248.9678,30237.8,29539,1120.4,59700,0.4,515.54,35.6,1600.4,261406.2,108833,2117.8,619438.4,225.6,0,3.6,0.5211,24906.6,285715.0207,26179.2945,-2076.8839,4697.8
centered_candidate_000240_4c8254ef,centered-gaussian,5,5,0.4,4697,3617,866.4,9054,3633.9112,30680.2,25225,6841.8,56790.2,0.4,573.22,39.4,1611.4,273439.8,89828,20570,648791.4,331.2,0,5.8,0.5187,37481.2,300409.2265,22108.0835,-950.5556,4697
centered_candidate_000173_8971620e,centered-gaussian,5,5,0.4,4672,3861,716.4,8996.2,3654.6714,30789,26792,6106.2,56893.8,0.4,564.68,38.8,1627.2,277128.4,109985,14666,658729.4,310.6,0,5.6,0.5192,37500.2,307621.0013,22398.4582,-1110.9357,4672
centered_candidate_000397_fb41aabe,centered-gaussian,5,5,0.4,4386.6,4372,77.6,8839.2,3879.8273,28780.4,29655,1511.4,56260.4,0.4,522.04,35,1526,292204.6,126455,3150.6,711813.6,275.4,0,4.8,0.4811,31716.2,342105.4573,24261.1514,-1862.3136,4386.6
centered_candidate_000189_d3c0c3f0,centered-gaussian,5,5,0.4,4364.2,2925,677.8,8792.8,3631.5979,28860.2,20318,5930,55741.4,0.4,562.88,37.4,1515.6,403917.8,73395,14234.4,1038683.6,314.8,0,5,0.5963,34515.4,521748.4115,22273.1146,-1137.9989,4364.2
centered_candidate_000327_a75e4cca,centered-gaussian,5,5,0.4,4309.4,3871,499.4,8253.2,3437.1102,28776.6,27040,4796.4,52967.6,0.4,556.48,37.2,1514.6,250115,89847,10343.4,599886,281.4,0,4.4,0.4652,29793.4,279819.4438,21303.5714,-1219.1551,4309.4
centered_candidate_000300_ba7aadca,centered-gaussian,5,5,0.4,4182.4,3146,699.8,8028.8,3286.504,28271,22803,6194,51944.8,0.4,562.7,37,1490.8,239430.2,68888,13648,565783.8,302.2,0,5.6,0.5516,36260.2,258976.6205,20454.2325,-943.452,4182.4
centered_candidate_000499_24f90b8a,centered-gaussian,5,5,0.4,4171.2,2997,716.8,8093.6,3310.1539,28309.4,21930,6446,52469.6,0.4,563.26,37.2,1493.4,195220.8,69151,16489,442340.6,297.4,0,5,0.5288,33652.8,197837.0016,20584.1028,-938.277,4171.2
centered_candidate_000144_ac9bbfea,centered-gaussian,5,5,0.4,4154.8,1615,668.2,8877.2,3819.9235,27743.6,12856,5933.4,56497.6,0.4,544.1,36,1460.8,297705.4,33274,13864.6,724005.2,305.4,0,5.6,0.4766,37050,340109.0164,23422.4234,-1241.7617,4154.8
centered_candidate_000390_0e0f62db,centered-gaussian,5,5,0.4,4152.8,2957,243,8781.8,3810.8437,27543.2,21625,2646.6,55894.2,0.4,534.5,35,1451,316111,63143,5979.4,778954.6,284.8,0,5.6,0.4641,36067.4,366549.0453,23650.625,-1662.4219,4152.8
centered_candidate_000475_ffc32866,centered-gaussian,5,5,0.4,4150.4,2186,245.2,9127.6,4041.2613,27518.8,16858,3137.2,57535.2,0.4,523.76,34.8,1447,181885.2,44672,6351.8,455240.2,230.4,0,4,0.4902,27452.2,220521.2305,24574.1171,-1775.4306,4150.4
centered_candidate_000197_f5ac116c,centered-gaussian,5,5,0.4,4125.4,4824,71.6,7835.8,3485.5572,27296.4,32117,1411.4,50828.4,0.4,519.26,34,1445,307404.2,175527,2406,702069.8,300.2,0,5,0.5054,33482.2,318358.9342,22176.5238,-1671.1786,4125.4
centered_candidate_000045_90cce167,centered-gaussian,5,5,0.4,4107.6,1569,98.2,9417.2,4341.5255,26789,12614,1787.8,58973.4,0.4,496.58,32.6,1415.4,305122.4,31601,3473.2,765444.2,267.8,0,4,0.5411,28815.4,364733.8177,26470.4028,-2072.5628,4107.6
centered_candidate_000275_d0ddb0a7,centered-gaussian,5,5,0.4,4101.2,2742,73.4,8943.8,3986.5159,27022.8,20237,1441.2,56629,0.4,506.76,33.2,1435,324116.8,55970,2849.4,853448.4,320.4,0,5.6,0.5361,37390.6,439760.3725,24689.5635,-1919.858,4101.2
centered_candidate_000185_083de991,centered-gaussian,5,5,0.4,4095,2817,78.8,8924.2,3966.3966,27010,20789,1597.2,56431.4,0.4,507.94,33.4,1430.6,339541.6,63961,3021.4,853803.2,295.8,0,5.4,0.5169,35657.4,407992.4372,24455.5354,-1904.3983,4095
centered_candidate_000034_fbefb874,centered-gaussian,5,5,0.4,4090.2,4046,52.8,8156,3617.959,27019.6,27480,1135.2,52698.4,0.4,506.92,33.6,1428,217768.2,117032,1781.4,514896.6,268,0,5.4,0.4183,34678,241989.7806,23000.4192,-1756.1795,4090.2
centered_candidate_000517_17a42bad,centered-gaussian,5,5,0.4,4056,2838,88,8783.6,3896.7041,26722.6,20831,1646.4,55483.2,0.4,511.58,33.4,1411,398365,62720,3180.6,1023271.6,296.6,0,5.2,0.4801,34390.2,500159.2229,24019.2882,-1860.352,4056
centered_candidate_000047_c8344a1b,centered-gaussian,5,5,0.4,4033.2,1856,249.4,9013.4,4017.3273,26599.8,14576,2878,56790.4,0.4,522.4,34.2,1394,296698,38214,6419.4,717028.4,274.8,0,5.8,0.4665,37248,342158.2234,24537.7018,-1759.2637,4033.2
centered_candidate_000068_202ac2d0,centered-gaussian,5,5,0.4,4031.2,2517,106.6,8851.4,3940.6954,26780.6,19028,1831.8,56262.2,0.4,525.76,33.4,1412.4,341497.4,52416,4260,836943.6,254.4,0,4.4,0.5153,28441.4,395917.6034,24374.1395,-1863.7477,4031.2
centered_candidate_000147_f7806b0d,centered-gaussian,5,5,0.4,4008.6,3593,74.8,8156.2,3610.4523,26696.2,25336,1455,52560.4,0.4,520.86,33.4,1409.2,161501,82325,3109.8,363391.6,256.4,0,4.8,0.4353,30750.4,164558.4759,22791.9036,-1730.4262,4008.6
centered_candidate_000374_fd1eb962,centered-gaussian,5,5,0.4,4005.8,3330,284,8081.8,3487.8084,27012.6,23963,3385,52215.8,0.4,550.9,35.2,1420,242041.4,83635,7517.2,561529.2,275.2,0,4.4,0.5454,29018.2,258171.0091,21799.538,-1459.9042,4005.8
centered_candidate_000291_bb96b1c9,centered-gaussian,5,5,0.4,3990.6,2416,642.8,8020.2,3345.2666,26999.4,18496,5740.2,51610,0.4,552.04,35.8,1418.8,253937.2,51069,13894,609900,299.4,0,5,0.6039,33666.8,282287.9051,20684.1329,-1029.8333,3990.6
centered_candidate_000071_4d8aea6d,centered-gaussian,5,5,0.4,3988.4,3757,68.8,8025.8,3553.1786,26629.4,26188,1353.8,52061,0.4,514.3,33.4,1409,196661,95146,2461.4,459506.4,273.6,0,4.4,0.4996,30470.6,210596.3426,22630.7581,-1707.7893,3988.4
centered_candidate_000180_d786be4e,centered-gaussian,5,5,0.4,3931.2,2799,394.2,7960.8,3403.6349,26618.4,20743,3995.8,51603,0.4,536.42,35,1403.6,193690.4,66446,8281.2,445522.4,307.6,0,5.4,0.506,34858,203761.8928,21301.9343,-1307.6175,3931.2
centered_candidate_000321_ef26f747,centered-gaussian,5,5,0.4,3916.4,1814,89.8,8918.6,4044.9457,25909.6,14348,1586.8,56572.8,0.4,511.84,32,1367.8,270617.2,36322,3258.6,676980.4,268.8,0,5.6,0.433,35295.6,321639.9467,24985.9154,-1932.6728,3916.4
centered_candidate_000086_8272aa8e,centered-gaussian,5,5,0.4,3894.8,3419,101.8,7936.8,3504.4836,26184,24471,1879.2,51400.6,0.4,520.64,33.2,1385,244476.2,75065,3698,590155.8,284.4,0,4.6,0.5361,31266.2,274553.567,22105.7359,-1650.4418,3894.8
centered_candidate_000498_6f5a9768,centered-gaussian,5,5,0.4,3894.2,1698,86,8926,4068.1203,25852.2,13665,1687.4,56746.4,0.4,500.22,31.8,1366.6,191867,33303,3224,462188.4,243,0,4.2,0.5773,29222,219152.3457,25169.1613,-1948.0601,3894.2
centered_candidate_000005_0e4b2a91,centered-gaussian,5,5,0.4,3892.2,1627,62.2,9002,4117.2961,25492.2,12797,1337.4,56765.2,0.4,497.14,31.8,1335.8,261041.8,31888,2505.2,636020,227.6,0,4,0.5145,27106.8,304809.441,25359.6195,-1996.448,3892.2
centered_candidate_000185_226157a9,centered-gaussian,5,5,0.4,3882.8,1859,38.6,8901,4052.6862,25542.4,14721,874,56379.2,0.4,491.48,31.4,1348.2,273425.8,41729,1741.6,686784.4,260,0,4.6,0.5905,31822.8,327114.6197,25188.2095,-1987.7431,3882.8
centered_candidate_000230_6ec15c17,centered-gaussian,5,5,0.4,3882.4,250,90.4,9512.2,4579.879,24903.4,3111,1665.2,59104.6,0.4,461.16,29.6,1313.2,488673.2,6560,3177.2,1272354,264.2,0,5,0.5386,33183,620129.4739,27871.7973,-2199.5395,3882.4
centered_candidate_000381_d48c05b2,centered-gaussian,5,5,0.4,3881.2,3496,54.6,7915.2,3513.5787,25867.4,24373,1196.6,51368.6,0.4,510.12,32.6,1365.2,244700.8,85000,2319.6,571054.2,273.6,0,5.2,0.5177,33512.6,265124.5136,22392.0892,-1702.1893,3881.2
centered_candidate_000480_13b703dc,centered-gaussian,5,5,0.4,3881,109,72.4,9607.8,4649.9352,24903.8,1846,1517.6,59909.2,0.4,447.98,29,1316.8,300929.2,3516,3030.8,766674,233.6,0,4.4,0.5335,28760,369624.1815,28503.5523,-2252.5676,3881
general_top1-phased_49d6096e,top1-phased,5,5,0.4,3877,3076,224.2,7931.4,3453.4617,26234.4,22578,2829.6,51440.8,0.4,549.8,34.2,1380,246352.6,64045,6160,621410,289.8,0,5.4,0.481,34751.4,304851.7931,21690.7642,-1502.5309,3877
search_candidate_000033_09d0e69d,random-phased,5,5,0.4,3877,3076,224.2,7931.4,3453.4617,26234.4,22578,2829.6,51440.8,0.4,549.8,34.2,1380,246352.6,64045,6160,621410,289.8,0,5.4,0.481,34751.4,304851.7931,21690.7642,-1502.5309,3877
centered_candidate_000036_a1c295f2,centered-gaussian,5,5,0.4,3864.8,2959,162.8,8010.8,3530.9262,25980.2,21575,2463.6,51586.4,0.4,538.28,33.6,1366,208181.6,71548,5685.8,479965.6,284.8,0,5,0.4364,32409,222161.6966,22023.7156,-1602.6631,3864.8
centered_candidate_000306_b0bdb7f2,centered-gaussian,5,5,0.4,3864.4,293,84.2,9457.4,4544.9978,24901.4,3276,1616.6,59078,0.4,476.18,29.8,1306.8,276888,8781,3119.2,717091,218.8,0,3.8,0.5185,25875.8,348389.0327,27833.2971,-2188.2989,3864.4
centered_candidate_000325_c10aa452,centered-gaussian,5,5,0.4,3864,3134,150.8,7964.8,3503.6379,26134.4,22926,2317.8,51614.2,0.4,532.06,33.4,1379,235630.6,72573,5098.2,585179.2,260.6,0,3.8,0.5536,27143.2,282120.9905,22062.7588,-1601.019,3864
centered_candidate_000034_0e42d11f,centered-gaussian,5,5,0.4,3861,2971,99.2,8079.4,3584.6248,25970.2,21770,1773.6,52216.2,0.4,519.76,32.8,1372.8,169816.6,66231,3541.4,390232,269,0,4.8,0.484,31818.8,179484.4867,22597.0612,-1693.1124,3861
centered_candidate_000288_cf527d38,centered-gaussian,5,5,0.4,3857.8,612,303,9127.2,4215.9947,25148.8,5425,3277.2,57228.8,0.4,492.88,32.2,1312.4,281193.6,12216,6955,730282.4,258,0,4.8,0.4245,31271.4,357629.1921,25762.3353,-1804.9974,3857.8
centered_candidate_000270_fa48276c,centered-gaussian,5,5,0.4,3849.8,62,54.8,9546,4644.8654,24610.6,1333,1264.8,59664.2,0.4,440.1,28.2,1303,315203.4,2802,2287.8,817302.8,231.2,0,3.6,0.6107,26520.4,396981.2355,28559.9618,-2267.6327,3849.8
centered_candidate_000092_ec4e3d37,centered-gaussian,5,5,0.4,3849,3061,86.8,8003.8,3557.6422,25895.6,22379,1691.6,51807.4,0.4,515.14,32.8,1372,142021.8,73712,3381.2,317783.4,300,0,5.2,0.4659,34178.2,143617.7728,22450.8239,-1692.0211,3849
centered_candidate_000211_de43ae29,centered-gaussian,5,5,0.4,3839.4,1803,91.2,8762.4,3971.1123,25546,14348,1750.8,55773.8,0.4,499.28,32,1349,288562.4,39699,3180.6,712598.2,266,0,5,0.5289,33021.2,337849.2278,24561.3394,-1894.3562,3839.4
centered_candidate_000308_048a4445,centered-gaussian,5,5,0.4,3823.6,2863,112.6,8013.4,3555.0808,25847.2,21073,1880.8,52107,0.4,525.42,33,1365.8,168599,68826,3929.6,389516.4,278,0,5,0.5592,33298.4,177710.1901,22502.9275,-1664.9404,3823.6
centered_candidate_000479_383e4917,centered-gaussian,5,5,0.4,3816.6,89,52.8,9458.2,4594.5986,24397.6,1728,1234,58967.2,0.4,445.2,28.2,1286.2,308714.2,3426,2238.4,783882.4,208,0,4,0.5032,26668.2,378272.5152,28169.303,-2244.4993,3816.6
centered_candidate_000496_a7576709,centered-gaussian,5,5,0.4,3806.8,2974,79.6,7942.4,3536.2513,25539.8,21564,1473,51508.6,0.4,506.42,32.6,1348.4,186741.4,67616,2656.4,442961.8,279,0,4.8,0.5593,31966.2,204199.8611,22404.9194,-1688.5256,3806.8
centered_candidate_000335_35cb1fec,centered-gaussian,5,5,0.4,3804.8,2804,63,8047.8,3604.5676,25355.2,20046,1346.8,51994.6,0.4,503.12,32.2,1333.4,225490.6,69366,2548.2,526594.8,246.6,0,4.2,0.4739,27994.8,246937.3226,22793.2102,-1739.2838,3804.8
centered_candidate_000021_432c71c4,centered-gaussian,5,5,0.4,3803.8,2840,107.2,7967.8,3541.8629,25629.4,20908,1818,51685,0.4,521.34,33,1352,216394.8,59345,3407.6,542942.6,290.2,0,5,0.5148,33679.6,263510.7305,22342.6501,-1663.7315,3803.8
centered_candidate_000504_b592bad3,centered-gaussian,5,5,0.4,3798.2,1749,212.6,8456,3794.2426,25346,13800,2734.4,53902,0.4,523.14,33,1323.6,198982.4,35600,5734.8,481621.2,238.4,0,5,0.4997,31283.2,225871.5681,23425.9504,-1684.5213,3798.2
centered_candidate_000323_240e41bb,centered-gaussian,5,5,0.4,3791.4,1938,108.4,8457.6,3817.5202,25224.4,15109,1801.6,53917.6,0.4,512.82,32.2,1323.8,194281.6,38880,3675.6,484623,259.2,0,4.6,0.5369,30634.6,230302.0296,23667.3318,-1800.3601,3791.4
centered_candidate_000229_2de42566,centered-gaussian,5,5,0.4,3783.8,1797,73.6,8635.6,3916.1742,25151,13480,1474.4,55351.2,0.4,502.42,31.4,1326.2,201703.8,37012,2863.4,511683.6,261,0,3.8,0.5486,27015.8,247389.9253,24534.6026,-1884.4871,3783.8
centered_candidate_000368_0bbaea8a,centered-gaussian,5,5,0.4,3774,836,170,8957.6,4153.0954,24970,7536,2324.4,56821.8,0.4,494.92,31.2,1314.8,357448.4,19020,4993.4,971968.2,258.6,0,4.6,0.4556,30206.8,517925.4913,25626.6622,-1906.5477,3774
centered_candidate_000371_1289ae3c,centered-gaussian,5,5,0.4,3763.8,1034,57.8,8996,4185.6693,24579.4,8298,1225.2,56797.6,0.4,483.88,30.6,1284.6,224457.4,21445,2136.6,559474,208.6,0,3.4,0.6022,24363.4,266818.8177,25920.723,-2035.0346,3763.8
centered_candidate_000084_b456068c,centered-gaussian,5,5,0.4,3746.6,1781,76.4,8444.6,3851.2488,25058.4,14162,1602.4,54157.8,0.4,502.92,31.4,1317.6,212958.6,37727,3209.2,511734,206.4,0,4,0.5297,26853.8,243126.5587,24040.4702,-1849.2244,3746.6
centered_candidate_000182_0ba36c4f,centered-gaussian,5,5,0.4,3746,2848,66,7893,3518.1986,25176,21051,1442.2,51022.4,0.4,509,32.2,1328.8,228397.6,65458,2722.6,550661.2,286.4,0,4.6,0.4532,31394.4,256295.8967,22207.6913,-1693.0993,3746
centered_candidate_000064_74fafcb1,centered-gaussian,5,5,0.4,3738,238,145.2,9158.4,4360.1548,24377.2,2980,2187.2,57584.6,0.4,486.44,29.6,1281.8,267398,6993,4557.2,679401.8,250.2,0,5,0.5339,33154,326391.9564,26790.7884,-2034.8774,3738
centered_candidate_000182_b24e2db9,centered-gaussian,5,5,0.4,3720.4,1732,490.8,7885,3421.1679,25382.6,13942,4653.8,51433.8,0.4,547.6,34.2,1330.6,204695,38450,10882.6,489732.4,306.2,0,4.4,0.5489,31161.8,227225.4967,21487.5294,-1219.784,3720.4
centered_candidate_000449_be20bec0,centered-gaussian,5,5,0.4,3703.4,1055,59.2,8811,4094.5545,24411.4,8722,1237.4,56044.2,0.4,480.24,30.4,1283.8,232672.2,21693,2398.4,578225.6,244.8,0,4.8,0.4862,31483.4,275914.8619,25504.1966,-1988.0772,3703.4
centered_candidate_000224_950a0a64,centered-gaussian,5,5,0.4,3695,357,184.6,8969.4,4226.2804,24353.2,3889,2494.8,56840,0.4,489.22,30.2,1278.2,269924.2,8713,5199.6,689960.4,228,0,4,0.5412,27372.4,332089.6441,26105.4876,-1928.5402,3695
centered_candidate_000155_5023c031,centered-gaussian,5,5,0.4,3691,1942,195.4,8045.8,3597.9598,24958.6,15252,2512,52049.2,0.4,518.28,32.4,1313,196941.2,41076,5267,484935.4,270.6,0,5.2,0.5165,33987,228077.409,22529.5583,-1603.5799,3691
centered_candidate_000403_24fcf974,centered-gaussian,5,5,0.4,3682.6,89,54,9222.2,4443.9792,23772.4,1768,1216.8,57822.6,0.4,445.4,27.8,1251.8,281645.4,3350,2292.2,720625,189,0,3.6,0.4798,24048.6,347777.768,27435.4712,-2167.9896,3682.6
centered_candidate_000518_45e13de3,centered-gaussian,5,5,0.4,3665,2020,177,7966,3561.5969,24719.8,15640,2320.8,51531.8,0.4,524,32.4,1293.6,284383.6,39473,5227.2,713160.2,252.2,0,4.6,0.5068,30579.4,339220.7247,22344.5153,-1603.7985,3665
centered_candidate_000138_547a1137,centered-gaussian,5,5,0.4,3664.4,1845,59.8,8196.4,3739.7314,24436.4,14621,1232.8,52556.6,0.4,497.76,31,1284,216881.8,34747,2444.2,535524.4,248.8,0,4.6,0.4827,30301,253112.1716,23406.1869,-1810.0657,3664.4
centered_candidate_000218_9989ab3f,centered-gaussian,5,5,0.4,3663,538,196.6,8836,4132.9791,24173,5061,2684.4,55913.8,0.4,490.66,30.6,1269.2,250787.2,10625,5697.8,646435.6,278.6,0,5,0.4968,32244,313360.4156,25454.1356,-1869.8896,3663
centered_candidate_000444_1f946e3e,centered-gaussian,5,5,0.4,3656.2,743,53.4,8865.6,4164.9959,23975.6,6325,1196.8,56294.2,0.4,465.82,29.6,1259.4,231095.8,13445,2209,595179.4,224.4,0,4.4,0.4819,29188.2,288106.1285,25959.7631,-2029.098,3656.2
centered_candidate_000094_05af01de,centered-gaussian,5,5,0.4,3654.6,286,50.6,9108.8,4349.6618,23714,3427,1159.4,57167.8,0.4,460.16,28.4,1249,231153.6,8115,2108.6,629975.4,241.8,0,4.6,0.4597,29733,333672.3506,26809.0447,-2124.2309,3654.6
centered_candidate_000198_c12966ce,centered-gaussian,5,5,0.4,3650.6,244,86.2,9050,4318.4238,23847.6,3072,1611.4,57038.6,0.4,465.48,28.8,1253.4,274409.4,6753,3338.2,696973.8,206.8,0,3.6,0.4981,24659.2,335244.905,26652.813,-2073.0119,3650.6
centered_candidate_000424_28832350,centered-gaussian,5,5,0.4,3648.2,264,94.6,9066.8,4316.1267,23716.4,3178,1610.6,56840.8,0.4,468.14,29,1243.8,296618,7128,3281.4,791122.8,235.6,0,4.6,0.6182,31402.2,399816.5442,26510.0178,-2063.4633,3648.2
centered_candidate_000283_bf5b7489,centered-gaussian,5,5,0.4,3642.2,350,51.8,9000.2,4293.5501,23661.2,3862,1160.8,56613.2,0.4,454.64,28.6,1244.4,198286,7836,2077,521242,229.2,0,4.4,0.4862,29333.4,258013.1288,26517.0925,-2094.9751,3642.2
centered_candidate_000206_b0c4285f,centered-gaussian,5,5,0.4,3641.2,535,68.2,8928,4218.4012,23940,5491,1397.4,56461.8,0.4,462.68,29.4,1263.4,218555.2,11013,2507,576661.2,255.6,0,4.6,0.5604,31051.8,287883.761,26073.1107,-2041.0006,3641.2
centered_candidate_000006_9dcb03bf,centered-gaussian,5,5,0.4,3637,278,176.6,8922.8,4216.1077,23992.2,3193,2544.8,56558.8,0.4,493.3,29.8,1262,320973.6,7744,5345.8,853317.2,272.4,0,4.8,0.5755,31958.4,430084.8776,26049.7212,-1931.4538,3637
centered_candidate_000316_adb0aae5,centered-gaussian,5,5,0.4,3634,157,64.2,9065.2,4349.9952,23732,2412,1408,57322.8,0.4,452.56,28,1253.6,261453.8,5138,2743.2,701419.4,206.2,0,3.6,0.512,24649.2,357881.2527,26976.0966,-2110.7976,3634
centered_candidate_000062_59ef3728,centered-gaussian,5,5,0.4,3633,190,112.6,9023.6,4302.7203,23653.6,2699,1933,56560.4,0.4,475.56,28.8,1242.6,387125.2,5583,4059.4,1055136.2,255.4,0,4.8,0.4743,31840.8,555359.0528,26351.0972,-2038.7602,3633
centered_candidate_000077_d9f67457,centered-gaussian,5,5,0.4,3630.6,342,157.2,8887.4,4197.9,23935.2,3663,2409.8,56279.6,0.4,498.62,29.8,1255,250164.8,8687,5656,625880.4,251,0,5,0.4665,31892.6,299907.6969,25901.7531,-1941.75,3630.6
centered_candidate_000357_4d04c609,centered-gaussian,5,5,0.4,3622.2,327,147.4,8882.4,4198.5243,23788,3443,2123.2,56186.6,0.4,480.74,29.6,1246.8,171361,7624,4139,424807.6,237,0,4.2,0.4911,28512.2,203661.3113,25977.132,-1951.8621,3622.2
centered_candidate_000199_c5febd7d,centered-gaussian,5,5,0.4,3621.2,120,82.8,9087.2,4354.312,23550.4,1954,1704.2,57044.4,0.4,457.12,28,1240,325964.2,4211,3427.4,848763,213,0,3.8,0.5059,26601.4,413897.7823,26779.8204,-2094.356,3621.2
centered_candidate_000072_5e42747d,centered-gaussian,5,5,0.4,3620,538,84.4,8831.2,4167.1355,23879.6,5149,1547.2,56276.2,0.4,474.24,29.4,1257,223404.6,11547,3113,561268.6,235,0,4.4,0.4722,28893.2,268859.8245,25979.4258,-1999.1677,3620
general_top5-average-phased_c0cac23e,top5-average-phased,5,5,0.4,3615.4,291,74,8976.6,4277.4772,23717.6,3570,1497.8,56729.6,0.4,467.72,28.6,1250.6,286059.2,7991,2900,754005.2,232.6,0,3.8,0.5128,25617.2,373922.5282,26455.8443,-2064.7386,3615.4
centered_candidate_000074_053d71a9,centered-gaussian,5,5,0.4,3607.4,298,75.2,8938.6,4258.1274,23635.6,3461,1492.6,56531.4,0.4,467.82,28.6,1244.2,295951,7455,2938.6,755422.6,227.4,0,4,0.4783,26769.8,363833.2464,26364.5076,-2053.8637,3607.4
centered_candidate_000020_a06ddd43,centered-gaussian,5,5,0.4,3601.8,382,175.6,8734.8,4108.9781,23837.2,4215,2290.6,55561,0.4,482.6,29.8,1252,211258.8,9001,4492.2,540082.6,239.8,0,4.4,0.553,29838.8,259985.202,25489.9921,-1878.889,3601.8
centered_candidate_000124_18691ff4,centered-gaussian,5,5,0.4,3601.6,107,66.4,9021.4,4332.7312,23422.2,1932,1403.4,56801.4,0.4,448.42,27.8,1235.4,252590.2,3999,2721.2,654615.6,221,0,3.6,0.5428,25006.4,317965.258,26787.9594,-2099.9656,3601.6
centered_candidate_000230_1ad89fe3,centered-gaussian,5,5,0.4,3599.8,153,82.2,8977.6,4300.7513,23438.8,2363,1654,56473.2,0.4,469.32,28,1231.8,234888.8,4899,3364.4,589378.2,217.6,0,4.6,0.4754,29544.6,284028.4858,26487.6063,-2068.1756,3599.8
centered_candidate_000009_e1fc03d7,centered-gaussian,5,5,0.4,3599,113,63.2,8979.8,4319.2066,23317.4,1861,1263.6,56590.2,0.4,443.12,27.6,1230.4,337575.2,3477,2438.2,913687.8,231.6,0,4.2,0.5824,29355.6,472137.8355,26762.4999,-2096.4033,3599
centered_candidate_000134_74ee4d10,centered-gaussian,5,5,0.4,3597,1768,91.2,8019.8,3659.1978,24264.8,14009,1796.2,51867,0.4,501.84,31.2,1277,194126,33636,3673,471940.8,258.6,0,4.4,0.5282,30076.8,222433.2525,22956.742,-1738.3989,3597
centered_candidate_000056_891c16df,centered-gaussian,5,5,0.4,3595.2,342,104.8,8873.2,4207.2052,23604.8,3602,1849.4,56130.8,0.4,476.96,29,1239.8,258283,8022,3750.4,638300.6,237.4,0,4.6,0.5559,30933.2,309897.5444,26017.7152,-1998.8026,3595.2
centered_candidate_000198_ec14e136,centered-gaussian,5,5,0.4,3594,479,145.2,8741.8,4111.6137,23876.6,4619,2356.6,55700.4,0.4,488.66,29.8,1256.4,165159.6,10299,4937.4,420029.6,251.4,0,5,0.442,32053.6,201547.1702,25519.5346,-1910.6069,3594
centered_candidate_000448_14cc9851,centered-gaussian,5,5,0.4,3591.6,115,64.4,9016.2,4327.2841,23268.2,1851,1345.6,56642.8,0.4,444.22,27.8,1224.4,255278.6,3361,2773.8,674567.6,219.4,0,3.4,0.5462,23811.4,334901.1109,26728.3392,-2099.2421,3591.6
centered_candidate_000501_04d2c4d8,centered-gaussian,5,5,0.4,3590.8,303,126.8,8815.6,4180.9705,23570.2,3193,1969.4,55936,0.4,485.24,29.2,1230.8,246205.2,7158,4268,631897.8,198.4,0,3.6,0.481,24295.6,304923.0209,25960.2022,-1963.6852,3590.8
centered_candidate_000228_5b949355,centered-gaussian,5,5,0.4,3588.8,381,86.4,8842.6,4196.1524,23621.2,4168,1545.8,56136,0.4,467.54,29,1245.4,165616.2,8949,3130.2,414628,256,0,5.2,0.482,33849.4,198336.8716,26075.5856,-2011.6762,3588.8
centered_candidate_000041_6f08b40d,centered-gaussian,5,5,0.4,3585.6,242,75.2,8902.6,4251.9644,23527,3248,1535.2,56337,0.4,459.82,28.2,1240.4,255382.6,6035,3040.6,650734.8,210.8,0,4.2,0.4579,27916.4,313230.8728,26310.997,-2050.7822,3585.6
centered_candidate_000410_82ec3a85,centered-gaussian,5,5,0.4,3585.6,250,63.4,8919.4,4258.1033,23445.4,3203,1202,56464.6,0.4,449.44,28.2,1235.8,218248.8,6098,1927.6,571286,215.2,0,4,0.602,27893.2,280602.922,26447.9128,-2065.6517,3585.6
centered_candidate_000394_666a10b2,centered-gaussian,5,5,0.4,3583.2,1588,93.4,8085,3701.3225,24184.8,12894,1780,52239,0.4,501.22,30.8,1271.4,202247.8,31022,3450.6,499861.8,223,0,4.2,0.463,27397.4,236123.7392,23210.8941,-1757.2613,3583.2
centered_candidate_000289_78acf14f,centered-gaussian,5,5,0.4,3582.8,208,64,8929.8,4273.2201,23375.8,2899,1410.6,56291.6,0.4,457.92,28.2,1231.4,257290.6,6101,2665.4,659892.4,240.2,0,4,0.5542,28294.4,318409.3235,26385.1895,-2072.6101,3582.8
centered_candidate_000076_3d3361b3,centered-gaussian,5,5,0.4,3579,1686,57.2,8049.4,3696.2607,24012.8,13407,1243.8,52117.8,0.4,493.5,30.4,1263.8,216928,32768,2390,527102.6,243.6,0,4,0.5189,27722.6,250831.5015,23340.6143,-1790.9303,3579
centered_candidate_000440_0a90b709,centered-gaussian,5,5,0.4,3578.8,316,59.6,8852.8,4223.5547,23563.4,3593,1346.4,56381.4,0.4,463.08,28.6,1240.4,320633.4,8074,2509.2,829841,205.8,0,4,0.5493,27007.4,402693.9475,26358.3135,-2052.1773,3578.8
centered_candidate_000244_77beda08,centered-gaussian,5,5,0.4,3576.6,1770,64.8,8016.4,3658.966,24025.6,14206,1374.8,51692.6,0.4,497.88,30.4,1266.4,310489.6,33512,2784.2,782904.6,263.4,0,3.4,0.5447,25530.4,373800.1138,22982.2424,-1764.683,3576.6
centered_candidate_000365_5a3c8f9f,centered-gaussian,5,5,0.4,3576.6,304,57.4,8876.2,4232.8459,23429.8,3375,1202.4,56405,0.4,459.88,28.2,1236.6,193610,7737,2166,480111.6,242.8,0,4.6,0.531,30592.8,232146.2594,26407.189,-2059.0229,3576.6
centered_candidate_000399_a5ae1d31,centered-gaussian,5,5,0.4,3575.6,166,89.6,8897.4,4258.1043,23525.8,2488,1712,56491.4,0.4,464.86,28.2,1240.6,252178.2,5564,3326.4,680212.8,210,0,3.6,0.5204,25255.8,351508.6936,26473.9268,-2039.4522,3575.6
centered_candidate_000057_a0926207,centered-gaussian,5,5,0.4,3573.8,79,69.4,8963.4,4309.3802,23260.4,1666,1399,56566.8,0.4,447.08,27.4,1225.4,241699.8,3094,2948.6,632762,190.4,0,3.4,0.5499,23607.8,310425.5245,26731.6804,-2085.2901,3573.8
centered_candidate_000013_8a85b176,centered-gaussian,5,5,0.4,3570.6,207,99,8866.6,4232.0118,23457.2,2719,1865.8,56107.4,0.4,470.9,28.6,1236,241561.2,5749,3594.2,621621.8,253.2,0,4.2,0.4678,28500.8,300469.7459,26184.7782,-2017.0059,3570.6
centered_candidate_000439_80dc332e,centered-gaussian,5,5,0.4,3569.4,148,88.2,8926.8,4268.8284,23398.2,2314,1628.4,56439.4,0.4,455.68,28,1238,236988.6,4684,3297.2,593112,252.6,0,5,0.5305,32405.8,286228.3409,26445.3903,-2046.2142,3569.4
centered_candidate_000284_68f86167,centered-gaussian,5,5,0.4,3569.2,109,62,8943,4298.0024,23321.4,1996,1294.8,56668.2,0.4,443.66,27.4,1230.8,242230.2,3789,2518.6,626521,181.8,0,3.6,0.5277,24045.2,303846.0248,26770.1085,-2087.0012,3569.2
centered_candidate_000194_dabda82b,centered-gaussian,5,5,0.4,3564,147,77.2,8903.6,4264.2657,23406.2,2329,1501.4,56531.4,0.4,461.72,28,1236.2,285084.6,5369,2845.2,740312.4,231.4,0,3.8,0.4675,25996.8,360233.9962,26548.9598,-2054.9329,3564
centered_candidate_000242_879cb844,centered-gaussian,5,5,0.4,3557.4,1799,72.4,7959.6,3616.8789,24099.2,14277,1489.8,51771.8,0.4,502.48,30.8,1271,216605.6,36086,2963.6,546762.8,259.8,0,4.6,0.4902,30087.4,261971.0715,22899.0645,-1736.0395,3557.4
centered_candidate_000308_05abd277,centered-gaussian,5,5,0.4,3557.4,110,59.8,8923.4,4286.664,23246.4,1947,1339,56478.6,0.4,442.78,27.6,1228,242539.6,3967,2415.2,603267.8,214.4,0,3.2,0.6416,23517.4,293394.1819,26647.0704,-2083.532,3557.4
centered_candidate_000263_70f7841c,centered-gaussian,5,5,0.4,3553.8,243,153,8712.2,4136.2009,23626.4,3139,2211.2,55821.8,0.4,486.04,29,1244.2,217369,6910,4775.2,556868.6,226.8,0,4.4,0.443,28410.8,268414.2234,25865.004,-1915.1004,3553.8
centered_candidate_000097_51af4b3e,centered-gaussian,5,5,0.4,3550.4,201,52.4,8845.4,4238.8725,23191.2,2766,1095.8,56069.8,0.4,456.24,27.8,1220.2,260466.8,6622,1935.4,651726.8,210.4,0,3.2,0.6035,23295.2,315108.61,26395.8999,-2067.0362,3550.4
centered_candidate_000121_7f68db22,centered-gaussian,5,5,0.4,3550,94,61.6,8906.4,4281.9424,23137.6,1837,1295.2,56322.8,0.4,447.88,27.2,1219.2,257314,3967,2438,653894.8,188.2,0,3.8,0.5176,25214.8,315135.7797,26619.585,-2079.3712,3550
centered_candidate_000072_383530c9,centered-gaussian,5,5,0.4,3548,997,187.2,8199.4,3782.8565,23887.4,8276,2663.4,52966,0.4,509.84,31,1250.6,172145.4,20004,5788,430318,247,0,3,0.6074,22789.8,204169.9413,23684.4376,-1704.2282,3548
centered_candidate_000296_be7d9247,centered-gaussian,5,5,0.4,3542.8,104,88.4,8894.4,4260.8328,23115.6,1854,1714,56009.2,0.4,450.32,28,1216.8,288708.2,4067,3300.6,742702,234,0,4.4,0.5717,29225.6,358978.4768,26289.5559,-2042.0164,3542.8
centered_candidate_000427_39b8b716,centered-gaussian,5,5,0.4,3536.6,122,95.6,8801.6,4218.2097,23286.4,2124,1708.8,56014.2,0.4,450.84,27.8,1229.2,336640.2,3983,3332.6,883203.4,194.6,0,3.6,0.5444,24783.4,434127.591,26303.2304,-2013.5049,3536.6
centered_candidate_000111_5c7345b0,centered-gaussian,5,5,0.4,3535.8,78,69,8872.4,4264.8896,23087.2,1574,1393.2,56202,0.4,445.88,27.4,1215.6,254982.6,3210,2852.8,654982.2,187.2,0,3.2,0.5854,22609.2,316380.7785,26563.056,-2063.4448,3535.8
general_top10-median-phased_00dfff54,top10-median-phased,5,5,0.4,3533.6,1766,66.8,7900.4,3602.5913,23848.4,13928,1357,51378.8,0.4,496.4,30.6,1253.2,215309.4,34796,2573,527551.8,237,0,3.8,0.5115,25305.8,249337.3966,22839.4672,-1734.4957,3533.6
general_topN-median-phased_6afc64fb,topN-median-phased,5,5,0.4,3533.6,1766,66.8,7900.4,3602.5913,23848.4,13928,1357,51378.8,0.4,496.4,30.6,1253.2,215309.4,34796,2573,527551.8,237,0,3.8,0.5115,25305.8,249337.3966,22839.4672,-1734.4957,3533.6
centered_candidate_000023_fe3f6eb3,centered-gaussian,5,5,0.4,3533,198,56,8851.4,4236.2274,23034.8,2723,1229.4,55865,0.4,461.32,27.6,1213.6,253518.6,5729,2569,628300.4,247.2,0,5.2,0.4417,33105.6,306004.9927,26238.4536,-2062.1137,3533
centered_candidate_000434_370cdecd,centered-gaussian,5,5,0.4,3531.6,111,68.2,8798.8,4233.0249,23108,1783,1405.4,55920.6,0.4,443.84,27.6,1220.4,195626.4,3479,2660.6,508473,223.4,0,3.8,0.6115,26498,247740.6674,26446.6209,-2048.3125,3531.6
centered_candidate_000150_f423b82b,centered-gaussian,5,5,0.4,3531,292,58.4,8757.2,4180.0728,23304.6,3397,1310.6,55937.4,0.4,460.24,28.2,1231.4,223333.2,8098,2182.6,579532.6,238.4,0,4.2,0.5251,28341.2,282118.5786,26185.9154,-2031.6364,3531
centered_candidate_000441_c5dbb6c8,centered-gaussian,5,5,0.4,3522,82,62.4,8836.2,4249.2231,23004.6,1607,1311,55997.8,0.4,443.82,27.4,1212.6,203998,3158,2449.2,540211.4,205.2,0,4.2,0.4684,27429.4,269324.8793,26499.6066,-2062.2116,3522
centered_candidate_000310_4ad5537c,centered-gaussian,5,5,0.4,3519,108,47.8,8864.4,4260.2645,22841.4,1866,1129.4,55861,0.4,435.56,27.2,1203.2,273361.2,3841,1805,684208.2,215.6,0,3.2,0.6868,23973,332054.717,26417.5314,-2082.3323,3519
centered_candidate_000356_5428a717,centered-gaussian,5,5,0.4,3518.2,124,68.4,8776.8,4216.6912,22941.2,1973,1416.6,55457.4,0.4,448.56,27.4,1206.8,254856.2,3834,2870.6,666148.8,203.2,0,3.4,0.5465,23957.6,326241.1042,26166.7025,-2039.9456,3518.2
centered_candidate_000124_6f0d4c17,centered-gaussian,5,5,0.4,3516,74,46.6,8849,4260.9796,22845.4,1522,1038.2,56020.6,0.4,432.48,27,1206.4,243099.6,2543,1677.8,620037.8,221.2,0,3.4,0.6308,24940,299205.9644,26588.1347,-2083.8898,3516
centered_candidate_000452_9e36bf82,centered-gaussian,5,5,0.4,3516,93,74.6,8825.6,4235.3654,22931.4,1789,1399.6,55800.2,0.4,451.46,27.2,1206,277131.2,4068,2858.4,692492.6,191.4,0,3.4,0.4613,22810.2,335685.9199,26303.4667,-2043.0827,3516
centered_candidate_000446_d2dfbd00,centered-gaussian,5,5,0.4,3515,69,39.6,8877,4275.7311,22811.6,1528,925.4,56193.8,0.4,438.08,26.6,1205,263754.8,2861,1565.2,664034,215,0,3.8,0.5583,25727,321439.4355,26689.528,-2098.2655,3515
centered_candidate_000227_7226dec1,centered-gaussian,5,5,0.4,3511.8,92,53.6,8808.4,4237.8185,23003.2,1876,1239.2,55962,0.4,449.5,27.2,1215.6,229140.2,3699,2509.6,591978.4,219,0,4,0.4964,28063.8,286866.4427,26441.7339,-2065.3093,3511.8
centered_candidate_000007_ef8a84d9,centered-gaussian,5,5,0.4,3502,1473,76,7963.2,3661.9475,23489,11658,1566.8,51425,0.4,494.72,30.2,1232,267052.2,29339,2961,668473.4,253.8,0,4.6,0.5035,30974.8,318228.3865,23023.1509,-1754.9738,3502
centered_candidate_000318_6d58b959,centered-gaussian,5,5,0.4,3500.8,81,51.6,8783.2,4229.6814,22899,1541,1196.8,55956.4,0.4,442.48,27,1209.2,242804.2,3285,2332.6,609566.4,202,0,3.2,0.5256,22700,294823.6043,26518.9851,-2063.2407,3500.8
centered_candidate_000054_ef303976,centered-gaussian,5,5,0.4,3500.2,83,65.8,8810.8,4231.8628,23000.2,1692,1380.8,56124.6,0.4,441.12,27.2,1215.2,265409.2,3487,2434,662711,188.8,0,3.2,0.57,22426,321762.904,26475.3594,-2050.1314,3500.2
centered_candidate_000423_7cfcadd4,centered-gaussian,5,5,0.4,3499.6,127,41.8,8759.8,4214.8283,22851.6,1961,986,55732.6,0.4,439.1,27,1207.8,267124.6,4118,1713,663893,220.8,0,3.8,0.589,27280.4,323950.0484,26417.0018,-2065.6141,3499.6
centered_candidate_000356_9796e6e7,centered-gaussian,5,5,0.4,3494.2,92,44.6,8796.6,4231.3196,22838,1733,1003.8,55974,0.4,432.42,26.8,1208.2,221676.2,3577,1618,566074.6,203.8,0,3.4,0.6279,24626.8,272994.1298,26520.3727,-2071.0598,3494.2
centered_candidate_000188_9e453103,centered-gaussian,5,5,0.4,3493.8,112,61.2,8742.2,4201.5531,23001.4,1962,1339.8,55884.4,0.4,447.92,27.2,1218,174268,4354,2536.4,434622.2,219.4,0,3.6,0.5611,25073.2,209898.3224,26362.6879,-2039.5765,3493.8
centered_candidate_000268_8aa1ee31,centered-gaussian,5,5,0.4,3489.6,980,72.4,8174.8,3827.578,23276.2,8126,1434.8,52775.6,0.4,475.84,29.6,1218.8,181469.6,19143,2853.2,445054.8,209.6,0,3.8,0.4558,25261.2,212479.1533,24112.9363,-1841.389,3489.6
centered_candidate_000224_3b82cd00,centered-gaussian,5,5,0.4,3489.4,920,71,8264.6,3858.3228,23264.6,7910,1449.4,53118.6,0.4,474,29.4,1221.2,207813.8,16992,2575,539322,226,0,4.2,0.4717,27734.6,264238.908,24209.6153,-1858.1614,3489.4
centered_candidate_000151_00118427,centered-gaussian,5,5,0.4,3489.2,76,53.4,8767.4,4220.1264,22785.8,1546,1236.2,55619.2,0.4,439.26,27.2,1204,262738,2563,2394.8,667797.8,239,0,4.2,0.5229,28612.8,322115.2539,26340.9416,-2056.6632,3489.2
centered_candidate_000388_a8ff26e6,centered-gaussian,5,5,0.4,3483.6,1432,65.4,7962,3663.0626,23409.8,11716,1323.4,51473,0.4,492.22,30,1228.8,240503,29450,2761.2,589713,246.4,0,4.6,0.4916,30613.8,281066.9973,23103.4297,-1766.1313,3483.6
centered_candidate_000022_7066bf2a,centered-gaussian,5,5,0.4,3481.6,951,175.4,8041.4,3725.9238,23433.4,7793,2527.6,52085.6,0.4,497.04,30.6,1225.4,229253.8,16747,5190.6,563892,241,0,4.4,0.5268,29194.4,269840.1009,23384.1717,-1687.5619,3481.6
centered_candidate_000124_2b29729e,centered-gaussian,5,5,0.4,3464.6,122,111.8,8630.6,4126.0737,22881.2,2000,1898.6,55073.2,0.4,452.84,27.8,1212,277187.4,4171,3782,699323.2,273.6,0,4.4,0.6043,31100,336902.1081,25768.6084,-1951.2369,3464.6
centered_candidate_000167_fd0c22a3,centered-gaussian,5,5,0.4,3462.8,57,40.4,8744.8,4213.9865,22613,1267,910.6,55820.8,0.4,434.62,26.4,1194.4,256344.8,2258,1711.8,648900.8,189.2,0,3.4,0.5812,23504.2,313501.8668,26563.2607,-2066.5932,3462.8
centered_candidate_000011_f4d6428a,centered-gaussian,5,5,0.4,3453.2,2979,681.2,6632.4,2718.5191,23772.6,21663,5699.6,43678.6,0.4,467.38,33.4,1250.6,114132.8,66955,13181.6,259511.2,323.4,0,4.4,0.6895,32711.2,126519.7188,17307.2392,-678.0596,3453.2
centered_candidate_000150_f8a1a1ec,centered-gaussian,5,5,0.4,3439.6,947,190.2,7946,3662.4706,23240,7973,2517.4,51544.6,0.4,497.78,30.4,1216.6,242383.2,17025,5365.8,602070,248.4,0,4.6,0.5013,30416.2,287046.4945,23060.9868,-1641.0353,3439.6
centered_candidate_000284_25dd272d,centered-gaussian,5,5,0.4,3429.6,2816,1143.8,6144.4,2464.6427,23895.6,20722,9295.2,40580.8,0.4,488.18,34.2,1257,153272.2,65968,27106.4,361765.6,346.8,0,6.2,0.4835,39839.8,195827.5583,15522.3074,-88.5213,3429.6
centered_candidate_000102_14c7d9d4,centered-gaussian,5,5,0.4,3426.8,3045,206.4,7001.2,3008.1635,23317.2,22300,2370.8,45716.4,0.4,449.08,32,1226.8,162674,74222,4870.4,392990.2,302.2,0,5.2,0.6016,34987.8,190073.9251,19131.9951,-1297.6818,3426.8
general_top10-average-phased_997c9ab6,top10-average-phased,5,5,0.4,3420,521,125.6,8169.2,3863.4253,22879.2,4934,1966.6,52730.2,0.4,482.2,29.2,1201.6,151309.6,11060,3997.2,380057,263.4,0,4.8,0.4743,31816.8,181061.0004,24300.047,-1806.1126,3420
centered_candidate_000456_4dbee290,centered-gaussian,5,5,0.4,3415.8,182,78.6,8423.6,4048.1289,22597.6,2491,1552.4,53917.6,0.4,456.76,27.6,1186.4,200835.6,5710,2790.6,516957.6,185.4,0,3.8,0.4631,24746.4,249932.2168,25399.3285,-1945.4644,3415.8
centered_candidate_000503_86ceea5e,centered-gaussian,5,5,0.4,3413.6,664,64,8139.6,3862.0234,22638.2,6035,1388.6,52169.6,0.4,466.9,28.6,1184.8,270919.2,13256,2543.6,681984,220.8,0,4,0.537,26957.6,327274.7146,24163.1194,-1867.0117,3413.6
centered_candidate_000210_2a780f6e,centered-gaussian,5,5,0.4,3408.8,281,129,8273.8,3943.5193,22713.8,3410,2042.4,53026,0.4,484.84,28.4,1191.6,165687.6,7389,4207,411418.4,235,0,4.4,0.4868,29097.8,196968.1412,24630.7551,-1842.7596,3408.8
centered_candidate_000493_89228209,centered-gaussian,5,5,0.4,3403,447,96.6,8237.6,3910.1008,22677.8,4523,1773,52900.6,0.4,468.98,28.8,1187.8,160315,10094,3455.6,397480.6,222.4,0,4.4,0.5033,29590,190104.2297,24492.5826,-1858.4504,3403
centered_candidate_000455_b20b37b0,centered-gaussian,5,5,0.4,3392.8,239,156,8204.2,3922.112,22637.6,3093,2234.2,52788.8,0.4,475.76,28.6,1185.2,234145.6,6561,4310,630830.4,213.8,0,4.2,0.5322,27825.2,327130.5981,24569.5271,-1805.056,3392.8
centered_candidate_000499_54224a51,centered-gaussian,5,5,0.4,3389.2,346,141.2,8162,3884.3379,22609.8,3800,2131.4,52468.2,0.4,487.86,28.8,1184.6,182474,8797,4765,454330.6,261,0,5,0.4909,33514.6,217084.346,24315.9097,-1800.969,3389.2
centered_candidate_000369_a51c16b1,centered-gaussian,5,5,0.4,3386,89,47,8444.2,4077.1616,22338.8,1714,1021.4,54379,0.4,438.84,26.6,1182.2,191120.2,3617,1725.6,491858.8,221,0,4.2,0.4939,28133.2,237783.0194,25838.659,-1991.5808,3386
centered_candidate_000269_bb003c2f,centered-gaussian,5,5,0.4,3383.6,201,73.4,8292,4000.7126,22508.8,2558,1527,53437.8,0.4,468.52,27.4,1181.6,190398,6750,2685.6,493937,176.4,0,3.2,0.5686,21671.8,240561.7261,25247.9286,-1926.9563,3383.6
centered_candidate_000016_021adb31,centered-gaussian,5,5,0.4,3382.8,89,49.8,8391.6,4065.4932,22308.8,1697,1128.2,53882.2,0.4,442.88,26.6,1174,179658,3422,2118.2,461114,166.8,0,3.6,0.5314,24135.8,222586.7248,25685.963,-1982.9466,3382.8
centered_candidate_000291_8182a259,centered-gaussian,5,5,0.4,3382,4150,186.8,6576.8,2981.8742,23057,28382,2578.2,43119.2,0.4,461.24,32,1209,117487.8,113355,5509.6,250757.2,305.6,0,5,0.4623,32859.4,118347.368,18802.9825,-1304.1371,3382
centered_candidate_000129_b2c8a112,centered-gaussian,5,5,0.4,3381,1032,211.2,7732.2,3557.9302,23066.6,8508,2802.4,50589.8,0.4,507.34,30.6,1206.4,260241.2,19161,5621.2,661847.6,247.8,0,5,0.4811,31938.6,317573.4803,22554.4275,-1567.7651,3381
centered_candidate_000501_486d6a88,centered-gaussian,5,5,0.4,3380.6,466,68.6,8176.2,3896.6458,22503,4439,1418.8,52694,0.4,468.82,28.2,1177.2,199506.8,10051,2999,493768.4,190.8,0,3.2,0.4697,22579.8,237970.6586,24592.1822,-1879.7229,3380.6
centered_candidate_000328_a83b92b0,centered-gaussian,5,5,0.4,3374.8,239,85.8,8283.6,3965.9119,22404.2,3141,1646.4,53043.6,0.4,469.28,27.8,1174,270351.8,7667,3347.8,711227.2,206.6,0,4,0.4497,26167.4,352048.5208,24784.4093,-1897.1559,3374.8
centered_candidate_000226_15377da5,centered-gaussian,5,5,0.4,3374,242,96.2,8234,3954.6261,22437.4,2909,1700.8,52960.8,0.4,464.1,27.8,1175.8,169670,6675,3268.6,417760,187,0,3.6,0.4993,24391.4,202403.7048,24894.7321,-1881.1131,3374
centered_candidate_000446_70850952,centered-gaussian,5,5,0.4,3371.4,124,75.2,8289.2,4015.2461,22336.8,2133,1517.4,53274.6,0.4,444.56,27,1178,147548.2,4143,2701.6,378879.2,200.2,0,3.6,0.4907,24453.4,182888.6787,25224.0753,-1932.4231,3371.4
centered_candidate_000375_d2454474,centered-gaussian,5,5,0.4,3370.2,304,92,8175.2,3922.272,22588.2,3520,1731.6,52909.6,0.4,489.04,28,1186.2,165939.2,8863,3969.4,415984,216.2,0,4,0.4572,26449.4,198622.2251,24744.9334,-1869.136,3370.2
centered_candidate_000400_64e27900,centered-gaussian,5,5,0.4,3370,476,161.6,8035,3788.4176,22662,4396,2463.8,51983.8,0.4,488.86,29,1186.4,262889,10353,5205.8,668235,227.2,0,4.2,0.4418,27734.6,320668.9231,23818.1665,-1732.6088,3370
centered_candidate_000419_4998c1d3,centered-gaussian,5,5,0.4,3369.8,449,164.2,8039,3797.4894,22711.4,4363,2250.2,52249.8,0.4,487.3,29.2,1188.6,208694.8,9826,4684.6,530886.6,219.6,0,4,0.4714,26725.8,254745.1475,24079.75,-1734.5447,3369.8
centered_candidate_000451_88e3aaae,centered-gaussian,5,5,0.4,3362.4,352,145.8,8069.8,3842.691,22546.8,3775,2182.8,52165,0.4,484.74,28.6,1180.2,210607.4,8195,4887.2,523407.4,216.2,0,3.6,0.4836,24417.4,251009.196,24181.9285,-1775.5455,3362.4
centered_candidate_000122_21f4af37,centered-gaussian,5,5,0.4,3359.6,466,107.4,8071.8,3834.4323,22607.4,4622,1850.6,52374.4,0.4,473.12,28.6,1186.4,152633.2,10295,3546.8,373718.6,205,0,4,0.4912,25834.2,179734.1361,24262.8682,-1809.8162,3359.6
centered_candidate_000190_689bc2d5,centered-gaussian,5,5,0.4,3354,549,48.8,8067.6,3847.6322,22329.6,5088,1183.6,52107.4,0.4,463.94,28,1174.2,160835,11412,2146.4,404099.2,249.6,0,4.8,0.548,31884.2,193128.3426,24335.2202,-1875.0161,3354
centered_candidate_000321_89cf37a5,centered-gaussian,5,5,0.4,3349.8,527,62.8,8069.4,3837.3407,22368.8,5105,1364.2,52055.8,0.4,463.4,28.2,1173,175026,11053,2381,432191.4,213.2,0,4,0.5536,27599.4,207973.1749,24193.3565,-1855.8704,3349.8
centered_candidate_000227_b4b5eb7c,centered-gaussian,5,5,0.4,3344.8,190,51,8218.8,3975.6325,22208.6,2611,1182.6,53002.8,0.4,451.28,27,1168.4,170013.2,5585,2027.2,431280.6,189,0,3.8,0.5627,25484.2,207245.7757,25147.2657,-1936.8163,3344.8
centered_candidate_000279_c94708d8,centered-gaussian,5,5,0.4,3344.8,338,68.4,8138.4,3903.3097,22263.4,3853,1375.6,52454,0.4,460.08,27.8,1169.6,213571.4,8754,2499.8,529611.8,227,0,4.6,0.5197,30037,256078.5437,24569.6241,-1883.2549,3344.8
search_candidate_000513_dbf9f207,random-phased,5,5,0.4,3344.6,238,43.4,8206,3961.5128,22164.8,3083,1013.8,52886.8,0.4,452.68,27,1165.8,84008,6836,1567.4,209844.2,201.6,0,3.4,0.6004,23733.6,99959.2701,25033.4338,-1937.3564,3344.6
centered_candidate_000436_eefb3d68,centered-gaussian,5,5,0.4,3344.4,274,54.6,8167.2,3933.6306,22147,3127,1025.2,52638.4,0.4,447.98,27.4,1163.6,162629.2,6719,1620.4,412052,215,0,4,0.5794,27268,197836.0526,24909.6875,-1912.2153,3344.4
centered_candidate_000326_814743de,centered-gaussian,5,5,0.4,3344,196,69.2,8197.4,3952.7862,22299.4,2741,1306.8,53059.8,0.4,451.56,27.2,1176.4,138736.2,5885,2190.2,346166,207.2,0,3.6,0.5986,25113.4,166193.9171,25038.6072,-1907.1931,3344
centered_candidate_000423_209c676a,centered-gaussian,5,5,0.4,3342,540,92.8,8002,3793.3217,22281.8,5028,1644.8,51536.2,0.4,478.18,28.4,1168.6,230990,11914,3588.4,577776.4,270.8,0,4.8,0.5062,32043.8,276795.0464,23843.4156,-1803.8609,3342
centered_candidate_000302_6d622e05,centered-gaussian,5,5,0.4,3336.2,338,192.6,7967.8,3776.5287,22516,3521,2586,51822.6,0.4,484.74,29,1179.2,222991.4,7767,5423.2,553098.4,227.8,0,3.6,0.6231,25703.8,265732.6139,23907.4907,-1695.6644,3336.2
centered_candidate_000022_27c690fe,centered-gaussian,5,5,0.4,3335.4,455,72.4,8062,3840.6682,22375.4,4462,1434.6,52325.2,0.4,462.46,27.8,1176.4,196127.4,9572,2677.6,503230.6,193.6,0,3.6,0.5603,24705.2,242837.6939,24398.5096,-1847.9341,3335.4
centered_candidate_000391_1f9fa0cd,centered-gaussian,5,5,0.4,3330.6,222,82.4,8127.8,3914.6036,22093.4,2827,1495,52274.8,0.4,463.44,27.6,1156,271307.6,5684,3080.4,682805,206.2,0,3.6,0.4729,24566.4,329018.7626,24615.8888,-1874.9018,3330.6
centered_candidate_000215_1dfc69fd,centered-gaussian,5,5,0.4,3329.8,93,72.8,8223.4,3978.7279,22032.2,1819,1427.4,52808.6,0.4,448.3,26.6,1162.8,171339.4,3955,2752,442075.6,228,0,4.2,0.4861,27670.2,214104.3569,25036.0511,-1916.564,3329.8
centered_candidate_000364_7f3ab713,centered-gaussian,5,5,0.4,3329.4,110,61.2,8211.4,3982.6075,22139.6,1865,1351.4,53071.2,0.4,442.88,26.8,1166,187667.8,3620,2394.4,476757.4,175.4,0,3.4,0.5574,23193.4,229456.9447,25245.8955,-1930.1038,3329.4
centered_candidate_000104_58e4f0c0,centered-gaussian,5,5,0.4,3326.8,206,128.6,8097.4,3878.4894,22372.2,2903,2021.8,52468.6,0.4,479.7,28,1172.8,160221.4,6833,4175.4,393642.4,192.6,0,3.8,0.4648,25062.6,189879.2597,24492.0525,-1810.6447,3326.8
centered_candidate_000460_be8e7f19,centered-gaussian,5,5,0.4,3326.2,277,136,8047,3846.8282,22357.2,3247,2156.6,52108.6,0.4,491.04,28.2,1169.2,204051.8,7085,5044.4,511379.6,201.4,0,3.6,0.5261,24145.2,244853.646,24280.4406,-1787.4141,3326.2
centered_candidate_000476_e389dfa6,centered-gaussian,5,5,0.4,3325.8,134,75.4,8172.8,3952.5523,22231.8,2266,1499,52909,0.4,449.64,27.2,1171.2,165794.4,4185,3063.2,412399.4,185.6,0,3.4,0.5077,23530.8,198985.9712,25016.0545,-1900.8761,3325.8
centered_candidate_000370_6e381561,centered-gaussian,5,5,0.4,3325.6,195,92.8,8123,3914.4047,22088.2,2698,1780.6,52087,0.4,466.26,27.4,1159.4,196878.6,6563,3278.6,486122,228.6,0,3.4,0.5791,24409.4,235719.0886,24468.0027,-1864.4024,3325.6
centered_candidate_000111_7e6bfd27,centered-gaussian,5,5,0.4,3323.6,408,147,7950,3768.654,22335,4235,2200.6,51434.8,0.4,481.78,28.6,1172,239484,10139,4235.2,610471.6,257.4,0,4,0.6392,28772,293357.4679,23693.441,-1737.327,3323.6
centered_candidate_000513_a6fe8368,centered-gaussian,5,5,0.4,3321.6,126,66.2,8173.2,3959.9979,22121.4,2082,1419.2,52784.2,0.4,445.46,26.8,1167.2,150757.4,4191,2544.4,376164.8,196.8,0,4,0.4991,26134.8,181191.6584,25037.1823,-1913.799,3321.6
centered_candidate_000201_52356e9e,centered-gaussian,5,5,0.4,3319.6,243,117.4,8054.4,3864.7163,22218.8,3150,1931,52004,0.4,484.8,27.8,1167.2,173531.8,8457,3908.4,438920.4,249.8,0,3.6,0.5915,26055.6,210078.2026,24294.6991,-1814.9581,3319.6
centered_candidate_000146_39c40b5b,centered-gaussian,5,5,0.4,3318.8,125,72.4,8168,3952.1627,21983,2138,1406.8,52495.6,0.4,448.84,26.8,1158.8,187423.2,4985,2594,475060,230.4,0,4.4,0.5192,29143,228334.6797,24879.7123,-1903.6814,3318.8
centered_candidate_000382_c25d04e4,centered-gaussian,5,5,0.4,3317.4,328,62.4,8086.6,3879.7389,22114.6,3583,1313.8,52225.2,0.4,459.64,27.4,1161,269908.6,7789,2468.4,703197.6,201.8,0,4,0.4961,26192.8,343480.887,24556.6301,-1877.4694,3317.4
centered_candidate_000443_43770f4a,centered-gaussian,5,5,0.4,3316.8,116,47.8,8186,3974.1364,21988,2021,1059,52876.6,0.4,442.5,26.6,1157.8,217535,4264,1854.6,547910.2,188.8,0,3.4,0.5276,23620.4,264348.975,25208.3111,-1939.2682,3316.8
centered_candidate_000327_e590564c,centered-gaussian,5,5,0.4,3315.6,116,87,8158.6,3939.5761,22105.8,1999,1651.8,52672.8,0.4,451.1,27.2,1165.8,197050.8,3833,3139.8,497910.6,226.2,0,4,0.4999,27126,239417.1803,24869.485,-1882.788,3315.6
centered_candidate_000395_8e1296de,centered-gaussian,5,5,0.4,3312.8,175,62,8142.8,3933.2605,21990.8,2504,1271.4,52500.6,0.4,463.36,27.2,1152.2,191576.2,5896,2324.6,488614,202.6,0,3.2,0.5907,22755.4,235108.1538,24839.9337,-1904.6302,3312.8
centered_candidate_000088_84dcd0ae,centered-gaussian,5,5,0.4,3310.6,106,65.4,8186.8,3955.3016,22006.8,1824,1366.2,52801.8,0.4,444.06,27,1156.8,173415.4,3621,2545.4,435725.2,186.6,0,3.6,0.4921,24303,209770.6973,25035.7004,-1912.2508,3310.6
centered_candidate_000155_cdabeaaa,centered-gaussian,5,5,0.4,3310.2,342,56,8074,3866.5891,21973.2,3538,1149.4,52139.8,0.4,456.4,27.4,1153.2,197818,8392,2001.6,517695.8,227.2,0,4,0.6287,27322.6,254832.456,24477.5031,-1877.2946,3310.2
centered_candidate_000393_64679287,centered-gaussian,5,5,0.4,3310.2,417,69.2,8004.6,3828.5271,22152.8,4254,1403.4,51880.4,0.4,474.5,27.8,1164.4,184900.6,10302,2859.8,475790.2,248,0,3.6,0.5165,25075.6,230250.758,24260.4006,-1845.0636,3310.2
centered_candidate_000266_08829446,centered-gaussian,5,5,0.4,3309.4,399,75,8006.4,3826.9667,22183.4,3974,1545.8,51911,0.4,467.44,28,1164,254355.6,8859,2876.6,651931.6,219.6,0,4.6,0.5134,29710.2,314349.2499,24235.618,-1838.4833,3309.4
centered_candidate_000468_9316086e,centered-gaussian,5,5,0.4,3308.8,239,142.2,7997.8,3826.6981,22271.4,3089,2140.8,51903.6,0.4,485.7,28.2,1167.8,218276.6,6697,4816.2,547734,228,0,4.6,0.5148,29698.6,262533.0883,24180.3907,-1771.1491,3308.8
centered_candidate_000453_e4fb6286,centered-gaussian,5,5,0.4,3308.6,332,86.4,8029.4,3842.904,22152.8,3708,1675.6,51892,0.4,468.62,27.8,1160.6,235395,7531,3526.2,588143,198,0,3.2,0.4825,21987.8,283141.5386,24213.8343,-1835.052,3308.6
centered_candidate_000067_0c4a7e77,centered-gaussian,5,5,0.4,3306.2,150,90.2,8108.2,3914.2676,21994.4,2316,1699.4,52180.6,0.4,451,27,1158,226223.4,4380,3322.8,568471,215.2,0,3.6,0.5322,24718.2,273833.3273,24600.4011,-1866.9338,3306.2
centered_candidate_000330_8db3af57,centered-gaussian,5,5,0.4,3305,282,114.8,8017,3839.3866,22189.2,3211,1961.6,51955.8,0.4,470.98,28,1161.2,249847.2,7920,3744.2,653882.8,187.2,0,3.6,0.4997,24196.8,321713.3262,24267.6636,-1804.8933,3305
centered_candidate_000234_291fb610,centered-gaussian,5,5,0.4,3302.2,86,64.2,8154.6,3956.2428,21918.2,1702,1353.6,52580,0.4,443.08,26.6,1154.2,158753.8,3121,2510.8,407211.4,193.8,0,3.4,0.5476,23340.8,196453.9122,25033.1437,-1913.9214,3302.2
centered_candidate_000299_53a4a6b3,centered-gaussian,5,5,0.4,3301,358,55.4,8024.8,3851.8508,22039.6,3847,1296.6,51936.4,0.4,470.78,27.4,1156.2,220558.2,8915,2671.4,551268.2,214.2,0,4.2,0.448,26757.6,265210.6433,24360.3759,-1870.5254,3301
centered_candidate_000142_8bbb1b8c,centered-gaussian,5,5,0.4,3297.6,249,54.6,8067,3889.9876,21924.4,3183,1147,52017.4,0.4,452.66,27,1154.2,182983.4,6522,1996.4,460401.4,227.4,0,3.8,0.5072,26152.4,221298.0044,24575.7639,-1890.3938,3297.6
centered_candidate_000213_ced86287,centered-gaussian,5,5,0.4,3296.6,227,80.2,8062.4,3879.7487,22024.4,2940,1580.4,52045.6,0.4,464.16,27.4,1157,226018.6,6749,3005,567719.4,218,0,4.6,0.4428,29231.8,273104.4474,24484.3928,-1859.6743,3296.6
centered_candidate_000161_f9b72e33,centered-gaussian,5,5,0.4,3296,159,71.4,8087.6,3906.7936,21848.4,2386,1314,52030.6,0.4,448.52,26.8,1149,298317,4846,2334,764358.4,215.6,0,4.2,0.4813,27326.4,368879.4637,24620.5684,-1881.9968,3296
centered_candidate_000307_f1b15b6a,centered-gaussian,5,5,0.4,3294.4,245,101.4,8023.8,3850.8709,22056.2,3006,1851.4,51826.2,0.4,471.02,27.6,1158,201344.6,6523,3688.4,503067.2,224.6,0,4.2,0.521,27886.6,241838.7777,24275.8586,-1824.0355,3294.4
centered_candidate_000247_5494f8db,centered-gaussian,5,5,0.4,3293.8,255,70.4,8046.4,3870.7437,22165,3167,1425.6,52453,0.4,468.06,27.4,1164,230150.2,6937,2784.8,589991,174,0,3.2,0.4769,21216.4,284530.2809,24659.0568,-1864.9718,3293.8
centered_candidate_000210_87c0293f,centered-gaussian,5,5,0.4,3291.8,322,48.8,8019.2,3859.7966,22016,3789,1045.4,52062.6,0.4,452.5,27.2,1161.8,164427.2,8204,1592,405798.8,233.8,0,4,0.6038,27745.6,196654.0995,24552.6352,-1881.0983,3291.8
centered_candidate_000405_d600c77d,centered-gaussian,5,5,0.4,3290.4,286,68.4,8037.2,3854.2036,22018.8,3252,1486.8,51980.6,0.4,469.74,27.4,1156.8,175201.8,7168,2984,439183.2,222.4,0,4.4,0.4709,28908.6,210556.8768,24366.8186,-1858.7018,3290.4
centered_candidate_000312_bb697c14,centered-gaussian,5,5,0.4,3289.4,140,75.4,8090.2,3905.1293,21913.6,2293,1405.6,52297.6,0.4,450.88,27,1153,210551.8,4990,2729,521922.6,211,0,4.4,0.45,28839.6,253484.7756,24698.3561,-1877.1646,3289.4
centered_candidate_000494_d335cacf,centered-gaussian,5,5,0.4,3289,73,61.4,8138.4,3948.4161,21743,1418,1322,52425.8,0.4,438.56,26.4,1142.2,258475.2,2624,2456,649621.2,181.8,0,3.8,0.5048,25046,314311.8283,24973.3221,-1912.8081,3289
centered_candidate_000500_8e19d585,centered-gaussian,5,5,0.4,3289,89,72.2,8109.8,3930.6867,21990.4,1825,1483.8,52575.2,0.4,448.54,26.4,1160.6,212915.4,3614,2953,551395.4,176,0,2.8,0.5323,20644.2,267748.8218,24931.1712,-1893.1433,3289
centered_candidate_000067_9c06b725,centered-gaussian,5,5,0.4,3287.4,127,53.4,8099.4,3927.9406,21805.2,2125,1183.4,52220.4,0.4,441.24,26.4,1149.6,192737.2,4664,1816.2,507434.2,206.2,0,4,0.4854,26484.4,251013.2424,24821.8687,-1910.5703,3287.4
centered_candidate_000025_e7d71e68,centered-gaussian,5,5,0.4,3285.4,99,62.8,8103.6,3927.9627,21785.8,1840,1293.6,52248.2,0.4,445.32,26.4,1145.4,271465.4,4302,2220.4,724677.8,184.6,0,3.6,0.4925,24327.2,365578.8433,24814.7547,-1901.1814,3285.4
centered_candidate_000156_7f474b95,centered-gaussian,5,5,0.4,3283.6,189,65.4,8054.8,3888.8442,21918.8,2703,1329.8,52081.8,0.4,453.52,27,1150.6,242846.4,5819,2463.8,604987.8,180,0,3.2,0.4659,21609.2,293136.0238,24614.8236,-1879.0221,3283.6
centered_candidate_000353_d6bc7a5f,centered-gaussian,5,5,0.4,3283.4,195,100,8008.6,3856.9704,22037.4,2636,1798.2,51952,0.4,463.24,27.4,1157.8,210065.4,5244,3659.6,529785.6,197.4,0,3.2,0.5337,22861.6,254477.8744,24424.2697,-1828.4852,3283.4
centered_candidate_000004_74e19491,centered-gaussian,5,5,0.4,3282,250,101.6,7975.8,3831.3923,22112.8,2968,1855.4,51907.6,0.4,475.62,27.6,1162.8,153330.2,7531,3702,390019.8,217.4,0,4.2,0.5019,27229.8,187132.8114,24327.4806,-1814.0961,3282
centered_candidate_000056_3a6e67f6,centered-gaussian,5,5,0.4,3281.4,160,92.8,8040,3874.2984,21883.6,2218,1649.8,52012,0.4,459.66,27.2,1149.2,180024.8,5514,2946,449000,216.6,0,3.6,0.5622,25018.2,216253.0567,24521.568,-1844.3492,3281.4
centered_candidate_000503_28061c30,centered-gaussian,5,5,0.4,3281.4,72,63,8127.2,3938.3213,21762.8,1425,1366,52439.6,0.4,439.48,26.4,1145.8,252206.4,2748,2615,654139.2,193.2,0,3.2,0.527,22542,317860.1562,24957.7288,-1906.1607,3281.4
centered_candidate_000377_0ca5a665,centered-gaussian,5,5,0.4,3280.2,93,67.2,8090.2,3923.5515,21786.2,1692,1400.6,52217.2,0.4,443.12,26.4,1147.4,229657,3328,2392,581228.4,194.4,0,3.4,0.5908,23485.6,280166.244,24835.9115,-1894.5758,3280.2
centered_candidate_000211_1c9cd54c,centered-gaussian,5,5,0.4,3276.6,128,99.6,8030.6,3877.1148,21968.6,2063,1777,52093.4,0.4,455,27,1157.8,275011.2,4169,3627,712710.2,204.2,0,3.8,0.4748,25652,346232.6488,24576.3635,-1838.9574,3276.6
centered_candidate_000322_e0849e66,centered-gaussian,5,5,0.4,3276.2,328,65,7968.4,3823.2191,21939.4,3834,1353.8,51596.8,0.4,461.46,27.4,1156.4,246907.8,8400,2440,612243.2,253.2,0,4.4,0.5722,30287.2,296873.6278,24163.6322,-1846.6095,3276.2
centered_candidate_000140_795d1af6,centered-gaussian,5,5,0.4,3272.8,335,80.6,7953.2,3806.7002,21975.8,3665,1584.4,51621.4,0.4,465.24,27.6,1155.4,261271.4,7750,3070,662806,229,0,3.8,0.5069,26313.6,318646.5282,24136.4083,-1822.7501,3272.8
centered_candidate_000417_c1a9ea81,centered-gaussian,5,5,0.4,3272,357,56.8,7967.8,3814.7191,21863,3996,1195,51574.8,0.4,461.58,27.2,1150.8,176714.6,8468,2268.2,435463.4,241.2,0,4.6,0.5459,30738.4,211050.4139,24153.9511,-1850.5595,3272
centered_candidate_000122_6cbcb52c,centered-gaussian,5,5,0.4,3269.2,110,82,8045.8,3890.6386,21765.2,1912,1606.8,51915.2,0.4,447.14,26.8,1145.4,237718.8,3891,3258,622516.2,213,0,3.6,0.5352,25346.2,305754.6168,24548.814,-1863.3193,3269.2
centered_candidate_000477_6a6ab4df,centered-gaussian,5,5,0.4,3269.2,391,89.6,7937,3775.674,22026.6,4345,1653.4,51425.8,0.4,478.5,27.6,1157.2,210598.8,10733,3075,541148.6,222.4,0,4.2,0.5593,27606,261462.9924,23874.1083,-1798.237,3269.2
centered_candidate_000376_e01688c7,centered-gaussian,5,5,0.4,3268,99,69.8,8063.4,3902.794,21736.2,1785,1441.6,52030.2,0.4,442.5,26.6,1145.6,194908.6,3250,2462.4,486221,215.8,0,4,0.514,26895,235496.1382,24695.2756,-1881.597,3268
centered_candidate_000472_18561792,centered-gaussian,5,5,0.4,3266.2,155,58.6,8038.2,3888.2845,21819.6,2304,1345.4,52060,0.4,452.38,26.8,1151.8,190687.2,4669,2713,495889.6,236.8,0,4.6,0.555,30760,241899.4564,24671.7434,-1885.5422,3266.2
centered_candidate_000033_a9efb3a3,centered-gaussian,5,5,0.4,3266,86,57.8,8082.2,3917.6022,21619,1634,1290.4,51972.8,0.4,441.26,26.2,1138.8,244579.6,2909,2215.6,628230.6,212.6,0,4.2,0.4781,28130.2,303520.1024,24749.9167,-1901.0011,3266
centered_candidate_000101_f3dc0522,centered-gaussian,5,5,0.4,3265.6,180,68.6,8012,3868.7838,21865.8,2496,1484.2,51968.8,0.4,460.68,27,1152.2,187933.4,6103,2697.8,467849.6,229.2,0,4,0.5266,26968.8,225763.1877,24537.6147,-1865.7919,3265.6
centered_candidate_000219_1ff2db78,centered-gaussian,5,5,0.4,3264,106,50.4,8065.2,3911.6276,21670.8,1846,1116.6,52138.4,0.4,439.18,26.2,1145,143264.4,3346,2033.6,355781.6,225.4,0,3.4,0.4932,24229.8,172469.9867,24843.2628,-1905.4138,3264
centered_candidate_000447_5113496d,centered-gaussian,5,5,0.4,3259.4,146,46.4,8027.8,3893.3052,21746.8,2404,1104.6,52058,0.4,451.78,26.4,1146.6,174295.2,4866,2275.2,459946,207.6,0,3.4,0.4679,23388.2,228732.6701,24733.6196,-1900.2526,3259.4
centered_candidate_000069_f0dbac08,centered-gaussian,5,5,0.4,3259,300,94.6,7909.6,3786.7116,21940.4,3442,1769.8,51274.8,0.4,469.12,27.6,1153.4,269122.4,7906,3269.4,688307.4,228,0,3.2,0.638,23632.4,331576.4452,23957.7597,-1798.7558,3259
centered_candidate_000361_e82efadf,centered-gaussian,5,5,0.4,3258.8,138,61.8,8016.4,3881.9076,21711.8,2159,1258.6,51916.6,0.4,444.9,26.8,1141.4,212708.6,4568,2230.8,531261.4,200.8,0,3.8,0.4931,25630.2,257066.2598,24646.1908,-1879.1538,3258.8
centered_candidate_000052_1805114c,centered-gaussian,5,5,0.4,3257.4,122,76.6,8035.2,3876.1458,21744.4,1930,1545.4,52025.8,0.4,459.2,26.4,1146.2,180856.6,4269,3121.2,448216,215.2,0,3.4,0.5594,23638.4,217170.6359,24563.2559,-1861.4729,3257.4
centered_candidate_000392_8dc4624a,centered-gaussian,5,5,0.4,3255.8,105,87.8,7999.2,3871.19,21878.8,2152,1705.6,51899,0.4,450.4,27,1152,265586.8,4080,3312.8,687185,187.4,0,3.8,0.4684,24497.2,333387.8177,24499.4592,-1847.795,3255.8
centered_candidate_000364_63c3ba8f,centered-gaussian,5,5,0.4,3255,358,73.6,7886.4,3775.3972,21710.4,3832,1325,51002.6,0.4,462.24,27.4,1139.4,226684.2,8029,2391.4,573389.4,248.8,0,5,0.5229,31822,275465.2033,23879.8802,-1814.0986,3255
centered_candidate_000489_9966287c,centered-gaussian,5,5,0.4,3253.6,206,80.2,7994.6,3836.0664,21790.4,2759,1614.6,51677.8,0.4,466.76,27.4,1140,265043.2,6544,3061.4,660911.8,193.6,0,3.4,0.4798,22970.8,319740.7672,24233.0792,-1837.8332,3253.6
centered_candidate_000466_5428c007,centered-gaussian,5,5,0.4,3253,126,51.4,8022.6,3887.1498,21560.8,1889,1119,51827.2,0.4,435.66,26.4,1135,236839.2,3491,1960,627014.6,211.4,0,4,0.5352,27049,312030.5507,24671.3501,-1892.1749,3253
centered_candidate_000073_91c4ec23,centered-gaussian,5,5,0.4,3251.4,448,83,7827.4,3733.0866,21879.4,4449,1661.2,50812.6,0.4,470.6,27.8,1151.6,222072.8,10099,3341.6,583805.4,267.6,0,4.6,0.5204,31217.2,289854.1893,23635.7804,-1783.5433,3251.4
centered_candidate_000381_8c187448,centered-gaussian,5,5,0.4,3249.8,128,82.4,7991.4,3856.9776,21778.8,2171,1602,51761.2,0.4,446.8,26.6,1151.2,143318.6,4047,3089.6,361549.6,220.8,0,2.8,0.5706,20933,173367.0653,24444.7881,-1846.0888,3249.8
centered_candidate_000445_836d5d95,centered-gaussian,5,5,0.4,3248.4,116,54.4,8008.6,3884.6413,21672.2,1963,1206.8,51981,0.4,441.44,26.6,1140.4,275843.2,3805,1923,697364.2,191,0,3,0.5673,21645,336640.4111,24713.4396,-1887.9206,3248.4
centered_candidate_000456_b2bae2fe,centered-gaussian,5,5,0.4,3247.4,105,60,8008.2,3883.4069,21724.2,2009,1317.6,51993.6,0.4,445.44,26.6,1146.8,260676,3695,2383.2,690153.6,217.2,0,3.6,0.5065,25228.6,343493.1162,24681.4915,-1881.7034,3247.4
centered_candidate_000275_a49af1f9,centered-gaussian,5,5,0.4,3235.6,63,55.6,8004.4,3891.3529,21527.4,1362,1236.6,51934,0.4,440.68,26,1133.4,223475.2,2635,2351,584186,182,0,3.6,0.4869,23712.2,285995.716,24799.399,-1890.0765,3235.6
centered_candidate_000283_81308610,centered-gaussian,5,5,0.4,3235.2,148,90,7944.8,3826.7443,21726,2274,1747.2,51525.8,0.4,451.14,27,1142.4,241321.6,4497,3412.8,602067.4,194.2,0,3,0.5175,21522.2,291212.8668,24232.1037,-1823.3722,3235.2
centered_candidate_000471_0710d2b1,centered-gaussian,5,5,0.4,3234.2,137,70,7968.6,3847.5311,21577.2,2264,1435.6,51499,0.4,453.84,26.6,1137.2,247395.6,4417,3212,622216,241.2,0,5,0.4495,32602.6,299961.3948,24327.1839,-1853.7656,3234.2
centered_candidate_000114_0674b1c3,centered-gaussian,5,5,0.4,3233,44,40.2,8047.2,3909.5158,21379.4,1054,867.6,52172.8,0.4,424.22,25.4,1130.4,206522.8,2095,1172,519727.2,202,0,3.6,0.5368,24344.8,251749.9634,25039.8143,-1914.5579,3233
centered_candidate_000007_c54b9412,centered-gaussian,5,5,0.4,3227.4,94,47,7980.6,3874.4826,21557,1630,994.6,52058.2,0.4,430.74,26,1140.4,174204,2724,1663.6,435501.8,200.2,0,3.4,0.608,23885.6,211039.0348,24897.4292,-1890.2413,3227.4
centered_candidate_000373_09501ea4,centered-gaussian,5,5,0.4,3227.4,79,68.2,7967.2,3863.8239,21533.8,1653,1481.4,51533.6,0.4,447.94,26.4,1134.6,252962,3350,2698.8,634793.6,218.6,0,3.8,0.5239,25256.8,306965.8726,24477.7052,-1863.712,3227.4
centered_candidate_000340_e4c4b24e,centered-gaussian,5,5,0.4,3219.8,156,67.8,7926,3822.3941,21586.4,2410,1442,51458,0.4,455.3,26.6,1135.8,211797,4937,2944.4,535414.8,204,0,4,0.4294,26038.2,257426.0595,24252.1152,-1843.3971,3219.8
centered_candidate_000017_f9ff5359,centered-gaussian,5,5,0.4,3219.6,140,83,7899.6,3817.9344,21585,1982,1601,51425.4,0.4,468.54,26.8,1134.2,176241.8,4900,3271.2,457673.2,224.6,0,3.4,0.5327,24150,223152.0184,24309.7141,-1825.9672,3219.6
centered_candidate_000061_c9df5a89,centered-gaussian,5,5,0.4,3213.4,123,88.2,7912.2,3812.7493,21603.8,1960,1713.6,51422.2,0.4,462.72,26.8,1138,249557.8,4888,3171,632959.2,229.8,0,4.8,0.4457,30643.8,304597.0276,24233.5895,-1818.1746,3213.4
centered_candidate_000039_2ce286fd,centered-gaussian,5,5,0.4,3212.8,75,41.4,7971.2,3870.8043,21288.2,1641,929.2,51604.6,0.4,438.88,25.6,1122.2,244645,3587,1647.4,627478.2,209.4,0,3.8,0.5085,25685.4,303029.4198,24648.7623,-1894.0022,3212.8
centered_candidate_000326_91a6c9ce,centered-gaussian,5,5,0.4,3207.4,152,92.2,7854.6,3788.7598,21590.2,2329,1747.6,51042.2,0.4,461.54,26.8,1136.4,281263.6,5002,3710.4,713038.8,215.6,0,3.6,0.5503,24995.6,343156.6641,24040.5958,-1802.1799,3207.4
centered_candidate_000461_a1239a6e,centered-gaussian,5,5,0.4,3207,100,77.6,7898.4,3822.174,21423.4,1808,1553,51174.8,0.4,442.66,26.6,1128.8,202268.8,3405,2941.4,515285.8,232.6,0,4.2,0.5235,28429.8,248052.4741,24224.3523,-1833.487,3207
centered_candidate_000489_e4f4cb3f,centered-gaussian,5,5,0.4,3206.8,107,81.4,7919.2,3818.0353,21484.6,1910,1568,51350.6,0.4,448,26.6,1132.2,232325,3660,3094,587905.6,224,0,3.6,0.5144,25801.6,283078.6773,24252.8865,-1827.6177,3206.8
centered_candidate_000401_b42a74b5,centered-gaussian,5,5,0.4,3202,199,50.8,7871.2,3799.1139,21574,2879,1177.8,51429.8,0.4,456.14,26.6,1141.8,180242.8,5629,2217,450981.4,253.2,0,4.8,0.5962,32259.8,217253.3938,24288.2528,-1848.757,3202
centered_candidate_000445_717fd578,centered-gaussian,5,5,0.4,3200.4,200,73.2,7861.4,3778.7252,21485.8,2790,1435.2,50982.4,0.4,456,26.8,1133.6,236038,5527,2593.8,594873.2,256.6,0,4.2,0.6201,29523.4,286483.4182,23987.5398,-1816.1626,3200.4
centered_candidate_000102_6e58a268,centered-gaussian,5,5,0.4,3198.4,124,60,7904.8,3814.9476,21372.4,2054,1188.4,51289.6,0.4,444.08,26.2,1128,211637.2,4235,2304.4,525420.6,230.4,0,4.6,0.4644,29225.8,255492.6495,24318.8518,-1847.4738,3198.4
centered_candidate_000431_2435ae43,centered-gaussian,5,5,0.4,3193,65,47.8,7938.8,3845.2177,21156.4,1339,1021.8,51356.2,0.4,437.34,25.6,1117.2,169208.4,2759,1731.8,428902.8,241.8,0,4.4,0.5004,29642.6,206638.0503,24497.9812,-1874.8088,3193
centered_candidate_000057_863b5396,centered-gaussian,5,5,0.4,3189.4,2769,253.2,6930,3370.7588,21766.2,20445,2863.8,44596.4,0.4,440.8,30.4,1141.6,267234.8,63870,6172.4,738106.6,318.8,0,5.8,0.5033,37912.6,454509.4963,20501.0312,-1432.1794,3189.4
centered_candidate_000017_921d5711,centered-gaussian,5,5,0.4,3186.2,130,74.8,7830.4,3786.0618,21409.6,1982,1565,50941.4,0.4,452.38,26.4,1128.4,331118.2,4221,3153.4,840670.6,216.2,0,4,0.5029,26649.8,405301.5825,24106.0273,-1818.2309,3186.2
search_candidate_000041_ce029acd,random-phased,5,5,0.4,3186.2,2745,158.8,6735.8,2976.2348,21882.2,20348,2264,44054,0.4,459.8,30.6,1149.4,60590,50150,5203.2,127484.2,341.8,0,5.4,0.533,36352.4,55960.6848,18802.4774,-1329.3174,3186.2
centered_candidate_000462_13e30839,centered-gaussian,5,5,0.4,3174,72,46,7861.2,3818.1233,21068.4,1527,1007.6,50899.8,0.4,430.48,25.6,1114.6,179693,2703,1679.6,447480.4,254,0,4,0.6087,28406.6,217514.3665,24312.389,-1863.0617,3174
search_candidate_000442_d91f8bda,random-phased,5,5,0.4,3167,66,34.2,7895,3825.622,21009,1385,840.8,51178.4,0.4,426.72,25.2,1106.8,177481,2440,1249.2,449585,182.2,0,3.2,0.5869,22202,216939.2792,24476.0309,-1878.611,3167
centered_candidate_000093_df545c56,centered-gaussian,5,5,0.4,3089.8,2617,212.8,6534.6,2894.9528,21433.6,19767,2723.8,42900.6,0.4,458.94,30.4,1121.4,154423,57183,6403.2,392363.4,299.4,0,4.8,0.4417,32082.4,208512.1082,18232.2204,-1234.6764,3089.8
centered_candidate_000492_9bc3c5c7,centered-gaussian,5,5,0.4,3035,2664,56.4,6531,2948.198,20795.8,20447,1175.4,42572.6,0.4,421.7,28.6,1097.8,135431.6,60557,1942,324805.2,337,0,4.8,0.856,35654.6,152864.5659,18730.9487,-1417.699,3035
centered_candidate_000497_e3249d37,centered-gaussian,5,5,0.4,2950,2635,94.2,6317.4,2858.7243,20361.2,19976,1784.2,41292.2,0.4,427.44,28.8,1068,141500,65762,3472.4,355505.2,319,0,4.6,0.5177,32655,188929.5111,18062.99,-1335.1622,2950
centered_candidate_000264_2720e885,centered-gaussian,5,5,0.4,2933.2,1026,331,6773.4,3051.9688,20198,8457,3612,44462.6,0.4,451.24,29.4,1045.4,126115.8,22126,8203.2,323628.2,290.2,0,4.6,0.4726,30262.8,164061.1069,19294.1804,-1194.9844,2933.2
centered_candidate_000067_4595adda,centered-gaussian,5,5,0.4,2864.4,1661,133.2,6881.4,3526.328,19628.2,13973,2170,43770,0.4,415.74,27.6,1026.6,345350.4,33359,4353,999220.8,304.2,0,5.6,0.4657,37216.6,641243.0348,21071.3746,-1629.964,2864.4
centered_candidate_000508_2e24c452,centered-gaussian,5,5,0.4,2852.6,154,82.6,7477.2,3726.8479,18975.4,2260,1519,47663.8,0.4,379.88,24.8,995.8,145168.4,4869,3049,399188.6,267.4,0,4,0.5198,28577,218005.5106,22982.4362,-1780.8239,2852.6
centered_candidate_000163_1b9e9679,centered-gaussian,5,5,0.4,2852,1653,48,6843.6,3396.3022,19544.2,13305,1066.6,44527,0.4,410.46,26.6,1023.2,101163.6,30300,2144.8,267343.4,245.2,0,3.8,0.5198,26178.4,149242.5826,21141.249,-1650.1511,2852
centered_candidate_000501_a014a934,centered-gaussian,5,5,0.4,2837.4,2828,72.8,6083.2,2899.8765,19869,20987,1489.2,40535.8,0.4,424.3,27.8,1042,140709,59991,3195.2,366460,252.2,0,5,0.5086,33114.8,210898.4472,18559.7254,-1377.1383,2837.4
centered_candidate_000354_bf300248,centered-gaussian,5,5,0.4,2825.6,2046,56.8,6385.8,2967.1606,19648.2,16540,1160.4,42084.8,0.4,415.82,27.4,1032,107074.4,48754,2181.2,270472.4,279,0,4.4,0.645,31316.4,144683.754,18917.6632,-1426.7803,2825.6
centered_candidate_000238_b1485787,centered-gaussian,5,5,0.4,2808.6,1818,67,6422,2968.3896,19533.2,14168,1469.6,42555.6,0.4,415.66,27.6,1021,123076,34592,2600.4,316431,257.6,0,4.6,0.5002,31169.4,162625.4798,18982.8396,-1417.1948,2808.6
centered_candidate_000320_37e50ffe,centered-gaussian,5,5,0.4,2799,1672,63.6,6432.8,2953.5348,19342.4,12993,1397.4,42523.4,0.4,415.5,27.2,1013,112755.4,32123,2440.8,288829,295.8,0,5.6,0.5589,36960.6,147372.5483,18916.9321,-1413.1674,2799
centered_candidate_000486_a42e938a,centered-gaussian,5,5,0.4,2796,2645,70.6,6119.8,2978.5572,19515,20261,1488.2,40247.6,0.4,420.42,27.4,1024,127398.2,60861,3136.2,327860.2,280.8,0,3.8,0.6523,28215.6,188363.353,18735.9801,-1418.6786,2796
centered_candidate_000281_5dfbff0b,centered-gaussian,5,5,0.4,2788,162,66.6,7339.4,3678.9235,18499,2539,1423.8,46492,0.4,371.98,24.4,968.4,241639.8,5406,2814.2,689514.8,267.8,0,4.2,0.5348,29092,409444.2284,22485.8328,-1772.8617,2788
centered_candidate_000053_2fec4cf6,centered-gaussian,5,5,0.4,2747.2,2310,295.2,5873,2715.6225,19532.6,17474,3525.4,39305.8,0.4,450.68,29,1019,125344.6,46609,7380.4,324803.2,319,0,5.8,0.4458,36735.8,185721.1345,17158.2536,-1062.6112,2747.2
centered_candidate_000428_64e7abf7,centered-gaussian,5,5,0.4,2744.4,144,79.6,7253.6,3669.076,18506.8,2172,1613.6,46704.8,0.4,377.24,24.4,971.8,215807.4,4617,3162.2,616615.6,250.2,0,5.4,0.3958,33386.6,368469.5127,22769.5804,-1754.938,2744.4
centered_candidate_000460_ef0e929e,centered-gaussian,5,5,0.4,2697.8,2497,64.8,5941.4,2901.6405,18845.6,19348,1233.2,39158.4,0.4,406,26.8,988.2,152239.2,55769,2104,406558.4,291.2,0,4.4,0.6132,31442.4,241147.2145,18319.3448,-1386.0202,2697.8
centered_candidate_000112_fe465450,centered-gaussian,5,5,0.4,2695.6,2086,402.8,5773.8,2796.8679,19264.8,16816,4013,38463,0.4,438.62,28.4,1006.6,108319.2,43548,8315.4,276496.4,290.8,0,5.6,0.5166,36669,159519.8899,17494.9487,-995.6339,2695.6
centered_candidate_000496_7505459c,centered-gaussian,5,5,0.4,2690,2377,59.6,5984.4,2915.7326,18903,18006,1211.4,39991.6,0.4,412.14,26.6,991.2,148808,51773,2495.6,397346.4,259.8,0,5.4,0.4644,34456.6,233567.6154,18611.2856,-1398.2663,2690
centered_candidate_000154_c83534b9,centered-gaussian,5,5,0.4,2683.8,88,59.6,6871.6,3310.7933,18060.2,1629,1354,44633.8,0.4,370.92,24,950.2,185611.6,3543,2311,504157,291.4,0,4,0.6904,29614.6,264063.1504,21008.5362,-1595.7966,2683.8
centered_candidate_000420_8ef01598,centered-gaussian,5,5,0.4,2682.2,1653,63.6,6223.8,2927.3239,18641.8,12819,1275.8,41378.2,0.4,410.3,26.6,971.8,107988.2,31616,2308.6,281514,270.8,0,4.8,0.5625,32355.8,150921.2769,18815.1799,-1400.062,2682.2
centered_candidate_000479_86fd51ae,centered-gaussian,5,5,0.4,2672,331,61.4,6771.2,3248.6103,18248,3826,1375.8,44311.4,0.4,396.42,24.8,953.4,180702.4,8461,3015,497242.6,251.2,0,4.4,0.5109,29192.2,272434.4122,20657.0939,-1562.9051,2672
search_candidate_000294_254a0e14,random-phased,5,5,0.4,2644,1783,656,5473.8,2634.2079,18928,13950,5770.4,36818.4,0.4,452.4,28.8,983.4,94459.2,35095,13869.6,233371.8,326.4,0,4.6,0.6846,33010.8,133193.4223,16522.5483,-661.1039,2644
centered_candidate_000468_3d5df541,centered-gaussian,5,5,0.4,2637.4,1820,74,6154.2,3045.0146,18460,14381,1500,40622.6,0.4,409.48,26.4,962.2,127695.4,37557,2847.4,343416.2,254.4,0,5,0.4822,32920.6,201101.5467,19065.9187,-1448.5073,2637.4
centered_candidate_000220_1b5f7501,centered-gaussian,5,5,0.4,2635.4,332,62,6677,3204.2362,17995.4,3666,1374.8,43682,0.4,384.52,24.8,940,111645.6,7742,2262.4,294306.8,262.2,0,4.8,0.5534,31853.6,148056.8268,20353.4146,-1540.1181,2635.4
centered_candidate_000425_5e387e00,centered-gaussian,5,5,0.4,2635.2,1674,66.8,6457.8,3549.7985,18155.4,13385,1337.8,41795.6,0.4,392.56,25.4,945.8,145746.2,32177,2245,407945.6,242.6,0,4.4,0.5072,29045.4,255765.5768,21643.9963,-1708.0992,2635.2
centered_candidate_000018_c676709a,centered-gaussian,5,5,0.4,2620.4,336,58,6995.8,3703.3633,17594.6,3554,1199,44724.6,0.4,369.56,24,916.8,217580.4,8610,1920.2,630852,264.2,0,4.4,0.6241,31520.8,394176.3902,22552.2182,-1793.6816,2620.4
centered_candidate_000084_26609065,centered-gaussian,5,5,0.4,2585.8,86,59.8,6668,3231.6332,17590.6,1701,1210.8,43788,0.4,367.9,23.2,925.2,177991.2,3590,2235.6,493304.2,248.4,0,4.4,0.5623,30197.2,271213.1358,20726.5358,-1556.0166,2585.8
centered_candidate_000384_dab542c8,centered-gaussian,5,5,0.4,2579.8,2010,64.2,5906,2915.2765,18016.2,15002,1328,39345.2,0.4,405.82,26,935.8,113605.8,41115,2455.4,299701.6,254.4,0,4,0.5539,27723.2,172257.6124,18549.1425,-1393.4382,2579.8
centered_candidate_000221_3f1fd687,centered-gaussian,5,5,0.4,2559.2,63,53,6970.2,3704.2286,17311,1349,1214.8,45065.8,0.4,347.58,22.6,908.8,199138.8,2623,2183,579817.2,208.2,0,3.6,0.5603,25314.6,362223.8568,22849.6598,-1799.1143,2559.2
centered_candidate_000457_24e18532,centered-gaussian,5,5,0.4,2556,907,75.6,6273.6,3014.2618,17934.4,8129,1453.6,41786.2,0.4,394.38,25.4,937.2,100353.8,18809,2856.8,269938,244.8,0,4.8,0.5291,31815.6,150512.1988,19304.779,-1431.5309,2556
centered_candidate_000455_f9a0b118,centered-gaussian,5,5,0.4,2551.4,1656,94.8,5961.8,2920.8774,18196.2,13962,1748.2,39830,0.4,417,26.2,952,84767.6,35889,3496.2,215367.2,263.2,0,5.2,0.4762,33354.8,117515.736,18551.6496,-1365.6387,2551.4
centered_candidate_000119_a311c9df,centered-gaussian,5,5,0.4,2539,66,60.2,6616.4,3242.5544,17298.6,1387,1304.2,43388.6,0.4,365.66,22.8,908,166656.6,2948,2506,468336.6,229.4,0,3.8,0.5752,26387.2,267110.2894,20695.6582,-1561.0772,2539
centered_candidate_000074_a917e8e4,centered-gaussian,5,5,0.4,2537,109,72.6,6827,3578.4129,17265,2084,1435,44162.6,0.4,361.44,23.2,901.8,189395.4,4174,2881.8,547488.6,214.2,0,3.2,0.5477,23127.8,338333.7749,22132.8765,-1716.6064,2537
centered_candidate_000176_bdead299,centered-gaussian,5,5,0.4,2532.8,128,76.6,6554.6,3201.1945,17486.8,2075,1527.2,43340.4,0.4,369.52,23.6,918,94026,4146,2936,249664.4,228.2,0,4,0.5365,27422.6,127296.4436,20532.5906,-1523.9972,2532.8
centered_candidate_000023_868eb654,centered-gaussian,5,5,0.4,2519,1861,55.4,5820,2866.8922,17801.2,14699,1257.4,38884.6,0.4,406.56,25.6,929.2,102094.8,36964,2475.2,268093.6,263.8,0,4.8,0.4583,30990.6,152538.0955,18227.8859,-1378.0461,2519
centered_candidate_000312_8a5b261d,centered-gaussian,5,5,0.4,2514,1812,55.8,5865.4,2938.2885,17778.2,14366,1279.8,39173.2,0.4,409.76,25.6,927.4,116321.6,36497,2583.2,311614.6,264.4,0,3.8,0.4918,27163.8,182435.5031,18638.2893,-1413.3442,2514
centered_candidate_000058_34052d58,centered-gaussian,5,5,0.4,2508.6,478,241.6,6547.6,3607.2924,17311.2,4695,2969,42335.2,0.4,404.9,24.8,893.4,221835.2,10463,6902.2,642617,242,0,3.8,0.5813,27429.8,411347.9785,21881.2808,-1562.0462,2508.6
centered_candidate_000002_4e9f114c,centered-gaussian,5,5,0.4,2500.4,175,63.6,6725.4,3544.369,17086.2,2634,1353.8,43663.8,0.4,368.62,23,893.8,163621,6075,2305,470134.8,235.2,0,4.4,0.5337,29979.8,287436.955,21986.26,-1708.5845,2500.4
centered_candidate_000318_5498f2fb,centered-gaussian,5,5,0.4,2495.2,159,59.2,6755.4,3601.713,17016.2,2469,1235.8,43819.8,0.4,371.48,22.6,891.4,138182.8,6270,2314,395967.2,239.4,0,4,0.5235,28225,241944.3889,22267.452,-1741.6565,2495.2
centered_candidate_000316_a7c2362a,centered-gaussian,5,5,0.4,2486.8,406,66.2,6374.4,3136.5253,17263.8,4227,1356.2,42202.6,0.4,387.6,24,900,131442,9281,2819.6,363858,234.8,0,3.8,0.4692,26318.6,205655.0063,20013.7772,-1502.0627,2486.8
centered_candidate_000352_f69e6ecd,centered-gaussian,5,5,0.4,2476,86,53.8,6426.6,3136.5002,16989.6,1683,1253,42414.4,0.4,365.08,22.8,890.6,110066.8,2933,2444.6,296553.4,233.2,0,4.2,0.5286,28902.4,154066.2121,20156.7213,-1514.4501,2476
centered_candidate_000215_47737435,centered-gaussian,5,5,0.4,2475.2,118,69.8,6735,3625.6901,16932.8,2099,1483.2,43680.2,0.4,357.42,22.4,887.4,215134.2,4318,2704,628325.4,206.2,0,3.6,0.5032,25248,398008.3129,22383.6926,-1743.045,2475.2
centered_candidate_000352_931f8e48,centered-gaussian,5,5,0.4,2468.2,302,99.4,6345.8,3129.8774,17123,3435,1783.2,41845.2,0.4,388.96,24,892.2,92217.6,7848,3672.8,246764.8,253.2,0,5,0.4873,33141.2,130781.6491,19867.1482,-1465.5387,2468.2
centered_candidate_000247_77ec6c41,centered-gaussian,5,5,0.4,2464,337,97.8,6612.6,3627.7012,16817.6,3747,1629.6,42575.2,0.4,390.66,23.2,871.4,110436.2,9038,3443.6,310896.2,240.4,0,4.6,0.5536,31216.4,187270.0984,22056.5931,-1716.0506,2464
centered_candidate_000360_d4c21cfc,centered-gaussian,5,5,0.4,2450.2,1698,179.8,5667.4,2905.0996,17532,13690,2316.6,38016.2,0.4,418.44,26,910,118864.8,31018,4790.8,323565.8,258.4,0,5.2,0.5398,34042.4,197193.6766,18286.8787,-1272.7498,2450.2
centered_candidate_000427_5b90de2b,centered-gaussian,5,5,0.4,2442,95,57.6,6389.8,3156.5505,16808.8,1811,1292,42123.6,0.4,358.92,22.6,884.4,105989.8,3624,2300.2,290674.6,254.6,0,4.2,0.5653,29830.8,157799.4746,20158.429,-1520.6752,2442
centered_candidate_000405_35b18dcb,centered-gaussian,5,5,0.4,2432.4,154,88.4,6294.6,3086.855,16848.2,2323,1728.4,41503.2,0.4,371.72,23.2,881.2,180925.4,4782,3203.4,513240.4,242,0,4.2,0.5709,29238.4,302248.5024,19641.0409,-1455.0275,2432.4
centered_candidate_000159_5df75c2b,centered-gaussian,5,5,0.4,2431.8,383,82.2,6318.6,3203.3773,16917.8,4079,1547.2,41648.8,0.4,385.74,23.8,878.8,96242.4,10176,3021.4,263170.2,224.8,0,4.2,0.5364,28546.2,147770.8323,20152.2615,-1519.4887,2431.8
centered_candidate_000211_b1222d7d,centered-gaussian,5,5,0.4,2428.4,1670,196.8,5613.4,2904.8101,17363,14011,2478.8,37231,0.4,416.12,25.8,902.4,115291.8,31234,4541,313288.8,278.2,0,5,0.5905,33328.8,191182.9198,18034.2835,-1255.6051,2428.4
centered_candidate_000003_21bfd8ae,centered-gaussian,5,5,0.4,2422.2,1927,87.4,5595.6,2907.7707,17238.2,15019,1550.4,37540.8,0.4,420.64,25.4,895,87841,35123,3276.4,229963.8,279.6,0,5,0.5382,33577.2,135015.429,18423.9137,-1366.4853,2422.2
centered_candidate_000356_eede5308,centered-gaussian,5,5,0.4,2420.6,332,87,6516.6,3579.9405,16713,3664,1722.4,42368.8,0.4,371.64,23.2,869.4,131950.6,7971,3326.6,377482.6,221.8,0,4.2,0.4993,28485.8,233528.5313,22005.616,-1702.9702,2420.6
centered_candidate_000024_2c64ac24,centered-gaussian,5,5,0.4,2419.6,356,77.2,6244.4,3107.6297,16857.4,3814,1479,41377.4,0.4,381.32,23.6,878.8,109154.6,8080,2810.4,301575.2,238.6,0,3.6,0.5297,25603,170644.1437,19770.0449,-1476.6148,2419.6
centered_candidate_000461_3253f377,centered-gaussian,5,5,0.4,2379,85,65.8,6253.2,3113.9575,16449.8,1731,1350.2,41322.6,0.4,361.08,22.6,861.8,159068,3407,2408.6,454955,252.8,0,4.4,0.5737,30953.8,272721.2746,19863.5402,-1491.1788,2379
centered_candidate_000459_4f4bd6b1,centered-gaussian,5,5,0.4,2372.8,1653,233.4,5464.2,2874.7728,17094,13583,2859,36601.8,0.4,421.4,25.8,886.6,114706,32501,5907.6,309775.6,283.4,0,4.6,0.5935,31930,189610.3794,18015.6029,-1203.9864,2372.8
centered_candidate_000334_90cdf911,centered-gaussian,5,5,0.4,2370.8,364,81.6,6139.6,3088.0971,16575.4,3972,1569.4,40704.4,0.4,384.2,23.6,861.4,76137.2,8752,3193.4,202484.4,243.4,0,4.6,0.5018,31332.6,107289.0135,19615.8363,-1462.4486,2370.8
centered_candidate_000417_282bb7dc,centered-gaussian,5,5,0.4,2357.8,102,45.6,6489.6,3561.2869,16092.8,1820,1093.8,42261.2,0.4,350.24,21.4,843,179809.4,3281,2273.8,524764.8,232.6,0,4.2,0.4836,28621.4,331426.44,22148.1188,-1735.0434,2357.8
centered_candidate_000386_974d8cd1,centered-gaussian,5,5,0.4,2349.8,93,64.2,6191.6,3098.9859,16347.6,1832,1319,41147,0.4,359.68,22.2,857.2,147059.8,3805,2257.8,419385.8,224.8,0,3.4,0.5502,24781.8,250006.5476,19862.9353,-1485.2929,2349.8
centered_candidate_000454_d93fa85b,centered-gaussian,5,5,0.4,2338.4,219,61,6177.8,3159.3856,16264.8,2914,1275,40793.4,0.4,380.66,22.6,847.4,119065.6,6616,2803,332744.2,244.8,0,5,0.5227,33070.2,192077.2784,19944.796,-1518.6928,2338.4
centered_candidate_000190_a39690fa,centered-gaussian,5,5,0.4,2329.2,1686,82.8,5488.2,2870.107,16671.2,13486,1584.8,36872.8,0.4,406.48,24.4,868.6,116789.2,33815,3366.6,318228.4,277.2,0,4.8,0.487,33222.4,194460.4986,18157.51,-1352.2535,2329.2
centered_candidate_000208_ffb4ad69,centered-gaussian,5,5,0.4,2328,88,56.6,6195.4,3155.3096,16149.2,1713,1210.6,41075.2,0.4,354.92,21.8,846.4,115375.2,3543,2347,325312.6,218.4,0,4.2,0.5398,27958,189501.6069,20149.8634,-1521.0548,2328
centered_candidate_000460_60fd65b1,centered-gaussian,5,5,0.4,2326.6,1821,59.4,5416.8,2811.9392,16718.4,14570,1322.8,36617.4,0.4,399.28,24.4,873.4,118958,35123,2550.6,324848.2,270.8,0,5,0.4662,32953.4,198810.2595,17967.1276,-1346.5696,2326.6
centered_candidate_000350_407bc40f,centered-gaussian,5,5,0.4,2324.8,388,75,6039.4,3063.8713,16203.8,3963,1540.8,39936,0.4,377.9,23.4,840.6,112210.4,8901,2869,312038.6,262.8,0,5,0.459,33310.6,179917.8917,19388.374,-1456.9357,2324.8
centered_candidate_000348_3087750c,centered-gaussian,5,5,0.4,2323.8,1688,73.6,5508.4,2927.4117,16665.2,13491,1492.2,37087.6,0.4,397.1,24.2,869,79798.8,34980,2778.4,207162.6,249.8,0,5.2,0.5448,34089,120791.0063,18522.0055,-1390.1059,2323.8
centered_candidate_000137_29fa824f,centered-gaussian,5,5,0.4,2316.2,99,69.6,6434.6,3651.5867,15891.6,1815,1476,41755.4,0.4,342.84,21.6,831.2,102196.8,3165,2463.2,293905,232.2,0,3.8,0.6126,27249.6,181365.8187,22395.812,-1756.1933,2316.2
centered_candidate_000106_a5c0f316,centered-gaussian,5,5,0.4,2314,604,75.6,5860.2,2910.1274,16413.2,5531,1539.8,39466.4,0.4,379,23.8,856.6,104952.8,12877,2757.4,288368,265,0,5,0.4988,33191.6,164480.1217,18769.4786,-1379.4637,2314
centered_candidate_000032_e7136341,centered-gaussian,5,5,0.4,2307.4,285,65.8,6328.2,3604.6846,15904.8,3197,1410.8,41215.6,0.4,368.48,21.8,827.4,146772,7773,2859.6,425368.8,229.2,0,4.6,0.5035,30742,270005.1228,22176.8044,-1736.5423,2307.4
centered_candidate_000127_ab76e976,centered-gaussian,5,5,0.4,2306.4,1468,109.8,5524.6,2926.7459,16593.2,12420,1900.4,36946.8,0.4,404.8,24.4,862.2,122766.4,27626,3935.4,339293.4,247.2,0,4.8,0.5232,31516,209565.8432,18416.3915,-1353.5729,2306.4
centered_candidate_000171_f6485caf,centered-gaussian,5,5,0.4,2306.4,87,68,6383.4,3579.3274,15882.2,1741,1447.8,41607.6,0.4,352.62,21.4,833.4,103029.4,3551,2734.6,295019.8,251.8,0,3.6,0.623,27617.4,180636.113,22097.0914,-1721.6637,2306.4
centered_candidate_000120_aeade073,centered-gaussian,5,5,0.4,2296.2,205,85.4,6027,3056.6659,16199,2901,1649,40204,0.4,368.5,22.8,847.8,106742.4,5562,3381.8,297110.2,245,0,4.4,0.5016,29405,170576.3262,19496.6747,-1442.9329,2296.2
centered_candidate_000462_22f2b429,centered-gaussian,5,5,0.4,2293.6,112,86.2,6407,3733.2528,15657.4,1971,1715.6,41150,0.4,340.08,21.4,816,135839.4,3580,2864.8,396023.8,228.4,0,3.6,0.5178,26162.6,252625.6491,22637.4012,-1780.4264,2293.6
centered_candidate_000513_bee5d31a,centered-gaussian,5,5,0.4,2289.6,189,58.6,6072.6,3114.856,15961,2608,1314.8,40219.8,0.4,361.08,22.2,833.8,109954.6,4883,2695.8,306359,240,0,4,0.5995,27816.4,174498.6236,19745.1982,-1498.828,2289.6
centered_candidate_000003_3fb9202c,centered-gaussian,5,5,0.4,2282.6,311,122.6,5923.6,3030.6716,16131.8,3745,1703,39621.8,0.4,386.22,23.2,839.6,84969.2,7608,3506.4,232302.8,259.8,0,5.4,0.4826,34784,131201.9963,19309.1065,-1392.7358,2282.6
centered_candidate_000230_4c65b110,centered-gaussian,5,5,0.4,2281.4,553,51.8,5949.6,3119.2816,15989.2,5319,1235.6,39425.4,0.4,373.66,23,831,94403.2,10334,2502.6,263318.2,256,0,4.2,0.6904,30372.8,155625.9882,19592.4783,-1507.8408,2281.4
centered_candidate_000466_0734e85c,centered-gaussian,5,5,0.4,2272,78,47,6125.8,3193.4062,15757.6,1581,1114,40535.4,0.4,352.96,21.4,824.6,87606.8,2829,2253,243697.2,225.6,0,4.2,0.5402,28586,137616.9592,20221.5299,-1549.7031,2272
centered_candidate_000026_498372bd,centered-gaussian,5,5,0.4,2271.8,2740,85.2,4300.6,1879.1911,16368.6,20385,1642.6,29468.8,0.4,350.96,25.6,854.8,71707.2,62074,3344.8,151483.2,312.4,0,4.8,0.544,34210,66834.4403,12465.4259,-854.3956,2271.8
centered_candidate_000372_2a16eb42,centered-gaussian,5,5,0.4,2267,88,64.4,6076,3146.0779,15809.6,1661,1349,40407.8,0.4,356.48,21.4,828.6,104328.2,3573,2405.6,292775.2,221.8,0,4.4,0.5171,29116.6,168915.5609,20077.3578,-1508.639,2267
centered_candidate_000460_32fe6e21,centered-gaussian,5,5,0.4,2266,409,75,5901.6,3032.1179,15873.2,4094,1470.8,39170.4,0.4,379.94,23,822.2,110933.4,9893,2714,310949.8,256,0,4.4,0.5024,30309.6,184165.3649,19173.9658,-1441.0589,2266
centered_candidate_000153_12a46f03,centered-gaussian,5,5,0.4,2261.4,90,83.8,6019.2,3089.6333,15769,1737,1613.2,39846.4,0.4,364.6,22,822.2,115045.4,3531,3123.6,324378.6,240.4,0,4.2,0.4916,28766,190044.2448,19578.7129,-1461.0166,2261.4
centered_candidate_000094_7a8d3ea2,centered-gaussian,5,5,0.4,2258.4,82,68.4,6019.2,3081.6591,15804.8,1593,1382.2,40200.2,0.4,354.72,21.8,828,192901.4,3174,2360.6,558517.6,234.4,0,3.6,0.59,26295.6,344579.2081,19781.4194,-1472.4296,2258.4
centered_candidate_000089_59cf86b2,centered-gaussian,5,5,0.4,2251.4,203,78.4,5953.6,3067.9563,15792.6,2666,1521.8,39575.4,0.4,375.92,22.4,819.6,125297.6,7132,2549.2,355251.6,229.4,0,4.2,0.5006,28424.4,212933.0068,19475.9673,-1455.5781,2251.4
centered_candidate_000465_97b45c46,centered-gaussian,5,5,0.4,2248.6,249,114.2,5876.4,3001.0888,15891.4,3119,1952.2,39126.6,0.4,384.98,23,825,139874,7327,3806.4,397750.8,255.6,0,4.4,0.4728,30020.6,241278.933,19007.4066,-1386.3444,2248.6
centered_candidate_000474_f438ce87,centered-gaussian,5,5,0.4,2245,1573,53.6,5404,2934.0205,16014.4,12666,1145,36276.6,0.4,383.2,23.4,834,89936.6,29795,1813,243017.8,263.6,0,4.8,0.5846,32084.6,147354.2203,18540.6968,-1413.4103,2245
centered_candidate_000402_0972370d,centered-gaussian,5,5,0.4,2227.8,918,160.8,5592.4,3032.1149,15977,8057,2523.6,37192,0.4,394.08,24,825,101142.8,16663,5183,280040.2,244.2,0,4.4,0.5142,29775.4,171495.4273,18794.5544,-1355.2575,2227.8
centered_candidate_000183_da06e3c2,centered-gaussian,5,5,0.4,2222.2,1351,89.2,5427.2,2948.759,16051.8,11893,1667.2,36337.4,0.4,392.84,23.6,833.6,131529.8,26684,3194.6,368318.2,230,0,4,0.4925,27843.6,230981.9366,18539.2577,-1385.1795,2222.2
centered_candidate_000498_0bb62a96,centered-gaussian,5,5,0.4,2207.4,115,62.8,5883.2,3026.1655,15438.8,1907,1382.8,39107.4,0.4,356.26,21.6,806,199880.8,3782,2500.2,579955.2,244.2,0,4.6,0.5289,31042.8,360584.7556,19275.3763,-1450.2827,2207.4
centered_candidate_000229_4636fad5,centered-gaussian,5,5,0.4,2200,343,147.6,5725.4,3003.241,15698.8,3595,2213.4,38423.6,0.4,385.14,23,812.6,128587.6,7540,4535.4,364466.6,231.2,0,3.6,0.5334,26079.2,222178.2654,19061.6219,-1354.0205,2200
centered_candidate_000094_e8dfee68,centered-gaussian,5,5,0.4,2199.6,107,59,5935.2,3127.6048,15348.2,1949,1214.4,39419.4,0.4,351.2,21.2,801.8,79515.2,3436,2281.4,221742,231.2,0,3.8,0.571,27287.4,126995.1074,19868.6494,-1504.8024,2199.6
centered_candidate_000236_39e2e2f1,centered-gaussian,5,5,0.4,2199.4,615,259.8,5529.6,2990.3602,15846.8,5844,3101.8,37136,0.4,392.76,24,818,83808,12670,6189,228063.2,245,0,4.6,0.5242,31377.4,136094.4166,18764.8448,-1235.3801,2199.4
centered_candidate_000183_8d8758ba,centered-gaussian,5,5,0.4,2191.8,299,87.6,5787.2,3036.2503,15567.4,3486,1581.6,38772.4,0.4,369.92,22.2,813,125971.6,6710,3220.2,358932.8,252.4,0,4.8,0.5132,31989.2,218730.082,19276.1117,-1430.5251,2191.8
centered_candidate_000070_43d2cb13,centered-gaussian,5,5,0.4,2186,356,66.8,5775,3045.9888,15580,4240,1398.2,38660.2,0.4,374.18,22.2,810,152983.4,8125,2858,440676,211.8,0,4,0.5445,26812.4,275008.354,19297.7598,-1456.1944,2186
centered_candidate_000263_6000e8f3,centered-gaussian,5,5,0.4,2184.6,996,53.6,5545.6,3019.7732,15482.8,8181,1235.4,37210,0.4,375.1,22.8,798,106157.2,19558,2173.8,296811.2,215.2,0,3.8,0.4838,26212,182612.7869,19149.0068,-1456.2866,2184.6
centered_candidate_000496_bf3c59d0,centered-gaussian,5,5,0.4,2171.6,73,59,5827.6,3018.1592,15216.8,1454,1321.4,38897,0.4,352.24,21.2,795.2,153686.2,2745,2433.6,443037,241.2,0,4.6,0.6046,31193.2,271165.0569,19290.7194,-1450.0796,2171.6
centered_candidate_000299_c3a9e45a,centered-gaussian,5,5,0.4,2167,662,96,5620.4,3066.7652,15444.8,6436,1719.4,37397.2,0.4,381.92,22.8,796.2,105321.4,13728,3371.6,296205.4,218.4,0,3.4,0.4693,24303.6,182619.3197,19177.411,-1437.3826,2167
centered_candidate_000234_217841e3,centered-gaussian,5,5,0.4,2152.6,211,103.6,5760,3098.3639,15468.4,2844,1934.8,38766.6,0.4,387.2,22,806,75051,7135,4008.4,206042.8,230.8,0,3.8,0.4472,26143.2,119147.3477,19638.0519,-1445.582,2152.6
centered_candidate_000174_b589df8e,centered-gaussian,5,5,0.4,2151.4,242,146.6,5676.2,3022.9069,15301.8,3078,2231,37813.6,0.4,388.7,22.4,791.4,89522.6,6783,4670.2,249135.8,253,0,4.4,0.537,29937.2,148148.9603,19006.6387,-1364.8534,2151.4
centered_candidate_000113_00357896,centered-gaussian,5,5,0.4,2139.6,407,53.4,5694,3075.686,15064.6,3996,1244,37967,0.4,367.5,21.6,779.8,97741.8,9216,2156.4,276218,228.2,0,4,0.5409,28119,167264.2291,19432.7359,-1484.443,2139.6
centered_candidate_000479_a667dd04,centered-gaussian,5,5,0.4,2131.8,95,64.6,5758.4,3049.6977,14984.2,1574,1329.2,38528.8,0.4,347.04,21,781,120996.4,2973,2311.2,347506.2,220.6,0,4.6,0.5334,30173.8,212021.942,19470.1763,-1460.2488,2131.8
centered_candidate_000179_5a5e703c,centered-gaussian,5,5,0.4,2107.6,148,74.4,5730.4,3128.019,15037.6,2303,1532.6,38543.6,0.4,361.32,21.2,783,94967.4,4635,3284.6,269629.6,203.8,0,4.2,0.5388,28350.2,163715.9105,19908.7669,-1489.6095,2107.6
centered_candidate_000300_fc3eb389,centered-gaussian,5,5,0.4,2107.6,305,111.4,5583.4,2997.6444,15044.8,3502,1913.6,37372.6,0.4,373.26,22.2,778.4,77778.4,7512,3744.6,216181.8,242.2,0,4,0.5752,28517.8,128558.2903,18915.186,-1387.4222,2107.6
centered_candidate_000055_07f1dbe8,centered-gaussian,5,5,0.4,2104.8,154,110,5675,3087.8327,14944.2,2350,1849.8,37827.2,0.4,369.04,21.4,773,129704.6,4901,3822.6,372473.2,205.2,0,3.8,0.5058,25569.6,231197.7998,19380.9024,-1433.9164,2104.8
centered_candidate_000193_b3609e44,centered-gaussian,5,5,0.4,2093.2,291,178,5499,2978.6037,15086,3419,2375.6,37179,0.4,387.34,22.6,777.2,111462.8,7727,5066,315354.6,229.8,0,4.4,0.5343,30003.4,194224.3161,18977.8272,-1311.3018,2093.2
search_candidate_000139_643eae4a,random-phased,5,5,0.4,2090.4,125,51.2,5697.6,3087.4145,14743,2112,1128.6,38185.2,0.4,348.1,20.4,769.8,56978,3981,1796.6,158961.4,217,0,3.4,0.693,26288.4,92680.8026,19738.5064,-1492.5072,2090.4
centered_candidate_000271_a7a74ba7,centered-gaussian,5,5,0.4,2082.2,191,70.4,5617.6,3033.9802,14901.4,2672,1405.2,37968.4,0.4,360.22,21.2,777.6,73327.2,5403,2497.2,204975.4,229.6,0,3.8,0.6628,27443.8,120809.0794,19453.8113,-1446.5901,2082.2
centered_candidate_000123_a1b072b7,centered-gaussian,5,5,0.4,2076.8,297,67.8,5555,2995.7512,14855.4,3392,1393,37530.4,0.4,367.52,21.2,775.2,116831.2,7600,2983.4,333517.2,249.6,0,5,0.4978,32678.4,205445.2236,19171.5485,-1430.0756,2076.8
centered_candidate_000467_0311abe7,centered-gaussian,5,5,0.4,2072,283,75.6,5572.2,3051.183,14688.8,3253,1512.6,37176.6,0.4,369.44,21.2,759.2,142290.2,7001,3124.8,411519.2,225.4,0,3.8,0.5241,26246.4,259845.8934,19193.7348,-1449.9915,2072
centered_candidate_000274_f67736a5,centered-gaussian,5,5,0.4,2067.8,287,75.2,5568.6,3063.239,14703.8,3316,1485.8,37263.6,0.4,367.44,21.2,763,210110.2,7677,2895.6,614881.8,242.4,0,4.8,0.5417,32166.4,395441.4596,19328.0734,-1456.4195,2067.8
centered_candidate_000246_2966e7ed,centered-gaussian,5,5,0.4,2066.2,195,81.8,5537.2,2959.6367,14801.4,2740,1572.8,37313.8,0.4,374.06,21.2,770.4,111154.8,6707,2858.6,316727.8,243.8,0,5.2,0.4821,32233.4,193878.8894,18852.2018,-1398.0183,2066.2
centered_candidate_000404_d33eda67,centered-gaussian,5,5,0.4,2055.8,88,78.6,5630.8,3101.2073,14488.2,1682,1511.6,37505.2,0.4,349.42,20.4,753,100724,3541,2828.8,288520.8,220,0,3.6,0.5207,25881.6,177241.7104,19577.8753,-1472.0037,2055.8
centered_candidate_000274_5b6dac86,centered-gaussian,5,5,0.4,2052.6,188,104.8,5536.4,3038.3212,14807,2666,1913.2,37386,0.4,380.16,21.4,769.4,69765.2,6302,3861,192461.8,237,0,4.2,0.4232,28999.6,112705.8443,19340.8097,-1414.3606,2052.6
centered_candidate_000059_70a62299,centered-gaussian,5,5,0.4,2049,523,61.6,5463.8,3085.1783,14670.8,5227,1400.6,36639.6,0.4,358.82,21.2,760.6,89694,9898,2844.2,253700.8,207.8,0,4,0.5705,27483.4,157022.9328,19451.6304,-1480.9892,2049
centered_candidate_000112_063184aa,centered-gaussian,5,5,0.4,2045.2,94,70.2,5569.6,3020.2087,14561.4,1808,1414,37519,0.4,352.54,20.4,760.2,80948.2,3697,2758.8,227954.2,223.2,0,4.2,0.5584,28431.8,135051.2074,19345.8053,-1439.9043,2045.2
centered_candidate_000350_0ddede26,centered-gaussian,5,5,0.4,2021,264,59.4,5475.6,3031.4706,14388.2,3162,1359,36656.2,0.4,366.48,21,742,187233.2,6745,2624.2,546662.2,220.8,0,4,0.4553,27747,349230.4321,19122.5581,-1456.3353,2021
centered_candidate_000381_e9561568,centered-gaussian,5,5,0.4,2012.6,159,69.2,5518.8,3094.6064,14205.2,2312,1380,36711.6,0.4,354.34,20.2,735.8,123049,4855,2688.4,355850.2,224,0,4.6,0.4726,30533,223729.3307,19419.282,-1478.1032,2012.6
centered_candidate_000409_d50a003a,centered-gaussian,5,5,0.4,2008.8,185,85,5411.8,2930.5259,14551.6,2495,1761.2,36748,0.4,367.38,21,760,118277.8,5607,3175.6,338695.8,251,0,5,0.5221,32454.2,208928.7589,18727.9546,-1380.2629,2008.8
centered_candidate_000301_dc64aab5,centered-gaussian,5,5,0.4,1995.6,119,49.6,5499.2,3065.6741,14138.6,1957,1143.6,36914.8,0.4,343.86,19.8,734.4,124836.2,3864,2031.2,362751.4,198.8,0,3.6,0.5625,24893.8,228614.4202,19502.8247,-1483.2371,1995.6
centered_candidate_000316_a85b2668,centered-gaussian,5,5,0.4,1960,113,66.4,5395.8,3025.6437,14131.2,2074,1445.4,36550,0.4,354.68,19.8,738.6,146028.8,4427,2935.4,424944.8,220.6,0,3.8,0.5699,26118.4,269972.9727,19346.8132,-1446.4219,1960
centered_candidate_000118_4209dc5f,centered-gaussian,5,5,0.4,1954,117,42.4,5344.6,2916.3642,13961.8,1830,1009,36328.6,0.4,343.12,19.6,731,74464.8,3564,1903.6,209865.8,244.4,0,4.2,0.6326,29786.4,123998.0392,18869.0235,-1415.7821,1954
centered_candidate_000266_5b3ef73f,centered-gaussian,5,5,0.4,1943.8,111,97.8,5313,2963.0205,13940.6,1847,1734.4,35842.8,0.4,345.44,20.2,724.6,126400,3728,3166.4,366103.8,231.8,0,4,0.5811,27658.4,230538.4851,18869.1932,-1383.7103,1943.8
centered_candidate_000396_566b073f,centered-gaussian,5,5,0.4,1858.6,1693,214,3609,1494.8598,14042,13852,2597.2,25619.4,0.4,351.84,24,722.6,46761.2,34271,5491.2,95570,300.8,0,5.6,0.4871,37057.2,40151.5491,10122.1006,-533.4299,1858.6
centered_candidate_000317_0a9a2e5d,centered-gaussian,5,5,0.4,1849.8,1815,111.2,3760.2,1637.7191,13902.4,14488,1963.8,26448,0.4,341.46,23.2,719,50526.8,36269,4241.4,112329.6,296,0,5.4,0.4731,36472,52384.9707,10928.1116,-707.6595,1849.8
centered_candidate_000026_27b7a648,centered-gaussian,5,5,0.4,1778.8,1648,426,3135.4,1198.3955,13788.8,13738,4085.2,22946,0.4,354.28,24.4,708.6,41556.4,35080,9426,75640,304.2,0,5.2,0.524,36741.8,29380.3549,8371.4485,-173.1977,1778.8
centered_candidate_000060_68ad6ad2,centered-gaussian,5,5,0.4,1766,2787,99.8,2926.8,1358.6035,13493.8,20959,1795.2,21503.6,0.4,332.58,23,697.8,41326,63163,3483,68689.2,290.8,0,5.2,0.5047,35928.2,30937.8901,9525.3597,-579.5018,1766
centered_candidate_000368_76d9267f,centered-gaussian,5,5,0.4,1598.8,93,64,3904.2,1867.3424,11821.6,1772,1308.8,27456.4,0.4,285.72,19,612.8,49013.6,3287,2698.8,120829.8,263.8,0,4.8,0.5027,32102.6,57070.6401,12668.451,-869.6712,1598.8
centered_candidate_000004_531a367d,centered-gaussian,5,5,0.4,1514.8,55,39,3854.6,1850.1741,11061.2,1160,888,26870.4,0.4,257.76,17.8,572.4,43417.4,1723,1301.8,112136.4,256.8,0,4.2,0.7266,30541.8,54549.5344,12533.392,-886.087,1514.8
centered_candidate_000492_b3869422,centered-gaussian,5,5,0.4,1512.4,1803,180,2734.4,1132.5011,11959.2,14227,2408,20513.4,0.4,334.26,21.8,609.6,34435.8,39562,4627.2,62875.2,288.2,0,4.6,0.5737,32462.6,25812.0877,8030.3114,-386.2505,1512.4
centered_candidate_000406_6142193c,centered-gaussian,5,5,0.4,1501.4,236,74.2,3678.2,1722.7913,11346.8,3188,1453.4,25933.2,0.4,290.88,19,584,40933.4,6630,2644,100900,258.4,0,5,0.4795,33052.8,47510.7442,11582.6998,-787.1956,1501.4
centered_candidate_000298_f7fbf1a2,centered-gaussian,5,5,0.4,1478.8,1992,70.6,2669.2,1178.8441,11632.4,16090,1398.4,19938.4,0.4,318.02,20.8,594.8,31945.8,36874,2703,60353,273,0,4.4,0.5861,32250,25692.419,8498.4034,-518.822,1478.8
centered_candidate_000373_8ae38a85,centered-gaussian,5,5,0.4,1451.8,1938,182.6,2552,1079.9091,11765.6,15582,2598.2,19421.8,0.4,356.34,21.6,598.2,33285.2,43654,6195.2,57372.2,282.6,0,5.2,0.5112,35235.6,23559.6092,7673.4007,-357.3546,1451.8
centered_candidate_000169_172d6529,centered-gaussian,5,5,0.4,1397,338,170,3171.6,1427.415,10964.2,3681,2336.4,23264,0.4,315.9,19.8,556.6,34120.4,8009,4940.4,77262,271.2,0,4.8,0.5054,31976.8,34465.8908,9941.4969,-543.7075,1397
centered_candidate_000437_5d556574,centered-gaussian,5,5,0.4,1378,1878,56.8,2544.4,1139.4116,11049.4,14936,1248.4,19417.8,0.4,305.46,19.8,567.4,31587.6,40307,2154.4,59256,267,0,4.6,0.5022,32519.4,26144.4006,8280.548,-512.9058,1378
centered_candidate_000473_1f79efd6,centered-gaussian,5,5,0.4,1353.6,458,120.4,3079.6,1384.3313,10668.4,4554,2065.4,22546.8,0.4,294.34,19.4,542.6,35137.2,10155,3817.6,80006.8,259.2,0,5,0.4856,34131.8,35973.5547,9576.6553,-571.7656,1353.6
centered_candidate_000434_499e0f6b,centered-gaussian,5,5,0.4,1324.6,253,77.6,3145.8,1461.8843,10384.2,3210,1595.6,22950,0.4,282.82,18.2,532.6,33014.2,6582,2999.6,76423.4,255.6,0,3.2,0.6592,25520,35322.2618,10139.1511,-653.3422,1324.6
centered_candidate_000466_8a74ae5b,centered-gaussian,5,5,0.4,1293,500,100.6,2880.6,1303.8992,10335,4717,1829.6,21638.6,0.4,295.7,19,525.4,32674.8,10484,3689.8,73356,263,0,4,0.5187,28298,32855.74,9279.3841,-551.3496,1293
centered_candidate_000164_9c3eb870,centered-gaussian,5,5,0.4,1268.2,85,57.6,3093.4,1470.8446,9869,1624,1211,22772.4,0.4,271.84,17,505.6,29602,3250,2398.8,70044.4,241.2,0,5.6,0.5068,35673,32874.6591,10405.1585,-677.8223,1268.2
centered_candidate_000390_be49e9d6,centered-gaussian,5,5,0.4,1263,119,68.2,3055.8,1444.2264,9927.8,2209,1398.2,22485.8,0.4,272.8,17.4,508.6,29937,4115,2740.4,71082.8,245.6,0,4.2,0.5043,29626.8,32892.9666,10126.0568,-653.9132,1263
centered_candidate_000292_2a44a677,centered-gaussian,5,5,0.4,1183.2,125,71.2,3004.6,1456.983,9334.2,2039,1447.8,21864.4,0.4,263.34,16.6,477.8,30345.2,3718,2713.8,77368.4,260.2,0,3.4,0.757,27177.8,38611.515,9940.8002,-657.2915,1183.2
centered_candidate_000081_51a0081e,centered-gaussian,5,5,0.4,1173.2,1660,55.6,2120,951.4449,9677.6,13462,1231.8,16659,0.4,292.28,18.4,489.4,25333.2,33700,2046.2,46292.2,252.8,0,4,0.6702,29334,20284.9965,7096.6362,-420.1224,1173.2
centered_candidate_000489_3b5406f6,centered-gaussian,5,5,0.4,1152,299,92,2799.6,1320.1395,9305.2,3321,1750.6,20867.6,0.4,287.22,17.2,470.4,26166.8,7104,3425.4,62285.4,253.4,0,5,0.4828,33186.6,29102.5429,9222.3363,-568.0698,1152
centered_candidate_000220_a99574f2,centered-gaussian,5,5,0.4,1101.8,255,100.6,2548.6,1165.4735,9061,3369,1746.6,19343.6,0.4,281.58,17.2,457,25233.8,7693,3337.2,56662.6,250.8,0,4,0.5076,28647.6,25159.0439,8306.4099,-482.1368,1101.8
centered_candidate_000385_288db3a8,centered-gaussian,5,5,0.4,1100.2,572,169.4,2438,1098.3612,9086,5117,2409,18591.2,0.4,295.14,18,452,25399.8,10891,4832.6,57557.6,257,0,5,0.4313,32985.8,26986.9245,7712.8649,-379.7806,1100.2
centered_candidate_000306_4564fc2c,centered-gaussian,5,5,0.4,1075.2,80,75.4,2610.4,1228.1523,8837.2,1677,1465.2,20041.6,0.4,264.92,16,451.2,23860.6,3539,2896,55813.8,232.8,0,4.6,0.5186,31105.2,25532.8467,8974.6191,-538.6762,1075.2
centered_candidate_000440_50d62dc2,centered-gaussian,5,5,0.4,1063.8,90,62.6,2629.2,1238.9001,8676.4,1684,1320,19952,0.4,261.08,15.8,441.4,24852,3434,2763.6,59632.2,234.6,0,4,0.5183,28079.4,27500.8853,8948.5713,-556.85,1063.8
centered_candidate_000338_bdba8665,centered-gaussian,5,5,0.4,1057.4,107,59.4,2623.8,1238.5329,8659.8,1921,1221.8,20007,0.4,261.16,15.8,440.6,25566,3700,2479.4,62762.4,232.6,0,4.2,0.5235,29246.2,29585.5155,8982.5838,-559.8665,1057.4
centered_candidate_000512_1fd4e228,centered-gaussian,5,5,0.4,1038,106,70.8,2525.8,1182.0604,8559,1868,1403.2,19376.6,0.4,262.54,15.8,435,23420.2,3342,2791,55709.8,238.6,0,5,0.5261,33127,25557.1022,8621.4981,-520.2302,1038
centered_candidate_000440_3e39f213,centered-gaussian,5,5,0.4,985.2,232,62.4,2407,1131.2336,8216.6,3014,1231.6,18582.4,0.4,269.98,15.6,413,22111,6337,2457.2,52925.6,235.8,0,4.4,0.4641,29526.4,24799.9586,8232.9611,-503.2168,985.2
centered_candidate_000095_82f28486,centered-gaussian,5,5,0.4,970.8,158,58.6,2390.6,1124.7246,8113.2,2356,1250.2,18419.6,0.4,256.84,15.2,410.2,22613.6,4627,2326,54658.6,226,0,3.8,0.6151,27443.2,25584.099,8162.0679,-503.7623,970.8
centered_candidate_000480_ecde2216,centered-gaussian,5,5,0.4,947.2,244,82.6,2258,1038.9509,8084.8,3115,1626.8,17577.8,0.4,275.38,15.6,405.4,21434.4,6785,3074.6,50270.4,231.2,0,5.2,0.4429,33946.8,23277.2322,7524.4637,-436.8754,947.2
centered_candidate_000137_679a72d8,centered-gaussian,5,5,0.4,922.4,86,55,2331.4,1120.6351,7740.4,1648,1261,18020,0.4,247.06,14.6,390.6,20457,2794,2205.4,50809.8,221.2,0,3.6,0.5354,26712.4,24427.052,8144.0027,-505.3176,922.4
centered_candidate_000252_77ff57e0,centered-gaussian,5,5,0.4,872.4,295,91.8,1987.6,887.6636,7680.8,3501,1776.4,15965,0.4,280.96,15.4,381.4,18711,8541,3674.2,40302.2,229.8,0,4.8,0.4721,31770,17168.5788,6614.4615,-352.0318,872.4
centered_candidate_000442_3ea1eb7e,centered-gaussian,5,5,0.4,843.8,221,66.8,1938,887.6014,7461.4,3095,1408,15711.2,0.4,272.44,15,370.8,18470.2,7618,2505.8,39859,228.4,0,3.4,0.6399,25698.8,17483.705,6723.1125,-377.0007,843.8
centered_candidate_000133_2ef8b947,centered-gaussian,5,5,0.4,819.6,84,50,2023,951.7556,7052.8,1606,1097,16131,0.4,247.94,13.8,351.6,17810.4,3413,2152.8,42374.2,220.4,0,3.4,0.5904,25266.8,19441.5717,7193.4129,-425.8778,819.6
centered_candidate_000294_1a942819,centered-gaussian,5,5,0.4,805.4,276,87,1793.6,805.433,7174.4,3025,1674.8,14791.2,0.4,270.44,14.8,353.2,18487.6,7787,3220,39324.2,225.6,0,4.4,0.4743,29901,16915.4527,6201.1062,-315.7165,805.4
centered_candidate_000114_b3000126,centered-gaussian,5,5,0.4,788.4,261,75,1774.4,800.1081,7030,3082,1591.4,14517.8,0.4,266.66,14.6,345.8,17269.2,7083,2998,36939,230.6,0,4.4,0.528,29938.6,15862.5449,6071.2589,-325.0541,788.4
centered_candidate_000122_f1abcf14,centered-gaussian,5,5,0.4,787.2,157,75.8,1853.6,847.8579,7059.4,2396,1588.6,15136.4,0.4,268.64,14.4,348.8,18397.6,5773,3426.6,40666.2,223.4,0,4,0.5005,27909.4,17673.723,6434.807,-348.1289,787.2
centered_candidate_000477_c2a89b84,centered-gaussian,5,5,0.2,3685.8,2801,1115.6,6807.2,2703.1478,25163.4,20526,8903.6,44172.2,0.2,493.06,35.4,1327.6,163071.4,67047,25492.8,383209.2,326.2,0,6,0.4177,38462.4,195396.4359,16772.0657,-235.9739,3685.8
centered_candidate_000121_abfb044a,centered-gaussian,5,5,0.2,3157,2025,235.8,7210.8,3466.9062,21533,16032,2836.2,46180.8,0.2,443.72,30.2,1132.8,166819,43674,6383.4,448735.8,292,0,5.4,0.5722,35431,263854.0951,21084.2093,-1497.6531,3157
centered_candidate_000217_74cf5592,centered-gaussian,5,5,0.2,3107.4,161,82.8,7948,3829.9782,20413.6,2419,1531.4,50308.8,0.2,379.1,26.2,1081,123861,5042,3004.8,327863.8,254,0,4,0.5983,29638.2,165272.9537,23647.2672,-1832.1891,3107.4
centered_candidate_000477_f88fa862,centered-gaussian,5,5,0.2,3051.4,856,68.2,7278.8,3375.8506,20562.8,7428,1368.8,47196.2,0.4,476,27.4,1073.2,195734,17731,2701.8,504735.8,227.8,0,3.2,0.5822,23774.6,245656.948,21313.4553,-1619.7253,3051.4
centered_candidate_000229_5a303cbe,centered-gaussian,5,5,0.2,3050.4,410,70.8,7779.8,3769.8916,20146.2,4302,1323,49336.8,0.2,395.36,26.4,1063,150685.6,9605,2398,399547.2,266.4,0,3.8,0.6349,27331.8,202598.9334,23229.9046,-1814.1458,3050.4
centered_candidate_000450_aa76cdf5,centered-gaussian,5,5,0.2,3042.2,354,65.2,7745.8,3731.6817,20152,3790,1372,49450,0.2,392.86,26.4,1067,149226.2,8442,2897,410544.6,287.6,0,5.2,0.4853,34114.2,226374.884,23243.833,-1800.6408,3042.2
centered_candidate_000289_2cef89d7,centered-gaussian,5,5,0.2,3037,1832,720.2,6337.2,2903.8556,21255.2,14541,6237.6,41658,0.2,458.02,30.8,1118.4,123933.6,39662,14314.2,313187,296,0,5.4,0.5789,36091.6,177049.6534,18004.627,-731.7278,3037
centered_candidate_000177_8a7e096e,centered-gaussian,5,5,0.2,3017.8,1105,153.8,7051,3208.716,20567.6,9176,2307,45928,0.2,440.96,28.8,1078.8,134867,25351,4846.6,343838,279.2,0,3.8,0.6334,26827.2,169475.9454,20206.0536,-1450.558,3017.8
centered_candidate_000222_b54b4d90,centered-gaussian,5,5,0.2,3004,3060,284.2,6039.6,2690.1801,20882,21411,3161.6,40379.2,0.2,453.26,30.4,1097.8,125921.4,73537,6479.8,307260.4,323.4,0,6,0.5277,39084.2,167231.6384,17251.024,-1060.8901,3004
centered_candidate_000106_9782484d,centered-gaussian,5,5,0.2,2985,2221,63.8,6912.8,3434.7212,20134.2,16801,1359.6,44244.6,0.2,411.32,27.6,1063.2,207854,43814,2508.2,579371.6,308.4,0,5.2,0.4606,34911.8,355103.4265,21095.5318,-1653.5606,2985
centered_candidate_000109_d0a3782a,centered-gaussian,5,5,0.2,2963.6,2769,150.8,6246,2827.7211,20540.6,20495,2210,41135.6,0.2,445.72,29.4,1081.2,152297.2,61303,4433.8,391566,307.8,0,5.2,0.4716,34879,216013.7524,17942.5481,-1263.0606,2963.6
centered_candidate_000293_68d68857,centered-gaussian,5,5,0.2,2881.2,2732,43.8,6289.2,3015.1886,19664.8,19340,1055,41368.6,0.2,413.44,27.6,1032.4,118480.6,62382,1759.4,299305.8,265.4,0,3.8,0.5469,27354.2,165893.6285,19150.4804,-1463.7943,2881.2
centered_candidate_000503_50d40631,centered-gaussian,5,5,0.2,2875.8,403,89.6,7117,3357.4496,19381.6,4364,1574,46121.2,0.2,390.78,26.2,1020.6,142207,8923,3050,375741,240,0,4,0.6792,28408.4,189685.684,21172.1975,-1589.1248,2875.8
centered_candidate_000412_bd2bba31,centered-gaussian,5,5,0.2,2855.6,3009,71.4,6002.6,2827.0485,19783.4,21728,1561,39648.2,0.2,425.02,28.4,1042.2,158589.4,82138,2628.2,406230.6,308.8,0,4.2,0.6724,29539.8,233809.0374,17967.7982,-1342.1242,2855.6
centered_candidate_000485_c0734fea,centered-gaussian,5,5,0.2,2801.6,115,82,7398.6,3723.9951,18631.8,1971,1611.8,47013,0.2,374.52,24.4,985.4,202597.4,4152,3104.6,579207.2,265.6,0,4.4,0.5129,30280,346694.8921,22825.5042,-1779.9975,2801.6
centered_candidate_000125_fa31d148,centered-gaussian,5,5,0.2,2783.2,165,59.8,7399,3774.7797,18457.6,2337,1302.2,46977,0.2,366.66,24.2,975.2,231737.4,4907,2387.8,666788,258.2,0,4.6,0.5036,31479.4,404408.7307,23098.5076,-1827.5898,2783.2
centered_candidate_000232_17e0086f,centered-gaussian,5,5,0.2,2771.6,233,120,7220,3615.0398,18853.6,3127,2057.8,46620.6,0.2,398.86,25.2,993.8,172040.4,7933,4164.6,482656,224.2,0,4.4,0.4566,28785.2,280382.3302,22448.7078,-1687.5199,2771.6
centered_candidate_000296_76428d45,centered-gaussian,5,5,0.2,2765.8,1078,157.2,6845,3487.1496,18803.2,8796,2168,44012.6,0.2,427.12,27,978,143820.6,22874,4524.8,397877.8,275.8,0,5,0.4679,33042.8,237688.5022,21293.2788,-1586.3748,2765.8
centered_candidate_000235_196eb5d3,centered-gaussian,5,5,0.2,2759,289,172.4,7150.4,3615.3354,18737.4,3356,2613.6,45819.2,0.2,407.42,25.6,987.4,180349.8,7846,5370,512884.4,284,0,5.8,0.4539,37220.6,310643.9038,22102.7575,-1635.2677,2759
centered_candidate_000108_7a431f96,centered-gaussian,5,5,0.2,2758,1739,61.4,6312.2,2905.742,19143.6,13996,1402.2,41651.6,0.2,421.76,27.2,1008.8,159591.4,37208,3003.8,428593.8,295.4,0,6,0.4856,38820.2,240899.7647,18563.603,-1391.471,2758
centered_candidate_000331_3689bb7b,centered-gaussian,5,5,0.2,2731.2,900,81.4,6855,3422.6176,18504.8,7455,1574.2,44286.8,0.2,394.82,26,971.6,89179.4,16173,2808.6,239044,292.4,0,4.2,0.6543,30929.8,132054.3039,21297.938,-1629.9088,2731.2
centered_candidate_000297_181fc659,centered-gaussian,5,5,0.2,2726.8,85,58.6,7248,3666.3523,18242.6,1650,1263.4,46640.8,0.2,364.9,23.6,967.8,131213.4,3401,2530.2,366413.6,247.4,0,4.6,0.5376,31091,207162.7439,22884.0777,-1774.5762,2726.8
centered_candidate_000334_84b7e5c5,centered-gaussian,5,5,0.2,2722.4,1703,50.6,6279,2918.9295,18774.2,13289,1220.4,41329.4,0.2,415.66,26.6,985.4,166846.2,33927,2361,454989.4,272,0,5.2,0.5457,34698.6,261562.0449,18578.7614,-1408.8648,2722.4
centered_candidate_000036_6e7f4e6a,centered-gaussian,5,5,0.2,2708,303,96.6,6852,3285.5212,18396.6,3475,1821.2,44496.2,0.2,395.56,25.4,966.4,152059,8884,3744,407311.4,260.4,0,4.6,0.67,32059,211582.9496,20691.8283,-1546.1606,2708
centered_candidate_000079_32cec882,centered-gaussian,5,5,0.2,2684.6,2340,54.6,6015.8,2955.4427,18686.8,17454,1234.8,39899.8,0.2,413.8,26.4,983.4,120825.8,53444,2550.8,314833.2,260.4,0,5.2,0.558,33188,182887.995,18769.9148,-1423.1214,2684.6
centered_candidate_000393_59cd5b4e,centered-gaussian,5,5,0.2,2666.4,1789,66.4,6116,2872.5468,18477.2,14191,1337,40305.4,0.2,414.66,26.6,969.6,126345.2,37674,2567.8,336564.8,290,0,5.2,0.4361,34098.4,191870.4903,18318.0019,-1369.8734,2666.4
centered_candidate_000413_1d1fb104,centered-gaussian,5,5,0.2,2647,1636,103.6,6196.2,3011.1684,18492.4,13202,1794.8,40762,0.2,413.98,26.6,969.8,110551.8,31643,3530.4,292309.6,254,0,4.8,0.5143,31880,164249.5568,18863.0013,-1401.9842,2647
centered_candidate_000442_a51ae710,centered-gaussian,5,5,0.2,2621.8,1537,70.8,6434.6,3445.7534,18087.2,12429,1453.2,41783,0.2,401.16,25.4,952,111102.8,31511,3125.4,301732.2,275.8,0,5.2,0.4762,34832,181875.4464,21214.2167,-1652.0767,2621.8
centered_candidate_000416_fab91039,centered-gaussian,5,5,0.2,2604,1666,223.8,5955,2898.7986,18390.6,13155,2872.6,39488.2,0.2,434.64,27.4,958.8,136088.8,32031,6319,367890.6,266,0,4.6,0.5226,31425.8,218285.0799,18160.0406,-1225.5993,2604
centered_candidate_000379_8429b18a,centered-gaussian,5,5,0.2,2597.8,522,52.8,6803.4,3531.3337,17649.2,4891,1231,44023.4,0.2,379.8,24.4,927.2,151499,11675,2477.2,430359.4,256.4,0,4.6,0.6206,32156.2,260559.6142,21831.8614,-1712.8668,2597.8
centered_candidate_000383_8791d4ef,centered-gaussian,5,5,0.2,2587.8,1584,150.2,6042.4,2964.4261,18261.8,12774,2243,40052.6,0.2,431.1,26.6,956.8,88618.8,32853,5015,226232.6,270.6,0,4.6,0.5205,32127,123951.4524,18625.8989,-1332.0131,2587.8
centered_candidate_000314_2be516f2,centered-gaussian,5,5,0.2,2581.4,85,63.8,6686.6,3256.7627,17519,1681,1363.2,43704.8,0.2,371.06,23.4,926.8,97785,3269,2682.4,265671.6,255.2,0,3.8,0.4804,25930.2,141544.6873,20762.0791,-1564.5813,2581.4
centered_candidate_000366_5d0eb37c,centered-gaussian,5,5,0.2,2566.2,1595,473.4,5658.2,2851.7604,18077.6,12970,4447.2,37241.4,0.2,434.06,27.6,939.2,96044.2,29144,9279,249584,296.8,0,5,0.5761,34735.6,147292.6135,17720.3976,-952.4802,2566.2
centered_candidate_000403_21863494,centered-gaussian,5,5,0.2,2566,1303,184.6,6062,2949.2996,18109,10915,2456.2,40168.4,0.2,423.06,26.8,946.4,110506.4,29781,4806.4,292744.4,267.2,0,5,0.5855,34238.4,166303.0163,18506.5269,-1290.0498,2566
centered_candidate_000498_a5911f43,centered-gaussian,5,5,0.2,2556.6,94,81.8,6582,3190.4294,17432.8,1778,1545,43238.2,0.2,370,23.6,922.8,159471.4,3647,2839,439466,268,0,3.8,0.6895,27869.4,239518.5975,20463.2755,-1513.4147,2556.6
centered_candidate_000487_de0399b6,centered-gaussian,5,5,0.2,2556,362,56.4,6427.6,3064.8719,17648.4,4307,1297,42424.2,0.2,385.72,24.4,932.8,129528.4,8427,2542,341812,270.8,0,4.8,0.4926,32794.6,171999.8548,19630.0104,-1476.036,2556
centered_candidate_000478_1f9f80cb,centered-gaussian,5,5,0.2,2546.8,133,80.4,6672.8,3326.6846,17252.8,2133,1542.2,43274.6,0.2,369.9,23.8,902.2,99339,4159,2828,270695.8,213.8,0,4.2,0.4763,27557.6,146007.1138,20932.9459,-1582.9423,2546.8
centered_candidate_000147_fa6f9ac8,centered-gaussian,5,5,0.2,2543.6,123,66.4,6905,3693.5528,17097.8,2161,1424.6,44138.4,0.2,371.56,22.8,898,128876.2,4543,3055.2,367990.4,229,0,4.8,0.5137,31066.8,223154.8374,22603.6546,-1780.3764,2543.6
centered_candidate_000023_c1fe0049,centered-gaussian,5,5,0.2,2541.4,301,57.8,6531,3186.935,17298,3434,1243.6,42614.6,0.2,384.38,23.8,906.6,149019,8050,2414.4,413155.4,237.6,0,4,0.5262,26941,231440.5178,20179.8109,-1535.6675,2541.4
centered_candidate_000083_4d059436,centered-gaussian,5,5,0.2,2538,198,61.2,6842.2,3637.3642,17119.8,2743,1260.8,43945.8,0.2,360.46,23,900.2,205237.4,5396,2308.6,596589.8,221.2,0,3.8,0.5625,26395.8,373735.9729,22365.2143,-1757.4821,2538
centered_candidate_000431_8ad2727e,centered-gaussian,5,5,0.2,2531.2,93,40.2,6857.2,3604.8254,17133.4,1816,986,44483.8,0.2,351,22.4,907.4,157078.4,3945,1602.8,450903.2,215.4,0,4.2,0.5408,28019.8,272375.8306,22489.5014,-1762.2127,2531.2
centered_candidate_000262_447d649c,centered-gaussian,5,5,0.2,2529.6,1748,56.8,5918.8,2940.0232,17784.6,13881,1206.8,39407.6,0.2,407.6,25.6,933.6,140260,36816,2497.8,383306.2,253.6,0,3.8,0.5745,27392.2,229992.142,18677.5206,-1413.2116,2529.6
centered_candidate_000234_a06f89f9,centered-gaussian,5,5,0.2,2524.8,363,165.4,6380.4,3114.8811,17477.2,4131,2322.6,41831.8,0.2,403.9,25.2,909.4,119466,8598,5010.2,328133.4,227.4,0,5,0.5004,32309.2,185779.931,19638.7085,-1392.0406,2524.8
centered_candidate_000150_dc8342dc,centered-gaussian,5,5,0.2,2516.8,1898,91.6,5840,2985.8104,17877.2,14909,1828.4,38916.2,0.2,411.02,26,938.4,105144.8,36235,3555.4,278738.6,242.2,0,4.2,0.5688,29120.4,163194.0444,18772.298,-1401.3052,2516.8
centered_candidate_000499_8a40a06c,centered-gaussian,5,5,0.2,2514,344,51.6,6706.2,3544.2451,17128.8,3893,1178,43451.6,0.2,375.7,23.4,899,114043,7945,2522.4,322038.6,225.6,0,4.6,0.5298,30875.8,192224.7515,21954.3039,-1720.5225,2514
centered_candidate_000232_d04ae06d,centered-gaussian,5,5,0.2,2501.8,139,76.8,6769.2,3612.5582,16997.2,2204,1579.2,43617.8,0.2,355.7,23,899.8,151290.2,4084,2749.6,435982,266.2,0,4.4,0.5065,30325.6,268542.494,22193.8681,-1729.4791,2501.8
centered_candidate_000470_d67fe9c1,centered-gaussian,5,5,0.2,2498.6,141,90.2,6479.2,3183.8674,17113.8,2163,1642,42442,0.2,372.4,23.8,900,169682.6,4262,3302,478679.2,251.8,0,4.4,0.6038,30734.4,278108.0871,20213.1069,-1501.7337,2498.6
centered_candidate_000195_16714ea2,centered-gaussian,5,5,0.2,2496.4,988,81.4,6152.2,3031.0229,17413.6,8246,1703.8,40535.6,0.2,411.48,25.4,907.4,162411.2,19671,3384,456866.4,251.6,0,5,0.4088,32203.6,276723.2431,19017.3645,-1434.1115,2496.4
centered_candidate_000387_70868be9,centered-gaussian,5,5,0.2,2494.2,128,65.2,6516.2,3223.6581,16871.8,2180,1369.4,42225.8,0.2,369.9,23,885.2,105940.4,4102,2780.8,287629.8,238.8,0,4,0.5303,27369.2,153248.51,20297.0873,-1546.629,2494.2
centered_candidate_000507_65045747,centered-gaussian,5,5,0.2,2494.2,1657,55.4,5854.4,2883.3719,17499,13139,1207.4,38975.2,0.2,406.28,25.2,917.6,190762.2,30884,2533.6,537443.4,256.8,0,3.6,0.5828,27294,331293.6354,18350.1459,-1386.2859,2494.2
centered_candidate_000132_19fb57b4,centered-gaussian,5,5,0.2,2485.8,102,71.2,6519.4,3239.8485,17014.4,1807,1455,42773,0.2,362.08,23.4,895,117883,3325,2680.2,324510.6,223,0,3.8,0.5291,26572.4,177480.154,20617.452,-1548.7242,2485.8
centered_candidate_000271_5e9d04fb,centered-gaussian,5,5,0.2,2484.2,74,59,6778.8,3634.211,16598.2,1471,1241.6,43457.2,0.2,352.34,22.2,871.8,144073.6,2874,2229,416259.8,234.4,0,3.6,0.5751,26399.2,256653.6651,22500.3393,-1758.1055,2484.2
centered_candidate_000426_3cbadd75,centered-gaussian,5,5,0.2,2482.6,228,50.6,6481.4,3223.547,16925.6,3000,1061.4,42318.4,0.2,372.22,23.2,892.6,109564.6,5725,2033.4,302571.6,271.6,0,5,0.5839,33209.2,168018.5293,20361.4275,-1561.1735,2482.6
centered_candidate_000245_2c9bdb8b,centered-gaussian,5,5,0.2,2476.8,326,74,6372.6,3136.2989,17037.6,3622,1515.6,41731.6,0.2,383.4,24,893.6,200048.6,7952,2716.2,573095,256.4,0,4.4,0.5755,29825.2,347902.2069,19796.1812,-1494.1495,2476.8
centered_candidate_000066_d04dd7fa,centered-gaussian,5,5,0.2,2466.4,74,66.2,6476.8,3215.2361,16885.8,1567,1389.4,42499.4,0.2,360.54,22.8,894.4,95003.8,2946,2486.2,262031.6,254.6,0,4.6,0.5092,30969.6,144603.8821,20449.7095,-1541.4181,2466.4
centered_candidate_000506_6b95c055,centered-gaussian,5,5,0.2,2465.4,122,95,6470.6,3244.6092,16940,1989,1724.2,42354,0.2,368.16,23.2,892.6,104389.4,3939,3445.4,285920.6,231.4,0,4.6,0.5346,31109.4,156477.1375,20454.7538,-1527.3046,2465.4
centered_candidate_000332_acd65866,centered-gaussian,5,5,0.2,2464.4,1305,74.4,5961.2,2985.7994,17241.2,10297,1445.4,39645.2,0.2,411.98,25,900,96107.4,26562,3050.6,255491.4,253.8,0,4.4,0.5857,30131.6,145162.3561,19002.1578,-1418.4997,2464.4
centered_candidate_000408_d27582af,centered-gaussian,5,5,0.2,2460.4,65,48,6739.8,3628.803,16501.2,1297,1110.4,43393.2,0.2,342.6,22,870.8,170387.8,2369,1683.2,495990.4,245.2,0,4.2,0.6023,30416.4,309410.6599,22461.3399,-1766.4015,2460.4
centered_candidate_000355_63817bcd,centered-gaussian,5,5,0.2,2451,89,47,6447,3203.5582,16587.8,1665,1108.6,41995.4,0.2,363.46,22.4,872,129519.2,3299,2056.4,361653.6,236.2,0,3.8,0.6221,26958.4,203704.1715,20302.3774,-1554.7791,2451
centered_candidate_000351_c7c161eb,centered-gaussian,5,5,0.2,2445.2,282,102,6289,3105.2854,16996,3397,1635.4,41613.8,0.2,388.18,23.8,895.4,98782.2,7627,3077,272017,263.4,0,4.6,0.5703,30746.8,153921.7803,19803.0041,-1450.6427,2445.2
centered_candidate_000366_8f6ddea9,centered-gaussian,5,5,0.2,2431.4,136,94,6328.4,3131.0082,16938.2,2339,1678.8,41984.8,0.2,371.88,23.4,894,136314,4975,3294.2,381702.2,224.6,0,4.2,0.4889,28439.6,219472.7236,20045.1837,-1471.5041,2431.4
centered_candidate_000123_805b4c81,centered-gaussian,5,5,0.2,2425,118,84.4,6535,3456.7025,16581.4,1938,1653.4,42456.8,0.2,363.18,22.8,869.6,108945.4,3928,3402.2,308108.4,213.2,0,3.6,0.475,25222.4,183202.9063,21490.6582,-1643.9513,2425
centered_candidate_000400_69078c45,centered-gaussian,5,5,0.2,2415.4,281,160.4,6174,3055.0876,16998,3427,2356.6,41029.8,0.2,400.48,24.4,889.6,126317.4,7618,4953.4,351003.4,229.4,0,4.2,0.4764,28785.4,203346.2855,19429.2515,-1367.1438,2415.4
centered_candidate_000025_df1fbdc4,centered-gaussian,5,5,0.2,2385,405,179.4,6337.2,3566.3114,16490,4448,2490.6,40930.6,0.2,390.16,23.6,862,169850.6,10126,5461.4,490039.2,265.2,0,5.8,0.4435,36548,312731.851,21714.8813,-1603.7557,2385
centered_candidate_000351_1773926c,centered-gaussian,5,5,0.2,2380.2,409,198.6,6040,3053.8094,16712.8,4324,2556.4,39859,0.2,396.82,24.6,871.4,137075.6,9893,5201.4,384590,249,0,4.8,0.51,31949.6,230439.7139,19091.4247,-1328.3047,2380.2
centered_candidate_000196_2d68b1f1,centered-gaussian,5,5,0.2,2380,1812,70.4,5574,2915.9305,16880.2,14298,1454.2,37164,0.2,405.54,24.6,884.2,140454,35381,2988.8,388433.6,251.8,0,4.4,0.484,29206.8,240557.3269,18357.8706,-1387.5653,2380
centered_candidate_000511_482f04da,centered-gaussian,5,5,0.2,2375.2,112,56.4,6266,3145.5227,16345.6,2052,1212.2,41193,0.2,355.9,22.4,864.8,92850.2,3919,2019.6,257048.6,258.6,0,4.4,0.6382,31305.4,143506.4484,19954.5773,-1516.3614,2375.2
centered_candidate_000485_3d038a47,centered-gaussian,5,5,0.2,2372.8,417,89.2,6344.2,3486.1609,16377,4282,1706.8,41252.8,0.2,380.46,22.8,860.2,142574.6,9814,3582.8,408447.8,252.8,0,4.4,0.4502,29992,254462.2521,21454.588,-1653.8805,2372.8
centered_candidate_000051_df3c3616,centered-gaussian,5,5,0.2,2371.4,404,55.2,6405.8,3564.3458,16160,4006,1190.6,41448,0.2,367.28,22.6,844.2,251307.6,9039,2278.4,737051.8,235.8,0,3.6,0.5244,25466.8,474557.2417,21912.7546,-1726.9729,2371.4
centered_candidate_000441_84ba9adf,centered-gaussian,5,5,0.2,2368.8,761,136.4,5909.6,2959.5124,16844.2,7143,2184.4,39451.6,0.2,389.48,24.8,883.6,143154.6,15905,4366,401841.8,249.4,0,4.8,0.5494,32003.8,242926.6431,18792.0181,-1343.3562,2368.8
centered_candidate_000208_b03efd70,centered-gaussian,5,5,0.2,2360.4,280,89.6,6412,3586.0796,16206.2,3288,1681.8,41526.8,0.2,377.76,22.4,849.6,121726.2,7367,3529.4,348550.4,240.8,0,4.4,0.476,29041,216966.7719,22031.5997,-1703.4398,2360.4
centered_candidate_000110_4691e661,centered-gaussian,5,5,0.2,2359.6,358,129.4,6071,3055.3395,16541.8,3771,2134.8,40142.6,0.2,413.2,23.8,863.2,118296.6,9385,5094.8,328784.8,254.4,0,4.8,0.5198,30975.2,193133.6216,19240.665,-1398.2697,2359.6
centered_candidate_000145_cc3592f3,centered-gaussian,5,5,0.2,2355.2,244,103,6113.6,3067.3089,16439.6,3080,1616.2,40571,0.2,388.3,23.2,862.6,108048.2,7500,3070.6,298798,244.2,0,4.2,0.468,28075.8,170024.0634,19568.0146,-1430.6544,2355.2
centered_candidate_000387_cc627b59,centered-gaussian,5,5,0.2,2341.6,594,89.4,6239.8,3538.1004,15860.8,5339,1630,39964.8,0.2,370.54,23,818.2,126318.4,11349,2973.2,362066.2,221.8,0,4,0.5396,26982.2,228108.9132,21635.1629,-1679.6502,2341.6
centered_candidate_000495_f64a6446,centered-gaussian,5,5,0.2,2341.4,218,72.6,6429,3624.0739,15954.2,3103,1480.8,41259,0.2,365.26,22.2,836.8,171546,7016,2829.2,499875.8,264.4,0,4.8,0.5339,32427.4,319138.287,22052.5051,-1739.4369,2341.4
centered_candidate_000256_f8ed525c,centered-gaussian,5,5,0.2,2325.8,92,41.2,6467.2,3632.7049,15755.2,1659,986.6,41888.4,0.2,340.84,21,831,144482.2,3245,1698.2,420743.2,226.8,0,3.6,0.5842,26313.2,264482.9693,22468.6011,-1775.1525,2325.8
centered_candidate_000218_6a7d890c,centered-gaussian,5,5,0.2,2320,458,137.8,5927.6,3009.1602,16311.2,4403,2018,39403.6,0.2,396.32,24,849.8,114124.8,9683,3982,319459.6,249.2,0,5,0.6001,32836,190589.7419,19044.2586,-1366.7801,2320
centered_candidate_000162_db901d93,centered-gaussian,5,5,0.2,2316,159,80.2,6405.8,3662.5297,15708.8,2437,1472.2,41096.2,0.2,359.94,21.4,821.4,125607.6,5161,2752.4,363436.8,217.4,0,4.2,0.4821,27765.4,229079.5006,22352.5431,-1751.0649,2316
centered_candidate_000447_1e44d3a5,centered-gaussian,5,5,0.2,2315.6,1417,178.8,5545.8,3014.1235,16262.2,11638,2274.6,36468.4,0.2,413.54,24.8,836,104876.2,27399,4946.4,285703,232.2,0,4.4,0.5,29833.8,176184.0033,18828.9222,-1328.2617,2315.6
centered_candidate_000109_42ca1042,centered-gaussian,5,5,0.2,2311,110,56.6,6433.6,3666.8512,15644.6,1766,1187.6,41477.6,0.2,337.16,21,821.8,142258.8,3418,1726.4,415202.6,202.6,0,3.2,0.5764,23739.6,263054.26,22493.2946,-1776.8256,2311
centered_candidate_000258_a89e11ac,centered-gaussian,5,5,0.2,2307.2,1751,56.8,5441.6,2890.5899,16361.2,14078,1201.4,36277.4,0.2,392.76,24,856.6,138884.6,34156,2121.6,386119.6,253.2,0,4.2,0.5415,28742.4,240654.2001,18270.6203,-1388.495,2307.2
centered_candidate_000257_c0d8c707,centered-gaussian,5,5,0.2,2298.8,127,75.6,6358.2,3603.0946,15752.4,2085,1504.4,41203.2,0.2,350.22,21.4,833.6,148416,4363,2799.6,431501.8,265.2,0,4.6,0.5687,31665,273073.8679,22172.007,-1725.9473,2298.8
centered_candidate_000131_4f9662cc,centered-gaussian,5,5,0.2,2297.4,1630,49.4,5523.2,2990.6913,16159.4,13133,1058.6,36643,0.2,390.82,23.6,842.8,113032,30958,2006,311735,240,0,4.4,0.5079,29947.6,193264.2847,18829.6256,-1445.9456,2297.4
centered_candidate_000374_6dd0b0f7,centered-gaussian,5,5,0.2,2295.2,147,106.8,6047,3084.3883,16122.6,2356,1882.6,40136.6,0.2,388.32,22.8,848.2,109612.4,5515,3713.6,305956,260.8,0,4.4,0.5708,30486,177407.7811,19560.028,-1435.3941,2295.2
centered_candidate_000108_b7841f85,centered-gaussian,5,5,0.2,2292.2,323,117.2,5987.4,3089.9692,16152.4,3659,1948.8,39796,0.2,378.06,23.4,847,115185.6,7753,3738.2,324501,245.8,0,4.8,0.5402,32277.8,194246.0349,19553.4677,-1427.7846,2292.2
centered_candidate_000386_43486bca,centered-gaussian,5,5,0.2,2282.2,319,137,5853.2,2925.688,16268.2,3885,2145.8,39255.4,0.2,399.64,23.8,853.2,125969.2,8254,4672,352872.2,263.4,0,5,0.4572,32237.4,209302.3236,18728.5474,-1325.844,2282.2
centered_candidate_000380_5962a287,centered-gaussian,5,5,0.2,2263.8,342,117.4,5896.8,3034.4419,15979.4,3547,2118.2,39237.6,0.2,391.6,23.2,835.4,105843.8,8886,4007,295212.2,247.2,0,4.8,0.5069,31514.4,174150.0472,19245.1446,-1399.821,2263.8
search_candidate_000161_3c5e3b47,random-phased,5,5,0.2,2262.4,83,46.6,6018.2,3052.6321,15407.6,1533,1127.6,39406,0.2,365.78,21.4,804.8,118535,3234,2388.4,334514.2,245.2,0,4.4,0.4625,28806.8,194960.6654,19457.706,-1479.7161,2262.4
centered_candidate_000310_793e9439,centered-gaussian,5,5,0.2,2260.6,112,77.6,6252.2,3536.3931,15447.6,1880,1583.2,40414.6,0.2,350.14,21.2,812.2,141321,3497,3188,410699.8,243,0,4.6,0.4807,31273.8,259761.8218,21748.2205,-1690.5966,2260.6
centered_candidate_000434_c8d79fab,centered-gaussian,5,5,0.2,2255.6,119,96,6232.2,3547.3923,15409.8,2004,1669.8,40198.4,0.2,349.04,21.4,808,229374.2,4223,3136.4,675264.4,238.8,0,4.4,0.5539,29352,437339.1833,21680.0572,-1677.6962,2255.6
centered_candidate_000433_eebb8e28,centered-gaussian,5,5,0.2,2249.8,40,28.6,6352.6,3663.0512,15095.6,935,713.4,41070.6,0.2,315.96,19.8,798.4,124761.6,1671,810.4,364995.4,229,0,4,0.7499,28868.2,230079.1144,22629.5529,-1802.9256,2249.8
centered_candidate_000121_7fb601d9,centered-gaussian,5,5,0.2,2249.4,115,64.4,6316.8,3701.1148,15211.8,1896,1369.4,40527.2,0.2,343.54,20.6,796.8,135804,3633,2820.2,396017.6,218.4,0,4,0.6263,27891,252668.031,22629.7376,-1786.1574,2249.4
centered_candidate_000215_0ce7a67b,centered-gaussian,5,5,0.2,2248.2,222,72.2,5963.6,3092.6423,15733.6,3063,1444.8,39448.6,0.2,373.12,22.2,825.4,113808.4,6297,3034.2,322049.6,231,0,4.6,0.5056,30094.6,192907.9801,19509.9477,-1474.1212,2248.2
centered_candidate_000028_63b0f85a,centered-gaussian,5,5,0.2,2247.4,1445,70.4,5455.6,2946.9105,15886.8,11124,1428.2,36526.8,0.2,399.02,23.6,825.2,107620.8,27730,2935.2,296708,242.4,0,5,0.476,32336.6,184054.1518,18672.4552,-1403.0552,2247.4
centered_candidate_000184_08cb0045,centered-gaussian,5,5,0.2,2244,1093,117.6,5497.6,2860.1388,15957.6,9266,1757.6,36771.4,0.2,395.72,24,832,117124.6,19784,3567.6,326331.6,270,0,5,0.5157,33066.4,199847.4799,18123.0265,-1312.4694,2244
centered_candidate_000142_a183178f,centered-gaussian,5,5,0.2,2241.8,522,73,5787,2970.7763,15754.6,4919,1505.6,38491,0.2,384.88,22.8,823.2,170666,11527,3123.4,489630.8,245.4,0,4.4,0.5242,29988.6,304124.687,18836.629,-1412.3881,2241.8
centered_candidate_000315_2badf99b,centered-gaussian,5,5,0.2,2235,344,79.4,5895.6,3091.7083,15714.8,3632,1558.4,39288.8,0.2,377.5,22.6,822.8,67755.8,8270,2997.8,184337,239.2,0,4,0.5024,28653.6,104098.0067,19661.4359,-1466.4541,2235
centered_candidate_000113_9d1d50f2,centered-gaussian,5,5,0.2,2231.2,1356,76.8,5453.4,2948.3227,15807.8,10688,1501.6,36490.4,0.2,400.1,23.4,822,136580.8,26314,3100.6,383856.8,243.6,0,4,0.495,27245.8,241502.368,18673.2162,-1397.3614,2231.2
centered_candidate_000100_6027a512,centered-gaussian,5,5,0.2,2227.8,503,270.8,5640.2,2971.3062,15999.6,5043,3322.4,37714.6,0.2,410.62,24.4,829.2,119680.2,11420,7307.4,334427,240,0,4.6,0.4766,29691.2,204435.1971,18632.6224,-1214.8531,2227.8
centered_candidate_000015_17a88a77,centered-gaussian,5,5,0.2,2223.8,83,36.2,6018.6,3159.033,15401.4,1634,871.8,39997.2,0.2,339.4,21.2,814.4,78385.4,3406,1178.6,219393.2,239.6,0,4.6,0.6892,31444.8,125455.4178,20234.3576,-1543.3165,2223.8
centered_candidate_000303_8ac73594,centered-gaussian,5,5,0.2,2221.4,364,98,5763.4,2945.3842,15811.6,4302,1657,38642.6,0.2,371.96,23,832,146298.2,8340,3122.8,416792,252.8,0,4.4,0.6316,29944.4,253455.3553,18815.2646,-1374.6921,2221.4
centered_candidate_000139_11b9ebad,centered-gaussian,5,5,0.2,2212.8,264,81,5794.2,2956.6202,15622.8,3191,1599.2,38667.6,0.2,383.82,22.8,817.2,102078.4,7811,3024,285481.6,257,0,4.4,0.4526,29215.6,167990.3383,18852.8096,-1397.3101,2212.8
centered_candidate_000225_935ef6d7,centered-gaussian,5,5,0.2,2208.8,86,54,5941.8,3094.5155,15387.6,1591,1213.6,39578.6,0.2,353.3,21.2,809.2,137869,3226,2435.2,396580.2,203.8,0,4,0.5503,26743.2,242335.2063,19846.7454,-1493.2577,2208.8
centered_candidate_000191_ae4b5638,centered-gaussian,5,5,0.2,2208.4,391,78.8,5759,2966.8395,15291.8,3966,1571.2,37888.6,0.2,379.38,22.6,792.2,142405.4,9288,2946.6,406002,255.8,0,4.8,0.5018,31442.2,247950.9499,18828.4102,-1404.6198,2208.4
centered_candidate_000283_1dfea9a6,centered-gaussian,5,5,0.2,2206.6,277,133.2,6083.2,3653.0495,15121.2,3167,2105.2,39072.8,0.2,376.1,21.4,783,140498.8,8336,4643,406834.2,213.2,0,4.8,0.4593,30819.4,262730.6933,22259.8968,-1693.3247,2206.6
centered_candidate_000445_389f141e,centered-gaussian,5,5,0.2,2205.4,356,155.8,5686.6,2918.4918,15829.2,4024,2422.6,38222.8,0.2,403.34,23.2,828.6,140873.2,9149,5097.2,398473.2,250.8,0,4.4,0.5259,29575.6,241948.8598,18578.9215,-1303.4459,2205.4
centered_candidate_000468_79b918e9,centered-gaussian,5,5,0.2,2204.8,412,84,5871.6,3216.8418,15493.6,4303,1586.8,38866.6,0.2,372.8,22.2,810.6,94217.6,10026,2955.2,265391.2,228,0,4.8,0.4944,31869.4,161962.2763,20202.6057,-1524.4209,2204.8
centered_candidate_000332_bf3045e4,centered-gaussian,5,5,0.2,2200.4,118,66.4,5915.8,3107.566,15312,1934,1382.4,39129.2,0.2,351.4,21.4,806.4,106998.6,3802,2474,303900.2,239.4,0,4.6,0.5529,30948.8,181414.0693,19674.5673,-1487.383,2200.4
centered_candidate_000155_de418e45,centered-gaussian,5,5,0.2,2198.2,126,85.8,5858,3037.1694,15346.2,2014,1596.8,38930,0.2,357.42,21.6,805.8,109132,3993,3115,307422.4,226.4,0,3.4,0.6058,24261,180529.1082,19472.261,-1432.7847,2198.2
centered_candidate_000105_cc49fa19,centered-gaussian,5,5,0.2,2192.4,296,105.8,5909.6,3291.2466,15296.4,3416,1944.8,38661,0.2,392.34,21.8,793.8,80929,8149,4651.6,225004.8,213,0,4.2,0.4509,27555.2,135622.1971,20367.8161,-1539.8233,2192.4
centered_candidate_000401_f8f252db,centered-gaussian,5,5,0.2,2189.6,228,118.8,5809.6,3073.3776,15383.8,3139,1916.4,38311,0.2,368.36,22.4,804.4,141207.2,6124,3437.6,405659.6,245,0,4,0.5759,28217.2,251225.0522,19184.7763,-1417.8888,2189.6
centered_candidate_000484_052af2c8,centered-gaussian,5,5,0.2,2189,93,66.8,5820.6,2974.9698,15358.8,1865,1433.2,38794.4,0.2,361,21.6,808.2,119772.2,3968,2762.8,339770.6,234.4,0,4.2,0.5069,28257.4,202022.773,19053.2818,-1420.6849,2189
centered_candidate_000389_58a88b6d,centered-gaussian,5,5,0.2,2183.6,95,55.8,5892,3100.8824,15239,1828,1187.8,39150.2,0.2,351.12,21,803.2,95826.6,3697,1991,271421.8,218.4,0,4,0.5553,27184.8,160785.1224,19725.6405,-1494.6412,2183.6
centered_candidate_000421_0ab1c17f,centered-gaussian,5,5,0.2,2183.2,101,68.6,5851.4,3045.3493,15124.8,1871,1376.8,38613.6,0.2,357.94,21.4,791,126998.4,3695,2692,361941.8,230.8,0,4.2,0.5627,28548.2,216911.9714,19341.5422,-1454.0746,2183.2
centered_candidate_000192_d918049c,centered-gaussian,5,5,0.2,2182.4,889,150.4,5465.2,2950.2941,15509.6,7715,2037.6,36506,0.2,389.7,23.6,804,105867,15825,4053,295936.8,248,0,4.4,0.4687,30011.2,182734.423,18616.5119,-1324.7471,2182.4
centered_candidate_000194_ad0f6d77,centered-gaussian,5,5,0.2,2181,152,63.8,5951.4,3263.5547,15220.8,2307,1351,39353.4,0.2,350.8,21.2,799.4,87767.8,4851,2586.6,248098,205.8,0,3.6,0.5273,25933,148679.2812,20567.8803,-1567.9773,2181
centered_candidate_000359_ab5afa43,centered-gaussian,5,5,0.2,2167,899,55.4,5562.6,3057.1794,15373.6,8045,1239.4,37123.6,0.2,372.64,22.4,803,100370.4,17389,2356.6,281187,218.4,0,3.4,0.5405,24761.8,173511.8278,19330.0099,-1473.1897,2167
centered_candidate_000115_d9fe8c6e,centered-gaussian,5,5,0.2,2165.8,102,60.4,5798.2,3003.2553,15152.8,1781,1304.8,38684.4,0.2,357.56,21.4,795.2,150250.2,3363,2730,432814.4,227,0,4.4,0.4924,28854.8,265547.3001,19274.3583,-1441.2276,2165.8
centered_candidate_000062_4be81393,centered-gaussian,5,5,0.2,2164,78,72.2,5839.2,3077.9262,15173.4,1562,1430.2,38953.8,0.2,352.72,21.4,797.6,115146.8,3196,2445.4,329094.6,223.6,0,4,0.5423,27837,198698.4398,19661.7095,-1466.7631,2164
centered_candidate_000025_5fb2eaf1,centered-gaussian,5,5,0.2,2161,84,57.8,5835.4,3073.3469,15175.4,1641,1194.2,39082.2,0.2,353.68,21,800.6,98037.6,3096,2248.2,278671.4,221.6,0,4.2,0.5779,28355.2,166495.8342,19725.671,-1478.8735,2161
centered_candidate_000335_14342543,centered-gaussian,5,5,0.2,2160.4,113,62.4,5932,3275.0597,15032.6,1960,1303,39206.4,0.2,351.18,20.8,788,87527.4,4162,2599.2,248674.4,195.4,0,3.2,0.5745,23306.8,150593.6712,20674.8931,-1575.1299,2160.4
centered_candidate_000261_5b5d9751,centered-gaussian,5,5,0.2,2159.8,247,86,5769.6,3079.647,15165.8,3222,1581,38195.6,0.2,372.96,21.8,790,145377.6,6816,3192.8,418629,210.8,0,3.6,0.5078,24999.2,260783.6899,19391.8955,-1453.8235,2159.8
centered_candidate_000262_1e22de52,centered-gaussian,5,5,0.2,2158.2,94,53.6,5835.4,3080.614,15120,1803,1240.8,38887.4,0.2,354.36,21,797.4,96264.4,3699,2140.2,272651.6,233.2,0,3.4,0.6028,24578,161588.6193,19646.534,-1486.707,2158.2
centered_candidate_000075_fa036842,centered-gaussian,5,5,0.2,2155,74,56.4,6163.2,3759.9501,14447.2,1574,1338.6,39128.6,0.2,320.92,19.4,758.2,120880.8,2957,2192.8,354671.8,228.8,0,4.8,0.4878,31618,229300.0819,22779.458,-1823.5751,2155
centered_candidate_000075_02ddf701,centered-gaussian,5,5,0.2,2153.4,151,93.4,5824.8,3157.8459,15136.6,2251,1631.2,38717.6,0.2,357.1,21.4,792.8,92162.8,4351,3249,260296.2,200,0,3.6,0.473,24740.4,155859.8133,19959.1552,-1485.5229,2153.4
centered_candidate_000209_643f1a06,centered-gaussian,5,5,0.2,2151.6,335,142,5906,3597.5634,14951.8,3774,2109.8,38359.4,0.2,360.04,21.2,779.8,154611.2,8616,4734,449477.4,213,0,4.8,0.4479,30189.8,292226.5727,22128.78,-1656.7817,2151.6
centered_candidate_000205_f9ac1421,centered-gaussian,5,5,0.2,2149.4,248,74.6,6001,3606.2425,14746.2,3078,1440.4,38837.6,0.2,344.78,20.6,770.4,124907.4,6498,2429.4,363816,219.2,0,3.6,0.5723,25768,234240.4539,22242.1646,-1728.5213,2149.4
centered_candidate_000055_4c694bff,centered-gaussian,5,5,0.2,2131.2,344,122.2,5875,3580.6673,14712.6,3855,2097.6,37824.8,0.2,346.04,20.8,767.4,102048,8471,3936.6,293089.6,211,0,4.6,0.4735,30185.2,188404.2001,21985.7474,-1668.1336,2131.2
centered_candidate_000431_b0c51f0a,centered-gaussian,5,5,0.2,2129,105,70.6,5703.2,2971.8023,14961.4,1910,1504,37996.4,0.2,356.42,21.2,786,110489.8,3400,2962.6,312491.2,232.4,0,4,0.5495,27966.6,184532.1481,18970.9796,-1415.3012,2129
centered_candidate_000382_e7e8fb67,centered-gaussian,5,5,0.2,2116.6,274,132.8,5658.6,3131.3923,15096.2,3306,2217.6,37644.4,0.2,388.56,22.2,785.2,91414.4,8174,4438.6,256468.8,221.2,0,4.2,0.463,28339.8,156501.9742,19617.6495,-1432.8961,2116.6
centered_candidate_000290_f2d0908e,centered-gaussian,5,5,0.2,2113.8,241,107,5650.2,3051.5731,14921.8,2862,1853.8,37631.4,0.2,371.74,21.8,776.2,138487.6,7107,3478.6,398758.2,216.6,0,3.8,0.583,26769.2,249830.1541,19349.3411,-1418.7866,2113.8
centered_candidate_000363_3637c12c,centered-gaussian,5,5,0.2,2109.4,480,111.4,5540.6,3031.9215,14977,4798,1798,36946.6,0.2,374.54,22.2,780.6,94907.6,10020,3599,267888,242.2,0,5.4,0.4883,34794.4,165606.5509,19107.1211,-1404.5608,2109.4
centered_candidate_000119_1b40032e,centered-gaussian,5,5,0.2,2106.6,193,73,5725.2,3152.1033,14795.8,2921,1502,37775.8,0.2,351.94,21,775.4,90832.8,6023,2656,257484.8,214.6,0,3.8,0.6252,26173.2,156190.5455,19705.974,-1503.0517,2106.6
centered_candidate_000137_1969e3b8,centered-gaussian,5,5,0.2,2103,84,67.6,5729.6,3093.7935,14586.6,1661,1479.8,37734.6,0.2,353.74,20.6,760,104642.2,3437,2837,297421.6,205.4,0,4,0.5267,26990.2,178390.5333,19609.8924,-1479.2968,2103
centered_candidate_000427_ff37deb1,centered-gaussian,5,5,0.2,2102.8,335,85.6,5896,3685.5399,14241.6,3701,1615.6,37557.6,0.2,333.14,19.8,741.6,132490,7940,3142.2,386733.8,217.6,0,3.8,0.5195,26247,252423.6793,22542.3496,-1757.17,2102.8
centered_candidate_000380_95823646,centered-gaussian,5,5,0.2,2101.8,122,93,5631.4,2973.8252,14846,1994,1633.6,37749.4,0.2,348.94,21.4,780,94525.6,3876,2561.8,267135.2,236.2,0,4.4,0.5945,30347,158439.212,19110.7079,-1393.9126,2101.8
centered_candidate_000318_262d3a6a,centered-gaussian,5,5,0.2,2097.8,335,122.8,5554.8,3022.8822,14900.2,3722,2108,36876.2,0.2,390,22.2,771.6,137889.8,8915,4477.2,395649,227.2,0,5.4,0.4619,33988.2,249408.289,18985.8685,-1388.6411,2097.8
centered_candidate_000092_65203cc1,centered-gaussian,5,5,0.2,2095.6,332,94.8,5575.8,3035.6754,14690.8,3580,1648,36953.6,0.2,375.48,21.8,758,101455,8246,3402.2,286858.2,210.4,0,3.8,0.5953,26515.6,175315.8395,19289.4181,-1423.0377,2095.6
centered_candidate_000080_8788ac5f,centered-gaussian,5,5,0.2,2094.6,80,50,5725.8,3095.2385,14649.8,1573,1163.6,38201.6,0.2,347.2,20.2,771,65613.2,2910,2313.4,182672.6,213,0,4,0.4665,26787,104900.0162,19825.1895,-1497.6193,2094.6
centered_candidate_000311_32ebae4f,centered-gaussian,5,5,0.2,2092,323,65.4,5923.4,3761.8107,14064.4,3590,1414.6,37445.2,0.2,332.36,19.4,730.2,215397.6,8481,2747.8,635954.8,208,0,4.2,0.5426,28492.4,419329.3932,22737.2079,-1815.5054,2092
centered_candidate_000416_3a79f7ab,centered-gaussian,5,5,0.2,2089.6,163,78.2,6020.8,3898.6522,13830.6,2455,1461.4,37528,0.2,323.64,18.4,718,154877.2,5321,2650.8,456639,192.4,0,3.8,0.5072,25694.8,301082.329,23397.812,-1871.1261,2089.6
centered_candidate_000294_00c9a950,centered-gaussian,5,5,0.2,2087.8,123,81.8,5656.8,3059.5975,14820.4,2060,1611.6,37891.6,0.2,362.4,21,780,70238.8,4384,3331,195206,234.2,0,3.8,0.4726,26099.2,114076.7754,19503.8791,-1447.9987,2087.8
centered_candidate_000391_65743d8c,centered-gaussian,5,5,0.2,2085.8,433,79.4,5571.2,3110.1026,14742.2,4297,1595.6,37018.4,0.2,365.88,21.8,765.6,76218.6,8251,2977.6,213505.4,215.6,0,4.2,0.5559,28626.8,129472.4114,19548.6423,-1475.6513,2085.8
centered_candidate_000411_21a80474,centered-gaussian,5,5,0.2,2081.2,128,91.4,5982.4,3827.6504,13854.4,2058,1725.2,37475.2,0.2,324.54,18.6,721.6,166598.4,4349,3421.6,491137,214.2,0,3.6,0.5687,25326.6,323057.4962,23113.3058,-1822.4252,2081.2
centered_candidate_000107_0e347fe5,centered-gaussian,5,5,0.2,2074.6,143,73.4,5645,3089.9769,14597.4,2186,1490.8,37515.4,0.2,344.08,21,763.4,113452.2,3884,2574.6,326308.6,207.2,0,3.6,0.4777,25032.2,201587.5318,19532.0461,-1471.5885,2074.6
centered_candidate_000083_d9ac7c1a,centered-gaussian,5,5,0.2,2073.8,119,64.4,5922.4,3661.8668,13898.2,1895,1330.2,37685.8,0.2,322.12,19.2,721.8,121448.4,3709,2655.6,356099.2,208.8,0,4,0.5364,27416.2,231473.3917,22487.4109,-1766.5334,2073.8
centered_candidate_000486_7e197172,centered-gaussian,5,5,0.2,2069.4,163,59,5931.2,3735.2926,13924,2344,1283,37777.8,0.2,322.54,18.8,727,171279.6,5164,2169.8,506049.8,206.2,0,4,0.5364,27231.8,332746.8656,22888.6939,-1808.6463,2069.4
centered_candidate_000168_df0e746c,centered-gaussian,5,5,0.2,2068.6,377,61.8,5552.4,3069.8557,14540.8,3908,1378.6,36828.6,0.2,362.92,21.2,758.2,127899.2,8588,2620.8,367741,240.2,0,4.4,0.4856,30362.8,230142.2407,19329.0598,-1473.1278,2068.6
general_top10-median-phased_2b8f1b11,top10-median-phased,5,5,0.2,2068.4,157,62,5673,3159.5991,14475,2301,1295.2,37622,0.2,366.68,20.4,754,72360.2,5987,2481.8,203711.6,202.4,0,3.2,0.5556,23568.4,122937.7167,19970.7773,-1517.7995,2068.4
general_topN-median-phased_d52626e2,topN-median-phased,5,5,0.2,2068.4,157,62,5673,3159.5991,14475,2301,1295.2,37622,0.2,366.68,20.4,754,72360.2,5987,2481.8,203711.6,202.4,0,3.2,0.5556,23568.4,122937.7167,19970.7773,-1517.7995,2068.4
centered_candidate_000451_1b1125d7,centered-gaussian,5,5,0.2,2064.6,348,68.6,5204,2501.2472,14616.6,3885,1342.4,34865,0.4,373.92,22,757.4,80569.8,8266,2504.6,217516.2,239,0,4.2,0.6276,29378.2,117814.7088,16080.6438,-1182.0236,2064.6
centered_candidate_000175_d9b84eb8,centered-gaussian,5,5,0.2,2063.8,141,67.2,5614,3058.621,14514.2,2245,1392,37335,0.2,348.04,20.8,760.6,91052.6,4059,2399.2,258975.4,227.2,0,4,0.5944,28320.6,156360.6873,19374.9548,-1462.1105,2063.8
centered_candidate_000375_dcb734ad,centered-gaussian,5,5,0.2,2063.6,146,88.4,5629.4,3124.5287,14584.8,2401,1872.8,37130.8,0.2,362.74,20.8,765.4,85322.8,4898,3734,241142.4,240.8,0,3.8,0.6165,26889.2,146820.0097,19457.5866,-1473.8643,2063.6
centered_candidate_000280_e5ac2d38,centered-gaussian,5,5,0.2,2062,302,125.4,5492,3025.9834,14531.8,3507,2033.4,36279.4,0.2,384.7,21.8,749.2,93235.4,7960,4356.2,262960,228.8,0,4,0.4576,26856.4,162249.4074,19030.799,-1387.5917,2062
centered_candidate_000090_a65529de,centered-gaussian,5,5,0.2,2060.6,347,81.6,5533,3071.7478,14534.2,3644,1592.8,36770.6,0.2,365.3,21.2,755.4,116537.8,8472,2898.4,334422.8,211.4,0,3.6,0.5413,25247,209724.1393,19362.2199,-1454.2739,2060.6
centered_candidate_000145_b0e6e18c,centered-gaussian,5,5,0.2,2060.6,111,47.2,5985.2,3839.4095,13653.8,1933,1066.4,37701.4,0.2,312.54,17.8,712.6,192635.8,3583,2011,571459.8,188.6,0,3.4,0.5372,23813.6,376863.6183,23312.3714,-1872.5047,2060.6
general_top10-average-phased_aed1bf62,top10-average-phased,5,5,0.2,2055.6,83,62.6,5968.2,3828.3172,13690.8,1556,1316.8,37747.8,0.2,313.58,18,714.4,118827.8,2926,2449.8,349984,185.4,0,3.6,0.5186,24843,229378.8761,23351.2588,-1851.5586,2055.6
centered_candidate_000517_c0c749a9,centered-gaussian,5,5,0.2,2054.6,179,54.8,5917.4,3783.902,13757.6,2569,1259,37408.2,0.2,338.7,18.6,711.8,88415.4,6952,2659.4,256101.4,187,0,4.2,0.4865,27253.8,166263.575,22990.4778,-1837.151,2054.6
centered_candidate_000136_443a2332,centered-gaussian,5,5,0.2,2054.4,169,100.6,5578.4,3101.483,14601.8,2625,1740.8,37195,0.2,367.26,21,762.4,96421,5311,3692.2,274107.4,206.8,0,4.2,0.5042,28208.4,168619.0895,19571.823,-1450.1415,2054.4
centered_candidate_000002_bb965b25,centered-gaussian,5,5,0.2,2054,410,104,5430.4,2989.2177,14714.6,4344,1698.4,36500.2,0.2,365.96,21.6,770.4,66122.2,9529,3193.6,180951,232.6,0,4.2,0.6002,29090,106318.6671,18999.6183,-1390.6088,2054
centered_candidate_000122_482cbe06,centered-gaussian,5,5,0.2,2052.4,116,86.4,5542.4,2971.4743,14480.2,1928,1557.2,37065.6,0.2,353.8,20.8,760.2,116749.4,3665,3176.4,335290.8,246.8,0,4,0.5447,28724.6,206789.8525,18989.6466,-1399.3371,2052.4
centered_candidate_000214_8303d48d,centered-gaussian,5,5,0.2,2050.6,106,72.2,5634.6,3136.8532,14497.8,1901,1459.2,37632.8,0.2,350.64,20.4,762.2,79484.8,3395,2935.2,225162.8,216.4,0,4,0.5019,26979.2,135773.5296,19889.8204,-1496.2266,2050.6
centered_candidate_000453_8c4fd3b3,centered-gaussian,5,5,0.2,2050,279,54,5570.2,3104.7247,14400.2,3504,1209.2,36854.8,0.2,359.46,20.8,749.6,132738,7258,2362.8,384138.4,214,0,4.2,0.5223,27876.2,242608.0507,19468.8843,-1498.3624,2050
centered_candidate_000456_f5d24d00,centered-gaussian,5,5,0.2,2046.2,188,134.8,5820.4,3760.0002,13920.6,2635,2260.2,36901.6,0.2,351.74,18.6,724.2,129112,6231,4831.6,376522.6,186.8,0,4.2,0.4736,27435,247104.3411,22870.5659,-1745.2001,2046.2
general_top10-average-phased_a9a570df,top10-average-phased,5,5,0.2,2040.4,75,62.4,5621.6,3113.6633,14249,1605,1306.4,37240.2,0.2,349.62,20,745.6,82167.8,3181,2695.6,234618.4,215.2,0,3.6,0.5095,25806.8,143712.4379,19660.3324,-1494.4317,2040.4
centered_candidate_000143_6a9eb15e,centered-gaussian,5,5,0.2,2039.8,123,66,5895.4,3778.0335,13674.2,2151,1399,37274,0.2,322.46,18.2,714.6,179493,4158,2880,530843.2,210.4,0,4.4,0.5633,29129.2,349885.9555,22983.0731,-1823.0168,2039.8
centered_candidate_000379_37433c88,centered-gaussian,5,5,0.2,2036.4,118,89.2,5579.8,3114.6092,14418.8,2038,1708.8,37156,0.2,349.66,20.6,755.6,98373.8,3927,3252.6,282292.6,211.2,0,3.6,0.5839,25584.4,175557.3816,19659.6308,-1468.1046,2036.4
centered_candidate_000287_ffbe9712,centered-gaussian,5,5,0.2,2032.6,120,80.4,5547.2,3053.9465,14340.2,2002,1650.8,36872.8,0.2,357.4,20.6,748.2,87573,4215,3494.8,247676.4,210.6,0,3.6,0.5705,25011.8,149510.1537,19307.1682,-1446.5733,2032.6
centered_candidate_000453_38b61d7d,centered-gaussian,5,5,0.2,2032.2,266,145.8,5382.6,2934.3348,14549.8,3301,2200.6,36010.4,0.2,383.9,21.8,755.8,107233,7060,4713,304113.8,240.6,0,4.4,0.4728,29244,188114.7107,18533.9259,-1321.3674,2032.2
centered_candidate_000475_406edaa1,centered-gaussian,5,5,0.2,2031,400,222.2,5318.4,3002.4968,14494.4,4084,2991.8,35238.2,0.2,399.92,22.4,746.2,122638.6,9370,6675.4,348789,258.4,0,4,0.5206,28050.6,220515.9844,18685.9314,-1279.0484,2031
centered_candidate_000484_925df820,centered-gaussian,5,5,0.2,2030.4,87,65,5603.6,3134.3136,14310.2,1704,1404,37347.2,0.2,345.02,20,752.6,101197.2,3534,2638.4,290668,213.8,0,3.4,0.5986,25526.2,179530.2213,19859.0278,-1502.1568,2030.4
centered_candidate_000310_750a3a47,centered-gaussian,5,5,0.2,2028.6,105,65.6,5899.6,3834.0365,13605.8,1830,1398.6,37418.4,0.2,307.48,17.6,714.2,118665.2,3613,2538.6,349384.6,182,0,3.2,0.5177,22768.8,229652.4852,23396.0845,-1851.4183,2028.6
centered_candidate_000168_b98ec5ea,centered-gaussian,5,5,0.2,2028.4,92,51,5586.8,3088.6624,14145.6,1734,1186.2,36963.4,0.2,342.44,20,740.4,145162.6,3391,2024.6,423352.8,222,0,3.8,0.63,26780.2,267803.768,19459.4858,-1493.3312,2028.4
centered_candidate_000227_6e4d8e3f,centered-gaussian,5,5,0.2,2027.4,144,75.6,5845.4,3771.4146,13553.6,2321,1501.4,36734.4,0.2,320.96,18.2,706.4,130844.2,4731,2949.2,384519,211,0,4.2,0.4772,28258.8,252514.8695,22776.3501,-1810.1073,2027.4
centered_candidate_000089_fc25fc41,centered-gaussian,5,5,0.2,2027.2,206,134.2,5437.4,2999.291,14457.2,2789,2176.4,36295,0.2,381.72,21.4,750.8,118724,6280,4537.6,339516.8,229.6,0,4,0.5303,27613,212002.3984,19004.3727,-1365.4455,2027.2
centered_candidate_000151_988fb8e8,centered-gaussian,5,5,0.2,2026.8,93,78.6,5557,3074.4237,14381.4,1730,1623.8,37172.2,0.2,351.1,20.4,753.8,105848.2,3147,3084,304203.8,200.2,0,3.4,0.5676,24663.8,188168.5718,19500.5823,-1458.6118,2026.8
centered_candidate_000304_70e3a078,centered-gaussian,5,5,0.2,2026.4,150,86.2,5827.4,3749.9667,13697.2,2319,1676.4,37005.4,0.2,318.78,18.4,717.4,133686.4,4635,3181.8,393015.4,210.6,0,4,0.4737,27729.8,258322.1348,22924.7633,-1788.7833,2026.4
centered_candidate_000001_f9415890,centered-gaussian,5,5,0.2,2023,200,82,5534.4,3128.3578,14267,2600,1603.6,36777.2,0.2,361.9,20.6,742.4,82105.4,5066,3223.4,232807.4,209.4,0,4,0.5176,27691.4,142504.2308,19760.62,-1482.1789,2023
centered_candidate_000280_f133fb52,centered-gaussian,5,5,0.2,2021.6,163,67.8,5818.4,3732.3236,13681,2321,1447.6,37148,0.2,332.44,18.2,714.6,178864.8,5667,2973.6,528023.6,199,0,4.4,0.438,28610.2,347927.6474,22930.8257,-1798.3618,2021.6
centered_candidate_000291_cc560440,centered-gaussian,5,5,0.2,2020.6,139,73.6,5543.2,3108.2011,14223.4,2211,1390.2,36793.6,0.2,350.7,20.2,745.6,66666.8,4407,2827.2,186630.8,227.4,0,4.8,0.5233,31316.4,111135.8727,19537.5804,-1480.5005,2020.6
centered_candidate_000200_b5430faa,centered-gaussian,5,5,0.2,2019.8,83,78.2,5531.6,3044.5827,14286.8,1620,1512,37080.4,0.2,352.28,20.4,748.8,81575,3717,2897.2,231582.8,222.8,0,4.2,0.5064,27721.6,140447.613,19490.2273,-1444.0913,2019.8
centered_candidate_000063_072ae02b,centered-gaussian,5,5,0.2,2018.8,108,59.4,5856,3764.8409,13470.2,1814,1243,37086,0.2,316.12,17.8,700,169544.6,3632,2336.6,501891.2,169.4,0,3,0.5612,21346.8,330652.3541,22981.2264,-1823.0204,2018.8
centered_candidate_000171_78411fb9,centered-gaussian,5,5,0.2,2018.2,124,56.4,5546.2,3085.8971,14136.2,2005,1156.2,36858.6,0.2,335.3,20,740,139392.8,3749,1808.4,407087,201.2,0,3,0.6965,23043.2,259074.1261,19538.0036,-1486.5486,2018.2
centered_candidate_000515_46519012,centered-gaussian,5,5,0.2,2018.2,80,48,5875.2,3768.7149,13432.8,1666,1060,37215,0.2,306.5,17.6,704.6,170524.4,3041,1963,505645.8,215.6,0,4,0.5377,28246.8,333434.8566,23009.2114,-1836.3575,2018.2
search_candidate_000279_a54b5c46,random-phased,5,5,0.2,2015.8,53,39,5583.8,3091.3881,13887.2,1212,960.2,36917.4,0.2,331.32,19.4,724.2,41023.4,1630,1452.8,113711.4,198.8,0,3.2,0.6977,24141.2,64373.7361,19731.6123,-1506.6941,2015.8
centered_candidate_000362_ecf57d5b,centered-gaussian,5,5,0.2,2015.4,284,84,5709.2,3651.4605,13775.6,3153,1599.8,36776.6,0.2,335.04,18.8,721.2,120505.4,7474,3066.4,351638.6,225,0,4.6,0.4721,30236.2,230207.6521,22658.6603,-1741.7303,2015.4
centered_candidate_000387_0607bc61,centered-gaussian,5,5,0.2,2013.8,599,65.8,4997.8,2417.0092,14317.2,5674,1260.8,33593.6,0.2,310.44,22.2,753.6,83234.4,11849,2389,224730,295.4,0,5,0.6878,35180.6,123923.5981,15546.4564,-1142.7046,2013.8
centered_candidate_000154_bb96d0de,centered-gaussian,5,5,0.2,2011.4,173,88.4,5512.4,3122.6617,14179.6,2585,1658.4,36436.2,0.2,360.34,20.6,737.6,92178.8,5249,3181,263943.4,217.2,0,4.2,0.4741,28551.8,164860.5748,19530.033,-1472.9308,2011.4
centered_candidate_000087_f32ff04e,centered-gaussian,5,5,0.2,2010.4,975,82.6,5131.6,2949.2787,14257.6,8201,1632.6,34131.6,0.2,365.5,22,735.6,86088.4,18467,3037.6,238915.6,238.8,0,4.4,0.5013,29857.6,148741.9722,18704.8579,-1392.0394,2010.4
centered_candidate_000250_8bfe0d80,centered-gaussian,5,5,0.2,2009.4,127,73.2,5805.2,3740.0657,13592.8,2195,1477.4,36962,0.2,314.22,17.8,714.6,120115.2,4288,2814.6,352939.8,198.4,0,3.8,0.4874,26916.6,231755.6957,22867.7634,-1796.8328,2009.4
centered_candidate_000442_6a48d75e,centered-gaussian,5,5,0.2,2009.4,147,62.8,5499.6,3046.7252,14188.4,2301,1349.6,36641.2,0.2,362.46,20.4,741.2,102413.2,5632,2496.4,293423.8,232.8,0,4,0.5371,27091.2,181523.1829,19273.7377,-1460.5626,2009.4
centered_candidate_000369_e478ab24,centered-gaussian,5,5,0.2,2008.2,89,54.8,5854.6,3791.1098,13355.2,1669,1216.4,37004.4,0.2,316.48,17.4,695.2,156291.2,3326,2554.8,462401.8,176.4,0,3.2,0.5131,22599.6,304861.3248,23173.4377,-1840.7549,2008.2
centered_candidate_000014_904cd64a,centered-gaussian,5,5,0.2,2005.4,115,69.2,5823,3788.0415,13485.2,2059,1412.8,36934.8,0.2,314.1,17.6,704.2,151564.4,4369,2693,447648.6,164.6,0,3.4,0.4774,22995,295515.0106,23161.0879,-1824.8208,2005.4
centered_candidate_000329_5569a328,centered-gaussian,5,5,0.2,2003.4,113,93.8,5442.8,2975.3072,13938.2,1779,1769.2,35608.6,0.2,304.16,20.4,734.6,109174.6,3834,3266.2,313160.8,270.4,0,4.2,0.5711,30315.4,193356.1487,18415.4843,-1393.8536,2003.4
centered_candidate_000219_5b55b934,centered-gaussian,5,5,0.2,2001.8,103,62.6,5474.8,3004.1672,14148.8,1819,1298.8,36706.6,0.2,347.3,20.2,741.6,129145.6,3741,2499.2,374951.2,220.8,0,4.4,0.5098,29610.8,236392.1719,19250.1703,-1439.4836,2001.8
centered_candidate_000005_e37bf8e8,centered-gaussian,5,5,0.2,2001.4,110,60.4,5811,3751.6116,13410.8,1866,1324.6,36880,0.2,318.9,17.6,699.6,109506,4046,2480.6,321440.2,183.6,0,4.6,0.462,29391.2,210391.8171,22974.6788,-1815.4058,2001.4
centered_candidate_000276_7a0334ba,centered-gaussian,5,5,0.2,2001,196,95,5697.8,3638.0341,13709,2651,1768.2,36610.2,0.2,328.4,18.8,714.8,142192.4,5773,3234.6,417609.6,187.6,0,4,0.4647,25896.4,274465.2814,22444.9262,-1724.0171,2001
centered_candidate_000410_0548ae39,centered-gaussian,5,5,0.2,2000.6,94,58,5529.8,3104.384,13939.6,1829,1224.2,36466.4,0.2,348.98,19.6,729.6,131743.2,3702,2315.8,383115,233.8,0,4.4,0.5366,29583.8,242117.1893,19480.9011,-1494.192,2000.6
centered_candidate_000248_f09056bb,centered-gaussian,5,5,0.2,2000.4,195,68.6,5444.6,3018.7763,14291,2791,1410.4,36602.8,0.2,360.56,20.4,749.4,91683,6268,2665.2,261167.8,214.6,0,4.4,0.5043,28648.8,160973.0596,19249.2568,-1440.7881,2000.4
centered_candidate_000162_6e8a3a52,centered-gaussian,5,5,0.2,1999.8,104,61.6,5510.8,3075.9953,14034.8,1971,1302,36537.4,0.2,346.4,20,734.2,113823.8,3796,2604.6,328922,223.2,0,4,0.5502,27988.8,205757.9033,19371.2229,-1476.3977,1999.8
centered_candidate_000511_180df78a,centered-gaussian,5,5,0.2,1997.6,117,97.2,5473.4,3071.464,14113.2,1936,1724,36447.8,0.2,354.7,20.4,735.8,117859.6,3964,3601.6,339957.6,213.4,0,4.2,0.4823,27824.4,213256.1849,19426.914,-1438.532,1997.6
centered_candidate_000377_38bfe253,centered-gaussian,5,5,0.2,1997.2,124,80,5496.2,3100.1283,14107.4,2070,1591.4,36544.6,0.2,343.96,20.2,737.2,114886.2,4086,2895.2,332009.6,199.8,0,3.4,0.5396,24673.6,208414.1164,19529.6585,-1470.0642,1997.2
centered_candidate_000207_1e623a85,centered-gaussian,5,5,0.2,1996.4,119,92.4,5779.2,3776.8271,13382.8,2018,1688.6,36466,0.2,303.4,17.4,702,172719.6,3924,3280.2,510966.8,184.4,0,4,0.4877,26333.2,338110.4108,23008.2245,-1796.0135,1996.4
centered_candidate_000354_d6e26704,centered-gaussian,5,5,0.2,1995,94,78.8,5459.2,3010.4168,14006.6,1722,1579.4,36299,0.2,359.8,20.2,731,86008.8,3994,3193,243870.4,245.4,0,4.2,0.5435,28922.2,147707.3798,19203.2687,-1426.4084,1995
centered_candidate_000397_b816ca06,centered-gaussian,5,5,0.2,1994.6,86,50.8,5852,3847.7417,13086.2,1480,1178,36603.6,0.2,293.34,16.6,685,199249.8,3054,2265.8,592513.8,186.2,0,3.8,0.5228,26151,393015.8348,23377.8606,-1873.0708,1994.6
centered_candidate_000458_e5f784b4,centered-gaussian,5,5,0.2,1994,58,43,5880.8,3883.0112,13026.2,1315,970.4,36811.2,0.2,282.34,16,685.4,198558.6,2433,1661.6,591574.6,178.4,0,3,0.607,22043.2,392876.5199,23716.6379,-1898.5056,1994
centered_candidate_000273_fcbef7fb,centered-gaussian,5,5,0.2,1993.8,87,66,5513.6,3100.3818,13938.2,1699,1359.4,36475.2,0.2,347.7,19.6,728.6,111717,3448,2625.2,323746.4,214.6,0,4.2,0.4833,27961.2,203994.5803,19507.9322,-1484.1909,1993.8
centered_candidate_000179_85aa585b,centered-gaussian,5,5,0.2,1993.2,75,56.8,5831,3806.1298,13261,1478,1216.8,36883,0.2,305.3,17.2,692.2,111914.8,3071,2084,330235.4,173,0,3.6,0.5275,23848,217380.8251,23241.649,-1846.2649,1993.2
centered_candidate_000060_3b27509e,centered-gaussian,5,5,0.2,1992.8,113,70.2,5791.8,3776.2497,13351.6,1840,1459,36689.4,0.2,301.62,17.2,701,114843,3852,2912.6,337756.4,179,0,3.8,0.5499,25999,222564.2845,23090.4205,-1817.9248,1992.8
centered_candidate_000462_bd309528,centered-gaussian,5,5,0.2,1992.6,82,47.4,5517.8,3084.1729,13944.4,1566,1136.2,36694.6,0.2,342.48,19.8,728,89122.8,3178,2009.8,255770.2,207,0,3.4,0.5542,24776.8,157040.8894,19542.8683,-1494.6865,1992.6
centered_candidate_000360_186a9aca,centered-gaussian,5,5,0.2,1990.8,62,48.4,5856.6,3855.1328,13097.6,1262,1053.6,36883,0.2,288.72,16.2,689,195572.8,2695,2045.8,581852,175.8,0,3.4,0.5578,23863.2,385975.9922,23610.1382,-1879.1664,1990.8
centered_candidate_000392_bf547bc6,centered-gaussian,5,5,0.2,1990.6,155,73.2,5748.8,3730.0015,13490.6,2372,1525.8,36657.2,0.2,312.38,17.6,710.4,107298.8,4755,2920.6,314358.8,200.6,0,3.2,0.5774,23382.2,206551.8636,22945.7347,-1791.8008,1990.6
centered_candidate_000110_bffe2959,centered-gaussian,5,5,0.2,1988.4,87,58.8,5457.4,3003.683,13842.4,1591,1256.4,36131.6,0.2,346.24,20,720,176235.8,3221,2282,516630.8,227.4,0,4.2,0.5646,29189.4,330567.9021,19079.3088,-1443.0415,1988.4
centered_candidate_000302_9fe63f68,centered-gaussian,5,5,0.2,1986.8,266,66.2,5411.6,3054.0391,14076,3135,1446.6,36080.6,0.2,359.8,20.6,732.6,108201.4,7168,2494,310952.2,221.6,0,3.6,0.5415,26133.2,194897.0694,19306.2936,-1460.8196,1986.8
centered_candidate_000112_e14c04e3,centered-gaussian,5,5,0.2,1986,226,60.2,5537.2,3288.0934,13795.8,2863,1312.6,36307.2,0.2,348.74,19.8,713.6,95509.2,6442,2553.4,275048.2,189,0,3.8,0.5449,25569.6,174073.0776,20578.4832,-1583.8467,1986
centered_candidate_000132_11cbb352,centered-gaussian,5,5,0.2,1985,78,56,5822.8,3831.5176,13110.6,1551,1279.8,36517.8,0.2,288.64,16.6,688,167677.6,3072,2516,497479.6,176,0,3.2,0.5573,23051.4,329701.3342,23317.7066,-1859.7588,1985
centered_candidate_000304_42586a31,centered-gaussian,5,5,0.2,1984.8,82,70.8,5799.2,3808.6127,13230.6,1622,1449.2,36612,0.2,293.26,16.8,695,125208.6,3192,3091.4,369329.6,168,0,3.2,0.5445,22579.8,244082.712,23315.9844,-1833.5064,1984.8
centered_candidate_000499_02c4678a,centered-gaussian,5,5,0.2,1984.4,94,76.4,5458.6,3047.0444,14100.8,1750,1585.2,36490.6,0.2,351.52,20.2,738,139031.8,3609,2834.6,403968.4,210.2,0,4.2,0.5558,28466,255080.3309,19263.1942,-1447.1222,1984.4
centered_candidate_000295_4859c56e,centered-gaussian,5,5,0.2,1984,95,69,5472,3071.9224,13979.6,1803,1394.4,36429.6,0.2,350.78,19.8,732,89729,3752,2714.4,257175.4,220.8,0,3.8,0.5046,25906.2,159282.6765,19441.0687,-1466.9612,1984
centered_candidate_000379_8801e42e,centered-gaussian,5,5,0.2,1983.4,122,99.8,5702.2,3673.2939,13513.2,2068,1797.4,36474.4,0.2,329.62,18.2,706.2,150505.8,4565,3748.4,442583.6,202.2,0,4,0.4823,27114.4,290838.7065,22548.1315,-1736.847,1983.4
centered_candidate_000143_2e7d7e99,centered-gaussian,5,5,0.2,1981.6,128,55.2,5459.8,3055.606,13984.4,2080,1287.4,36384.2,0.2,345.84,19.8,734.2,126823.4,3847,2330.6,367805.2,227.6,0,4.4,0.5052,29599,230959.6397,19318.3225,-1472.603,1981.6
centered_candidate_000259_f15b2e19,centered-gaussian,5,5,0.2,1981.2,72,60.2,5807.8,3815.9274,13134.2,1496,1299,36551.8,0.2,292.76,16.8,691,257438.6,2569,2467,766936.6,202.8,0,3.2,0.6336,23545.6,508962.6732,23261.4165,-1847.7637,1981.2
centered_candidate_000446_92a72e87,centered-gaussian,5,5,0.2,1980.8,85,67,5785.6,3791.646,13202.2,1630,1447.6,36493,0.2,294.9,16.8,691.8,157828.8,3141,2513.2,467812.8,157,0,3.2,0.5119,22133.4,309673.9441,23165.08,-1828.823,1980.8
centered_candidate_000261_5fe3c97b,centered-gaussian,5,5,0.2,1980.6,86,82.2,5768.8,3779.7163,13229.4,1623,1560.2,36455.8,0.2,303.76,17,695.6,179862,3639,3127.8,532821.8,201,0,3.2,0.6121,23384.2,352854.6384,23126.1764,-1807.6581,1980.6
centered_candidate_000405_c97c54de,centered-gaussian,5,5,0.2,1980.6,75,58.4,5475.8,3059.7518,13928.8,1481,1316.2,36523.2,0.2,348.92,19.8,727.2,126012.2,3166,2424.4,366050.6,207.8,0,4,0.5575,27198.2,230635.2972,19447.5148,-1471.4759,1980.6
centered_candidate_000376_87e81b99,centered-gaussian,5,5,0.2,1980.4,89,58.4,5474,3071.8179,13950.4,1676,1195,36609,0.2,341.58,19.6,732,108153.8,3182,2256.6,312832.8,211.2,0,4.2,0.534,28473.6,195556.3749,19565.486,-1477.5089,1980.4
centered_candidate_000414_7a0d7bec,centered-gaussian,5,5,0.2,1978.6,91,42.8,5447,3001.4594,13985.2,1744,1050.8,36611.2,0.2,346.04,19.6,735.8,134992.4,3652,2003.2,392315.6,225.2,0,4.2,0.5487,28196,246517.4864,19251.6859,-1457.9297,1978.6
centered_candidate_000212_dde5dd6e,centered-gaussian,5,5,0.2,1978.4,64,58.4,5778.2,3745.9614,13181.8,1337,1183,36686.2,0.2,297.3,17,691,150158.2,3026,1967.8,445013.6,181.2,0,3,0.6526,22525.6,293720.8457,22938.8005,-1814.5807,1978.4
centered_candidate_000403_69e6992c,centered-gaussian,5,5,0.2,1976,123,69,5725.8,3710.8994,13389.4,1983,1403.6,36650.4,0.2,321.24,17.6,701,110046.6,3735,2970.4,322642.2,187.6,0,3.8,0.5533,25537.6,211136.9224,22834.2389,-1786.4497,1976
centered_candidate_000264_8e8d1704,centered-gaussian,5,5,0.2,1975.6,114,76,5726.2,3719.9425,13451.2,1949,1548.6,36745.6,0.2,310.04,17.6,708.6,157208.8,3892,2984.6,464508.8,192.8,0,3.4,0.5307,24310,306674.9552,22970.8035,-1783.9713,1975.6
centered_candidate_000465_0a5bdd8d,centered-gaussian,5,5,0.2,1973.4,78,60.4,5762.2,3751.1263,13240,1651,1308.8,36617.4,0.2,311.18,17,693.8,134495.8,3319,2372,397215.8,177.6,0,3.6,0.4761,23765,261503.6262,23004.0367,-1815.1631,1973.4
centered_candidate_000099_51071d0f,centered-gaussian,5,5,0.2,1973.2,79,61.4,5780.6,3801.9122,13071.6,1546,1303.4,36358,0.2,293.28,16.6,684.2,166223.8,2842,2546,493192.8,163.6,0,3,0.5028,20946,326686.322,23173.8369,-1839.5561,1973.2
centered_candidate_000520_ae77d8d5,centered-gaussian,5,5,0.2,1972.4,63,45.8,5483,3083.0723,13876,1373,1072.8,36743.2,0.2,336.24,19.2,729.2,104606.2,2498,1688.2,303591.8,198,0,2.6,0.5368,19871.2,189959.9124,19710.4924,-1495.7362,1972.4
centered_candidate_000052_c7ac663d,centered-gaussian,5,5,0.2,1972,95,38.8,5740.4,3682.7866,13275.2,1681,943.4,36864.6,0.2,302.52,17.4,695.6,103591.4,3440,1567.4,304946.4,178.4,0,2.8,0.6082,21386.8,199416.6073,22794.2175,-1802.5933,1972
centered_candidate_000095_60597fd0,centered-gaussian,5,5,0.2,1971,101,57.8,5411.8,2993.7508,13968.8,1852,1220.8,36304,0.2,339.44,19.8,736.4,96833.6,3567,2095.2,277733.2,238.8,0,3.8,0.5664,27070.8,170512.2557,19075.9315,-1439.0754,1971
centered_candidate_000262_f5613f69,centered-gaussian,5,5,0.2,1969.4,72,52.8,5750.8,3728.9448,13120,1492,1188.2,36406.8,0.2,305.78,17.2,683.6,157846.8,2981,1945.8,468022.6,175.6,0,3,0.6057,21859.6,308928.6188,22834.4923,-1811.6724,1969.4
centered_candidate_000331_4b84e0b7,centered-gaussian,5,5,0.2,1969.2,219,74.8,5351.4,2982.1752,14047.2,3036,1478.4,35925.2,0.2,370.06,20.4,731,109937.2,6719,3081.6,315581,210.8,0,4,0.4454,26941.6,197579.582,19086.0698,-1416.2876,1969.2
centered_candidate_000443_02834561,centered-gaussian,5,5,0.2,1969.2,105,72.6,5724.8,3738.4964,13345,1903,1553.8,36515.8,0.2,304.2,17.2,702.4,143999.2,4115,2866.8,425019.6,173.4,0,3.2,0.5284,22455.2,280681.3805,23016.8137,-1796.6482,1969.2
centered_candidate_000279_372fb40c,centered-gaussian,5,5,0.2,1968.2,91,58.2,5754.6,3769.4827,13206,1670,1262.4,36659.8,0.2,299.48,16.6,697.8,96768.8,3664,2127,284629,191.6,0,3.4,0.6047,24579,187274.4752,23225.8738,-1826.5413,1968.2
centered_candidate_000192_ea1042c6,centered-gaussian,5,5,0.2,1964.4,122,49.6,5428.2,3052.9769,13676.4,2016,1130.8,35880.6,0.2,338.84,19.6,712.2,107629,3865,1946.4,311498,216.8,0,3.8,0.5328,25989,195054.8251,19321.3739,-1476.8885,1964.4
centered_candidate_000123_1e843807,centered-gaussian,5,5,0.2,1963.8,78,65.4,5721.6,3712.5716,13173.4,1583,1376.8,36321.2,0.2,316.5,17.2,688.6,112573.6,3302,2851.4,330836.6,192.4,0,3.8,0.4781,25076.4,217001.9397,22718.4354,-1790.8858,1963.8
centered_candidate_000276_4c1f5653,centered-gaussian,5,5,0.2,1963.8,61,46.6,5764.6,3767.8494,13052.6,1314,1088.6,36555,0.2,307.04,16.4,685.2,116320,2390,2151.6,343809.8,186.4,0,2.8,0.5444,20922.2,226494.1946,23145.1785,-1837.3247,1963.8
centered_candidate_000244_47992d7a,centered-gaussian,5,5,0.2,1963.2,104,68,5716.8,3742.4675,13254,1931,1382,36497.8,0.2,298.1,17,698.6,92561.6,3746,2814.6,271152,179.6,0,3.2,0.5303,22999.4,178333.973,23143.125,-1803.2338,1963.2
centered_candidate_000142_a60ee5f4,centered-gaussian,5,5,0.2,1963,105,63,5718,3734.63,13199.8,1858,1337.6,36387.8,0.2,297.2,17.2,697.6,140153,3814,2482.4,414230.6,226.8,0,4.6,0.5701,31230.6,273551.2744,22957.4296,-1804.315,1963
centered_candidate_000128_b3269ba5,centered-gaussian,5,5,0.2,1962.8,93,78.6,5676.2,3650.0519,13419,1692,1588.2,36598,0.2,305.84,17.6,708,129482.6,3036,2687.2,381763.4,190.6,0,2.8,0.4868,20728.6,250748.1422,22599.5146,-1746.4259,1962.8
centered_candidate_000263_a0d51378,centered-gaussian,5,5,0.2,1961.4,62,54.4,5745.2,3748.5825,13209.2,1380,1259.2,36747.2,0.2,312.44,16.8,692.4,79665.4,3327,2446.4,232789.2,162,0,2.8,0.5125,20449.2,152051.0235,23141.2938,-1819.8913,1961.4
centered_candidate_000345_b880d424,centered-gaussian,5,5,0.2,1960,80,70.2,5705.4,3706.8438,13220.4,1629,1432.6,36406,0.2,307.86,17.2,693.8,173152.2,3508,2767.4,512801.2,186,0,3.2,0.5727,22882.2,338732.0847,22843.3735,-1783.2219,1960
centered_candidate_000004_01e6d57b,centered-gaussian,5,5,0.2,1959.6,155,71,5667.6,3690.3974,13328.6,2318,1492.6,36287.8,0.2,320.3,17.6,699,124775.4,4957,2715.4,366726.8,196.2,0,3.2,0.4595,22599.4,241060.4583,22758.7117,-1774.1987,1959.6
centered_candidate_000126_9ebfa91c,centered-gaussian,5,5,0.2,1958.8,126,50.8,5429.8,3083.9636,13742.8,2030,1164.4,36109.2,0.2,344.8,19.6,716.8,146685.2,4292,2500.6,427825.8,210.6,0,4.2,0.4747,27961.2,272493.5217,19544.7931,-1491.1818,1958.8
centered_candidate_000072_3a431b5c,centered-gaussian,5,5,0.2,1954.2,64,47.8,5428.6,3052.8536,13706.6,1365,1115.2,36257.6,0.2,343.1,19.2,715,138853.2,2830,2234.2,405576.8,185.8,0,3.4,0.4956,23546.8,257962.7904,19499.6585,-1478.6268,1954.2
centered_candidate_000383_32cbddd9,centered-gaussian,5,5,0.2,1954.2,82,61.8,5710.4,3739.978,13126.8,1671,1317,36335.2,0.2,298.82,16.8,692,219292,3028,2728,651892.8,195.2,0,3.8,0.5088,25827.4,432202.3411,23021.4787,-1808.189,1954.2
centered_candidate_000346_6451afc2,centered-gaussian,5,5,0.2,1953,120,44.6,5707,3737.1645,13047.6,1995,1013.6,36281.2,0.2,291.86,16.6,689,210941.2,4107,1726.2,627387.6,203.8,0,2.8,0.6353,21627,415881.9421,23009.8576,-1823.9823,1953
centered_candidate_000152_0502df16,centered-gaussian,5,5,0.2,1952,102,55.4,5406.4,3056.8789,13843.6,1928,1250,36231.4,0.2,342.14,19.6,724.8,113193.4,3809,2293,327930.4,193.6,0,3.6,0.5458,24812.2,206208.7194,19518.783,-1473.0394,1952
centered_candidate_000160_9773c0c2,centered-gaussian,5,5,0.2,1952,114,73.4,5371.6,3015.2939,13805.8,2025,1497,35784.8,0.2,347.32,20,721,165754.4,3912,2860,485580.2,224,0,4.6,0.4901,30430.2,312165.0188,19083.388,-1434.2469,1952
centered_candidate_000020_d41c394f,centered-gaussian,5,5,0.2,1951.6,68,59.2,5709.8,3728.8965,13150.4,1590,1313.6,36409.8,0.2,298.6,16.8,693.8,94094,3073,2684.2,276228.4,189.8,0,3.6,0.5338,25113.2,181566.5674,22966.7954,-1805.2482,1951.6
centered_candidate_000306_695b5a88,centered-gaussian,5,5,0.2,1951.4,303,48,5302.6,2979.0812,13676,3407,1098.6,35196.6,0.2,365.54,20,709.6,121247.4,8140,2185.4,349466.6,247.6,0,4.4,0.52,29290,219674.9768,18869.5761,-1441.5406,1951.4
centered_candidate_000401_f1319902,centered-gaussian,5,5,0.2,1950.2,85,61.2,5706.4,3748.9221,13003.6,1625,1306.6,36110,0.2,295.24,16.4,686.8,207865.6,3200,2570.8,617839.2,206.6,0,3.6,0.5383,25595.6,409754.3722,23007.8479,-1813.2611,1950.2
centered_candidate_000130_9c2221cf,centered-gaussian,5,5,0.2,1948.8,511,59.4,5250.8,3062.0096,13728.6,5023,1279.8,34818.2,0.2,348.8,20.4,709.8,131882.6,10591,2355.6,381641.2,203.2,0,4.2,0.5189,28342.4,244316.6899,19349.8034,-1471.6048,1948.8
centered_candidate_000502_0d01c55e,centered-gaussian,5,5,0.2,1948.8,116,48.6,5688.2,3717.2919,13109.4,1998,1150,36283.4,0.2,307.54,17,689.8,125850.4,3602,1949.4,371951.2,209.6,0,3.4,0.5814,24435,245245.04,22952.7287,-1810.0459,1948.8
centered_candidate_000308_3c4aaf53,centered-gaussian,5,5,0.2,1947.4,294,78.6,5327.4,3097.6368,13690.8,3222,1548.4,35186,0.2,359.68,20.2,705.6,100243.2,7440,3053,287525,194.6,0,3.8,0.5156,25908.2,181632.6946,19418.9241,-1470.2184,1947.4
centered_candidate_000114_05137c70,centered-gaussian,5,5,0.2,1946.2,255,59.2,5395.6,3181.8857,13562.4,3235,1268,35412.2,0.2,352.8,19.8,699.8,105561,8169,2380.6,304689.2,202.8,0,3.6,0.5626,24590.4,194249.0883,19919.857,-1531.7428,1946.2
centered_candidate_000500_d4c8413c,centered-gaussian,5,5,0.2,1946,91,83.8,5351.8,2998.3518,13799.8,1708,1628.4,35759.4,0.2,346.14,19.8,723.6,96126,3309,3026.8,276587,231.4,0,4.8,0.4881,31952,172507.4826,19012.5699,-1415.3759,1946
general_top10-average-phased_4d7ec302,top10-average-phased,5,5,0.2,1944.8,92,81,5584,3522.0454,13250.4,1714,1554,35923,0.2,314.74,18.2,690.8,130037.2,3407,2946.4,382442.6,194,0,4,0.5324,26842.2,250284.1698,21795.9467,-1680.0227,1944.8
centered_candidate_000098_59b88a97,centered-gaussian,5,5,0.2,1942.6,114,69.2,5388.2,3087.27,13742.2,1891,1466.8,35928.8,0.2,337.88,19.6,722.2,80361.4,3403,2674,229889.2,233.4,0,4.4,0.4977,30254.8,141983.5898,19532.7474,-1474.435,1942.6
centered_candidate_000290_dcedfa5d,centered-gaussian,5,5,0.2,1942.2,64,44,5715.6,3762.9355,12821.6,1429,978.2,36072,0.2,275.58,16,677.6,129748.2,2650,1503.8,385112.8,195,0,2.8,0.7183,22217.8,255023.761,23130.5813,-1837.4677,1942.2
centered_candidate_000407_7b32629b,centered-gaussian,5,5,0.2,1936.8,94,62,5651.8,3703.1676,13102,1703,1375.4,36174.2,0.2,295.32,16.8,692.2,110876.6,3847,2348.6,326591.4,190.4,0,3.4,0.6079,24088.6,215436.4102,22938.0244,-1789.5838,1936.8
centered_candidate_000272_2f6f5764,centered-gaussian,5,5,0.2,1936.4,153,50.4,5624.6,3666.5987,12989.8,2230,1201.4,35715.6,0.2,304.98,17,678.4,141508.8,4510,2303.8,418046.4,175.6,0,3.4,0.5818,23572.4,275957.7898,22487.4263,-1782.8993,1936.4
centered_candidate_000470_4877f150,centered-gaussian,5,5,0.2,1936.4,290,69.6,5352.2,3180.198,13582.4,3575,1445.2,35189.6,0.2,343.84,19.8,702.8,95217.2,8095,2800,273638.2,188.8,0,4.2,0.4263,26713.4,174199.0167,19903.3035,-1520.499,1936.4
search_candidate_000258_25e783fc,random-phased,5,5,0.2,1935.2,69,46,5692.6,3751.9179,12918.4,1508,1053.2,36231.4,0.2,284.68,16.2,680.2,120203.6,2530,1593.6,356508.2,160.8,0,2.8,0.6003,20400,235997.3374,23224.4391,-1829.959,1935.2
centered_candidate_000426_1e97461a,centered-gaussian,5,5,0.2,1934.8,74,58.2,5673.2,3732.6119,12948.2,1497,1261.6,36093.6,0.2,295.36,16.4,681.4,122403,2950,2520.4,361662.2,179.8,0,3.2,0.5853,22992.4,239045.2679,23069.3,-1808.106,1934.8
centered_candidate_000143_cbb13fbb,centered-gaussian,5,5,0.2,1932.4,355,162.6,5171.8,3031.1933,13777.8,3565,2384,34475.8,0.2,373.78,21,709,135942.4,8618,5116,392110.8,217.8,0,4.2,0.4623,27647.2,252363.2089,19161.9255,-1352.9966,1932.4
centered_candidate_000418_9f28c915,centered-gaussian,5,5,0.2,1930.6,78,59.4,4838.8,2309.8514,13530.2,1590,1269.8,32428,0.2,290.38,20.8,710.2,68484.6,3218,2355.6,177237.4,281,0,4.6,0.5762,32635.4,86650.7773,15021.2392,-1095.5257,1930.6
centered_candidate_000347_d2ccd2f4,centered-gaussian,5,5,0.2,1927.8,98,70.2,5607.2,3654.2599,13103.8,1933,1480.8,35878.2,0.2,309.72,17.2,686.8,137471,3557,2921.8,405669.2,175.8,0,2.8,0.5247,20777.4,267567.8631,22525.5471,-1756.9299,1927.8
centered_candidate_000203_8d672099,centered-gaussian,5,5,0.2,1927.4,59,53,5670.4,3740.3023,12851.8,1328,1210.6,36031.2,0.2,282.54,16,678.8,121661.4,2307,2120.8,360463.4,175.2,0,2.8,0.6619,21210.6,238619.9365,23151.1698,-1817.1511,1927.4
centered_candidate_000510_fe7661f1,centered-gaussian,5,5,0.2,1927.4,197,59.6,5276,2963.0157,13707.8,2608,1377.2,35332,0.2,364.7,19.8,716.2,120742.2,6497,2698.6,348710.8,242,0,4.8,0.5271,30968.4,219878.2798,18801.9045,-1421.9078,1927.4
centered_candidate_000148_055410bd,centered-gaussian,5,5,0.2,1927,64,54.8,5661.4,3730.0063,12936.8,1374,1265.4,36140.8,0.2,289.22,16.2,684.4,180171.4,2561,2310.4,535606.4,184.8,0,4,0.5508,26969.4,355288.3646,23126.8699,-1810.2031,1927
centered_candidate_000258_5d3c75f3,centered-gaussian,5,5,0.2,1926.8,66,54.8,5649.4,3703.1882,12921.4,1373,1211.6,36079,0.2,281.94,16.4,683.4,209006.8,2384,1969,622409.2,189.6,0,2.8,0.6634,21502.4,412856.2352,22929.7944,-1796.7941,1926.8
centered_candidate_000515_2e20a49c,centered-gaussian,5,5,0.2,1915.8,65,48.6,5299.2,2950.4239,13555.2,1290,1103.4,35745.8,0.2,341.72,19.2,712,105201.2,2819,2095.4,304067.6,231.8,0,5,0.5319,32419.8,189105.6173,19017.7381,-1426.612,1915.8
centered_candidate_000337_d1dacd17,centered-gaussian,5,5,0.2,1905.2,194,62.8,5258.2,3025.2248,13312.4,2794,1322.4,34634.2,0.2,355.88,19.6,688,111612.4,6745,2265.6,322794.4,232.6,0,4.2,0.5347,28822.8,204618.2877,19095.237,-1449.8124,1905.2
centered_candidate_000197_f7ccad21,centered-gaussian,5,5,0.2,1903.8,82,45,5590.8,3678.1428,12730.6,1597,1022.2,35674.8,0.2,282.5,16.2,670.6,83273,3033,1542.2,245387,178.2,0,3.2,0.6234,22983,161701.8344,22820.2301,-1794.0714,1903.8
centered_candidate_000093_fb262504,centered-gaussian,5,5,0.2,1901.2,110,53.6,5531.6,3592.7938,13022,1965,1219,35844.8,0.2,305.82,17,687.4,128071.2,3766,2425.8,377840.4,196.2,0,3.6,0.5041,25530.6,248929.2735,22444.1896,-1742.7969,1901.2
centered_candidate_000385_639f43e3,centered-gaussian,5,5,0.2,1893.8,86,58.4,5540.8,3639.1282,12747,1533,1286.2,35415.2,0.2,288.78,16.2,674.6,116293,3240,2321.4,343433.8,203,0,3.4,0.5702,24568.8,226890.4763,22554.172,-1761.1641,1893.8
centered_candidate_000239_c6b68509,centered-gaussian,5,5,0.2,1891,249,104,5208.2,3095.6326,13355.6,3296,1893.4,34249,0.2,343.34,19.8,693,140173.4,6374,3587.4,408833,222.2,0,4.2,0.5622,29039.8,264753.0505,19373.0776,-1443.8163,1891
centered_candidate_000178_94e9a439,centered-gaussian,5,5,0.2,1889,400,91,4769.4,2337.527,13591.6,4279,1733.8,31951.2,0.2,307.46,21.4,713.8,59545.8,8805,3577.4,156050.8,284.4,0,4.6,0.6045,33326.4,81966.0987,14728.842,-1077.7635,1889
centered_candidate_000244_c566c31e,centered-gaussian,5,5,0.2,1885.4,87,71,5287.4,3107.7692,13213.4,1602,1510.8,35001.2,0.2,334.58,19,686.6,131218.6,3289,2480.4,383977.4,198.8,0,3.2,0.6473,23150,246748.6898,19704.4382,-1482.8846,1885.4
centered_candidate_000371_54d121b1,centered-gaussian,5,5,0.2,1885,85,51.8,5523,3630.0348,12829.6,1748,1166.8,35674,0.2,290.3,16.2,678.2,135089.6,3328,2079,400069.2,161.6,0,2.8,0.6007,19944.4,264682.8676,22723.7262,-1763.2174,1885
centered_candidate_000369_edd66ba4,centered-gaussian,5,5,0.2,1877.6,79,33.8,5527.2,3640.2577,12514.4,1591,801.8,35284.2,0.2,276.96,15.8,658.2,83077.4,2901,1113.2,245491,164.6,0,3,0.6563,22247,161987.0446,22611.0812,-1786.3288,1877.6
search_candidate_000253_6720209e,random-phased,5,5,0.2,1868.4,268,50.2,5158,3019.0912,13108.6,3212,1138.4,34130,0.2,363.68,19.4,678,55999.8,8307,1898.8,156171.8,255.4,0,3.8,0.5816,26552.8,94964.2043,19044.1434,-1459.3456,1868.4
centered_candidate_000317_59031837,centered-gaussian,5,5,0.2,1864.6,659,59.4,4980.6,2996.9628,13313.2,6267,1186.6,33331.4,0.2,338.22,19.8,694,99749.4,13168,2372,285699.4,225.8,0,4.4,0.565,29584,183874.2341,19038.9817,-1439.0814,1864.6
centered_candidate_000268_2785da74,centered-gaussian,5,5,0.2,1861,64,49.8,5279,3152.0164,12908.2,1404,1097.2,34807.2,0.2,318.86,18,672.8,146205,2922,2100.6,430547,186.8,0,4,0.5213,26743.6,279611.9186,19896.7257,-1526.2082,1861
centered_candidate_000319_1d7f6bfd,centered-gaussian,5,5,0.2,1859.4,80,48.6,5411.6,3484.4574,12679.6,1617,1097,35003.6,0.2,310.8,16.8,665.6,71439.6,3061,1864,208470,205.4,0,2.8,0.6604,22065.8,135372.9087,21694.4827,-1693.6287,1859.4
centered_candidate_000388_666ac473,centered-gaussian,5,5,0.2,1856.4,85,59.4,5245.2,3130.6059,13034.8,1708,1281,34781.8,0.2,325.32,18.6,679,166396,3257,2535.2,490037.6,191.4,0,3.6,0.5555,25097.2,318413.7,19789.3779,-1505.903,1856.4
centered_candidate_000508_4071433b,centered-gaussian,5,5,0.2,1842.4,265,81.2,5197.4,3304.6912,12824.2,3331,1543.6,33786.4,0.2,329.14,18.4,662.8,69038,6909,3086.8,197448,179.4,0,4.4,0.4559,27522.4,127377.4451,20534.1056,-1571.1456,1842.4
centered_candidate_000430_b28e218d,centered-gaussian,5,5,0.2,1839.6,394,79.2,5085,3154.2028,12896.4,4242,1517.4,33327.2,0.2,337.42,19,665.2,137498.4,9536,2915.6,401177.6,195.8,0,3.4,0.4914,23928.8,262104.0074,19721.2362,-1497.9014,1839.6
centered_candidate_000118_3833fe0e,centered-gaussian,5,5,0.2,1830.6,142,85.6,5084.8,2992.4507,13060.2,2184,1657.6,34013.6,0.2,355.14,19.2,678.4,113699.6,5581,2904,330170.6,223.8,0,4.4,0.5725,29219.2,211890.1043,19052.4273,-1410.6254,1830.6
centered_candidate_000347_242a91b7,centered-gaussian,5,5,0.2,1829,59,28,5213.8,3113.3701,12596.2,1347,722.4,34428.6,0.2,303.6,17.8,656.8,105925.8,2338,916,311270.4,207.8,0,3,0.7738,24252.6,199926.0828,19812.3712,-1528.685,1829
centered_candidate_000245_32d53456,centered-gaussian,5,5,0.2,1826,301,149,4989.8,3070.9626,12980.6,3593,2220.2,32935.6,0.2,355.24,19.6,667,122462.4,7854,4740.8,354299.6,199.2,0,4.2,0.4985,27198.6,230378.433,19307.4895,-1386.4813,1826
centered_candidate_000406_b412d30a,centered-gaussian,5,5,0.2,1822.8,300,85.4,5113.6,3234.4123,12828.4,3568,1661.2,33545,0.2,344.58,18.2,664,146949.8,8369,3298.8,429972.2,175,0,3.4,0.5128,22868.6,281850.7353,20298.0427,-1531.8062,1822.8
centered_candidate_000129_0bec0ab2,centered-gaussian,5,5,0.2,1820.4,268,137.2,5061.2,3208.6105,12830.4,3259,2149.8,33155.6,0.2,353.54,18.8,660.6,100073.6,7172,4638.4,288442,193.8,0,3.4,0.4759,23098.4,187712.0203,20134.4084,-1467.1052,1820.4
centered_candidate_000511_50f60fb2,centered-gaussian,5,5,0.2,1820.2,76,59.4,5164.6,3113.7779,12783.4,1486,1300.6,34318.8,0.2,323.78,18.2,664.4,116691.4,2841,2600.2,341971.6,178.8,0,3.8,0.5288,25684.6,221268.8377,19768.9977,-1497.4889,1820.2
centered_candidate_000409_380822cc,centered-gaussian,5,5,0.2,1813.4,79,53,5146.2,3097.9486,12670,1595,1237.8,33975.4,0.2,320.42,18.2,658.4,132159.8,3172,2105.8,388423.8,199,0,2.8,0.6057,21159.4,251686.4835,19530.5858,-1495.9743,1813.4
centered_candidate_000420_236479f6,centered-gaussian,5,5,0.2,1812.8,182,122.8,5085.2,3174.3412,12783.4,2659,2015,33383.2,0.2,339.76,18.4,660.8,110663.6,6127,3878.6,321531.6,174,0,3.6,0.401,23481.4,209166.5115,19895.8716,-1464.3706,1812.8
centered_candidate_000243_8359172c,centered-gaussian,5,5,0.2,1808.8,91,70.6,5177.4,3235.0555,12525.2,1665,1497.4,33785.4,0.2,320,17.6,650.6,102888.6,3248,3128.4,300777.2,192.8,0,3.4,0.547,23917.2,195598.4983,20317.6998,-1546.9278,1808.8
centered_candidate_000375_278e7a90,centered-gaussian,5,5,0.2,1808.6,337,127.8,4983.8,3121.9699,12818,3588,2074.2,32901.6,0.2,356.16,19.2,658.8,136482.8,8326,4737.8,396569.8,204.2,0,3.4,0.5366,24197.6,259145.3576,19664.5929,-1433.185,1808.6
centered_candidate_000005_4b93646b,centered-gaussian,5,5,0.2,1807.4,246,98.2,5079.6,3211.7548,12715.4,3265,1748.6,33267.4,0.2,339.76,18.2,658,79158.6,7143,3751.8,226769.6,182,0,3,0.5326,21382.2,146333.39,20101.5323,-1507.6774,1807.4
centered_candidate_000505_349d19e1,centered-gaussian,5,5,0.2,1805.4,224,48.8,5047,3026.1795,12706,2734,1105,33588.4,0.2,329.06,18.8,657.6,85560,5978,1610.8,247610.4,208,0,4.2,0.591,27794.2,157904.2905,19208.7721,-1464.2898,1805.4
centered_candidate_000011_037ceff4,centered-gaussian,5,5,0.2,1805,126,91.8,5101.6,3151.5963,12764.8,2161,1670,33793.6,0.2,320.32,18.2,667.6,86066.4,4197,2977,249502.6,201.2,0,3.6,0.5326,25088.4,160884.193,19920.6953,-1483.9981,1805
centered_candidate_000464_bbaebc3f,centered-gaussian,5,5,0.2,1804,63,54.4,5285,3463.5754,12233,1359,1217.4,33990.2,0.2,294.5,16,639.6,112277.2,2561,2307.4,331660.8,164.2,0,3.4,0.4836,23283.8,218807.6883,21513.4317,-1677.3877,1804
centered_candidate_000163_7579e89d,centered-gaussian,5,5,0.2,1803.2,95,62,5178,3256.2686,12457.8,1697,1312.2,33803.8,0.2,315.8,17.6,648,62878.4,3357,2548.8,181394.8,208.8,0,4.2,0.5411,28645,116309.4579,20434.2046,-1566.1343,1803.2
centered_candidate_000082_ff0d6107,centered-gaussian,5,5,0.2,1802.8,259,130.2,4984.2,3100.6908,12774,3306,1912.6,32910.4,0.2,352.62,19,658.6,146319.4,6749,4232.2,427347.6,211.2,0,4.4,0.4522,28668.4,279616.1278,19511.5328,-1420.1454,1802.8
centered_candidate_000373_c2394d23,centered-gaussian,5,5,0.2,1802,263,110.2,5001,3095.1746,12914.2,3112,1989.6,33326.2,0.2,349.14,19,669.8,95601.8,7057,3902.6,275267.8,199.8,0,4.2,0.4719,27155,177834.2159,19611.2065,-1437.3873,1802
centered_candidate_000219_7f43e35d,centered-gaussian,5,5,0.2,1800,199,139.2,5024.8,3149.6555,12856.6,2695,2279.8,33203.6,0.2,324.34,18.4,673.6,114461.4,5601,4623.4,332532.4,199.4,0,3,0.5752,22405.2,216761.3001,19654.2861,-1435.6278,1800
centered_candidate_000167_7fd99bd6,centered-gaussian,5,5,0.2,1799.2,415,57.6,4952,3029.8607,12827.8,4344,1218,33108,0.2,334.08,18.6,669.6,93250.8,9105,2240.4,268949.8,213,0,4,0.5127,26935,173308.5489,19215.8699,-1457.3303,1799.2
centered_candidate_000334_9a44bfc6,centered-gaussian,5,5,0.2,1798.6,160,67.6,5097.4,3160.8356,12509,2484,1426.8,33221.8,0.2,335.12,18,645.4,110400.2,5189,3191,322030.2,194.8,0,3.2,0.4918,22459.4,209694.9858,19758.5573,-1512.8178,1798.6
centered_candidate_000290_4f74a63f,centered-gaussian,5,5,0.2,1797.8,342,188,4846.6,2989.745,12891.6,3802,2550.4,32173.2,0.2,351.5,19.8,666.2,111092.8,8000,5190.6,319799.2,237.8,0,4.8,0.5263,31749.6,207592.6695,18796.5602,-1306.8725,1797.8
centered_candidate_000441_1807515a,centered-gaussian,5,5,0.2,1797,206,84.4,5095.8,3252.9864,12467.2,2737,1493.6,33156.4,0.2,337.58,17.6,643.4,81394.8,7011,3070.6,234489.8,183.6,0,3.6,0.4981,24287.8,152301.2783,20337.6299,-1542.0932,1797
centered_candidate_000497_84e5bf0f,centered-gaussian,5,5,0.2,1796.4,342,148.6,4920.4,3089.1619,12798.2,3637,2299.8,32545.4,0.2,358.16,19,659,96056.2,7946,4924.4,275337.4,196.4,0,3.4,0.5062,23597.8,178632.4032,19477.9946,-1395.9809,1796.4
centered_candidate_000246_560bdbd7,centered-gaussian,5,5,0.2,1795.6,145,84.2,5097,3184.5914,12541.4,2238,1632.8,33361,0.2,323.26,18,651.2,117313.6,4749,2946.4,343442.4,202.8,0,4.2,0.4961,28532.8,224078.0535,19977.9553,-1508.0957,1795.6
centered_candidate_000378_2cdb82e1,centered-gaussian,5,5,0.2,1792.4,205,116.6,5000.6,3113.3172,12744.2,2911,1885,33078.8,0.2,342.92,18.4,663.2,92051.8,7678,3817.2,264641.4,210.8,0,5,0.4143,31428,171417.4899,19641.4606,-1440.0586,1792.4
centered_candidate_000172_97089e9d,centered-gaussian,5,5,0.2,1792,334,117.2,4940,3092.1037,12638.2,3602,1881,32524.4,0.2,362.34,18.8,647.8,120647,8497,4173.6,349370.2,205,0,3.4,0.5596,24107.2,227509.4288,19442.1202,-1428.8519,1792
centered_candidate_000191_14e30a55,centered-gaussian,5,5,0.2,1791.4,104,48.2,5170.6,3281.4272,12341.4,1976,1081.6,33666.4,0.2,312.92,17,643.6,103658.8,3514,1924.2,304596.4,199.8,0,4.4,0.4532,28523.6,198895.3039,20540.0289,-1592.5136,1791.4
centered_candidate_000118_229f950e,centered-gaussian,5,5,0.2,1789,288,64,5046.6,3196.0977,12568.6,3400,1389.2,33239.8,0.2,327.46,18,652.2,125076.8,6878,2584.2,366344.2,188.6,0,3.4,0.5649,23856,240075.1757,20177.6388,-1534.0488,1789
centered_candidate_000246_1ad9b075,centered-gaussian,5,5,0.2,1789,119,99.4,5116.8,3276.212,12447.4,1980,1843.8,33250.2,0.2,321.12,17.4,649.2,78864,4035,3563.2,228296,206.4,0,4.2,0.5195,28522.4,148196.807,20375.6634,-1538.706,1789
centered_candidate_000364_c79eaedc,centered-gaussian,5,5,0.2,1788.8,78,43.4,5142.4,3192.0903,12377.6,1568,1013.8,33802,0.2,306.02,17.2,644.8,101468,2988,1658.2,298150.8,181,0,3.6,0.5195,24688.8,193850.1756,20154.3784,-1552.6452,1788.8
centered_candidate_000029_4c6abddb,centered-gaussian,5,5,0.2,1786,89,45.2,5223.6,3419.1235,12182.4,1537,1082.2,33880.8,0.2,285.6,15.8,640.6,73017.8,3156,1710.2,214277.8,164.8,0,2.6,0.5698,19614,140787.9589,21477.605,-1664.3617,1786
centered_candidate_000493_a9c5fb3a,centered-gaussian,5,5,0.2,1784,279,58.8,5030.6,3169.1949,12473.2,3099,1309.8,33071.6,0.2,331.1,18,647.2,103813.8,7243,2358.8,302367.6,218,0,4.4,0.5177,28692.6,197217.9641,19924.0039,-1525.7974,1784
centered_candidate_000144_6f6d7841,centered-gaussian,5,5,0.2,1783.6,192,89,5050.6,3208.963,12564.8,2805,1649.8,33157.4,0.2,338.34,18,653.4,102940.6,6298,3547.2,298787.8,215.6,0,4.4,0.4415,28857,194847.2752,20156.9034,-1515.4815,1783.6
centered_candidate_000298_2868e281,centered-gaussian,5,5,0.2,1783.6,88,60.6,5200.4,3403.2614,12300.2,1773,1401.4,33732.4,0.2,299.28,16.2,646.4,86874.6,3303,2895.4,254372.2,173,0,4,0.4611,26241.4,167238.602,21309.0376,-1641.0307,1783.6
centered_candidate_000435_433604df,centered-gaussian,5,5,0.2,1780.8,283,80.6,4987.2,3141.7516,12616,3303,1486.6,33077.2,0.2,340.14,18.2,656.2,77662.2,7301,3178.2,222590.4,214.4,0,4.4,0.4674,29119,143546.7097,19879.7123,-1490.2758,1780.8
centered_candidate_000026_e84da730,centered-gaussian,5,5,0.2,1780,119,67,5087.6,3187.1179,12343.4,1977,1331.4,33277,0.2,312.78,17.6,639.6,89063.6,3799,2359,259891.2,186,0,3.8,0.5321,25887.4,168430.1736,19990.6528,-1526.5589,1780
centered_candidate_000295_3efd1561,centered-gaussian,5,5,0.2,1778.8,231,131.4,4947.8,3100.7363,12639.6,2958,2056.2,32744,0.2,357.68,18.6,650.6,106500,7331,4627.2,307344.2,193.2,0,3.6,0.4792,24302.8,199735.459,19591.0967,-1418.9682,1778.8
centered_candidate_000338_e6e5daf1,centered-gaussian,5,5,0.2,1777.8,391,82,4866,2952.1164,12666.6,4172,1540.8,32477.2,0.2,337.44,19.2,656.6,67940.4,9464,2961.8,192073.8,238.4,0,4.8,0.5779,31883.6,122036.7833,18881.8924,-1394.0582,1777.8
centered_candidate_000448_8da953d5,centered-gaussian,5,5,0.2,1776,124,103.2,5036,3160.7635,12517.4,2157,1843.4,33120,0.2,321.86,17.8,652.2,147621.2,4153,3455,434363.4,191.2,0,3.6,0.5358,25063,285177.2779,19896.2009,-1477.1817,1776
centered_candidate_000140_1a5836a6,centered-gaussian,5,5,0.2,1775.4,110,62.2,5129.4,3296.7026,12353.2,1955,1352.6,33580,0.2,305.12,17,647.6,64608.4,3586,2227.6,187550.2,196.8,0,3.6,0.4957,26210.4,121715.8828,20726.1702,-1586.1513,1775.4
centered_candidate_000513_4af88b9c,centered-gaussian,5,5,0.2,1773.8,121,94.8,5060.4,3214.5326,12487.4,2159,1671.6,33354.4,0.2,325.1,17.6,648.4,107489,4929,3293.4,313742.2,166.6,0,3,0.5288,21831.4,204852.0355,20310.7977,-1512.4663,1773.8
centered_candidate_000189_f9475a99,centered-gaussian,5,5,0.2,1773.6,152,81.6,5061,3221.966,12534.2,2325,1626.6,33415.2,0.2,322.24,17.6,653,80710.4,4837,3241.8,233505.6,168.8,0,2.2,0.6223,17746.2,151303.4303,20320.8286,-1529.383,1773.6
centered_candidate_000065_686fca0d,centered-gaussian,5,5,0.2,1773.2,251,55.2,5023.4,3171.4381,12465.8,3074,1285.4,33189.4,0.2,336.58,17.6,646.2,126485.6,7325,2678.2,369962.8,181.2,0,3.6,0.4498,24619.4,241961.1787,20110.1383,-1530.5191,1773.2
centered_candidate_000048_b5913066,centered-gaussian,5,5,0.2,1773,113,59.4,5120,3281.6813,12364.8,2075,1260.4,33646,0.2,315.32,16.8,647,63725.2,3731,2561.2,184281.4,181.4,0,4,0.5541,26906.4,119109.6176,20739.1586,-1581.4407,1773
centered_candidate_000455_f6f134fa,centered-gaussian,5,5,0.2,1770.6,319,103,4925.2,3108.3038,12590.2,3591,1862,32592.8,0.2,345.74,18.4,650.6,93058.8,7561,3743,268321.4,190.2,0,3.8,0.5068,25540.8,174251.6879,19658.5347,-1451.1519,1770.6
centered_candidate_000458_1d838158,centered-gaussian,5,5,0.2,1770.4,213,73.2,4997.8,3124.7159,12538.8,2873,1439.8,33127.8,0.2,338.16,18,652,130004.6,6411,2995,380446.4,206,0,3.8,0.514,26010.6,248542.1017,19714.5793,-1489.1579,1770.4
centered_candidate_000101_1f4fa992,centered-gaussian,5,5,0.2,1769.8,99,71,5064.8,3178.8981,12337.8,1885,1460.2,33122.2,0.2,316.72,17.4,641.6,116728.6,3573,3027,342322.4,190.2,0,3.6,0.4901,24916.6,223593.0446,19905.9707,-1518.4491,1769.8
centered_candidate_000087_f727f1bf,centered-gaussian,5,5,0.2,1767.6,244,56.8,5025.4,3207.1254,12353.2,3045,1284.6,32959.2,0.2,335.9,17.6,642.2,87305,7341,2338.6,253026.8,227,0,4,0.5089,27532.2,164553.6206,20170.1341,-1546.7627,1767.6
centered_candidate_000175_2f404dda,centered-gaussian,5,5,0.2,1765.4,206,42.8,5044,3197.6575,12311.2,2740,961.2,33271,0.2,322.2,17.2,639,96444.2,6303,1709.4,281575.2,176.2,0,3,0.5522,21953.6,183469.4049,20233.0985,-1556.0287,1765.4
centered_candidate_000152_b23eae9a,centered-gaussian,5,5,0.2,1763.6,142,81.4,5027.2,3188.8647,12375.2,2280,1549.4,33006.2,0.2,320.9,17.6,644.4,77065.2,4379,2946,223032.8,200.6,0,3.6,0.5558,25135.8,144367.3222,20038.048,-1513.0323,1763.6
centered_candidate_000063_b5991a11,centered-gaussian,5,5,0.2,1761.8,321,74.8,4912,3088.6476,12415.8,3435,1311,32574.8,0.2,349.72,18.4,639.6,99361,7785,2752,287401.8,221.6,0,5,0.5365,31366.4,186379.3427,19588.3597,-1469.5238,1761.8
centered_candidate_000043_2ab92c38,centered-gaussian,5,5,0.2,1760.6,114,65.6,5086.4,3284.2046,12240.8,2058,1370.6,33190.4,0.2,315.68,16.8,637.2,119171.8,4057,2617.6,350531.8,171.6,0,3.4,0.5675,23432.8,230435.5672,20570.7208,-1576.5023,1760.6
centered_candidate_000159_609022b7,centered-gaussian,5,5,0.2,1758.8,151,66.8,5038.4,3211.9813,12334.6,2317,1365.6,33185.8,0.2,315.68,17.4,642,100460.2,4635,2775,293531.8,181.8,0,3.4,0.4817,23864.8,191602.1405,20267.2148,-1539.1906,1758.8
centered_candidate_000135_2ef942af,centered-gaussian,5,5,0.2,1758.6,215,70.4,5002.6,3196.2522,12415.2,2698,1534.4,33054,0.2,327.4,17.4,647,82213.6,5935,2938.2,238187.2,183.8,0,3.6,0.4934,24295.6,155160.6304,20193.5495,-1527.7261,1758.6
centered_candidate_000167_577f8844,centered-gaussian,5,5,0.2,1758.6,162,64,4998.8,3119.1164,12380.2,2413,1287,33164.8,0.2,333.16,17.6,643.4,108052.2,4971,2501.6,315948,200.6,0,4.4,0.4672,28690.4,205665.4201,19871.4509,-1495.5582,1758.6
centered_candidate_000368_29c2c7f8,centered-gaussian,5,5,0.2,1758.6,131,63.8,5053.6,3228.005,12280.6,2221,1374.4,33118.4,0.2,313.78,17.4,637.8,135776.2,3891,2451,400182,181,0,3.2,0.5782,22711.2,262719.722,20316.0169,-1550.2025,1758.6
centered_candidate_000384_60af6768,centered-gaussian,5,5,0.2,1758.6,185,49.2,5042.8,3224.0546,12266,2729,1078.8,33115.8,0.2,330.7,17,637,77062.2,6959,1866,222948.8,185.4,0,3.6,0.5502,24231.6,144481.5791,20346.8357,-1562.8273,1758.6
centered_candidate_000338_ed664359,centered-gaussian,5,5,0.2,1758.2,244,119.6,4925.6,3142.45,12531.6,3072,2110,32511.4,0.2,355.36,17.8,647.8,109941.8,6747,4964.2,318183.2,169.2,0,3.6,0.4525,23754.4,207926.6027,19803.181,-1451.625,1758.2
centered_candidate_000275_d4d57196,centered-gaussian,5,5,0.2,1758,331,99.6,4862.6,3026.4765,12569,3681,1790.8,32393.6,0.2,347.94,18.6,652.2,92697.8,7696,3681.6,266704.4,226.2,0,4,0.5045,27509.8,172171.9869,19206.9924,-1413.6382,1758
centered_candidate_000260_b3f7bda1,centered-gaussian,5,5,0.2,1756.4,116,89.8,5009.2,3162.0947,12351.8,1979,1728,32918.2,0.2,318.16,17.4,643.4,88382,3871,3460.4,256770.6,182.6,0,4,0.5199,26253,166672.5568,19828.2788,-1491.2473,1756.4
centered_candidate_000317_08332534,centered-gaussian,5,5,0.2,1756.4,78,68.6,5084.2,3267.2667,12209.8,1554,1505.2,33234.6,0.2,313.78,17,634.4,104938.8,3237,2515.6,308224,175,0,3.4,0.5393,23603,201690.4216,20515.605,-1565.0334,1756.4
centered_candidate_000176_e7206bde,centered-gaussian,5,5,0.2,1756,172,126.4,4964.2,3187.6871,12459.4,2567,2106.4,32685,0.2,334.98,17.8,647.6,79888.2,5499,4065.8,230006.6,190.6,0,3.2,0.5004,22828.8,149496.7993,20065.0534,-1467.4436,1756
centered_candidate_000339_336e0285,centered-gaussian,5,5,0.2,1755.4,163,67.4,5028.8,3217.3322,12248.6,2519,1383,32939.4,0.2,324.2,17.2,638,61537.6,5148,2521.6,177017.8,209,0,3.8,0.6261,26845.8,114325.6375,20304.8398,-1541.2661,1755.4
search_candidate_000434_f8f51bef,random-phased,5,5,0.2,1755,126,68,5041,3217.3406,12346.4,2006,1504.4,33285.6,0.2,322.74,17.2,645.6,44150.2,4133,2844.6,124797.8,200.4,0,3.8,0.4594,25980.6,79172.7138,20409.8507,-1540.6703,1755
search_candidate_000384_1196bcfb,random-phased,5,5,0.2,1753,86,60.6,5114.6,3354.0275,11955,1577,1328,32996.2,0.2,291.06,15.8,625,52194.6,2703,2440.2,151370.6,166.4,0,3.4,0.574,24014.4,98986.5693,20989.3104,-1616.4137,1753
centered_candidate_000374_36e308bc,centered-gaussian,5,5,0.2,1752.6,95,71,4994.2,3094.5634,12410.2,1731,1529.2,33161.6,0.2,321.46,17.6,649.2,83915.2,3471,2942.6,243467.2,206.4,0,4,0.4747,26959.4,156711.0138,19567.9666,-1476.2817,1752.6
centered_candidate_000204_7b339448,centered-gaussian,5,5,0.2,1751.6,150,89.6,4963.6,3109.2788,12453,2171,1655.4,33099,0.2,326.22,17.8,647.8,99819,4477,3176.2,290806.8,177.6,0,3.2,0.5489,22675,188878.1153,19780.119,-1465.0394,1751.6
centered_candidate_000079_defe3dc7,centered-gaussian,5,5,0.2,1751,117,92.8,4984.6,3142.3499,12288.6,2056,1733,32677.2,0.2,319.18,17.6,639.8,77066.4,3921,3163.8,223138.4,208.4,0,3.6,0.5405,25229,144440.002,19731.7749,-1478.3749,1751
centered_candidate_000187_1abeb61f,centered-gaussian,5,5,0.2,1751,253,69.8,4942.6,3128.8229,12309.2,2869,1408.2,32692,0.2,328.96,17.6,640,93726.4,7000,2321,272367,209.6,0,4,0.577,27527,177254.7025,19831.4668,-1494.6115,1751
centered_candidate_000394_27be328f,centered-gaussian,5,5,0.2,1749.2,106,84.2,5011,3183.5813,12187.4,1878,1619.4,32756.6,0.2,320.78,17.2,630,144889.8,3881,3014.2,426849,166.4,0,3,0.5681,21983.8,280368.5525,20055.7156,-1507.5907,1749.2
centered_candidate_000320_a3344210,centered-gaussian,5,5,0.2,1747.6,109,87.2,5007.2,3192.4317,12143.8,1914,1610.4,32645.6,0.2,314.92,17.2,631.6,93453.2,3687,3099.2,272817.2,207,0,4.4,0.477,29203.6,177951.9925,19973.6066,-1509.0159,1747.6
centered_candidate_000220_74b8042a,centered-gaussian,5,5,0.2,1746.6,194,73.8,4975.6,3191.4505,12250.2,2631,1342.8,32778,0.2,322.94,17,637.6,72171,6028,2387.6,208412,176.4,0,3.6,0.5947,24434.8,135440.8102,20114.9703,-1521.9252,1746.6
centered_candidate_000104_70e40d8c,centered-gaussian,5,5,0.2,1743.8,146,73,4959.8,3108.0438,12286.6,2302,1499,32750,0.2,319.34,17.6,637.6,138695.8,4319,2940.2,407839.4,179.4,0,3.4,0.5594,23546.6,267062.7722,19680.9062,-1481.0219,1743.8
centered_candidate_000021_df668346,centered-gaussian,5,5,0.2,1743.6,80,54.8,5044.4,3219.9971,12151.6,1629,1200.2,33184.8,0.2,304.6,16.8,635.8,91868.8,3149,1980.8,269670.6,192.2,0,3.6,0.5761,25811,176203.0581,20291.563,-1555.1985,1743.6
centered_candidate_000484_fe75b37a,centered-gaussian,5,5,0.2,1743.4,138,84.8,4977.6,3167.5736,12241.4,2336,1618.6,32645.8,0.2,336.6,17.4,633,119257,5423,3268.2,348733,184.8,0,3.6,0.458,24293.4,227943.0445,19894.9465,-1498.9868,1743.4
centered_candidate_000216_fa18f08f,centered-gaussian,5,5,0.2,1742.6,197,59.2,4973.2,3173.9839,12187.2,2838,1256,32573.4,0.2,332.64,17,631.6,177548.8,7277,2644.4,523471.2,180.2,0,3.6,0.4911,24206.4,344994.8722,19906.1485,-1527.792,1742.6
centered_candidate_000064_04d0cabe,centered-gaussian,5,5,0.2,1740.4,111,72,5006.6,3202.4279,12230.2,1822,1488.6,33082.4,0.2,308.24,17,640,101590,3494,2838,297803,185.2,0,4,0.5144,26892.4,194947.5677,20287.0895,-1529.2139,1740.4
centered_candidate_000017_a814aa4d,centered-gaussian,5,5,0.2,1739.2,201,83.2,4914.8,3104.178,12360.8,2787,1562.2,32669.8,0.2,327.92,17.8,643,87250.8,5735,3006.4,252712,194.2,0,3.4,0.5259,23649.8,164036.8065,19757.5501,-1468.889,1739.2
centered_candidate_000483_c460b079,centered-gaussian,5,5,0.2,1738.8,109,67.8,4972.8,3120.3211,12187.2,1944,1420,32703.6,0.2,322.62,17.4,633,203764.2,3818,2805.6,603237.4,201,0,3.6,0.5539,25058.8,397132.4256,19619.6799,-1492.3605,1738.8
centered_candidate_000049_431afe20,centered-gaussian,5,5,0.2,1738,93,70,4997.2,3173.0593,12192.4,1748,1471,32930.4,0.2,317.54,17,634.8,97854.6,3569,3208.4,285792.8,177,0,3,0.538,21836.4,186361.0655,20050.224,-1516.5296,1738
centered_candidate_000215_a93d8883,centered-gaussian,5,5,0.2,1737.6,120,86.2,4958.6,3137.66,12210.6,1957,1699.2,32625.8,0.2,323.68,17.6,631.8,117413.6,3676,3249.4,344205.2,184,0,3.4,0.5038,23401.2,224974.6583,19831.6495,-1482.63,1737.6
centered_candidate_000206_b3346207,centered-gaussian,5,5,0.2,1736.6,124,61.6,4991.6,3184.1639,12152.2,1996,1322.8,32873.2,0.2,310.86,17,631.4,160882.4,3890,2521.2,475549.2,163.8,0,2.6,0.5673,19511,313224.9869,20104.5208,-1530.482,1736.6
centered_candidate_000044_d8727784,centered-gaussian,5,5,0.2,1736.4,94,49.6,5011,3176.9835,12031.4,1872,1090.6,32798.4,0.2,318.78,16.6,627,113741.2,3697,2152.4,334474.4,205,0,4.2,0.4899,27622.8,218763.1925,19968.1674,-1538.8918,1736.4
centered_candidate_000340_279383f8,centered-gaussian,5,5,0.2,1736.2,124,75.6,4967,3157.9632,12283.4,2247,1544.2,32808.8,0.2,328.3,17.2,640.4,169184.6,4683,3120,499111.6,186.8,0,4.2,0.4655,26724.8,328481.7697,19958.1581,-1503.3816,1736.2
centered_candidate_000389_696b840e,centered-gaussian,5,5,0.2,1735.8,205,62.6,4958.8,3189.8287,12122.8,2598,1314,32565.8,0.2,329.18,17,628.2,98278.2,5855,2516.6,286798.4,185.6,0,3,0.4833,21333.2,187681.3501,20110.0299,-1532.3143,1735.8
centered_candidate_000372_891013a6,centered-gaussian,5,5,0.2,1735.4,93,87.6,4994.4,3211.8921,12071.2,1681,1613.6,32626.4,0.2,311.68,16.6,630,87944.2,3334,3087.6,256598.8,188.8,0,3.8,0.5195,25620.6,167327.8093,20096.4919,-1518.346,1735.4
centered_candidate_000399_d072c76b,centered-gaussian,5,5,0.2,1735,110,57.6,4996.2,3184.6855,12057.6,2065,1124.6,32760.8,0.2,316.54,16.8,627.6,116603.6,4054,2004,342959.4,197.6,0,3.4,0.5252,23876.8,224524.1411,20040.2325,-1534.7428,1735
centered_candidate_000398_b38db7d7,centered-gaussian,5,5,0.2,1734.8,192,75.4,4917.2,3112.3384,12242.2,2724,1539,32397,0.2,335.08,17.6,634.4,78719.2,6667,2961.2,226740,199.2,0,4.2,0.4593,27474,147119.6516,19695.8802,-1480.7692,1734.8
centered_candidate_000444_a6e0c164,centered-gaussian,5,5,0.2,1733.6,278,41.6,4917,3121.9735,12177.8,3240,986,32649.4,0.2,331.46,17.4,628.4,115644,7894,1670.8,338356.6,171,0,3.2,0.5957,22744,221270.0668,19932.94,-1519.3868,1733.6
centered_candidate_000304_5cf3964d,centered-gaussian,5,5,0.2,1733,85,66.4,5040,3288.5948,12045.2,1732,1450.8,32877,0.2,299.42,16.2,631,135284.4,3723,2852.4,399306,168.6,0,3,0.5385,21847.4,263690.3441,20612.1816,-1577.8974,1733
centered_candidate_000082_953c0c5b,centered-gaussian,5,5,0.2,1731.8,156,85.2,4947.8,3181.0558,12233.2,2435,1600.2,32660.2,0.2,323.34,17,640.4,62377.4,5843,2783.6,178896,201.2,0,3.8,0.5159,25905.2,115774.8368,20107.9488,-1505.3279,1731.8
centered_candidate_000149_64495799,centered-gaussian,5,5,0.2,1731.8,115,94,4954.8,3168.9043,12232,2013,1763,32681.2,0.2,321.96,17.2,636.4,94975,3806,3596,276756.8,173.4,0,3,0.5555,21713.6,180539.7203,20024.1361,-1490.4521,1731.8
centered_candidate_000495_8dd10af9,centered-gaussian,5,5,0.2,1731.2,116,59,4989.4,3189.2587,11998.6,2012,1295.4,32548.4,0.2,314.98,16.8,621.8,105863.2,4028,2528,310485.4,181.6,0,3.6,0.498,24259.6,203155.5888,20002.5678,-1535.6294,1731.2
centered_candidate_000014_f8c1648d,centered-gaussian,5,5,0.2,1731,94,83.2,5000,3241.6975,12162.6,1806,1677.6,32877.2,0.2,319.7,16.6,636.8,85135.8,3758,3261.2,248053.4,188.4,0,3.8,0.463,25560.4,162234.1381,20465.337,-1537.6487,1731
centered_candidate_000277_66d2dd8a,centered-gaussian,5,5,0.2,1730.2,126,89.8,4962.2,3199.7084,12095.4,2067,1727.8,32390.6,0.2,321.62,17,628.6,112773.6,4279,3454,330290.4,192.6,0,3.6,0.5474,24810,216709.9315,20014.594,-1510.0542,1730.2
centered_candidate_000106_25735ab2,centered-gaussian,5,5,0.2,1730,128,68.6,4996.8,3249.1634,12160,2133,1448.2,32925.8,0.2,306.3,16.4,638.4,76948,4539,2880,223518.4,168.8,0,3,0.5727,21293.2,146192.6735,20577.0135,-1555.9817,1730
centered_candidate_000050_74d206ae,centered-gaussian,5,5,0.2,1729,161,88.8,4926.4,3158.073,12148.6,2364,1600.6,32430.6,0.2,330.3,17,630.6,86079.4,4781,3248,249963.4,181.4,0,3,0.4969,21223.6,162982.2305,19956.4434,-1490.2365,1729
centered_candidate_000353_fb0399dc,centered-gaussian,5,5,0.2,1728.4,92,42.4,4986,3140.7259,12116.4,1786,1039,33112.6,0.2,314.3,16.8,631,138545,3600,2154.4,408847.4,171,0,4,0.4742,26059.8,268078.1165,20070.9081,-1527.9629,1728.4
centered_candidate_000258_921f9900,centered-gaussian,5,5,0.2,1727.8,163,68.4,4921,3104.9937,12087.6,2390,1384.4,32344.2,0.2,324.26,17.4,626.4,92651.8,5065,2906.8,269595,207,0,3.8,0.5301,26123.6,175489.6872,19640.5098,-1484.0969,1727.8
centered_candidate_000251_1826a1b2,centered-gaussian,5,5,0.2,1727.4,120,75.4,4967.2,3190.0073,12182.8,1910,1537.8,32897.6,0.2,312.92,17,638.4,75166,3501,2803.2,218606,200.2,0,3.8,0.6044,26659.8,142223.0343,20262.8237,-1519.6037,1727.4
centered_candidate_000426_8fd00aa0,centered-gaussian,5,5,0.2,1727.2,121,96,4919.4,3117.4743,12200.8,2093,1767.2,32424.6,0.2,319.58,17.6,634.6,79812.2,4041,3309.8,231253.4,200.8,0,3.8,0.4953,25560.2,149965.0472,19635.0249,-1462.7372,1727.2
centered_candidate_000046_321f6798,centered-gaussian,5,5,0.2,1726.6,85,60.8,4967,3136.2764,12048,1656,1325.6,32616.2,0.2,313.06,17.2,627.2,71930.8,3320,2442.8,208626.4,213.6,0,3.6,0.6016,26212.6,134434.1084,19702.5712,-1507.3382,1726.6
centered_candidate_000214_12e9f898,centered-gaussian,5,5,0.2,1726.6,93,58.2,4954,3110.655,12164,1627,1234.2,33032,0.2,310.68,17,636.2,90187.2,3227,2072.8,263887.8,188.8,0,3.6,0.513,24669.6,171307.2196,19942.4321,-1497.1275,1726.6
centered_candidate_000085_4523435e,centered-gaussian,5,5,0.2,1726,91,62.8,4939,3082.4978,12146,1753,1386.2,32660,0.2,321.48,17.2,633.8,98126.4,3654,2882,286562.8,211.6,0,4,0.4913,27131.2,186297.9829,19514.7915,-1478.4489,1726
centered_candidate_000123_6eb32993,centered-gaussian,5,5,0.2,1725.8,205,50.2,4899.2,3066.9247,12077.2,2839,1189.2,32205.6,0.2,328.18,17.4,625.8,125425.8,6050,2411,367738.6,213.8,0,4,0.5057,27355.6,240407.0673,19350.4603,-1483.2623,1725.8
centered_candidate_000404_01801ee5,centered-gaussian,5,5,0.2,1724.4,108,68.4,5001.4,3266.3613,11957.4,1743,1385,32757.6,0.2,293.44,16.2,625.2,73396,3530,2585.8,214201.8,162.8,0,3,0.5363,21975.8,140581.2249,20675.3808,-1564.7807,1724.4
centered_candidate_000130_d95e636e,centered-gaussian,5,5,0.2,1723.8,118,90,4956.4,3214.2157,12050.4,2033,1730,32348.6,0.2,313.5,16.6,628.2,98082.2,4239,3267.6,286668,176.6,0,3.2,0.5339,22283.2,188103.3152,20143.7444,-1517.1078,1723.8
centered_candidate_000390_87357b4e,centered-gaussian,5,5,0.2,1723.6,101,44.2,4996,3204.5135,12074.4,1953,1037.2,33085,0.2,304.06,16.4,631.4,93450.4,4044,1561.4,274436.4,158.4,0,2,0.5873,16352,179500.622,20417.3853,-1558.0568,1723.6
centered_candidate_000280_335fcc97,centered-gaussian,5,5,0.2,1722.6,197,86.8,4895.8,3147.6619,12226.2,2755,1538.4,32505,0.2,329.9,17.2,635.4,81375,6202,3356,234955.4,170.4,0,3.6,0.4984,23952.6,153034.5172,20012.3556,-1487.031,1722.6
centered_candidate_000414_1218c680,centered-gaussian,5,5,0.2,1722,111,82.2,4904.2,3070.1537,12113,2083,1621.8,32227.4,0.2,320.98,17.4,631,122202.2,4538,3139.8,358236,219.2,0,4.4,0.53,29201,234400.0744,19343.3309,-1452.8769,1722
centered_candidate_000197_55390247,centered-gaussian,5,5,0.2,1721.8,118,86.4,4920.8,3131.401,12109.8,1940,1744.8,32323.8,0.2,322.28,17.4,630.2,138552.6,3818,3626.8,407336.8,215.8,0,3.6,0.5423,26436.6,267443.3746,19708.2535,-1479.3005,1721.8
centered_candidate_000335_5e6bcf2c,centered-gaussian,5,5,0.2,1721.4,106,74.4,4925.6,3109.85,12101.6,1908,1493,32473.2,0.2,324.72,17.2,629.8,96537.4,4123,3255.4,281195,208.2,0,4.4,0.4558,28868.6,182950.9862,19632.0449,-1480.525,1721.4
centered_candidate_000040_251cfcfc,centered-gaussian,5,5,0.2,1720.4,163,84.8,4898,3126.6721,12112.2,2473,1609.4,32168.8,0.2,324.8,17.2,631.2,99298.8,5202,2870.8,289551.4,212.2,0,3.6,0.5083,24915.2,189013.3314,19654.6193,-1478.5361,1720.4
centered_candidate_000118_e102a1ad,centered-gaussian,5,5,0.2,1720.4,84,57,4951,3118.8702,12074.8,1703,1295,32726.6,0.2,319.64,17,626.8,116341.8,3573,2669,341597.2,176.4,0,3.2,0.4952,22301.4,223067.5267,19767.4551,-1502.4351,1720.4
centered_candidate_000509_5a0eb599,centered-gaussian,5,5,0.2,1720.2,91,81.2,4936,3134.7296,12106.4,1748,1608.4,32534.8,0.2,313.66,17.2,629.8,152983.6,3559,2966.8,451585.8,184,0,3.4,0.5879,24176.4,297134.8855,19761.7839,-1486.1648,1720.2
centered_candidate_000424_fb848619,centered-gaussian,5,5,0.2,1720,100,58.2,4945,3132.0008,11980,1944,1189.6,32458.4,0.2,314.56,17,620.4,130304.4,3830,2082.4,383945.4,182.6,0,3.6,0.5397,24131,251643.3121,19765.2171,-1507.8004,1720
centered_candidate_000033_c7d8abeb,centered-gaussian,5,5,0.2,1719.8,66,54.4,5003,3224.5209,11970.4,1388,1218.6,32984.8,0.2,311.1,16.2,624.4,115805.2,2719,2394.8,341442.4,167.8,0,3.6,0.4816,23953.6,224230.8641,20466.6924,-1557.8604,1719.8
centered_candidate_000058_38f75f45,centered-gaussian,5,5,0.2,1719.8,110,103.4,4912,3139.8498,12109,2020,1860.6,32217,0.2,324.34,17.4,628.8,116918.2,4087,3625.6,342392.6,203.2,0,4.2,0.4708,28498,224405.8187,19719.7182,-1466.5249,1719.8
centered_candidate_000213_b5506f32,centered-gaussian,5,5,0.2,1719.8,93,68,4978.2,3223.947,11944,1726,1415.2,32502,0.2,309.38,16.2,624.2,92455.2,3829,2628.4,270585.8,184.6,0,3,0.54,21417.4,177260.2573,20211.8092,-1543.9735,1719.8
centered_candidate_000422_46df14a6,centered-gaussian,5,5,0.2,1719.8,62,38.4,5003.6,3192.4043,11933.6,1294,859.2,33224.4,0.2,296.4,16,627.2,69191,2069,1285.4,203094.6,187.8,0,3,0.7184,22839.6,131897.4175,20481.4417,-1557.8021,1719.8
centered_candidate_000471_f3160655,centered-gaussian,5,5,0.2,1719.8,73,45,4979.4,3156.5841,12039,1528,1131.8,32983,0.2,311.36,16.8,628,111055.6,2677,2188,326851.4,189.6,0,3.8,0.5605,25896.2,213518.4574,20083.7068,-1533.292,1719.8
centered_candidate_000484_b7206599,centered-gaussian,5,5,0.2,1719.6,166,58,4926.8,3152.2932,12067.6,2531,1231.8,32470.6,0.2,324.74,17,628,49484.8,5874,2066.6,140712.6,202.2,0,3.6,0.5743,24960.8,90053.3264,19970.5622,-1518.1466,1719.6
centered_candidate_000139_191b3fe8,centered-gaussian,5,5,0.2,1719.2,63,53.6,4962.6,3127.7116,12127.8,1378,1206.4,33119.8,0.2,308.98,16.8,633.4,118284.4,2538,2245.8,348487.8,165,0,3,0.6117,21464,227755.6593,19960.5138,-1510.2558,1719.2
centered_candidate_000267_00acd65d,centered-gaussian,5,5,0.2,1719.2,277,81.8,4804,3018.6338,12251.8,3380,1508.2,31906.2,0.2,329.42,18,636.6,96095.6,7169,2748,278714.4,212.4,0,3.2,0.5417,22640.2,181497.5677,19106.4222,-1427.5169,1719.2
centered_candidate_000284_a6c320bd,centered-gaussian,5,5,0.2,1719,173,91,4897.2,3143.9618,12130,2661,1624.2,32275.4,0.2,335.3,17.2,628.8,106875.4,6184,3352.4,311628.8,189,0,3.8,0.4361,25303,204162.3534,19898.7534,-1480.9809,1719
centered_candidate_000249_05047477,centered-gaussian,5,5,0.2,1718.8,110,60.6,4950,3163.9194,12070.4,1866,1221.8,32790.6,0.2,312.52,16.8,627.6,110755.2,3632,2267.4,325385.8,160.2,0,2.6,0.5036,18812,212859.6027,20075.287,-1521.3597,1718.8
centered_candidate_000079_a5519456,centered-gaussian,5,5,0.2,1717.8,195,70,4901.8,3144.3602,12168,2830,1450.4,32428.2,0.2,334.8,17,633.4,102496.2,6117,3106,298423.8,186.4,0,3.2,0.5008,21837.2,194877.3604,19923.8446,-1502.1801,1717.8
centered_candidate_000152_561387ed,centered-gaussian,5,5,0.2,1716.8,93,72.2,4980.4,3251.6556,11939.2,1733,1488.8,32572.4,0.2,300.82,16,625,76378.2,3484,2832.8,222745,164.8,0,3.6,0.4415,23635.4,146084.2054,20542.1473,-1553.6278,1716.8
centered_candidate_000412_19f0faa4,centered-gaussian,5,5,0.2,1716.6,125,55.4,4951.6,3176.723,12028.4,1962,1290.8,32653.8,0.2,316.36,16.6,625.4,91478.8,3883,2619.2,267287.2,162.4,0,3,0.5562,21718.8,174288.4324,20040.8248,-1532.9615,1716.6
centered_candidate_000497_f023a707,centered-gaussian,5,5,0.2,1716.6,199,49.4,4844.8,2979.9649,12182.2,2802,1126.2,32352,0.2,323.36,17.6,633.6,95941,5933,2125.8,279044.4,199,0,3.8,0.5066,26470,180400.6822,19074.0517,-1440.5824,1716.6
centered_candidate_000217_14cf644e,centered-gaussian,5,5,0.2,1716.4,155,80,4919.8,3175.6241,12056.2,2303,1573,32316.8,0.2,325.68,16.8,629,92932.8,5266,2584.8,271219.4,204.8,0,3.8,0.4833,26456.6,177397.5411,19959.5851,-1507.8121,1716.4
centered_candidate_000181_f8bba5e7,centered-gaussian,5,5,0.2,1715.6,172,90.4,4858.8,3078.572,12192.6,2514,1682.8,32207.4,0.2,339.68,17.6,630.6,95792.4,5224,3476.8,278289.2,186.2,0,3.4,0.5015,23432.2,181344.5221,19481.1712,-1448.886,1715.6
centered_candidate_000407_97a06067,centered-gaussian,5,5,0.2,1713.6,107,56.4,4951,3180.6391,11994,1925,1242.6,32590.6,0.2,316.56,16.6,625.6,129919,3530,2566,382978.8,189.6,0,3.6,0.5454,24213.2,251802.2606,20061.3508,-1533.9195,1713.6
general_top5-average-phased_9ca22ab6,top5-average-phased,5,5,0.2,1713,155,57.8,4942.2,3207.3219,11876.2,2261,1315.6,32207.6,0.2,308.94,16.2,620.2,101047,4626,2178,296786.6,192.2,0,3.6,0.5806,25348.2,195207.2608,20112.899,-1545.8609,1713
centered_candidate_000366_60976832,centered-gaussian,5,5,0.2,1711.8,113,64.6,4946.4,3201.4571,12037.4,1969,1375.4,32643,0.2,316.16,16.4,628.8,80508,4275,2834.2,234368.8,168.4,0,3.4,0.5121,23577.8,153241.1374,20250.0599,-1536.1286,1711.8
centered_candidate_000170_bcf17f66,centered-gaussian,5,5,0.2,1710.2,90,82.4,4948.8,3220.9822,11927.2,1743,1636.2,32314.2,0.2,309.02,16.2,624.8,94541,3693,3033.6,276753.8,192.6,0,3,0.509,21859.4,181733.2318,20207.2899,-1528.0911,1710.2
centered_candidate_000316_26190734,centered-gaussian,5,5,0.2,1710.2,163,122.8,4821.6,3065.5448,12213.2,2348,2203,31894,0.2,341.52,17.6,633.8,165837.2,4812,4536.2,487551,197.4,0,3.8,0.5148,25622,320668.7693,19353.2817,-1409.9724,1710.2
centered_candidate_000081_8ea7a2a1,centered-gaussian,5,5,0.2,1710,181,58.8,4905.8,3159.1812,12044.8,2617,1297.4,32386.6,0.2,324.48,16.8,629.2,93019.4,6484,2538.6,270795.8,206.4,0,4.6,0.4902,29973.4,176968.7826,19955.518,-1520.7906,1710
centered_candidate_000309_68f4e7cf,centered-gaussian,5,5,0.2,1709.8,117,75,4868.2,3039.7754,12038,2071,1527.4,32115.4,0.2,317.04,17.6,624.2,140987.4,3889,2765.8,415181.4,206,0,4.2,0.5325,28162.8,272011.8983,19244.0881,-1444.8877,1709.8
centered_candidate_000049_cb7fa3de,centered-gaussian,5,5,0.2,1709.6,145,41.4,4925.6,3142.9088,11957,2368,928.4,32543,0.2,306.02,16.8,622.6,114543,4932,1711.8,336952.4,182.2,0,3.2,0.6094,23097,220975.5571,19915.3138,-1530.0544,1709.6
centered_candidate_000363_028d7943,centered-gaussian,5,5,0.2,1709.2,104,80.4,4925.2,3177.8023,12054.2,1849,1600,32527.8,0.2,313.32,16.8,629,110016.2,3517,3278,322756.6,177,0,3.2,0.5179,22515.8,211935.9944,20103.4967,-1508.5012,1709.2
centered_candidate_000505_31ae3a10,centered-gaussian,5,5,0.2,1709.2,55,50,5021.2,3308.4041,11646.8,1191,1173.2,32547.6,0.2,279.98,15.2,609.2,108802.4,2148,1978.2,322214,149.6,0,2.4,0.5871,18531.6,213269.8966,20854.6879,-1604.202,1709.2
centered_candidate_000281_3553f011,centered-gaussian,5,5,0.2,1708.2,116,50.6,4948,3197.4715,11805.6,1915,1067.2,32349.4,0.2,302.22,16.2,617,103770,3468,1767.6,305678.4,201.8,0,4,0.5622,27617.8,200605.1414,20079.6448,-1548.1357,1708.2
centered_candidate_000297_60a07c06,centered-gaussian,5,5,0.2,1708,108,95,4910.8,3184.0988,11964.6,1871,1651.2,32271.6,0.2,316.24,16.6,623.4,139012.4,3866,3113.6,409813.6,184.6,0,4,0.4619,26453.6,270083.5348,20099.801,-1497.0494,1708
centered_candidate_000436_b0aeac2b,centered-gaussian,5,5,0.2,1707.6,72,49.8,4960.2,3182.0643,11861.8,1525,1175.8,32577.8,0.2,310.64,16.4,616.4,90199.8,2773,2192.4,264909.2,176.6,0,3.4,0.5195,23018.2,173472.7672,20130.0141,-1541.2322,1707.6
centered_candidate_000421_2c0658c3,centered-gaussian,5,5,0.2,1707,113,64.8,4898.6,3108.0214,12017.4,2033,1411.4,32313,0.2,320.82,17.2,622.8,149929.8,3699,2668.2,442424.8,183.6,0,3.6,0.4734,24672.8,290636.4136,19647.373,-1489.2107,1707
centered_candidate_000217_e5bf285b,centered-gaussian,5,5,0.2,1706.6,94,29.2,4978.2,3216.1117,11692.8,1622,681.4,32646.6,0.2,291.46,15.6,613.6,80945.6,3040,932.4,238508,199.8,0,2.6,0.7243,21515.6,156047.5614,20362.2303,-1578.8558,1706.6
centered_candidate_000006_511d415b,centered-gaussian,5,5,0.2,1706.2,121,70.8,4889,3106.1047,12118,2042,1508,32499.2,0.2,321.16,17,633.8,65900.2,4220,2955.2,189876,195,0,3.8,0.5126,25643.6,122481.3323,19734.8256,-1482.2523,1706.2
centered_candidate_000249_c84989bc,centered-gaussian,5,5,0.2,1705.2,135,97,4853,3091.8236,12050.8,2277,1684.8,32030,0.2,316.42,17.2,629.6,105287,4596,3520.2,307464.6,214.2,0,3.8,0.5026,26564.4,201437.8799,19513.6162,-1448.9118,1705.2
centered_candidate_000306_d549a304,centered-gaussian,5,5,0.2,1705.2,63,50,4997,3279.9421,11692.8,1372,1140,32526.8,0.2,289.24,15.4,612.4,67495,2520,2153.6,197663.6,167.8,0,3.2,0.5512,22921,129843.2972,20711.5125,-1589.971,1705.2
centered_candidate_000321_32976ff4,centered-gaussian,5,5,0.2,1705,85,67,4958.4,3241.5478,11794.8,1635,1429.8,32256.6,0.2,296.26,16,618.2,82686.6,3370,2835.8,241761.2,194.8,0,3.4,0.5992,24703.6,158783.3457,20319.2269,-1553.7739,1705
centered_candidate_000186_0e7fda00,centered-gaussian,5,5,0.2,1704,74,44,4983.2,3249.2522,11780,1629,1025.8,32610.6,0.2,299.9,15.8,614.4,146309.2,3494,1946.4,433455.2,159.4,0,2.8,0.5202,19996,286395.6019,20461.4606,-1580.6261,1704
centered_candidate_000248_d6ae275f,centered-gaussian,5,5,0.2,1703.4,104,62,4940,3216.4565,11865.6,1893,1318,32387.6,0.2,296.16,16.2,620.8,89720.8,3543,2396.6,263138.4,173.6,0,3.4,0.5658,24221.6,172835.7984,20298.4983,-1546.2283,1703.4
centered_candidate_000470_883cdd86,centered-gaussian,5,5,0.2,1703.4,89,70.8,4875,3056.6608,11979,1778,1453.8,32148.8,0.2,325.68,17,623.6,129850.4,3785,2701.4,381708.8,213.2,0,3.6,0.4972,24831.6,249567.2086,19279.3793,-1457.5304,1703.4
centered_candidate_000156_9c68da61,centered-gaussian,5,5,0.2,1702.6,85,68.4,4932.4,3191.1062,11907.8,1641,1455.4,32420.4,0.2,304.18,16.2,622.8,111590,3111,2602.2,328557.6,170.8,0,3.6,0.5497,24554.6,216036.4661,20129.4985,-1527.1531,1702.6
centered_candidate_000232_043fad6d,centered-gaussian,5,5,0.2,1702.4,69,58.4,4976.4,3264.8242,11719,1394,1252.8,32461.4,0.2,290.62,15.6,613.8,82209.6,2650,2462.2,241398.8,172.8,0,3,0.5989,21395,158956.5077,20606.8169,-1574.0121,1702.4
centered_candidate_000340_7980713f,centered-gaussian,5,5,0.2,1702.2,125,53.6,4903.6,3131.3684,11959,2071,1185.4,32499.2,0.2,319.56,16.8,622.4,105622,4680,2155.2,309825.4,192,0,3.4,0.5423,23206.2,202714.8175,19952.418,-1512.0842,1702.2
centered_candidate_000157_ee60ee4f,centered-gaussian,5,5,0.2,1702,94,70.8,4940.2,3227.5418,11747.8,1599,1443.4,32147.2,0.2,290.26,15.8,614,154707.8,3089,2645.6,458307,164,0,3.2,0.531,22425.2,303274.9324,20256.0417,-1542.9709,1702
centered_candidate_000309_cd03b37f,centered-gaussian,5,5,0.2,1701.4,86,62.2,4930.4,3181.9092,11902.2,1639,1369,32473.8,0.2,308.98,16.4,622.8,79620.8,3074,2350,232828.4,196.2,0,3.8,0.5821,25958,151963.437,20130.0445,-1528.7546,1701.4
centered_candidate_000113_42704fb1,centered-gaussian,5,5,0.2,1700.2,103,68,4928.2,3214.4832,11863.6,1892,1399,32291.2,0.2,305.02,16,619.6,103037.6,3998,2772.6,302337.2,160.2,0,3.2,0.4619,21835.2,198947.57,20260.5406,-1539.2416,1700.2
centered_candidate_000252_342cffde,centered-gaussian,5,5,0.2,1699.8,68,33.2,4995,3274.7325,11627.4,1567,757.4,32619.2,0.2,276.52,15.4,610.8,75372.6,3064,1098.2,222183.4,178.6,0,3,0.6909,22458.6,146250.7541,20718.5118,-1604.1663,1699.8
centered_candidate_000199_2aebba9a,centered-gaussian,5,5,0.2,1699.6,97,68,4894.8,3126.526,12025.2,1805,1494.4,32413,0.2,315.98,17,629.8,120513.4,3553,2961.2,354405.8,215.6,0,4.2,0.5176,28245.4,232710.9443,19759.9592,-1495.263,1699.6
centered_candidate_000407_32a41e33,centered-gaussian,5,5,0.2,1698.6,89,58.6,4909.4,3145.4092,11919.2,1628,1283.8,32486.8,0.2,310.72,16.6,623,101962.8,3618,2565.8,299099,197.8,0,4.2,0.4506,27650.2,195835.8164,19971.9415,-1514.1046,1698.6
centered_candidate_000500_a4084c8a,centered-gaussian,5,5,0.2,1698.4,121,66,4883.6,3128.7538,11945.8,2025,1452,32181.6,0.2,334.18,16.8,616.4,160809.8,4330,2744.8,474661.8,162.8,0,3.2,0.4811,22044.8,312262.0898,19791.3611,-1498.3769,1698.4
centered_candidate_000202_b63fec32,centered-gaussian,5,5,0.2,1698.2,123,53.2,4862,3054.494,11927.2,2001,1186.6,32205.6,0.2,310.32,17,620.4,121817.8,4076,1870.4,358665.6,192,0,3.4,0.4479,23222.8,234711.0731,19425.0624,-1474.047,1698.2
centered_candidate_000243_3124c991,centered-gaussian,5,5,0.2,1697.6,110,68.8,4891.2,3143.9133,11957.2,1988,1473.6,32271.4,0.2,310,16.6,624.6,117849.2,3718,2551.8,346820.8,179.6,0,3.4,0.5602,23611.4,227808.8119,19909.9891,-1503.1567,1697.6
centered_candidate_000514_0a828b06,centered-gaussian,5,5,0.2,1697.4,90,55.2,4892.6,3099.4302,11818.2,1706,1223,32161.2,0.2,309.16,16.6,614.8,140360.6,3368,2081.4,414776,195.6,0,3.2,0.6282,23972,272504.4087,19599.8524,-1494.5151,1697.4
centered_candidate_000158_0be55ddd,centered-gaussian,5,5,0.2,1695.8,90,66,4933.6,3233.1219,11771.2,1604,1464.2,32233.8,0.2,297.3,15.6,618,112246.2,3142,2781.8,330721,174,0,3.2,0.5507,22654.4,218270.665,20418.1385,-1550.5609,1695.8
centered_candidate_000204_c1b65bde,centered-gaussian,5,5,0.2,1695.6,77,61.4,4947.4,3246.7172,11775.8,1572,1345.8,32381,0.2,289.28,15.8,618.2,58194,3052,2395.6,169090.6,173,0,3,0.557,21756.4,110569.5947,20523.3218,-1561.9586,1695.6
centered_candidate_000450_725517d6,centered-gaussian,5,5,0.2,1695,139,65.4,4871.6,3129.2301,11972.8,2333,1401.6,32212.8,0.2,313.86,16.8,626.4,73418.6,4672,2371.2,213233.4,202,0,4.2,0.4836,27798.8,138771.3637,19885.0811,-1499.2151,1695
centered_candidate_000415_a3edfda7,centered-gaussian,5,5,0.2,1693.6,83,66.6,4924,3214.2758,11750.2,1646,1402.6,32153,0.2,291.16,15.8,614,136109,2918,2472.8,402784.4,153,0,3.2,0.5276,22067,266257.1,20246.6739,-1540.5379,1693.6
centered_candidate_000343_08d650d4,centered-gaussian,5,5,0.2,1693,77,57.6,4944.8,3243.5254,11709.8,1545,1291.2,32307.6,0.2,289.42,15.6,612.4,124152.4,2818,2421,367124,152.8,0,2.6,0.5534,19606,242756.0699,20510.6265,-1564.1627,1693
search_candidate_000267_a95dc8c8,random-phased,5,5,0.2,1692.6,92,55.2,4937,3237.241,11731.8,1724,1276.2,32275.6,0.2,307.3,15.4,614.4,49539,3769,2334.2,142749.6,169.6,0,3.4,0.557,23544.2,92903.8187,20449.1195,-1563.4205,1692.6
centered_candidate_000313_e7726efe,centered-gaussian,5,5,0.2,1692.4,123,64,4890,3176.0134,11909.2,2012,1380.2,32286.8,0.2,311.1,16.2,624.2,93308.2,4037,2714.8,272995.6,182.6,0,3,0.5467,22432.8,178972.1597,20125.2766,-1524.0067,1692.4
search_candidate_000502_ecdfaec9,random-phased,5,5,0.2,1691.8,126,45.8,4894.2,3149.5015,11903.2,2081,1086.6,32500.8,0.2,308.44,16.4,620.6,109150.2,4229,2027,320921,160.2,0,3.2,0.5473,22169.4,210297.6422,20075.6265,-1528.9508,1691.8
centered_candidate_000285_cf753a66,centered-gaussian,5,5,0.2,1691.6,92,71.2,4907.8,3204.7498,11777.6,1753,1404,32180.2,0.2,293.02,15.8,618.2,74264.4,3554,2559,216766,172.8,0,3.2,0.5597,22443.2,142289.673,20298.7273,-1531.1749,1691.6
centered_candidate_000435_ea32a39b,centered-gaussian,5,5,0.2,1691.6,111,64.4,4878,3138.8768,11878,2028,1402.8,32095.6,0.2,312.02,16.6,618.8,117363.2,4077,2531.2,345254.6,183.6,0,3.6,0.4772,25303.8,227017.631,19824.2786,-1505.0384,1691.6
centered_candidate_000519_46495756,centered-gaussian,5,5,0.2,1691.6,95,57.6,4908.6,3179.1135,11757.8,1669,1307,32150.6,0.2,308.72,16,612.2,142956.6,3075,2524.2,422802.2,169.8,0,3.6,0.5051,24307.6,278968.6138,20010.3406,-1531.9567,1691.6
centered_candidate_000165_8f910898,centered-gaussian,5,5,0.2,1691.2,116,38,4917.2,3184.979,11765,2093,939.6,32315.4,0.2,305.56,15.8,617.8,109766,4124,1607.8,323586.6,199.6,0,3.4,0.6049,23758.8,212790.7549,20071.5176,-1554.4895,1691.2
centered_candidate_000422_2d872f46,centered-gaussian,5,5,0.2,1691,65,40.8,4916.8,3140.5352,11759.2,1305,896.6,32659,0.2,298.38,16,612.8,89525.6,2816,1374.8,263704,156.4,0,2.6,0.6396,19412.4,172516.5709,20111.1173,-1529.4676,1691
centered_candidate_000465_903f0869,centered-gaussian,5,5,0.2,1690.4,66,44.4,4947.2,3227.0421,11676.2,1372,1059,32439,0.2,306.9,15.4,613,116190.8,2494,1984.6,343473.4,198.8,0,3.2,0.5544,23694.6,226213.475,20406.115,-1569.121,1690.4
centered_candidate_000040_b9e6d0f0,centered-gaussian,5,5,0.2,1690,90,65,4892.4,3164.4229,11900.8,1728,1415.4,32336.4,0.2,313.96,16.2,622.6,162179.2,3656,2822,479633.6,175.4,0,3.4,0.4911,23679.8,316579.6678,20055.7145,-1517.2115,1690
centered_candidate_000082_5136caeb,centered-gaussian,5,5,0.2,1689.8,87,64.8,4919.6,3222.1254,11792.2,1657,1362.8,32361.8,0.2,298.02,15.6,621.6,83066.8,3482,2604.6,243158.8,186.4,0,3.6,0.5408,24832,159833.3301,20453.2514,-1546.2627,1689.8
centered_candidate_000385_22443ab3,centered-gaussian,5,5,0.2,1689.8,126,62,4870.2,3137.2,11881.4,2081,1304.4,32203,0.2,315.26,16.6,621.2,76944,4126,2765.4,223730.6,207.6,0,3.8,0.4629,25925.6,145908.8395,19918.9892,-1506.6,1689.8
centered_candidate_000103_09dec90b,centered-gaussian,5,5,0.2,1689.2,93,76.8,4895.6,3200.4246,11667.8,1592,1522.4,31855.4,0.2,294.7,15.8,609.8,113367.2,3288,3052.4,333788.4,180,0,3.2,0.4989,22713.6,220350.4355,20115.8387,-1523.4123,1689.2
centered_candidate_000047_2920f278,centered-gaussian,5,5,0.2,1688.6,130,86,4844.6,3129.4333,11882.6,2181,1598.4,31854.2,0.2,340.24,16.8,616.6,110246.4,5492,3081.2,322318.2,214.8,0,4.6,0.4931,29982.4,211120.7335,19699.5938,-1478.7167,1688.6
centered_candidate_000042_3cb2933a,centered-gaussian,5,5,0.2,1688,101,82.4,4867,3150.7223,11942.2,1841,1599.6,32249.2,0.2,310.42,16.6,626.8,104514.4,3382,3226.8,306419.2,202.6,0,3.8,0.5027,26375,201087.5988,20003.055,-1492.9611,1688
centered_candidate_000218_f53d87ce,centered-gaussian,5,5,0.2,1687.6,110,49.8,4911.4,3210.8219,11712.8,1966,1152.2,32139.4,0.2,296.4,15.6,614.8,90277.2,3899,2024.4,265142,179,0,3,0.5511,21782.8,174472.6163,20269.4422,-1555.611,1687.6
centered_candidate_000324_f6aa822d,centered-gaussian,5,5,0.2,1687.6,115,66.6,4874.6,3158.9683,11878.8,1897,1377.2,32287.4,0.2,311.1,16.4,620.8,92367.2,3821,2547.8,270494.8,182,0,3.6,0.5355,24552.2,177314.2859,20106.0671,-1512.8841,1687.6
centered_candidate_000452_a4c1ab1c,centered-gaussian,5,5,0.2,1687.6,165,48.4,4854.6,3122.5361,11869,2552,1096.2,32079.2,0.2,313.04,16.4,620.8,130519.2,5163,1997.2,384537,193.6,0,3,0.6083,22105,252872.976,19783.091,-1512.868,1687.6
centered_candidate_000494_9fad83c3,centered-gaussian,5,5,0.2,1687.6,61,55.6,4942.6,3247.7144,11564.6,1355,1243.2,32063.8,0.2,291.62,15.4,605,102101,2649,2361,301289,182.6,0,3.4,0.5746,24402.2,199063.0948,20401.633,-1568.2572,1687.6
centered_candidate_000127_a5b0b40e,centered-gaussian,5,5,0.2,1686.8,132,82,4846.2,3140.2601,11925.2,2271,1552.6,32034.8,0.2,306.5,16.8,623.8,101899.8,4822,3064.8,298069.8,193,0,4,0.4906,27122.6,195746.4111,19956.3481,-1488.13,1686.8
centered_candidate_000146_5eb11077,centered-gaussian,5,5,0.2,1686.8,122,67.4,4875.6,3171.7408,11816.8,2208,1498.6,31838.2,0.2,301.08,16.2,620.4,130446.2,4446,2666,384415.2,198,0,3.4,0.5387,23962.4,253626.3443,19876.8171,-1518.4704,1686.8
centered_candidate_000096_a41004b4,centered-gaussian,5,5,0.2,1686.4,81,63.4,4900,3186.9998,11702.4,1587,1321.8,32067.8,0.2,304.4,16,608.6,118672.2,3193,2465,350109.6,166.2,0,2.8,0.571,20155.8,230828.4604,20086.9302,-1530.0999,1686.4
centered_candidate_000311_e2e94c72,centered-gaussian,5,5,0.2,1685.8,89,66.2,4904.4,3213.1201,11777.4,1692,1444.8,32193,0.2,299.5,15.6,618.8,78169.4,3648,2818.8,228141.8,168.4,0,3.2,0.5201,22385.8,149770.3437,20361.3905,-1540.36,1685.8
centered_candidate_000248_99604cda,centered-gaussian,5,5,0.2,1685.6,64,57.8,4891.4,3138.9323,11795.8,1374,1264.8,32391.2,0.2,302.42,16.2,619.2,66179.2,2390,2288.4,192904.8,204.2,0,3.8,0.5205,25607.4,125277.6313,20025.3523,-1511.6661,1685.6
centered_candidate_000362_27e384a0,centered-gaussian,5,5,0.2,1685.2,82,67.6,4891.8,3182.0687,11747.8,1646,1455,32013.8,0.2,296.42,16,617.2,92158.8,3186,2751.2,270230.4,199.4,0,3.8,0.5436,25796,177523.1914,20022.3334,-1523.4344,1685.2
centered_candidate_000241_19045fb5,centered-gaussian,5,5,0.2,1685,81,50.4,4904.4,3179.9412,11760.4,1635,1043.8,32470,0.2,302.24,15.8,618.4,55894.2,3032,1964.2,162297,196,0,3.6,0.635,25938.4,105296.9851,20268.3406,-1539.5706,1685
centered_candidate_000065_30fe2b87,centered-gaussian,5,5,0.2,1684.8,87,65.6,4901.8,3212.1264,11758.8,1709,1373.8,32215,0.2,295.36,15.6,617.6,95781.4,3299,2692,281360.2,163.4,0,3.4,0.4753,23274.8,185408.139,20388.8653,-1540.4632,1684.8
centered_candidate_000322_8f4b693f,centered-gaussian,5,5,0.2,1684.4,74,48,4921.4,3210.4989,11705.6,1509,1164.8,32351.6,0.2,297.5,15.8,612.2,106321.6,3298,2004,313616.8,171.2,0,3,0.5385,21459.2,206671.3323,20351.2394,-1557.2495,1684.4
centered_candidate_000246_af6075e0,centered-gaussian,5,5,0.2,1684.2,86,68.8,4876.2,3155.7662,11790.8,1605,1414.2,32133.2,0.2,321.18,16.2,612.4,112279.4,3560,2902.4,329755.6,169.6,0,3,0.5366,21203,216311.7346,19968.8451,-1509.0831,1684.2
centered_candidate_000520_47f6c1e6,centered-gaussian,5,5,0.2,1683.8,123,67,4860,3154.3116,11889.6,2106,1416.4,32139,0.2,321.66,16.2,623.4,100513,4237,2830,294305.6,197.8,0,4.2,0.497,27342.6,193035.8285,20002.373,-1510.1558,1683.8
centered_candidate_000116_d4aa7cea,centered-gaussian,5,5,0.2,1683,88,62.4,4879.2,3155.9512,11848.4,1846,1360.2,32252.4,0.2,309.34,16,620,107833.2,4105,2473.8,316840,162.4,0,3.2,0.4704,21609.2,208133.325,20052.878,-1515.5756,1683
centered_candidate_000267_0e0a327b,centered-gaussian,5,5,0.2,1683,42,39.2,4929.2,3188.401,11677.2,962,898,32778.4,0.2,290.3,15.4,615.2,57156,1692,1460.8,167472.6,182.6,0,2.8,0.6242,21478.4,108988.3169,20497.0373,-1555.0005,1683
centered_candidate_000225_6db1c5d6,centered-gaussian,5,5,0.2,1682.2,304,68.2,4710.6,2969.6824,12091.6,3391,1403.6,31718.6,0.2,339.54,17.4,629.8,80200.8,8152,2906.4,230479,206.2,0,3.8,0.5098,26159.4,149196.997,19108.3835,-1416.6412,1682.2
centered_candidate_000371_76fe99ce,centered-gaussian,5,5,0.2,1681.8,93,42.8,4917.6,3226.1774,11548.6,1701,1038,31985,0.2,289.02,15.2,606,100773.6,3501,1764.6,297212.4,180,0,3.4,0.5069,23683.8,196043.1149,20307.5986,-1570.2887,1681.8
centered_candidate_000247_dbb3fe28,centered-gaussian,5,5,0.2,1681.4,85,73.4,4880,3186.3438,11688.4,1578,1516.8,31891.6,0.2,299.86,16,610.2,157114.6,2967,2898,465218.2,180,0,3.2,0.5503,22909.8,307696.6516,20065.6127,-1519.7719,1681.4
search_candidate_000223_53d44142,random-phased,5,5,0.2,1681,70,42.8,4903.4,3169.7652,11739,1480,1072.2,32454,0.2,308.52,16,610.6,65652.6,2401,1949,191823.4,155.6,0,2.8,0.5458,19686.8,124877.741,20223.4518,-1542.0826,1681
centered_candidate_000459_cd1a33a7,centered-gaussian,5,5,0.2,1680.2,90,84.8,4848.2,3139.6177,11883.4,1739,1689.2,32053.4,0.2,307.06,16.4,623,79894,3821,3402,232254.6,184,0,3.4,0.5336,24008.8,151870.9011,19908.7398,-1485.0089,1680.2
centered_candidate_000056_1b068fc0,centered-gaussian,5,5,0.2,1679,94,63,4864.2,3151.3364,11715,1753,1365,31871,0.2,308.68,16.2,611.4,115516.6,3565,2579.4,340175.6,195.4,0,3.4,0.552,24015.8,223876.2849,19808.0332,-1512.6682,1679
centered_candidate_000058_40803ff0,centered-gaussian,5,5,0.2,1678.8,111,53.2,4880,3185.7327,11639.2,1906,1222.4,31895.2,0.2,294.32,15.8,609,124297,3755,2355.2,367020.4,182.4,0,3.2,0.4849,23189.6,242417.3556,20095.0401,-1539.6663,1678.8
centered_candidate_000377_3f0f7c7a,centered-gaussian,5,5,0.2,1677.4,95,84.6,4848,3160.3312,11759.6,1755,1580,31930.6,0.2,299.14,16,617.4,77103.2,3610,3074.2,224669.4,186.4,0,3.2,0.5874,23241.2,147459.1488,20078.1672,-1495.5656,1677.4
centered_candidate_000320_c42f02af,centered-gaussian,5,5,0.2,1677,93,54.6,4865.4,3145.5312,11844.6,1829,1200.8,32343.8,0.2,308.26,16.2,622.4,54793.2,3532,2392.8,158085,194.2,0,3.8,0.4908,26047,102345.3996,20025.465,-1518.1656,1677
centered_candidate_000249_f64d9ca0,centered-gaussian,5,5,0.2,1675.6,83,69,4854.8,3145.5132,11690.6,1571,1403.2,31912.8,0.2,305.08,16.2,609.2,107168.2,2833,2538.6,315606.2,183.8,0,3.2,0.6331,23175.4,207516.8607,19886.6688,-1503.7566,1675.6
centered_candidate_000231_93ba04af,centered-gaussian,5,5,0.2,1675.4,99,66.2,4810.6,3053.7467,11843.6,1802,1411.2,31881,0.2,315.72,16.8,617.6,111411,3985,2485,326919.2,200.2,0,3.4,0.5565,24202,213834.7665,19340.5465,-1460.6734,1675.4
centered_candidate_000007_2d07722f,centered-gaussian,5,5,0.2,1675.2,164,87.8,4751,3005.462,11947.8,2451,1642.4,31633.8,0.2,332.08,17.2,622.6,119548,5266,3484.6,349714,218.8,0,4,0.5072,26685,229038.5844,19126.356,-1414.931,1675.2
centered_candidate_000236_acbd373c,centered-gaussian,5,5,0.2,1674.6,84,57.6,4856.4,3135.3111,11780.2,1652,1270,32212.8,0.2,303.78,16.4,616.2,82628.6,3189,2043.2,242005.8,189.8,0,3.6,0.5526,25114.4,158139.5137,20010.3268,-1510.0556,1674.6
centered_candidate_000048_af53e0c3,centered-gaussian,5,5,0.2,1674,95,57.4,4876.4,3195.0434,11591.4,1627,1272,31898.4,0.2,293.88,15.4,609.8,138561.2,3020,2528.8,410095.6,194.8,0,3.8,0.523,25974.8,271240.7241,20197.2483,-1540.1217,1674
centered_candidate_000143_24b3a863,centered-gaussian,5,5,0.2,1674,128,67.4,4802.2,3065.6831,11840.6,2047,1417.8,31839.4,0.2,313.58,16.6,620.2,98193,3984,2288.8,287790.4,209.2,0,3.4,0.6174,24409.6,188069.0219,19449.4365,-1465.4415,1674
centered_candidate_000255_8ff97153,centered-gaussian,5,5,0.2,1674,1538,63.2,3453.6,1506.3078,12684.2,12972,1308.6,24505.2,0.2,321.6,21.6,661.6,38821.4,32506,2464,80305.8,287.6,0,5.2,0.5318,34692.8,34623.3021,10276.3116,-689.9539,1674
centered_candidate_000044_61c37f4c,centered-gaussian,5,5,0.2,1673.8,114,71.2,4835.6,3142.2422,11831.6,2046,1398.2,32090.2,0.2,304.42,16.2,623,75561,4433,2807,219625.2,200.8,0,4.2,0.495,28151.4,143572.132,20037.2139,-1499.9211,1673.8
centered_candidate_000054_c87e16a1,centered-gaussian,5,5,0.2,1673.6,89,60.6,4876.2,3196.7257,11664.2,1723,1273.4,32076.8,0.2,294,15.4,612.6,89057,3458,2387.6,261427.2,162,0,2.6,0.5701,19570.8,172048.4499,20314.957,-1537.7628,1673.6
centered_candidate_000108_9e68c0ca,centered-gaussian,5,5,0.2,1673.2,82,47.2,4890,3201.4877,11612.6,1624,1061,32166,0.2,289.44,15.4,609,100178.2,3206,2006.6,295434.4,161.2,0,2.8,0.5275,20394.4,194895.9533,20362.4357,-1553.5439,1673.2
centered_candidate_000341_4e8da31d,centered-gaussian,5,5,0.2,1672.4,61,45.6,4894.2,3192.5343,11587,1310,1068.2,32171.2,0.2,287.14,15.4,607.2,107966.2,2369,1944,319154.4,159.6,0,3,0.5857,21451.6,210434.2723,20230.3473,-1550.6672,1672.4
centered_candidate_000250_c1fc54cb,centered-gaussian,5,5,0.2,1671.6,108,71.4,4834.6,3150.7836,11724.2,1877,1435.6,31836,0.2,295.24,16,617.2,98121.8,3458,2681.4,288057.6,200.2,0,3,0.559,22568,189552.3314,19936.1528,-1503.9918,1671.6
centered_candidate_000253_30ea8263,centered-gaussian,5,5,0.2,1671.4,121,44.2,4863,3174.9971,11656,2021,1102.8,32016.8,0.2,296.6,15.8,610.4,107366.8,3885,2070.4,316486.2,176.8,0,3.4,0.551,23697.2,208732.7498,20165.4362,-1543.2986,1671.4
centered_candidate_000078_cc92d067,centered-gaussian,5,5,0.2,1671.2,108,57.4,4833.4,3116.5273,11740.2,1870,1307,31938.6,0.2,303.3,16.2,613.8,114931.4,3312,2527.4,338573.2,180,0,2.8,0.6125,21318.4,222731.6093,19785.9214,-1500.8637,1671.2
centered_candidate_000092_d5f1e6c8,centered-gaussian,5,5,0.2,1670.8,87,46.8,4884.8,3205.6522,11507.2,1544,1113,31902.2,0.2,289.92,15.2,602.6,155542.8,3062,2056.6,461510.8,168.2,0,3.6,0.4906,24053,305539.3291,20275.15,-1556.0261,1670.8
centered_candidate_000031_347009a1,centered-gaussian,5,5,0.2,1670.6,84,62.4,4867,3189.2233,11576.8,1571,1250.6,31939.8,0.2,291.46,15.4,606.4,104099.6,2875,2478.8,306861,165,0,3,0.5273,21490.4,202471.1021,20260.8692,-1532.2117,1670.6
centered_candidate_000470_a9b6c1d7,centered-gaussian,5,5,0.2,1670.6,94,85,4814.8,3112.9674,11784.8,1706,1661.4,31807.8,0.2,326.82,16.2,615.6,96549,4058,3036.8,282185.6,199,0,4.4,0.4316,28996.6,184588.8811,19735.6802,-1471.4837,1670.6
centered_candidate_000384_16f96420,centered-gaussian,5,5,0.2,1669.8,116,77.8,4805,3103.9014,11867.6,1867,1574.4,32062,0.2,308.88,16.4,622.6,89745,3635,2755,262518,183.4,0,3.4,0.487,23541.2,172002.8269,19910.9355,-1474.1507,1669.8
centered_candidate_000510_516f470f,centered-gaussian,5,5,0.2,1669.4,63,40,4904.2,3221.8547,11421.4,1239,954.8,32021,0.2,286.18,14.8,599.6,102419.2,3020,1658,302736,173.4,0,2.8,0.5572,21260.4,199975.5283,20394.8083,-1570.9273,1669.4
centered_candidate_000443_b32207d8,centered-gaussian,5,5,0.2,1669.2,91,49,4868,3183.5046,11644,1719,1057.6,32164.2,0.2,293.24,15.4,611.6,110601.6,3284,1925.8,326580.6,162,0,3,0.5863,21448.4,215471.4089,20289.4482,-1542.7523,1669.2
centered_candidate_000361_14a33a77,centered-gaussian,5,5,0.2,1669,58,44.4,4901.8,3224.0251,11382.8,1270,1058.8,31778,0.2,289.04,15,596.2,89637.2,2289,2146.4,264310.8,190.4,0,4.2,0.5375,27546.8,174357.8855,20281.4273,-1567.6126,1669
centered_candidate_000327_b6ed75e9,centered-gaussian,5,5,0.2,1667.8,89,59,4860.4,3185.1336,11711.2,1743,1366.2,32094.6,0.2,301.86,15.4,615.6,79426.8,3700,2616.6,232152.8,158.6,0,2.6,0.4981,18959.2,152486.4232,20301.6449,-1533.5668,1667.8
centered_candidate_000006_d1606502,centered-gaussian,5,5,0.2,1666,89,65.8,4808.2,3080.5754,11683.6,1580,1434,31704.8,0.2,316.86,16.4,608.4,112645.6,3718,2695,330959,203.4,0,3.8,0.4913,25772.8,217020.5098,19480.417,-1474.4877,1666
centered_candidate_000018_2c915619,centered-gaussian,5,5,0.2,1665.6,90,88.4,4814.4,3142.2116,11740.6,1724,1649.8,31773,0.2,297.06,16,617.4,68088.4,3217,2932.6,197931.8,183.6,0,3.2,0.4576,22437.2,129487.1896,19906.9142,-1482.7058,1665.6
centered_candidate_000396_2c6210bb,centered-gaussian,5,5,0.2,1665.4,230,70.4,4703.8,2974.5712,11920.6,3021,1459,31424,0.2,335.6,17.2,619.6,115704.8,7874,2669.8,337513.2,205,0,3.8,0.4713,25363.8,220781.7448,18974.5301,-1416.8856,1665.4
centered_candidate_000277_5ae72348,centered-gaussian,5,5,0.2,1665,81,53,4833.6,3117.2444,11706.4,1607,1190.2,32085.4,0.2,306.42,16,612.4,90727.4,2936,1858.2,266766.6,177.2,0,3.8,0.5843,25378,174738.5429,19895.3396,-1505.6222,1665
centered_candidate_000090_e8b9f600,centered-gaussian,5,5,0.2,1664.2,87,58.4,4836.2,3143.6348,11691.6,1799,1276.4,31976.8,0.2,303.32,15.8,615.4,74267.2,3030,2074,217307.6,199.6,0,3.6,0.621,25371.8,142071.4345,20024.0373,-1513.4174,1664.2
centered_candidate_000228_f3c83f58,centered-gaussian,5,5,0.2,1664.2,56,50.6,4865.2,3168.189,11472.4,1243,1199,31747,0.2,296.04,15.6,601.4,113338,2574,2337.6,334714.8,215.6,0,3.4,0.5838,24509.4,220733.5998,19924.5908,-1533.4945,1664.2
centered_candidate_000406_37cb6648,centered-gaussian,5,5,0.2,1664,73,63,4857.2,3191.0035,11570,1529,1339,31862.4,0.2,298.38,15.4,607,93555.8,3061,2583.6,275002.6,179.8,0,2.8,0.55,20691.8,181304.8668,20237.2447,-1532.5018,1664
centered_candidate_000008_132a848d,centered-gaussian,5,5,0.2,1662.6,92,64.4,4828.4,3151.7733,11595.4,1688,1362.6,31675.4,0.2,299.1,15.8,608.4,145208,3370,2837,429283,200.4,0,4.2,0.496,28409.2,283710.9915,19908.7285,-1511.4867,1662.6
centered_candidate_000128_030d5a4b,centered-gaussian,5,5,0.2,1662.4,111,67.8,4804.2,3120.474,11635.2,1909,1383.8,31568.2,0.2,303.04,16,608.4,185888.6,4049,2869.8,550736,187.8,0,3.2,0.5556,23456.4,364494.4073,19705.5396,-1492.437,1662.4
centered_candidate_000180_1e229f5b,centered-gaussian,5,5,0.2,1662,72,48.2,4858.8,3182.0884,11569,1548,1082,31999.2,0.2,289.14,15.6,608.4,167077.6,3299,1835.4,495979,190.8,0,2.8,0.7222,22073.8,328431.3128,20231.0355,-1542.8442,1662
centered_candidate_000480_8955e76b,centered-gaussian,5,5,0.2,1662,126,101,4752.6,3076.5894,11719.4,2066,1808.8,31237.2,0.2,316.26,16.4,613.2,87003.4,4595,3731,252692.8,215.2,0,3.8,0.5567,26429.4,165501.1056,19399.4728,-1437.2947,1662
centered_candidate_000074_ba0248c2,centered-gaussian,5,5,0.2,1661,250,52.2,3980,1890.4157,12167.2,3273,1186.8,27591.2,0.2,292.38,19.8,636.4,43385.6,6797,2233.8,105968.6,274.4,0,3.8,0.5829,27974.2,49562.1516,12609.3917,-893.0079,1661
centered_candidate_000325_6c8f3a95,centered-gaussian,5,5,0.2,1659.8,57,41,4847.8,3132.4527,11521.4,1327,923,32023.8,0.2,297.7,15.8,601.8,118697.8,2317,1393.6,351564,190,0,3.4,0.607,24041,231367.661,19936.571,-1525.2264,1659.8
centered_candidate_000516_b85fc13a,centered-gaussian,5,5,0.2,1659.4,87,69.4,4820,3153.3262,11624,1735,1393,31761.6,0.2,292.28,15.8,610,100898.2,3187,2571,296893.6,177.2,0,3.2,0.5422,23113,195800.3574,20068.8595,-1507.2631,1659.4
centered_candidate_000100_99840851,centered-gaussian,5,5,0.2,1659.2,63,50.2,4862.4,3197.4164,11468.8,1376,1129.8,31887.2,0.2,283.34,15.2,602.4,106389,2974,1859.8,314497.4,172.8,0,2.6,0.6232,20686.6,207848.6675,20312.3201,-1548.5082,1659.2
centered_candidate_000211_9e8c8056,centered-gaussian,5,5,0.2,1659.2,76,42.2,4856.2,3181.0004,11460,1534,951.6,31881.4,0.2,280.38,15.4,600.4,76717.4,3011,1478,225648,169.6,0,2.8,0.6549,21224.2,148336.543,20200.9933,-1548.3002,1659.2
centered_candidate_000073_7a9eaf36,centered-gaussian,5,5,0.2,1658.8,91,64.8,4821.6,3151.6475,11643.8,1616,1402,31857.6,0.2,297.66,15.6,614.2,95309.8,3147,2723.6,279945.2,196.8,0,3.8,0.5785,26050.8,184259.8046,20034.6098,-1511.0238,1658.8
centered_candidate_000375_f32173d2,centered-gaussian,5,5,0.2,1658.4,153,59.4,4764.4,3064.4725,11673.4,2394,1317.8,31403.6,0.2,317.4,16.4,609.2,100351.4,4645,2692.4,293692,211.2,0,4,0.5213,27533,192367.7517,19389.513,-1472.8362,1658.4
centered_candidate_000187_4d13f93e,centered-gaussian,5,5,0.2,1657.6,76,51.8,4841.2,3173.2588,11522,1653,1148.4,31780.8,0.2,292.52,15.6,602.6,114078.8,3243,2139,336875,172.2,0,3,0.5627,21850,222585.0747,20150.018,-1534.8294,1657.6
centered_candidate_000052_e7cb9de8,centered-gaussian,5,5,0.2,1657.2,81,57.4,4832.8,3167.4344,11556.2,1623,1275.8,31782,0.2,291.78,15.6,606.4,92606.2,3144,2083.6,272666.4,180,0,3.6,0.5716,25353.6,179720.8654,20137.8271,-1526.3172,1657.2
centered_candidate_000487_b3fc23c3,centered-gaussian,5,5,0.2,1656.4,80,51.8,4827.8,3149.4587,11590.4,1581,1155.6,31897.4,0.2,290.34,15.8,607.6,106516,3441,1877.8,314141.8,174,0,3,0.6008,21739.6,207060.1388,20026.227,-1522.9294,1656.4
centered_candidate_000507_e709647d,centered-gaussian,5,5,0.2,1656.4,193,70,4725.8,3039.8765,11743.6,2736,1434,31304.6,0.2,318.48,16.8,612,74556.4,5359,2617.6,216220,208.4,0,4.2,0.4938,28025,141122.0831,19301.6076,-1449.9382,1656.4
centered_candidate_000198_a72a1404,centered-gaussian,5,5,0.2,1656.2,93,90.8,4781.2,3118.9101,11706.8,1726,1637.2,31729.6,0.2,296.48,15.8,616.4,79569.8,3773,2971.8,232063.6,175.2,0,3.2,0.5666,22691.8,152268.6564,19945.8775,-1468.655,1656.2
centered_candidate_000448_927fd46f,centered-gaussian,5,5,0.2,1656,118,78.4,4738,3025.0131,11805.2,1982,1489,31656.4,0.2,313.08,16.8,618,123733,3801,2833,363911,207.4,0,3.6,0.5618,25861.6,238988.5543,19321.9632,-1434.1066,1656
centered_candidate_000032_87aed2ed,centered-gaussian,5,5,0.2,1655.8,42,37.6,4878.4,3207.163,11309.4,1004,855.8,31964.6,0.2,277.4,14.6,594,151800.6,2273,1142.6,452016,164.8,0,2.8,0.6219,21152.6,299705.7074,20431.943,-1565.9815,1655.8
centered_candidate_000166_99397093,centered-gaussian,5,5,0.2,1655.4,74,61.8,4822,3150.3751,11564.2,1484,1299.4,31813.2,0.2,290.64,15.8,606,77305.4,3067,2264.2,226504.8,179.4,0,3.2,0.5501,22968,148823.5109,20067.5515,-1513.3876,1655.4
centered_candidate_000419_207433ba,centered-gaussian,5,5,0.2,1655.4,67,50,4837.6,3161.4295,11478.4,1567,1097.8,31691.2,0.2,296.1,15.4,601.8,98791.8,2846,2104.2,291132.6,189.6,0,3.8,0.4789,25397.8,191743.5904,19947.8791,-1530.7147,1655.4
centered_candidate_000106_ce0bc15d,centered-gaussian,5,5,0.2,1654.8,89,72,4773,3067.8183,11665.2,1658,1392.4,31644,0.2,315.58,16.2,609.4,121224.6,3688,2609.6,356853,198.4,0,3.4,0.5002,23920.6,234517.1274,19482.0091,-1461.9091,1654.8
centered_candidate_000380_f08ed466,centered-gaussian,5,5,0.2,1653,94,77,4762.4,3065.0554,11646.4,1673,1588.8,31431.4,0.2,312.34,16.4,608.2,116192.4,3384,2996.6,341796.6,208.8,0,4,0.5033,27238.8,224832.5643,19393.1627,-1455.5277,1653
centered_candidate_000126_46019267,centered-gaussian,5,5,0.2,1652.6,70,41.4,4849.6,3187.7396,11415.8,1395,940.4,31947.4,0.2,279,15,601,109993,2124,1693.4,325948.4,173.2,0,3.4,0.6259,24256,215490.4157,20359.5157,-1552.4698,1652.6
centered_candidate_000155_f34f0f1b,centered-gaussian,5,5,0.2,1652.6,79,67.2,4811,3154.2097,11498,1631,1422.4,31436,0.2,291.14,15.6,604.4,82747.2,3023,2710,242495.2,202,0,3.6,0.5623,25033.4,159652.5301,19894.4675,-1509.9048,1652.6
search_candidate_000175_e90922ab,random-phased,5,5,0.2,1652.2,142,52.4,4769.8,3085.8517,11604,2149,1263.2,31485,0.2,334.84,16.2,601.8,66285.8,4846,2438,191843.8,201.8,0,3.8,0.4565,24742.2,124781.7797,19580.1778,-1490.5259,1652.2
centered_candidate_000043_fd6ce8b4,centered-gaussian,5,5,0.2,1652,56,44.8,4851.8,3190.5257,11405.4,1198,1045,31907,0.2,284.86,15,597.6,109891.8,2630,1894,325232.4,157.6,0,2.2,0.5694,17602.8,215156.4082,20368.6977,-1550.4628,1652
centered_candidate_000108_94cebb6c,centered-gaussian,5,5,0.2,1651.8,91,69.4,4794.2,3135.6307,11568.4,1668,1428,31588.8,0.2,297.48,15.8,606.8,77035,3598,2613.8,224984.6,191.2,0,3.4,0.5127,24073.8,147693.8481,19916.5482,-1498.4154,1651.8
centered_candidate_000457_df98b9e6,centered-gaussian,5,5,0.2,1651.2,94,76.4,4777,3112.9602,11582.4,1857,1577.8,31276,0.2,303.08,15.6,609.4,152793.8,3637,3111.8,451482.2,199.6,0,4,0.5163,26901.4,298307.1044,19566.9835,-1480.0801,1651.2
centered_candidate_000169_c0d5e05b,centered-gaussian,5,5,0.2,1648.8,90,59.4,4801.6,3145.6334,11492.2,1631,1303.8,31570.6,0.2,293.02,15.4,604.2,81663.8,3199,2533.4,239262.4,188.6,0,3,0.5721,22306,157362.6251,19994.0989,-1513.4167,1648.8
centered_candidate_000194_278dcda7,centered-gaussian,5,5,0.2,1648.8,88,67,4790.4,3134.6303,11646,1745,1475.8,31714,0.2,298.14,15.8,611.8,129885.8,3515,2821.6,383375.4,173.6,0,3,0.6097,21891.2,253263.8951,19990.6791,-1500.3151,1648.8
centered_candidate_000361_2fc7859e,centered-gaussian,5,5,0.2,1648.8,89,58.8,4776.4,3083.1696,11619.4,1698,1285,31680.8,0.2,311.22,16.2,607.2,106931.8,3311,2490.4,314478.2,199.8,0,3.8,0.5564,25580.2,206370.4568,19630.2394,-1482.7848,1648.8
centered_candidate_000008_de366c47,centered-gaussian,5,5,0.2,1648.2,62,33.6,4847.4,3185.4682,11260.6,1384,817.8,31613.6,0.2,272.06,14.8,592.2,104153.8,2592,1213.8,308808.8,183.6,0,3.4,0.7126,24425.2,204283.2945,20160.3548,-1559.1341,1648.2
centered_candidate_000165_c63c821c,centered-gaussian,5,5,0.2,1648,80,63.4,4798.2,3140.532,11531.2,1499,1421,31594.6,0.2,287.48,15.8,605.8,95998.6,2449,2274.8,283059.8,190.4,0,3.6,0.5388,25661.6,186683.852,19927.7221,-1506.866,1648
centered_candidate_000408_6a4f9924,centered-gaussian,5,5,0.2,1647.4,65,54.2,4812.6,3145.9028,11519,1297,1215.4,31901.8,0.2,291.82,15.4,606,89435.6,2538,2199.2,263309.8,180.8,0,3,0.5484,21869.4,173352.0662,20152.2882,-1518.7514,1647.4
centered_candidate_000345_040412c7,centered-gaussian,5,5,0.2,1646.2,403,116.6,3954.8,1829.2581,12155.6,4203,1900.6,27206.6,0.2,331.74,20.6,625.4,56957.8,10550,4325,144569.4,277.6,0,4.8,0.5092,33780.8,72545.5009,11930.3829,-798.0291,1646.2
centered_candidate_000326_5a720201,centered-gaussian,5,5,0.2,1646,59,42,4820,3143.2635,11361.8,1247,1019.6,31598,0.2,285.24,15.4,596.8,100987.4,2542,1713.6,298308.6,206.8,0,3.8,0.5991,26571.8,196520.9897,19854.759,-1529.6317,1646
centered_candidate_000490_5308bf86,centered-gaussian,5,5,0.2,1644,83,57.2,4782.8,3121.1241,11410,1560,1139.2,31448.2,0.2,286.78,15.4,599.2,96728.4,2851,1947.2,285265.6,190.6,0,3.2,0.6231,23134.8,188098.1392,19830.7621,-1503.362,1644
centered_candidate_000248_c80611ff,centered-gaussian,5,5,0.2,1643.8,78,66,4784.6,3134.6187,11505,1580,1371.8,31555.6,0.2,303.48,15.6,601.2,131319.4,3447,2878.8,387652,173.4,0,3.2,0.5627,22814.2,256100.5588,19984.9472,-1501.3094,1643.8
centered_candidate_000252_9e006d14,centered-gaussian,5,5,0.2,1643.2,109,57.4,4768.4,3115.5009,11513.4,1888,1176.2,31526.8,0.2,293.14,15.6,603.6,114832.8,3478,2222.8,338815,172.4,0,3.4,0.6092,23593.8,223640.2898,19877.7348,-1500.3505,1643.2
centered_candidate_000474_f780d08a,centered-gaussian,5,5,0.2,1641.8,73,56.4,4776.6,3097.9781,11467.4,1494,1231.6,31485.8,0.2,295.66,15.8,600.4,169814.2,2677,2249.2,504017,195.6,0,3.8,0.5445,26172.2,333276.5934,19624.8529,-1492.5891,1641.8
centered_candidate_000090_cb453391,centered-gaussian,5,5,0.2,1641.2,82,65.4,4775.6,3127.4201,11478.8,1609,1404.2,31431.4,0.2,296.4,15.4,602.6,141704.8,2846,2507.6,419563.8,180,0,3.2,0.4778,22614.4,277503.5531,19864.5684,-1498.3101,1641.2
centered_candidate_000322_647169e3,centered-gaussian,5,5,0.2,1640.2,93,53.8,4774.4,3117.0125,11433,1786,1269.6,31287.8,0.2,290.16,15.4,600,151510.2,3320,2103,449177,180.2,0,3,0.6114,21787.2,297340.1177,19687.116,-1504.7063,1640.2
centered_candidate_000008_ecf1ec81,centered-gaussian,5,5,0.2,1638.6,93,56.2,4769,3123.2602,11388.6,1649,1285.6,31237.6,0.2,288.62,15.2,597.8,120415.6,3102,2295,355822.6,176.8,0,3,0.5641,22041.8,235226.3133,19775.8707,-1505.4301,1638.6
centered_candidate_000296_0f9113d9,centered-gaussian,5,5,0.2,1637.8,89,72.4,4741.2,3082.2317,11626,1696,1477.8,31603.8,0.2,298.92,15.8,614.2,77790.6,3851,2484.4,227104.4,201.4,0,2.8,0.5645,21993.6,148872.7133,19760.7638,-1468.7158,1637.8
centered_candidate_000209_964b9b56,centered-gaussian,5,5,0.2,1636.2,85,61,4765.4,3122.4245,11444.4,1652,1316.6,31387.2,0.2,293.32,15.2,603,99483.6,2969,2575.8,292834.4,187.2,0,3.4,0.5184,23733.8,193136.4924,19858.5778,-1500.2123,1636.2
centered_candidate_000314_21204e98,centered-gaussian,5,5,0.2,1636.2,106,66,4738.2,3092.4786,11489.4,1954,1323.4,31253.2,0.2,295.88,15.8,603.2,110192.6,3666,2704,324318.8,198.2,0,3.6,0.526,25635.2,213870.2474,19611.8138,-1480.2393,1636.2
centered_candidate_000270_9d712dfe,centered-gaussian,5,5,0.2,1635.6,111,81.2,4720.2,3078.7284,11649.8,1826,1660,31465,0.2,300.36,16,611.8,103238.6,3748,3211.2,302817.8,171.4,0,3,0.5696,22124.2,199434.3848,19748.8849,-1458.1642,1635.6
centered_candidate_000205_f7bf37cd,centered-gaussian,5,5,0.2,1635.4,57,40.8,4809.6,3168.3146,11216,1191,955.2,31513,0.2,278.62,14.6,590,123631.2,2073,1778,366994,179.4,0,3.4,0.6552,23899,243149.5796,20206.0271,-1543.3573,1635.4
centered_candidate_000430_38423177,centered-gaussian,5,5,0.2,1634.4,103,39.4,4732.4,3029.2465,11582.8,1983,926.8,31681.8,0.2,300.3,16.2,607.6,95190.2,3837,1286.8,280157.2,198,0,3.2,0.658,23229.6,183437.1183,19454.2924,-1475.2233,1634.4
centered_candidate_000324_785462c2,centered-gaussian,5,5,0.2,1633.2,88,59.8,4753.8,3114.9343,11534.2,1653,1373.4,31558,0.2,299.9,15.4,607.2,94619.4,3363,2807.2,277749.4,176,0,3,0.5659,22246.6,182998.0012,19943.8262,-1497.6672,1633.2
centered_candidate_000014_6a31c9b3,centered-gaussian,5,5,0.2,1629.4,118,52.6,4726,3084.4473,11533.2,2052,1146.8,31486.6,0.2,295.96,15.6,607.4,71893,3960,2093.6,209811.6,181.2,0,3.2,0.5879,22687.8,137442.7047,19775.9155,-1489.6236,1629.4
centered_candidate_000332_5d4eafd2,centered-gaussian,5,5,0.2,1626.2,89,59.2,4702.6,3028.0996,11492.2,1705,1289.4,31263.6,0.2,305.74,16.2,599.8,100717.8,3079,2510.4,295883,194.6,0,3.8,0.5172,25999.8,194022.5082,19349.0779,-1454.8498,1626.2
centered_candidate_000117_3da1ddcc,centered-gaussian,5,5,0.2,1625.6,110,46.8,4727.8,3084.8681,11403,1891,1126,31276.4,0.2,296.86,15.4,598.6,151457,3609,2364.2,448476.6,184.4,0,3,0.5763,21998.8,296606.8386,19668.3534,-1495.6341,1625.6
centered_candidate_000271_aa40a222,centered-gaussian,5,5,0.2,1624.8,91,45.8,4741.8,3104.19,11437.6,1769,1083.4,31501.2,0.2,290.94,15.2,603,109703.2,3983,1604.2,323846,174.4,0,2.8,0.5691,20648.6,213671.1854,19884.5693,-1506.295,1624.8
centered_candidate_000087_4149182b,centered-gaussian,5,5,0.2,1624.6,90,81.6,4676.6,3011.6632,11614.4,1726,1589,31307.4,0.2,309.84,16.4,609.2,143478.8,3309,2975,423549.4,205.6,0,3.6,0.5292,25648,279018.4539,19314.7587,-1424.2316,1624.6
centered_candidate_000267_2ba118bd,centered-gaussian,5,5,0.2,1624.6,61,46.2,4755.2,3109.8259,11360,1269,1033,31620.6,0.2,282.14,15,599.4,104196,2131,1892.4,308208.2,174.4,0,2.8,0.6771,20977.8,203416.9932,19977.3564,-1508.7129,1624.6
centered_candidate_000182_55827fea,centered-gaussian,5,5,0.2,1624,56,49.6,4756.4,3116.0739,11321.4,1253,1166.6,31447.4,0.2,287.48,15.2,594,102859,2366,2180.8,303825.6,174.8,0,3,0.5982,21755.6,200605.0626,19949.1558,-1508.4369,1624
centered_candidate_000208_f5c8038b,centered-gaussian,5,5,0.2,1623,35,28.2,4802.4,3172.5143,11015,836,709.2,31422.6,0.2,257.16,14.4,578.8,103134.6,1160,919.6,307144,169.4,0,2.4,0.7437,19403.2,203676.1901,20270.9221,-1558.0571,1623
centered_candidate_000364_3dfd969c,centered-gaussian,5,5,0.2,1620.4,92,76.2,4695.6,3071.8085,11360.6,1694,1577.2,30810.4,0.2,296.44,15.6,596.6,91784.4,3451,3189,268652.8,206.6,0,3.6,0.5167,25415.4,176714.9636,19402.8463,-1459.7042,1620.4
centered_candidate_000321_73224043,centered-gaussian,5,5,0.2,1619.2,92,38.8,4733.2,3102.5027,11191.2,1572,919,31115,0.2,280.1,15.2,585.8,77720.2,3081,1394.8,228885,183.2,0,2.4,0.5952,19016.4,150850.4713,19754.076,-1512.4513,1619.2
centered_candidate_000059_e11151af,centered-gaussian,5,5,0.2,1616.4,111,57.2,4681,3038.5527,11403.4,2004,1307.8,30977.4,0.2,316.34,15.8,594.8,121325.4,4297,2599.6,357144,195.2,0,3,0.5509,21427.2,235125.8204,19378.1618,-1462.0763,1616.4
centered_candidate_000443_85da8f59,centered-gaussian,5,5,0.2,1613.8,87,77.6,4671,3045.6397,11514.4,1792,1542.6,31171.6,0.2,302.02,15.8,605.2,101185,3625,2778.4,297110.2,180,0,3.4,0.4587,22778.4,195659.7938,19513.9557,-1445.2199,1613.8
centered_candidate_000126_511df426,centered-gaussian,5,5,0.2,1612.8,65,57.6,4714.4,3097.6065,11337.6,1490,1305.6,31218.2,0.2,291.22,15,599.8,62511.6,2761,2504,182268,197.2,0,3.6,0.5132,25635,119641.3297,19827.0001,-1491.2033,1612.8
centered_candidate_000038_39bbe46c,centered-gaussian,5,5,0.2,1610.8,112,62.8,4662,3033.7379,11429,1908,1232.8,31184,0.2,298.28,15.8,600.6,131370.8,3750,2512.2,387934.4,195,0,4.2,0.4655,28059.8,256075.7759,19495.0297,-1454.069,1610.8
centered_candidate_000117_e2f5a9e6,centered-gaussian,5,5,0.2,1610.8,121,61.6,4655.6,3024.7894,11441.2,2056,1367.8,30959.4,0.2,314.62,15.8,598.6,116539.2,4316,2524.2,342789.6,192,0,3.4,0.5468,23538.2,225416.9272,19292.79,-1450.7947,1610.8
centered_candidate_000301_ed6c14e1,centered-gaussian,5,5,0.2,1609.6,102,51.8,4682,3061.2901,11310.2,1885,1214.2,30946.6,0.2,290.88,15.6,594,96387.8,3202,2007,284162.4,199.8,0,4,0.4748,26900,187518.8934,19488.8829,-1478.845,1609.6
centered_candidate_000298_dd7518ee,centered-gaussian,5,5,0.2,1606.4,63,39.8,4713.2,3093.8602,11176.2,1359,946.4,31181.6,0.2,286.74,14.8,587.8,100066.4,2640,1570.8,295778,182,0,3.6,0.6682,24772.2,195115.0405,19809.3483,-1507.1301,1606.4
general_top5-average-phased_018b96f2,top5-average-phased,5,5,0.2,1605.4,57,53.4,4703,3091.8093,11178.2,1313,1208.8,30961.6,0.2,287.5,15,588.6,105783.4,2264,2138.4,312689.6,203,0,3.2,0.5797,24096.8,206483.0334,19658.604,-1492.5047,1605.4
centered_candidate_000154_8f6ed176,centered-gaussian,5,5,0.2,1605.2,63,46.6,4707.4,3098.9109,11067.6,1295,1042,30867,0.2,280.28,14.6,582.4,136388.4,2201,1898,405012.6,192.2,0,3,0.6524,21860.8,268450.4282,19744.2936,-1502.8555,1605.2
centered_candidate_000463_30d6516d,centered-gaussian,5,5,0.2,1605.2,49,35.6,4724.8,3107.4486,11066.4,1162,896.8,31052.8,0.2,275.34,14.8,582.2,120125.6,2017,1334.2,356813.6,197,0,3.8,0.6477,26855.8,236187.3229,19791.895,-1518.1243,1605.2
centered_candidate_000346_6f9a13cd,centered-gaussian,5,5,0.2,1605,62,36.8,4716.4,3099.5516,11144,1302,851.8,31297.2,0.2,272.9,14.6,588.8,85483.2,2297,1321,252904,180,0,3.6,0.5462,24543,167075.374,19974.0383,-1512.9758,1605
centered_candidate_000216_59950a0b,centered-gaussian,5,5,0.2,1604.8,90,80.6,4638.8,3022.6379,11414.6,1642,1614.8,30919.6,0.2,295.44,15.8,601.4,82821.8,3667,3053.4,241726.2,202.6,0,3.6,0.5432,25090,158607.2257,19394.2353,-1430.7189,1604.8
centered_candidate_000163_05dfad3e,centered-gaussian,5,5,0.2,1600.8,1705,64.2,3087,1346.0556,12250.8,13766,1260.4,22461,0.2,312.9,21.4,636.8,35750.2,31212,2064.8,71729.8,280.8,0,4.8,0.5711,33226.2,31039.0521,9435.5285,-608.8278,1600.8
centered_candidate_000019_d0911b05,centered-gaussian,5,5,0.2,1596.2,87,56,4643.2,3030.0019,11273,1668,1247.2,30930.6,0.2,288.52,15.4,594.4,131287.8,3571,1946.4,388593.8,200,0,3.4,0.5931,24116,256953.6905,19497.7141,-1459.0009,1596.2
centered_candidate_000146_509bdbf9,centered-gaussian,5,5,0.2,1594.2,97,35.2,4657.4,3043.5903,11222.8,1922,801.8,31096.6,0.2,282.86,15.2,592.6,89766.2,3271,1346.8,264864,198,0,3.6,0.5762,25258,174437.4075,19568.5193,-1486.5952,1594.2
centered_candidate_000029_b5760a12,centered-gaussian,5,5,0.2,1591.6,58,24.2,4693.6,3089.2697,10951.2,1300,650,30933.6,0.2,267.52,14.4,578.6,108070.8,2344,986.2,320983,198.4,0,2.6,0.7463,21157.2,212519.3368,19778.8111,-1520.4349,1591.6
search_candidate_000445_d3bdb10d,random-phased,5,5,0.2,1590.4,61,45,4638,3004.3466,11211.2,1347,1017.4,31014.8,0.2,303.08,15.2,587.4,60129.4,2209,1657,175676.8,184.6,0,3,0.5829,21806.4,114130.557,19352.3145,-1457.1733,1590.4
centered_candidate_000042_8a8ddec8,centered-gaussian,5,5,0.2,1578.4,66,46.4,4619.6,3029.8471,10750,1330,1085,29763.6,0.2,236.76,14.6,569.4,103551.8,2719,2083.6,305775.8,220.8,0,4.2,0.5572,28829.6,201962.1645,18864.5647,-1468.5235,1578.4
centered_candidate_000221_34a5eb78,centered-gaussian,5,5,0.2,1530.8,283,90.4,3748.8,1755.9371,11318,3306,1668.2,25913.2,0.2,295.9,19.6,581.4,51494.6,7619,3430.6,131254.8,260.6,0,5.2,0.5026,34857,64993.1595,11555.0813,-787.5685,1530.8
centered_candidate_000397_875522fa,centered-gaussian,5,5,0.2,1520.4,244,116.2,3679.2,1708.2942,11491.6,3200,2064.6,25747,0.2,303.66,19.6,596.2,40031.2,7984,4147.6,94735.2,264,0,4,0.5995,29280.2,43316.3127,11295.2764,-737.9471,1520.4
centered_candidate_000448_584d5930,centered-gaussian,5,5,0.2,1429.6,106,66.8,3563,1688.5329,10745.6,1836,1332.2,25226.2,0.2,271.74,18.2,559.2,40076.4,3343,2297.8,101387,249.8,0,4.4,0.5878,31032.6,48685.0532,11486.3272,-777.4665,1429.6
centered_candidate_000001_5488b168,centered-gaussian,5,5,0.2,1418,88,40.2,3724.4,1864.9231,10421.6,1744,893.2,25829.8,0.2,264.88,17.2,541.4,46049.2,3841,1430.2,124701.6,245,0,3.8,0.7464,28655,67567.8641,12336.9829,-892.2615,1418
centered_candidate_000202_555d505b,centered-gaussian,5,5,0.2,1398.8,92,83.6,3693.8,1911.6673,10534.2,1791,1595,25792.6,0.2,278.38,17.6,549.2,41889.2,3549,3152.8,112511,256.2,0,4.6,0.5205,31830.6,62147.1152,12512.9722,-872.2336,1398.8
centered_candidate_000422_b25598c8,centered-gaussian,5,5,0.2,1396,90,49.2,3531.6,1688.5032,10482.8,1791,1126.2,24947.2,0.2,269.74,17.6,546.2,37048,3639,1975,95354,250.8,0,4.4,0.611,30758,47100.8476,11442.1906,-795.0516,1396
centered_candidate_000315_a74cee45,centered-gaussian,5,5,0.2,1389.4,523,41.6,3624,2052.3906,10037.8,4825,960.8,24536.2,0.2,257.46,17.6,512.4,48346.4,11156,1413.2,133069.6,255.2,0,3.8,0.7759,28806,81130.1817,13166.2383,-984.5953,1389.4
centered_candidate_000414_0f47bd8e,centered-gaussian,5,5,0.2,1389.2,518,230.4,3139,1421.1299,10781.8,4856,2735.2,22566.8,0.2,315.7,20,549,34598.6,11312,5969.8,80687,268,0,5,0.4984,34034.4,38538.8658,9489.478,-480.1649,1389.2
centered_candidate_000172_83f17836,centered-gaussian,5,5,0.2,1331.4,410,125.6,3212.6,1539.4092,10215.8,4227,1834.8,22816.2,0.2,310.96,18.8,517.8,35493.4,9763,4062.8,87206.4,262.6,0,5.8,0.4937,36808.8,43722.5641,10211.2631,-644.1046,1331.4
centered_candidate_000407_4827a73e,centered-gaussian,5,5,0.2,1317.4,115,58.8,3711.2,2278.7344,9510.4,1844,1219.4,24980,0.2,242,15.4,492.8,40181.6,3929,2068,113405.4,227.2,0,4.4,0.5859,29781.8,70950.5157,14590.9471,-1080.5672,1317.4
centered_candidate_000451_d1403b6f,centered-gaussian,5,5,0.2,1295.6,372,95.8,3188.8,1551.2705,10124.8,4123,1766,22786.2,0.2,293.5,18.4,520.2,31834.2,8845,3377.6,78384.4,260.2,0,5,0.4973,33289.4,39000.4947,10227.0833,-679.8353,1295.6
centered_candidate_000404_19332cb6,centered-gaussian,5,5,0.2,1294,390,65.8,3050.4,1397.1796,10160.8,3980,1344.6,22452.8,0.2,290.2,18.4,523.8,30504.6,9320,2388.8,70575.2,258.6,0,4.6,0.559,32402.8,31966.3128,9827.3598,-632.7898,1294
centered_candidate_000365_3aeac3df,centered-gaussian,5,5,0.2,1287,64,56.8,3388.6,1714.6559,9663.6,1340,1296.4,23760.8,0.2,265.9,16.4,499.8,37415.2,2716,2398.6,100600,242,0,4,0.5429,28582.8,54782.6179,11371.1798,-800.5279,1287
centered_candidate_000343_db2e4818,centered-gaussian,5,5,0.2,1261,85,70.8,3345.2,1747.2046,9556,1677,1444.6,23483.2,0.2,261.86,16.6,493.4,42634.6,3304,2813.4,116233.4,242.8,0,3.4,0.6646,26101.4,66008.5391,11504.4238,-802.8023,1261
centered_candidate_000145_6f618062,centered-gaussian,5,5,0.2,1259.8,1679,82.8,2306.6,1013.168,10336,13982,1685.4,17667.2,0.2,308.54,19.2,534.8,27901.6,32436,3066.2,52954.8,267,0,5.2,0.5598,34596.8,22746.098,7329.043,-423.784,1259.8
centered_candidate_000083_a9dc3a64,centered-gaussian,5,5,0.2,1247.4,411,82,2851,1296.5435,9922.2,4368,1591.2,21121.2,0.2,284.78,18.2,511.8,28172,8840,3135,63103.2,255.8,0,4.8,0.5584,32813.8,28295.5223,9077.2673,-566.2717,1247.4
centered_candidate_000410_22e8efb2,centered-gaussian,5,5,0.2,1244.2,320,166,2966,1398.8885,9815.2,3564,2290.4,21530.6,0.2,300,18.6,498,33309.8,8965,4369.4,81401.6,256.8,0,4.4,0.529,30225.4,40696.9976,9446.5851,-533.4442,1244.2
centered_candidate_000242_3755fcb2,centered-gaussian,5,5,0.2,1242.8,90,60.4,3007.8,1435.7656,9719,1722,1284.2,22181,0.2,268.08,16.8,506.4,31353.4,3619,2365.4,74257.4,238.4,0,4.6,0.5343,30773.2,34968.8426,10151.1962,-657.4828,1242.8
centered_candidate_000408_891f8baa,centered-gaussian,5,5,0.2,1241.6,134,69,2968.2,1407.7915,9806.2,2194,1418.4,22025,0.2,269.22,17.2,511.4,29039.2,4149,2630.6,68166,244.6,0,4.4,0.5659,30476.2,31674.8567,9933.7326,-634.8958,1241.6
centered_candidate_000030_e39166d6,centered-gaussian,5,5,0.2,1234,296,88.4,2853.2,1317.7878,9857.4,3511,1715.6,21131.2,0.2,291.44,18,508.2,27847.6,7741,3207.8,62497.6,254,0,5.2,0.4681,34017.8,28318.6164,9226.4545,-570.4939,1234
centered_candidate_000436_07bddd38,centered-gaussian,5,5,0.2,1233,308,145.6,2957.2,1390.2918,9722.6,3430,2214.4,21415,0.2,303.12,18.4,493.2,29738.4,6990,4601.6,71823.2,263.2,0,4.2,0.533,29717.2,35012.2408,9378.6649,-549.5459,1233
centered_candidate_000001_de36c64b,centered-gaussian,5,5,0.2,1231,86,54.4,3219.8,1617.7099,9424.4,1726,1230,22872,0.2,267,16.4,486.4,34495,3682,2473,91556.2,239.2,0,4,0.5535,28755,49366.6107,10799.1019,-754.4549,1231
centered_candidate_000012_d4011732,centered-gaussian,5,5,0.2,1226,240,76.2,3220,1746.3566,9205,3085,1533.8,22097.8,0.2,275.1,16.6,466.6,43716.2,6957,2903,118717.8,245.4,0,4.8,0.4933,31781,69598.7001,11152.2855,-796.9783,1226
centered_candidate_000178_4b1062d3,centered-gaussian,5,5,0.2,1210,1668,168.2,2056.6,862.5249,9979.8,13139,2318.8,16189.8,0.2,326.24,19.8,504.8,25531.8,30137,4738.4,44906,273.6,0,4.4,0.6388,31475,17887.2416,6292.8282,-263.0624,1210
centered_candidate_000508_7dc3fcdd,centered-gaussian,5,5,0.2,1209.6,90,62.4,3154.6,1585.2834,9431.4,1719,1456.6,22737.4,0.2,266.8,16.6,489,27526.6,3365,2782.6,70754.4,246.6,0,3.8,0.5675,27808.8,36262.0282,10737.9165,-730.2417,1209.6
centered_candidate_000141_76e15285,centered-gaussian,5,5,0.2,1196.4,80,75.4,3034.8,1460.6,9384.6,1759,1540,21944.8,0.2,270.52,16.6,485.4,32779.4,3952,2912.6,83131.8,239,0,3.8,0.6285,27964.6,40950.7075,9939.3384,-654.9,1196.4
centered_candidate_000157_edfd138e,centered-gaussian,5,5,0.2,1189.6,164,67.4,2839.6,1335.5048,9350.8,2406,1321.2,20893,0.2,269.36,17,481.8,28203.4,4886,2486.2,66445.8,249.2,0,4.6,0.5424,31589.2,30642.2816,9387.9892,-600.3524,1189.6
centered_candidate_000177_bb0e51c0,centered-gaussian,5,5,0.2,1171.8,71,59.8,2851.4,1358.3016,9049.8,1559,1265.8,20787.8,0.2,259.8,16.4,464.2,28443.4,2585,2360,68428.8,243.2,0,3.4,0.6274,25574.8,31987.2043,9435.2106,-619.3508,1171.8
centered_candidate_000311_4809ea72,centered-gaussian,5,5,0.2,1146.2,104,48.4,3112.4,1720.9007,8665,1965,1037.6,21794.4,0.2,248.54,15.4,443.4,43789.4,3542,1932.4,122763.4,234.2,0,4.4,0.6113,30431.6,73932.9064,11290.4934,-812.0504,1146.2
centered_candidate_000302_cd75a4ab,centered-gaussian,5,5,0.2,1142.2,1824,48,1900.4,892.4278,9401.6,14496,1074.6,15157.2,0.2,294.1,18,481.6,24761,37378,1884.2,41366.2,257.6,0,4.2,0.6537,30290.6,18674.8447,6774.8601,-398.2139,1142.2
centered_candidate_000174_1511bc3b,centered-gaussian,5,5,0.2,1131.4,90,68.2,3059,1691.1746,8585.4,1619,1433.2,21347.8,0.2,255.04,15.4,437.6,33279.8,3229,2520.8,90922,235,0,4.2,0.4967,29167.4,53055.6864,11022.0821,-777.3873,1131.4
centered_candidate_000021_472c7f51,centered-gaussian,5,5,0.2,1119.4,291,45.8,2836.2,1418.1652,8818.8,3357,1004.8,20825.6,0.2,266.14,16.2,451.8,26052.6,7243,1785.6,65343.8,242.6,0,3.8,0.6025,27367.4,32827.3435,9825.9498,-663.2826,1119.4
centered_candidate_000432_dc035d8d,centered-gaussian,5,5,0.2,1118.6,316,71.2,2675.6,1235.36,9089.8,3750,1404,20091.4,0.2,277.2,17.2,466,28046,7825,2521,67865.4,247.2,0,4.4,0.5753,30788.8,32136.7141,8740.6013,-546.48,1118.6
centered_candidate_000046_2e1de9de,centered-gaussian,5,5,0.2,1111.8,332,124.8,2571,1156.5472,9111.4,3660,2041.4,19383.6,0.2,291.84,17.6,464,25042.2,7804,3703.8,57405.2,253.4,0,4.8,0.553,32146.6,25764.9243,8154.083,-453.4736,1111.8
centered_candidate_000467_bed93bb5,centered-gaussian,5,5,0.2,1091.8,91,46.6,2755.4,1316.2569,8722.4,1661,1080.2,20553.6,0.2,249.46,15.6,453.6,25228.4,2721,1764.2,63096.4,236,0,3.8,0.6221,27789.2,30058.2325,9357.5261,-611.5284,1091.8
centered_candidate_000107_53de91a2,centered-gaussian,5,5,0.2,1085.2,160,76.8,2568.4,1200.8643,8950.4,2464,1616.8,19622.6,0.2,270.3,16.4,464.6,24474.4,5074,2895.2,56161.2,239.2,0,4.6,0.4744,31294.2,25547.7585,8631.6926,-523.6321,1085.2
centered_candidate_000439_e7304b5b,centered-gaussian,5,5,0.2,1070.2,351,98.8,2476.4,1115.9508,8616,3867,1636,18247.4,0.2,296.04,17,431.4,24024.2,9158,3582,53849.4,252.8,0,4,0.6747,28339,23771.0909,7687.967,-459.1754,1070.2
centered_candidate_000506_3a54220f,centered-gaussian,5,5,0.2,1058.8,171,58.2,2670.8,1294.2796,8497,2552,1301.6,19764.6,0.2,279.68,16,432.2,23898.8,5861,2768,58732.6,247.2,0,4.4,0.5278,29829.2,28784.6299,9021.9448,-588.9398,1058.8
centered_candidate_000116_addb6fb6,centered-gaussian,5,5,0.2,1055.6,315,56.4,2469.2,1130.7595,8626.6,3766,1218.8,18766.6,0.2,275.3,16.4,440.2,24408,8001,2515,55478,236.6,0,4.6,0.477,31500.4,24829.7142,8141.0928,-508.9797,1055.6
centered_candidate_000149_cef04aa2,centered-gaussian,5,5,0.2,1052.8,95,51.4,3014.2,1949.2454,7858,1597,1160.8,20783.4,0.2,209.08,13,409,28797.8,3292,1924,81249.2,210.2,0,4.2,0.541,29035.4,52086.3607,12776.0554,-923.2227,1052.8
centered_candidate_000194_50c52692,centered-gaussian,5,5,0.2,1050.2,117,43.4,3003.2,1937.1958,7742.4,1842,1063.4,20437.6,0.2,208.62,13,399.8,38445,3525,1644.2,110423.2,210.6,0,3.4,0.6081,25388.8,71529.207,12528.0137,-925.1979,1050.2
centered_candidate_000469_db432193,centered-gaussian,5,5,0.2,1048.4,344,68,2773.6,1654.8088,8063,3784,1413.4,19400.6,0.2,259.96,15,405.2,35308.4,9091,2779.6,95251.4,222.6,0,4.4,0.5687,29513.8,58753.4261,10849.2467,-759.4044,1048.4
centered_candidate_000209_ada3cdd9,centered-gaussian,5,5,0.2,1044,117,80,2604.4,1239.3855,8523,2013,1635,19497,0.2,263.9,15.8,439,25713.2,4087,2970.6,64375.8,234.8,0,4.4,0.6225,30352.2,31919.1865,8692.0836,-539.6927,1044
centered_candidate_000238_d45df6ed,centered-gaussian,5,5,0.2,1040.8,259,133,2449,1122.6031,8577.4,3216,2075.6,18466,0.2,285.88,16.8,434.6,24379.6,7472,3665,57562.4,249.2,0,4.6,0.628,31150.8,27425.6523,7899.469,-428.3016,1040.8
centered_candidate_000410_089f0757,centered-gaussian,5,5,0.2,1040.2,274,68.6,2500.4,1157.9256,8563,3356,1444,18985.4,0.2,278.34,16.4,436.8,24619.6,7469,2786.6,58409.4,241.4,0,4.8,0.488,31875.8,27101.7158,8271.73,-510.3628,1040.2
centered_candidate_000055_29bf0d9a,centered-gaussian,5,5,0.2,1030.8,95,44,2539.4,1199.3747,8331.2,1681,1043.6,19231.8,0.2,250.38,15.2,431,22217.4,3012,1622.4,53657.4,233,0,4.2,0.591,30005.4,24961.6059,8698.3207,-555.6874,1030.8
centered_candidate_000146_0a570e7f,centered-gaussian,5,5,0.2,1028.6,115,91,2554.6,1212.3882,8397.4,1883,1694.6,19186,0.2,277.82,15.8,429.8,24906.8,3912,3495,60774,251.4,0,4.2,0.5149,30098.4,28944.1433,8546.7207,-515.1941,1028.6
centered_candidate_000291_33f6f0ae,centered-gaussian,5,5,0.2,1026.4,234,40.4,2492.6,1161.5453,8408.4,3251,910.8,18962.6,0.2,268.46,15.6,431.8,23608.8,6994,1622.8,56363.8,229.8,0,4.4,0.5317,30018.8,26007.9539,8406.8343,-540.3726,1026.4
centered_candidate_000519_199a70f3,centered-gaussian,5,5,0.2,1026.4,111,75.8,2525.6,1185.3119,8435.6,2074,1452,19193.6,0.2,259.84,15.6,435.8,22695.4,3948,2565.6,54947,232.8,0,4,0.5926,28705.6,25627.0736,8509.5561,-516.8559,1026.4
centered_candidate_000173_8c4770f5,centered-gaussian,5,5,0.2,1023.8,182,69.4,2460.4,1139.6125,8508.8,2646,1397.6,18863.8,0.2,269.46,16,438.4,23245.6,5236,2576.8,54369.2,238.8,0,4.8,0.4996,31787.4,24664.9096,8255.0468,-500.4062,1023.8
search_candidate_000032_4a506cfe,random-phased,5,5,0.2,1023,334,64.2,2608.2,1405.8061,8079,3817,1226.2,18871.6,0.2,252.58,15.6,409.4,21397,8286,2043,53089.4,249.4,0,3.4,0.8595,27760.6,28506.6179,9535.269,-638.7031,1023
centered_candidate_000144_259f2295,centered-gaussian,5,5,0.2,1022.8,86,33.6,2544.6,1207.2248,8186.8,1690,814.4,19160.4,0.2,239.3,15,422.4,24188.4,3115,1088,60255.4,224.8,0,2.8,0.7628,24093.6,28531.0169,8745.842,-570.0124,1022.8
centered_candidate_000164_ba4ca940,centered-gaussian,5,5,0.2,1016.8,253,60.2,2491.2,1176.7546,8376.4,3127,1304.2,19019.4,0.2,270.06,15.8,428.8,25371.2,6909,2361.6,62316.2,231.2,0,3.8,0.6335,26972.8,30312.188,8490.9497,-528.1773,1016.8
centered_candidate_000158_cb47a73c,centered-gaussian,5,5,0.2,1013.6,83,60.6,2576.2,1245.7267,8192.2,1627,1318.4,19248.6,0.2,256.44,15.2,420.4,22335.6,3334,2421.6,55315.8,231.4,0,4.4,0.5566,30050.2,26593.3797,8779.9149,-562.2634,1013.6
centered_candidate_000480_6ca3605d,centered-gaussian,5,5,0.2,1009.2,95,65.2,2524.2,1200.1662,8219.4,1801,1401.2,18970,0.2,263.72,15.2,421.4,25189.8,3428,2826,62616.2,225.6,0,3.8,0.5506,27461.2,30243.1416,8509.1434,-534.8831,1009.2
centered_candidate_000089_3fe0f189,centered-gaussian,5,5,0.2,1006.6,114,63.8,2471.8,1159.3634,8309.2,1912,1409.2,18893.4,0.2,261.66,15.6,427.8,23313.6,3770,2721,55853.8,236.6,0,4.2,0.5019,29092,25738.1513,8383.6899,-515.8817,1006.6
centered_candidate_000342_5edc98db,centered-gaussian,5,5,0.2,991.2,123,97.6,2753.8,1757.9617,7689,2028,1752,19284,0.2,222.5,13.4,397.6,33900.6,3834,3317,94527.4,210.8,0,4,0.4922,27963.2,60482.1611,11544.8949,-781.3809,991.2
centered_candidate_000417_b949146a,centered-gaussian,5,5,0.2,986.2,299,68.2,2346.8,1080.211,8269.6,3532,1436.4,18037.6,0.2,272,16,422.4,22159.8,7876,2647.6,51972.6,235.4,0,5,0.5492,33254.6,24098.5999,7759.7441,-471.9055,986.2
centered_candidate_000282_37618474,centered-gaussian,5,5,0.2,985.4,142,51.4,2779,1775.2702,7644.6,2389,1237.4,19483.4,0.2,228.24,13.2,395.2,33038.4,4598,2448.4,92271,211.8,0,3.4,0.5886,24874.8,58746.0003,11604.2249,-836.2351,985.4
centered_candidate_000343_178f9d84,centered-gaussian,5,5,0.2,984.6,262,62.8,2345.2,1078.3668,8170.4,3298,1296,17923,0.2,272.82,15.8,415.4,21992.2,6692,2821.6,50868.4,233.2,0,4.8,0.4715,31704.6,22888.5601,7761.4789,-476.3834,984.6
centered_candidate_000128_5f3c1244,centered-gaussian,5,5,0.2,983.2,57,41.6,2444.8,1160.8489,7991.4,1249,1059.6,18626.2,0.2,251.08,14.6,412,21994.2,2198,1883.2,54113.8,225.6,0,3.6,0.6136,26770.2,25398.4754,8473.1777,-538.8244,983.2
centered_candidate_000027_053eb5b2,centered-gaussian,5,5,0.2,982.2,353,82.2,2287.6,1038.1436,8186.8,3782,1515.6,17653.2,0.2,279.8,16,414.8,22027,8621,2909,49959.6,236.6,0,4.6,0.5147,30841.2,22260.0462,7534.8456,-436.8718,982.2
centered_candidate_000342_2419b7e7,centered-gaussian,5,5,0.2,973,294,93.8,2304,1060.1864,8224.6,3478,1728.2,17752.8,0.2,280.94,16.2,418,21498.6,8150,3333.4,49282.8,241.6,0,4.4,0.5052,30462.4,22423.3935,7567.5507,-436.2932,973
centered_candidate_000518_e8c3191b,centered-gaussian,5,5,0.2,953.6,97,70,2691.8,1728.8002,7423.6,1848,1487,18935.8,0.2,218.96,12.8,384.4,33358.8,3376,2614.4,94055,204.2,0,3.6,0.6461,26027.6,60478.1322,11431.8142,-794.4001,953.6
centered_candidate_000223_019c22c1,centered-gaussian,5,5,0.2,947.8,81,73.8,2650.2,1644.4164,7395.8,1661,1501.8,18767.4,0.2,232.92,13.4,376.8,26593.8,3421,2729.4,72991,210.2,0,4.2,0.5031,28554.2,45128.5493,10929.759,-748.4082,947.8
centered_candidate_000476_7aaed624,centered-gaussian,5,5,0.2,946,102,72.2,2661,1702.636,7339,1821,1389.4,18814.2,0.2,217.36,12.8,378.6,29753.2,3489,2742,82963.8,205,0,3.8,0.5595,27071.8,52863.7684,11341.8047,-779.118,946
centered_candidate_000454_414fdf8f,centered-gaussian,5,5,0.2,943.2,76,50.6,2655.8,1638.949,7329.6,1630,1094.2,18913.8,0.2,228.42,13.2,374.2,28064,3321,2110.8,78135.8,211.8,0,4.2,0.5401,28915.6,48752.4298,10954.7685,-768.8745,943.2
centered_candidate_000107_0331b493,centered-gaussian,5,5,0.2,934.8,156,103,2242.6,1034.3366,7861.6,2409,1848.4,17043.8,0.2,269.24,15.4,399.6,20305.6,5071,3965.8,46664,235.8,0,4.2,0.5056,28611.8,20991.4573,7269.9336,-414.1683,934.8
centered_candidate_000185_d9c2009c,centered-gaussian,5,5,0.2,923.2,159,85.6,2230.4,1034.6005,7708.4,2274,1584.2,17133.2,0.2,259.78,15.2,391.4,21677.2,4732,2942,51787.6,237.4,0,4.2,0.6148,29244.2,24102.9281,7463.0017,-431.7002,923.2
centered_candidate_000162_4d2d8d84,centered-gaussian,5,5,0.2,914.8,152,92.4,2499.4,1560.5878,7266.8,2318,1711.2,17784.8,0.2,233.14,13.4,370.2,28559.2,4546,3318.8,77691.8,211,0,3.6,0.5108,25876.4,48534.8982,10299.2781,-687.8939,914.8
centered_candidate_000420_90837f7c,centered-gaussian,5,5,0.2,914,147,136.8,2211.2,1041.7879,7677.6,2275,2242.8,16824.8,0.2,280.12,15.8,382.6,20256.4,5592,4403.8,46383.6,240,0,4.6,0.526,30939.4,21136.2221,7374.5712,-384.0939,914
centered_candidate_000137_02b300c7,centered-gaussian,5,5,0.2,911.6,299,80.6,2076.4,933.8723,7733.6,3449,1465,16315.6,0.2,274.62,15.6,389.2,21168.4,8596,2856.8,47007,232.8,0,4.2,0.5218,29815.6,20551.9463,6897.1025,-386.3361,911.6
centered_candidate_000271_149c048e,centered-gaussian,5,5,0.2,905.6,93,86.4,2534.8,1622.2269,7139.2,1687,1667,18004.4,0.2,220.98,12.6,367.8,29655.6,3525,3434.2,81949.2,205.2,0,3.6,0.5388,25315.2,52174.4412,10771.0992,-724.7135,905.6
centered_candidate_000483_052caf2e,centered-gaussian,5,5,0.2,899.8,245,97.8,2062.6,928.3392,7576.6,3092,1777,15644.6,0.2,272.9,15.6,378.4,20990,6646,3446.4,46581.2,238.2,0,4.6,0.5658,30482.6,20367.5594,6549.6484,-366.3696,899.8
centered_candidate_000481_389d3a4c,centered-gaussian,5,5,0.2,893.4,72,62.8,2538.4,1630.4139,6929.8,1547,1277.4,17949.8,0.2,204.12,12.2,357.8,22582.8,2989,2173.8,62576.2,207.6,0,3.6,0.6309,25786.4,39644.8853,10864.9461,-752.4069,893.4
centered_candidate_000482_cc0f4fe1,centered-gaussian,5,5,0.2,887.4,396,117.2,1936.6,842.1764,7710.2,4146,2003,15340.4,0.2,283.4,16,386.6,19223.2,9958,3855,39286.6,239.4,0,4.2,0.5575,29959.8,16436.4829,6180.3085,-303.8882,887.4
centered_candidate_000243_8bdcc3fc,centered-gaussian,5,5,0.2,885.2,64,59.2,2482,1523.5987,7052.6,1400,1255.8,18094.2,0.2,232.02,12.8,360.2,21722.4,2778,2357.2,58966.8,208,0,4.2,0.4672,28134.4,35575.282,10408.2843,-702.5993,885.2
centered_candidate_000287_6c848d76,centered-gaussian,5,5,0.2,884.4,110,67.4,2164,1011.9784,7468,2086,1271.6,16835.8,0.2,253.86,14.6,380.4,19592.6,4252,2290.8,46679.8,226.6,0,4.2,0.5911,29025,21543.3068,7417.9118,-438.5892,884.4
centered_candidate_000013_6ba18fa3,centered-gaussian,5,5,0.2,880,186,83.4,2358.2,1413.6954,7122.6,2604,1645.2,17058.6,0.2,243.96,13.8,358.8,23699,5372,2960,62632.4,219.8,0,3.8,0.513,27003.4,37594.7489,9404.2333,-623.4477,880
centered_candidate_000097_cb3f7201,centered-gaussian,5,5,0.2,875.6,95,61,2471.6,1581.3635,6909.6,1871,1315.4,17651,0.2,216.68,12,356.8,22326.2,3826,2630.6,60742.6,199.2,0,3.8,0.482,26192.4,38154.4408,10633.5835,-729.6818,875.6
centered_candidate_000382_2b613184,centered-gaussian,5,5,0.2,864.2,289,54.6,2249.4,1289.4976,6946,3426,1096.8,16459.8,0.2,239.58,14,345.2,23129.2,7023,2074,60419.4,218,0,4,0.5157,28031.6,35512.2986,8812.7448,-590.1488,864.2
centered_candidate_000303_c710c71e,centered-gaussian,5,5,0.2,856.4,73,64.8,2430.2,1568.3189,6731.8,1584,1362.2,17282.4,0.2,208.02,11.8,347.2,24669.2,2869,2326.4,68894.6,198.6,0,3.4,0.5062,25134.2,44080.7438,10495.653,-719.3595,856.4
centered_candidate_000438_38e05f49,centered-gaussian,5,5,0.2,852.4,90,70.2,2395.2,1532.8748,6820.2,1680,1478.6,17281.4,0.2,217.24,12.2,351.4,25674.8,3282,2872.6,70740.6,205.6,0,3.8,0.5072,26403.8,44804.0744,10383.4306,-696.2374,852.4
centered_candidate_000200_6e73a52f,centered-gaussian,5,5,0.2,848.8,253,136.6,1859,814.6991,7410.2,3222,1975.6,14959.8,0.2,292.46,15.4,368.8,19198.4,8246,4066,39766,235.4,0,4.4,0.5124,29929.4,16628.3887,6076.4674,-270.7495,848.8
centered_candidate_000139_9274054b,centered-gaussian,5,5,0.2,827.8,273,69.4,1928.4,873.2352,7194.2,3168,1464.8,15368,0.2,268.44,14.8,361,18233,7304,2896.2,40634.6,228.8,0,3.4,0.584,25605.8,17819.7252,6492.7451,-367.2176,827.8
centered_candidate_000501_c394d387,centered-gaussian,5,5,0.2,826.2,80,57,2002.8,938.7857,7081.6,1704,1268.4,15812.6,0.2,251.46,14,359.6,17596.4,3518,2630.6,40357.2,221.8,0,4.8,0.5185,31751.8,18120.6505,6970.753,-412.3928,826.2
centered_candidate_000233_3f26f495,centered-gaussian,5,5,0.2,819.6,73,54,2058,981.8441,7032.2,1440,1199,16371.6,0.2,237.1,13.8,359.8,17546,2591,1884.8,43084.2,218.4,0,3.6,0.6582,26586,20364.9984,7395.6764,-436.9221,819.6
centered_candidate_000119_ff060e85,centered-gaussian,5,5,0.2,816.4,126,68.4,1914,888.9638,7173.4,2215,1435,15328.6,0.2,259.66,14.4,364.4,16640.6,4354,2890.6,36484.6,223,0,4.2,0.5808,29043.2,16163.7099,6658.4316,-376.0819,816.4
centered_candidate_000180_6c4e80aa,centered-gaussian,5,5,0.2,813.4,798,115.6,1516.6,616.0369,7268.2,7424,1767.4,12628,0.2,280.26,15.8,360.2,17332.6,16459,3858.6,31347,231.4,0,4.4,0.5224,30724,12064.7672,4767.5531,-192.4184,813.4
centered_candidate_000402_0f31dc92,centered-gaussian,5,5,0.2,809.6,147,60.4,1921,886.238,7001.6,2261,1219.6,15383.4,0.2,265.56,14,352.4,17482.2,4991,2414.8,39704,219,0,3.8,0.519,26560.8,17635.9875,6682.7994,-382.719,809.6
centered_candidate_000277_06578636,centered-gaussian,5,5,0.2,807.2,126,58.4,1998.4,946.617,7035.2,2234,1270.2,15890.6,0.2,252.3,14,358.2,20081,4858,2610.2,48433,223.8,0,4.4,0.4984,30483.6,22967.6758,7027.605,-414.9085,807.2
centered_candidate_000418_835f7c7f,centered-gaussian,5,5,0.2,807,412,85.8,1734.8,756.5551,7044,4276,1537.2,13913,0.2,265.98,15,349.6,17537,9800,2946.2,36130.2,224,0,5.2,0.4846,33683,15214.1902,5676.7509,-292.4775,807
centered_candidate_000278_72d9d55c,centered-gaussian,5,5,0.2,805.6,347,68.8,2041.2,1167.7833,6835,3879,1488.8,15488.8,0.2,248.6,13.6,344.4,21014.4,8620,2911.2,52147.2,216.2,0,3.6,0.6125,25935,29494.9173,8111.2297,-515.0917,805.6
centered_candidate_000272_7c42941f,centered-gaussian,5,5,0.2,800.4,352,63,1992.6,1076.7309,6720.4,3920,1312.6,15162.4,0.2,248.92,13.8,334.6,18265.4,8300,2579.6,44353.4,222,0,4.8,0.4712,31205,24187.8635,7671.4543,-475.3655,800.4
centered_candidate_000054_5ee0a130,centered-gaussian,5,5,0.2,789.2,156,51.6,1850.6,860.1678,6959,2376,1072.4,15170,0.2,260.64,13.8,354.4,16748.8,5713,1712.8,37467.6,226.6,0,3.8,0.5527,26921.6,16750.6833,6657.7226,-378.4839,789.2
centered_candidate_000084_0e9161a2,centered-gaussian,5,5,0.2,789,404,74,1694.4,747.7743,7054.6,4335,1511.4,13949.2,0.2,272.62,14.6,355.2,17278.8,9282,3142.8,35363,231,0,4.4,0.5187,29546,14900.1723,5682.7945,-299.8871,789
centered_candidate_000520_327e549b,centered-gaussian,5,5,0.2,787.2,88,66,1877,875.814,6859.6,1710,1409,14949.4,0.2,252.22,13.8,347.6,16799,3714,3023.8,37187,224.8,0,3.4,0.6343,24868.2,16558.0244,6546.626,-371.907,787.2
centered_candidate_000495_6fa9cdb6,centered-gaussian,5,5,0.2,784.8,103,55,2101.4,1175.4435,6622.6,1955,1171,15973.6,0.2,221.82,13,337.2,19478.2,3540,2317.6,50968.4,208.2,0,3.6,0.5646,26398.2,28922.6295,8147.2504,-532.7217,784.8
centered_candidate_000281_deafef71,centered-gaussian,5,5,0.2,778.2,64,61.2,2207.2,1424.9104,6235.6,1288,1234.2,16128,0.2,205.54,11.2,320.4,21333.2,2666,2258,59037.4,199.6,0,3.6,0.5543,25430.4,37491.2573,9786.1994,-651.2552,778.2
centered_candidate_000159_9144f254,centered-gaussian,5,5,0.2,771.4,215,74.2,2022,1189.4282,6530.6,3103,1404.6,15237,0.2,245.92,13.2,326.6,20644.4,6884,2584.4,52813.8,216.2,0,4.4,0.5127,29433,30844.6464,8227.3118,-520.5141,771.4
centered_candidate_000068_cba70fa2,centered-gaussian,5,5,0.2,766,422,208.8,1564.4,667.0088,6947,4586,2620,12999.6,0.2,271.88,15.6,343.2,17093.4,10937,5508.2,33405,241.8,0,4.4,0.62,30159,14003.8411,5104.7325,-124.7044,766
centered_candidate_000010_ad4aa6a0,centered-gaussian,5,5,0.2,762.8,148,66.8,2040.6,1194.9647,6409,2231,1400.8,15355.4,0.2,242.5,12.8,320.8,18995.6,5301,2571,48886,214.4,0,4.4,0.5385,29320.8,28345.8504,8272.9369,-530.6823,762.8
centered_candidate_000357_ad134925,centered-gaussian,5,5,0.2,759.2,91,86,2069.2,1262.9615,6364.2,1743,1660.4,15437.2,0.2,232.56,12.2,322,23711.8,3755,3351.6,63434.2,200.8,0,4,0.5385,27606.4,38723.4743,8689.2882,-545.4808,759.2
centered_candidate_000432_ed06a1c9,centered-gaussian,5,5,0.2,754.8,345,141.6,1807.2,1006.4554,6619.6,3581,2202.2,14226,0.2,264.72,14,327.6,17104.8,8003,4641.4,39009.8,219.4,0,4,0.4938,27359.4,21089.7066,7244.859,-361.6277,754.8
centered_candidate_000326_5461a452,centered-gaussian,5,5,0.2,749,83,62.4,2099,1337.1266,6172.2,1735,1331,15484.8,0.2,211.12,11.4,316.4,18183.6,3449,2751.6,48397.4,199.6,0,3.4,0.5295,24238.4,29953.6947,9169.0337,-606.1633,749
search_candidate_000378_6303d6ad,random-phased,5,5,0.2,746.6,263,74.4,1929.2,1145.9987,6477.6,3264,1491.6,14920.8,0.2,258.18,13.2,323.6,17829,7541,3136.4,43400.2,220.2,0,4.4,0.4941,29189.8,24606.8319,8130.7778,-498.5994,746.6
centered_candidate_000380_703a6dbc,centered-gaussian,5,5,0.2,744.4,66,46.8,2045.6,1194.3374,6146.2,1319,1027.8,15483.2,0.2,221.82,12,309.4,18632.4,2320,1929,50081.4,205.8,0,3.8,0.5531,26522.6,29172.7633,8453.5557,-550.3687,744.4
centered_candidate_000269_1eb996c4,centered-gaussian,5,5,0.2,744,124,72,2040.6,1286.7617,6118.6,1969,1340.4,15095.6,0.2,201.48,11.8,311.4,18727.2,3573,2349.8,50292.8,200.6,0,4,0.6117,28023.4,31161.6527,8848.4892,-571.3808,744
centered_candidate_000080_063b821d,centered-gaussian,5,5,0.2,741.6,103,60.6,2010.4,1179.7747,6273.4,1799,1290,15352,0.2,225.18,12.4,316.8,17092.6,3281,2492.4,44502.6,204.2,0,3.2,0.5268,23530,25798.6667,8358.8566,-529.2873,741.6
centered_candidate_000347_7063d2ce,centered-gaussian,5,5,0.2,740.8,199,97.4,1671.4,746.684,6739.2,2723,1849.4,13757.4,0.2,259.22,14.2,339.4,15380.4,5828,3662,31937.2,225.2,0,4,0.5598,27829,13400.6331,5621.0218,-275.942,740.8
centered_candidate_000370_721b874f,centered-gaussian,5,5,0.2,737.2,93,75.6,1724.6,802.6123,6585.8,1791,1472.6,14092.6,0.2,252.26,13.6,331.8,16044.6,3728,2732.2,35720.2,218.2,0,4.6,0.4606,30663.8,15890.7197,6126.2408,-325.7062,737.2
centered_candidate_000049_3e66f4d0,centered-gaussian,5,5,0.2,734.8,82,63.4,2009.8,1196.9136,6142.2,1651,1275.2,15121,0.2,224.36,12,309.4,17177,3519,2567,44650,201.4,0,4.2,0.5262,28493,25990.6109,8310.9732,-535.0568,734.8
centered_candidate_000166_c3d109f9,centered-gaussian,5,5,0.2,734.4,107,82.8,1953.4,1130.1452,6313,1943,1648.2,14906.6,0.2,233.46,12.8,317.2,17189.2,4065,3383,42948,208.2,0,3.6,0.5466,25801.6,23991.6106,7911.4492,-482.2726,734.4
centered_candidate_000224_fbb5ede0,centered-gaussian,5,5,0.2,733.4,118,58.2,1981.2,1160.7979,6220,2052,1286.4,15093.4,0.2,230.1,12.4,312.4,18347.2,4354,2325,47744.6,202.4,0,4.4,0.5166,29489.2,27589.6398,8213.5592,-522.199,733.4
centered_candidate_000451_cadf53b4,centered-gaussian,5,5,0.2,733.2,124,53.4,1760,813.9389,6450.4,2145,1115.2,14205.4,0.2,239.94,13.2,325.6,16067.4,4150,1975.2,37151.2,215.2,0,3.4,0.7075,25393.8,16703.4734,6161.5371,-353.5695,733.2
centered_candidate_000136_5a473209,centered-gaussian,5,5,0.2,727.8,125,55.8,1700.2,793.3984,6523.4,2285,1221.2,13963.8,0.2,250.32,13.4,330.4,15660.2,4576,2168.4,34829.6,227.2,0,4,0.6012,28724.2,15550.2713,6053.2965,-340.8992,727.8
centered_candidate_000030_860e4d75,centered-gaussian,5,5,0.2,727,62,46.8,1941.2,1046.7798,6043.4,1324,1002.8,14888.6,0.2,219.46,12.4,300.8,15520.4,2468,1578.8,40304.8,207.8,0,3.4,0.6342,25386.6,21732.4069,7632.0135,-476.5899,727
centered_candidate_000222_b92835d7,centered-gaussian,5,5,0.2,724.8,95,84.8,1685.4,779.7413,6446.2,1696,1581.8,13774.6,0.2,244.18,13.4,324.4,14732.6,3155,2906.4,32393.8,218,0,3.8,0.5271,26977.2,14381.5752,5909.0283,-305.0707,724.8
centered_candidate_000089_49469c8d,centered-gaussian,5,5,0.2,721.6,93,48.4,1985.8,1192.8035,6048.4,1727,1028.6,15101,0.2,219.02,11.8,305.8,17066.2,3067,1736.2,45562.4,204,0,3.6,0.485,25590,26884.2521,8391.598,-548.0018,721.6
centered_candidate_000276_498880bc,centered-gaussian,5,5,0.2,714.4,283,75.4,1694.6,811.3405,6406.2,3513,1545.4,13594.8,0.2,250.64,13.8,319,15816.6,7496,3125.4,35670,223.2,0,4.8,0.5333,31886,17001.5875,5972.883,-330.2703,714.4
centered_candidate_000111_6ffd1fbc,centered-gaussian,5,5,0.2,713,80,62,1680.4,788.7854,6308.4,1634,1308.6,13669.8,0.2,236.74,13.2,316.4,14752.8,2772,2192.8,33942.6,211.4,0,4.2,0.5878,29464.4,15266.157,5980.2908,-332.3927,713
centered_candidate_000323_9e5ebf71,centered-gaussian,5,5,0.2,699.2,161,98,1794,1020.2842,6177,2431,1657.6,14123.8,0.2,240.88,12.8,309,16152.2,4931,3499,39083.4,208.4,0,4.4,0.5367,29334.8,21394.6515,7359.6683,-412.1421,699.2
centered_candidate_000390_99bba3e2,centered-gaussian,5,5,0.2,697,74,58.4,1941.4,1213.6937,5909,1589,1264.8,14720,0.2,220.5,11.4,299.2,17793,2990,2387.2,47470.2,197.6,0,3.6,0.5679,25575.6,28726.1846,8478.2724,-548.4469,697
centered_candidate_000440_d97244fc,centered-gaussian,5,5,0.2,697,214,43,1832.4,1057.1715,6001.8,2849,1070.4,14164.8,0.2,229.18,12.4,299.4,15635.8,5639,1815.2,39447.4,207.4,0,4,0.5469,27496.8,22226.6823,7519.4959,-485.5858,697
centered_candidate_000400_dd773c30,centered-gaussian,5,5,0.2,695.8,116,69.2,1647.6,755.9218,6258.4,2029,1388.4,13402.2,0.2,246.16,13.2,313.4,14827.2,4366,2865.2,32599.2,217,0,3.8,0.5372,26494,14166.2156,5713.0313,-308.7609,695.8
centered_candidate_000028_8f6a1fbc,centered-gaussian,5,5,0.2,692.4,109,55,1916,1208.1637,5757.6,1976,1207.8,14173.8,0.2,207.86,11.2,290.4,17210.2,3702,2330,45709.8,194.4,0,4,0.5767,27258.4,28094.1311,8264.8797,-549.0818,692.4
centered_candidate_000288_3fecec5c,centered-gaussian,5,5,0.2,691,89,62,1915,1202.3771,5880.8,1658,1339.4,14560.8,0.2,223.14,11.4,297,16350.6,3336,2540.4,42785.4,195.8,0,3.2,0.5674,23198.6,25505.0648,8436.6957,-539.1886,691
centered_candidate_000420_56c8038a,centered-gaussian,5,5,0.2,690.6,117,65.2,1894.8,1187.0644,5927.6,1991,1408.6,14438.2,0.2,216.58,11.6,301.2,18823,4036,2346,50171.6,201.8,0,3.6,0.5513,25947.8,30730.6183,8338.5774,-528.3322,690.6
centered_candidate_000437_76ec67f3,centered-gaussian,5,5,0.2,688.2,118,83.2,1822.4,1063.4364,5983.2,1957,1623.2,14069.8,0.2,224.68,12.2,300.8,16252,3685,3068.8,41071.2,204.2,0,4.2,0.5475,28819.4,23276.7189,7546.9677,-448.5182,688.2
centered_candidate_000127_de7ba560,centered-gaussian,5,5,0.2,686.4,94,60,1911.4,1218.3931,5720.2,1651,1253,14284.6,0.2,202.38,10.8,291.6,18855.4,3311,2520.4,50796.4,193,0,3.6,0.5552,25787,31748.895,8451.1001,-549.1966,686.4
centered_candidate_000096_765f4fa5,centered-gaussian,5,5,0.2,686.2,235,74.8,1736.4,976.5247,5965.4,3039,1358.8,13502.8,0.2,246.52,12.6,294,16325.6,6794,2589.8,39566.8,213.4,0,3.8,0.5223,26286.6,21630.7745,7016.1958,-413.4624,686.2
centered_candidate_000177_9b7071c4,centered-gaussian,5,5,0.2,685.2,76,59,1868,1102.9443,5893.6,1554,1279.2,14445.6,0.2,218.86,11.8,297,16409.4,3049,2345,42951,199.4,0,4,0.6189,27523.8,25009.8653,7880.2089,-492.4722,685.2
centered_candidate_000233_ce9c3ab5,centered-gaussian,5,5,0.2,678,82,61.6,1870.8,1155.1104,5809,1481,1362.6,14352.2,0.2,211.86,11.2,295.8,17233.2,2877,2611.2,45776.8,194.2,0,3.8,0.4819,26121.8,27823.8835,8163.1606,-515.9552,678
centered_candidate_000348_bdefc329,centered-gaussian,5,5,0.2,677.2,100,71,1861.8,1175.0192,5804.2,1822,1414.4,14216.4,0.2,207.74,11.4,295,16161,3251,3010.8,42113.4,197,0,3.6,0.566,25827.8,25708.1574,8282.0083,-516.5096,677.2
centered_candidate_000128_bf210d7f,centered-gaussian,5,5,0.2,677,91,56.6,1790,982.7812,5968.4,1674,1203.4,14260.2,0.2,224.3,12.2,301.2,15942,3407,2543.2,40428.4,205.8,0,4.2,0.4991,28706,22210.5228,7212.8174,-434.7906,677
centered_candidate_000031_6030dc4c,centered-gaussian,5,5,0.2,670,185,78.4,1759,1063.7883,5916.2,2769,1486.4,13684.8,0.2,235.02,12,297.2,17835,5387,2734.2,45389.6,204,0,4,0.5686,27441.8,26502.6302,7512.2973,-453.4942,670
centered_candidate_000505_8f2910f1,centered-gaussian,5,5,0.2,669.6,62,57.8,1889,1217.703,5614.8,1360,1207.2,14288.6,0.2,202.94,10.4,287,16906,2841,2333,45578.6,186,0,3.6,0.5633,25247.2,28565.7236,8633.469,-551.0515,669.6
centered_candidate_000050_53293797,centered-gaussian,5,5,0.2,664.4,163,58,1784.2,1091.6354,5881.2,2507,1311.2,13976.6,0.2,237.7,11.8,296,16426.2,5206,2516.2,41832,204.8,0,3.8,0.5266,26239.8,24602.5899,7829.1824,-487.8177,664.4
centered_candidate_000152_b529811e,centered-gaussian,5,5,0.2,657.8,88,51.8,1838.6,1172.7236,5589.8,1740,1135.6,13984.8,0.2,202.58,10.8,284.2,16946.4,3353,2120.8,45502.8,192,0,3.4,0.6077,24504.8,28200.2586,8261.95,-534.5618,657.8
centered_candidate_000019_9587a157,centered-gaussian,5,5,0.2,656.6,48,38.4,1878.6,1210.3009,5420.6,1077,891.4,14216.8,0.2,182.7,10.2,277.8,16283.2,1559,1356,45682,191.8,0,3,0.7759,23896,28946.5558,8608.5329,-566.7504,656.6
centered_candidate_000494_7e9f7b35,centered-gaussian,5,5,0.2,656.4,95,80.2,1795.2,1134.8261,5753.4,1728,1641,13873.8,0.2,201.98,11.2,295.6,16272.8,3207,2742.6,42925.2,195,0,3.4,0.5609,24714,26545.5356,8052.3491,-487.213,656.4
centered_candidate_000309_01e5db8f,centered-gaussian,5,5,0.2,648,149,83.2,1703,1028.7406,5825.2,2379,1534.4,13500.6,0.2,233.04,12,292.4,17964,5026,2931.4,45800.8,201.6,0,3.8,0.6127,26624.2,27078.5505,7398.7567,-431.1703,648
centered_candidate_000032_45b8b00f,centered-gaussian,5,5,0.2,647.8,83,64.2,1793.8,1133.7335,5573.6,1668,1311.8,13754.8,0.2,207.88,10.8,283.4,16705.4,3453,2860.4,43839.8,193.8,0,3.6,0.5634,25251.2,26948.8121,8040.3905,-502.6668,647.8
centered_candidate_000145_f530504e,centered-gaussian,5,5,0.2,647.4,108,76.8,1744,1067.1022,5726.4,2046,1541.8,13525.4,0.2,230.36,11.4,288.6,16190.6,3839,3282.6,41011.6,198,0,3.8,0.5095,26130.6,24082.9243,7546.1258,-456.7511,647.4
centered_candidate_000349_dcffee7d,centered-gaussian,5,5,0.2,642.8,123,60.8,1742.8,1073.447,5708.6,2191,1272.2,13715.6,0.2,234.14,11.4,287.2,16468.4,4756,2672,41838.4,199.4,0,4,0.5335,26958.4,24278.0787,7718.4462,-475.9235,642.8
centered_candidate_000166_1777c51a,centered-gaussian,5,5,0.2,638.2,83,55.8,1774.4,1121.1175,5478.6,1531,1242.4,13607.6,0.2,207.12,10.8,277,14653.6,2992,2484.6,38356.6,195.6,0,3.8,0.4933,26631.4,23344.4107,7941.3847,-504.7588,638.2
centered_candidate_000092_cb904d4b,centered-gaussian,5,5,0.2,636.6,102,54.6,1732.4,1047.8547,5706,1902,1319.2,13724.8,0.2,218.66,11.6,289,15312.8,3300,2234,39855.2,200,0,3.6,0.5794,25375.4,23441.7629,7582.4627,-469.3273,636.6
centered_candidate_000223_ec1ae8b7,centered-gaussian,5,5,0.2,636.4,80,52.6,1769.8,1118.588,5561.4,1614,1171,13825.2,0.2,205.5,10.8,284,15295.6,3397,2492.8,39896.4,191.8,0,3.6,0.5797,25588,24294.4553,8085.3132,-506.694,636.4
centered_candidate_000059_282aa60c,centered-gaussian,5,5,0.2,635.2,104,61.6,1675,942.505,5632.6,1760,1243.4,13364.2,0.2,226.02,11.8,280.2,14966,3742,2421,37688.8,198.2,0,4,0.5784,27729,20903.0147,6929.7661,-409.6525,635.2
centered_candidate_000190_07bffa8c,centered-gaussian,5,5,0.2,634.6,60,48.2,1756,1062.711,5582.8,1387,1073.4,13900.6,0.2,215.06,11,283.2,16183,2907,2138,42729.2,194,0,4.4,0.4557,29193.2,25221.9566,7706.956,-483.1555,634.6
centered_candidate_000039_56afd49a,centered-gaussian,5,5,0.2,631.2,142,71.4,1482.4,673.5641,5859.6,2260,1493.8,12363.4,0.2,246.26,13,289.2,13411.4,4677,2503.6,29144.6,212.4,0,3.6,0.5624,26571.6,12531.1443,5153.2227,-265.382,631.2
centered_candidate_000459_38c9e299,centered-gaussian,5,5,0.2,631.2,94,69.6,1709.6,1041.6146,5537.4,1636,1417.4,13342.6,0.2,213.72,11.2,279,15787.8,3318,2868.2,40739,197.4,0,4,0.5615,27795.4,24167.8085,7427.9647,-451.2073,631.2
centered_candidate_000157_045268a8,centered-gaussian,5,5,0.2,628.6,294,73.4,1549.8,881.9829,5576.2,3200,1280,12463.4,0.2,229.88,12,275.6,15178.6,6713,2287,36992.8,211.4,0,3.8,0.6118,27842.2,20930.4788,6531.8229,-367.5915,628.6
centered_candidate_000425_33063bb1,centered-gaussian,5,5,0.2,626,77,54.2,1742.8,1103.1852,5474.8,1689,1199.2,13544.4,0.2,202.24,10.6,279.6,14841.2,3433,2008.8,39233,187.2,0,3,0.5782,22748.2,24056.141,7914.8618,-497.3926,626
centered_candidate_000043_434ae2d2,centered-gaussian,5,5,0.2,625.2,82,73.6,1669,971.1349,5619,1650,1485.4,13327.8,0.2,222.12,11.8,281.4,15929,3207,2734.2,40853.4,202.2,0,4.2,0.5677,28700.8,23315.0476,7100.544,-411.9674,625.2
centered_candidate_000374_f8d834b3,centered-gaussian,5,5,0.2,623.2,108,51.2,1717.2,1080.7504,5450.2,1955,1129.4,13369.8,0.2,206.58,10.6,277.6,15998.6,3989,2326.2,41881.2,191.4,0,3.6,0.5861,25490.2,25555.6492,7753.1048,-489.1752,623.2
centered_candidate_000220_69fe9754,centered-gaussian,5,5,0.2,619.8,390,90.8,1357,615.7166,5732.8,3956,1779.6,11298.2,0.2,255.08,13.4,276,13134,9179,3702.8,26229,215,0,4.4,0.4429,29776.8,11028.3108,4681.9736,-217.0583,619.8
centered_candidate_000138_3c0ca323,centered-gaussian,5,5,0.2,617.2,302,128.2,1414.8,741.1611,5679.2,3394,2031.6,11553.4,0.2,253.82,12.8,276,13798.6,7946,3863.2,29747.8,212.2,0,4.2,0.59,28346,14955.7763,5510.5864,-242.3805,617.2
centered_candidate_000482_df443afd,centered-gaussian,5,5,0.2,616,87,74,1686.2,1065.5361,5346.8,1569,1525.8,12942,0.2,197.28,10.8,270.2,15556,2760,2509.6,41377,193.6,0,3.4,0.6653,25145.8,25726.1059,7568.6942,-458.7681,616
centered_candidate_000368_37e6daae,centered-gaussian,5,5,0.2,615.4,200,83.4,1416.6,636.0354,5730.6,2840,1559.6,11834.8,0.2,261.58,12.8,280,14456,7138,2856.6,30876.6,219.8,0,4.2,0.4957,28578.8,13083.301,4862.2936,-234.6177,615.4
centered_candidate_000483_32fbdaa8,centered-gaussian,5,5,0.2,612.8,58,43.8,1732.6,1107.2334,5178.6,1247,1061.6,13192.8,0.2,188.04,10.2,262,14810.2,2015,1521,40809.2,189.6,0,3,0.6904,22968.6,25639.8355,7873.1699,-509.8167,612.8
centered_candidate_000175_fd93e09f,centered-gaussian,5,5,0.2,611.6,59,53,1722,1107.2107,5228.4,1296,1212.8,13165.6,0.2,198.44,10,265.6,16052,2766,2418.2,42992.6,186,0,3,0.6098,22572.6,26870.1368,7895.0754,-500.6053,611.6
centered_candidate_000197_25c326c8,centered-gaussian,5,5,0.2,606.8,92,38,1697.8,1080.3843,5218.4,1634,917.6,13195.8,0.2,189.36,10.2,265.4,15520.4,2942,1486.6,42245.4,185.4,0,2.8,0.5842,22278.4,26446.7644,7849.2444,-502.1921,606.8
centered_candidate_000261_f620c02a,centered-gaussian,5,5,0.2,594,116,58,1561,878.8158,5320,1875,1298.8,12438.4,0.2,215.28,11.4,263.6,14838.4,3951,2425,37497.6,194.8,0,4.2,0.5293,28417.6,21065.322,6409.2473,-381.4079,594
centered_candidate_000101_dc802f0e,centered-gaussian,5,5,0.2,587,78,63.4,1620.6,1028.0391,5195.2,1593,1262.4,12754.6,0.2,202.22,10.2,264.4,14662,3241,2323,38577.4,191.2,0,3.2,0.5407,23642.4,23708.4067,7462.0409,-450.6196,587
centered_candidate_000281_34d57d79,centered-gaussian,5,5,0.2,581,112,63.6,1521,865.714,5283,1972,1313.4,12231.4,0.2,225.06,11.4,261,12965.2,4113,2693.2,31286.6,199.8,0,3.6,0.5521,24962.6,16916.4348,6392.8221,-369.257,581
centered_candidate_000160_d3329f38,centered-gaussian,5,5,0.2,578.2,90,55.8,1592.6,1004.5599,5126.4,1706,1273.2,12482.8,0.2,198,10.4,260.2,13450.8,3070,2486.6,34857.6,202.6,0,3.2,0.7628,25239.4,21226.9584,7268.4537,-446.4799,578.2
centered_candidate_000315_d4d273f6,centered-gaussian,5,5,0.2,577,78,52,1603.6,1021.5784,5120.2,1569,1122.2,12719.6,0.2,189.98,10.2,261.2,14152.8,2666,2003.8,37759.8,188.8,0,2.6,0.7053,21116.2,23446.2883,7488.1943,-458.7892,577
centered_candidate_000360_9c25bfc7,centered-gaussian,5,5,0.2,570.2,113,78.8,1476.2,839.705,5286.4,1981,1511.2,12036.2,0.2,225.94,11.4,262.2,13200,3999,2985,31757.4,196.8,0,3.6,0.538,25479.2,17148.9287,6195.297,-341.0525,570.2
centered_candidate_000339_0c01b3ed,centered-gaussian,5,5,0.2,564.2,258,202,1171,519.0127,5416.4,3242,2734,9936.6,0.2,279.02,13.4,253,12718.8,8137,6349.8,23282.6,219.2,0,3.4,0.4662,23659,9355.0512,3939.9542,-57.5063,564.2
centered_candidate_000468_bc15507f,centered-gaussian,5,5,0.2,563.6,433,65.2,1238.4,602.9934,5333,4410,1338.2,10583.6,0.2,231.2,12.4,261.2,12413,9230,2472,26373.2,219.4,0,4,0.5948,28708,12822.2597,4692.3489,-236.2967,563.6
centered_candidate_000275_4daea063,centered-gaussian,5,5,0.2,561.6,71,44.8,1528.4,899.1495,5025.2,1493,1026.4,12259.8,0.2,210.38,10.6,249.4,13090.8,3225,1965.8,33460.2,192.8,0,4,0.6368,27847.4,18946.1933,6651.2176,-404.7748,561.6
centered_candidate_000483_ee745bd7,centered-gaussian,5,5,0.2,560.8,81,66.4,1500,886.5473,5137,1720,1413,12058.6,0.2,216.18,11,255.2,13309.8,3173,2575.8,33398.8,194.8,0,4.4,0.4881,29237.8,18829.9811,6519.7052,-376.8737,560.8
centered_candidate_000466_07f02f21,centered-gaussian,5,5,0.2,557.4,323,128.6,1233.2,641.4336,5360.4,3683,2043.4,10444.2,0.2,256.46,12.4,258.4,12300.2,8551,4319.2,24312,202.8,0,4.4,0.5299,29686.6,11473.3046,4842.1564,-192.1168,557.4
centered_candidate_000019_1195848e,centered-gaussian,5,5,0.2,552,64,50.8,1530.2,957.8904,4985.8,1406,1174.6,12271,0.2,205.86,10,251.6,14103.2,2769,2274.6,37042,186,0,3.6,0.5209,25312.2,22391.7741,7054.9408,-428.1452,552
centered_candidate_000103_46267cdc,centered-gaussian,5,5,0.2,545.6,75,58,1502,947.2978,4964.6,1504,1286.6,12077.8,0.2,199.6,10,251.4,14267.2,2896,2592.2,37162.2,183.4,0,3.6,0.489,25207,22549.7233,6994.4623,-415.6489,545.6
centered_candidate_000213_e4e82107,centered-gaussian,5,5,0.2,544.6,143,85.4,1403.6,846.5489,5124.6,2289,1664.4,11399.2,0.2,221.64,11,255,14161,4943,3350.8,34211.4,192.2,0,3.8,0.495,26608.2,19719.4237,6147.7687,-337.8744,544.6
centered_candidate_000330_ba397355,centered-gaussian,5,5,0.2,543.6,286,77.2,1258.4,620.8821,5159.6,3281,1557.8,10616.4,0.2,231.06,12.2,249.4,12230.8,7203,2423.6,27248,206.4,0,4,0.5226,27630.2,13344.6849,4761.2621,-233.2411,543.6
centered_candidate_000400_6fbadc0b,centered-gaussian,5,5,0.2,543.4,181,69.6,1348,717.2435,5115,2490,1413.4,11225,0.2,226.18,11.6,250.2,12453,4794,2826.2,29063.8,200.6,0,4.2,0.5209,28475.2,15014.1488,5427.6271,-289.0218,543.4
centered_candidate_000222_32b387e2,centered-gaussian,5,5,0.2,540.8,94,77.4,1444.8,888.8472,5065.8,1835,1528.6,11840.6,0.2,220.78,10.6,253.4,13377,3611,2828,33401.2,190.6,0,3.6,0.4934,25016.6,19354.1599,6658.3536,-367.0236,540.8
centered_candidate_000462_f69bd75f,centered-gaussian,5,5,0.2,538.8,89,59.8,1468.8,921.7428,4899.8,1784,1300.6,11672.2,0.2,202.14,10.2,245.4,12833.8,3584,2643.4,32390.8,186.8,0,3.6,0.5341,25526.2,19324.6224,6669.5786,-401.0714,538.8
centered_candidate_000076_853c56ff,centered-gaussian,5,5,0.2,536.2,58,44.4,1504.4,960.9633,4795.6,1294,1053.8,12019,0.2,197.86,9.6,241.8,12314,2550,2077.2,32255,185.2,0,3.4,0.5601,24420.2,19731.8096,7115.8498,-436.0817,536.2
centered_candidate_000282_337ea272,centered-gaussian,5,5,0.2,534.8,142,65,1358,744.059,5045.6,2364,1373.2,11196.2,0.2,221.26,11.4,247.4,12258.6,4709,2878,28625.8,197.6,0,3.6,0.5404,25587.4,15029.3937,5560.9683,-307.0295,534.8
centered_candidate_000343_2c6bc2c5,centered-gaussian,5,5,0.2,533,74,47,1481,943.0875,4773.2,1509,993.6,11870.4,0.2,186.06,9.8,240.8,12530,2535,1506.8,33574,184.2,0,3.2,0.5579,23535,20801.2407,6996.8425,-424.5437,533
centered_candidate_000425_9eedb3b5,centered-gaussian,5,5,0.2,525.4,92,67.4,1383.4,805.1739,5008,1692,1406.2,11588.8,0.2,213.3,10.8,250.4,12003,3511,2825,29083,191.2,0,2.8,0.5961,21884.8,16096.6313,6071.7249,-335.187,525.4
centered_candidate_000042_5cec9095,centered-gaussian,5,5,0.2,524.8,91,65.4,1387.2,812.5652,4957.8,1716,1356.4,11500,0.2,215.2,10.6,247.8,12175.8,3480,2735.8,29736,195.4,0,3.2,0.5342,23345.4,16547.1456,6050.5553,-340.8826,524.8
search_candidate_000396_59b13d95,random-phased,5,5,0.2,524.2,97,77,1395.4,862.5493,4852.8,1753,1478.8,11306,0.2,201,10.4,243.2,12047,3240,2588.6,30333.8,198.2,0,3.2,0.4926,24351.2,18152.7515,6344.4991,-354.2747,524.2
centered_candidate_000307_86fc714a,centered-gaussian,5,5,0.2,522,84,66.8,1415,884.5901,4881.2,1572,1402.8,11610,0.2,197.78,10.2,247,12421,3008,2703.2,31424.2,190.6,0,4,0.5351,27133.4,18666.5588,6580.645,-375.495,522
centered_candidate_000441_ecbde9bf,centered-gaussian,5,5,0.2,519.8,122,93.6,1253,617.6321,5034.2,2091,1646,10666.4,0.2,220.18,11.6,247,11749,4092,3422.8,26210.6,196.6,0,3.6,0.5312,25638.4,12399.5333,4694.892,-215.216,519.8
centered_candidate_000120_d311ab86,centered-gaussian,5,5,0.2,514.4,62,45,1435.2,911.8953,4671,1324,1029,11631.6,0.2,179.74,9.6,237.2,12508.6,2052,1382.2,33984.2,185.4,0,3,0.6167,23331,21068.6662,6799.7392,-410.9477,514.4
centered_candidate_000255_5993dbfb,centered-gaussian,5,5,0.2,512.6,86,60,1384.8,851.2075,4783.8,1549,1351.8,11308.8,0.2,200.82,10,240.2,12737.8,2961,2625.6,32291,182.8,0,4,0.5842,27581.8,18968.1461,6251.4306,-365.6038,512.6
centered_candidate_000009_b29f2bb3,centered-gaussian,5,5,0.2,512,63,50.8,1416.4,893.1457,4702.6,1280,1114.6,11607.2,0.2,199.92,9.6,236.6,11996.6,3047,1925.6,30939.6,183.6,0,3.6,0.5604,25259.2,18431.8255,6706.3482,-395.7728,512
centered_candidate_000091_b7c3bc8d,centered-gaussian,5,5,0.2,505.2,142,87,1211.4,595.6403,4899.2,2319,1580,10373.2,0.2,231.38,11.6,236.8,11150.6,4710,3215.4,24601.2,207.4,0,4.4,0.5014,29158,11728.4106,4668.7199,-210.8201,505.2
centered_candidate_000412_e1cccec4,centered-gaussian,5,5,0.2,504.8,101,60.2,1351.6,825.231,4777,1818,1340,11176,0.2,207.62,10.2,238.4,12454.6,3707,2890.2,30674.6,186,0,3.4,0.541,24722.2,17734.4637,6196.9167,-352.4155,504.8
centered_candidate_000359_897015d1,centered-gaussian,5,5,0.2,504,79,72.6,1361.2,856.0051,4660.4,1543,1487.2,10934.2,0.2,197.04,10,231.6,11850.4,2947,2795.2,29733.8,182.4,0,2.8,0.6643,22083.2,17726.6112,6233.5773,-355.4026,504
centered_candidate_000113_7bc0fb5f,centered-gaussian,5,5,0.2,503.8,78,61.4,1375.2,868.1314,4632,1538,1265.4,11137,0.2,193.6,9.6,232.4,12614.4,2828,2375,32640.4,179.6,0,3.4,0.583,24881.4,19927.7246,6438.854,-372.6657,503.8
centered_candidate_000456_027b3b6c,centered-gaussian,5,5,0.2,502.8,74,65.4,1364,849.7377,4778.8,1482,1397.8,11368.2,0.2,200,9.8,242.6,11678.2,3009,2702.4,29124.2,182.8,0,3,0.5562,22607.2,17038.3085,6426.7672,-359.4689,502.8
centered_candidate_000361_e01f881e,centered-gaussian,5,5,0.2,502,193,74.4,1215.8,636.5099,4890.8,2706,1490.2,10373.8,0.2,233.58,11.2,238,11529.6,6400,2887.2,25381.4,197.6,0,4,0.5931,27742,12577.1005,4904.7062,-243.8549,502
centered_candidate_000178_471e33fe,centered-gaussian,5,5,0.2,500,124,58.6,1319,799.394,4699.8,2082,1141.8,10921.2,0.2,196.48,10,236,11495.2,4216,2050.8,28279.4,187.4,0,2.4,0.6346,20346.4,16238.11,5978.3218,-341.097,500
centered_candidate_000051_701e68bd,centered-gaussian,5,5,0.2,499.4,289,94.6,1137,592.1779,4925,3310,1768.4,9851,0.2,241.5,11.6,237.6,11306.8,7636,3636.4,23237.6,203.4,0,3.8,0.5016,26395.6,11112.7328,4558.0786,-201.4889,499.4
centered_candidate_000088_38be59c8,centered-gaussian,5,5,0.2,497.6,247,133.8,1108,572.9522,4999,3164,2141.6,9680.2,0.2,248.26,11.8,241.4,11611.6,6834,4506.6,23528.4,203,0,4.6,0.4893,29690,11294.1511,4398.8516,-152.6761,497.6
centered_candidate_000262_721e7bcc,centered-gaussian,5,5,0.2,497.4,107,59.8,1328,818.6918,4674.8,1849,1269,10905.4,0.2,194.78,10.2,233.2,12040.2,3601,2076.8,30502.6,188.8,0,3,0.6356,22639.8,18027.6678,6048.3418,-349.5459,497.4
centered_candidate_000477_f85935a3,centered-gaussian,5,5,0.2,496.4,101,91.4,1296.6,796.325,4708.2,1757,1741.4,10578.2,0.2,201.68,10.2,234.8,11142.2,3542,3168.6,26747.4,187.2,0,3,0.5403,22575.4,15478.8723,5796.2079,-306.7625,496.4
centered_candidate_000257_94fbd7c5,centered-gaussian,5,5,0.2,495.6,158,96.8,1184.6,604.5926,4880.8,2416,1726,10198.2,0.2,220.4,11.4,238.6,11065.6,4474,3527.4,24365.8,196.2,0,3.8,0.4967,26565,11876.5212,4655.7134,-205.4963,495.6
centered_candidate_000015_ca011eca,centered-gaussian,5,5,0.2,493.8,73,66.6,1339.6,841.1291,4606.6,1566,1335,10923.4,0.2,195.38,9.8,230.2,11118.8,2838,2475.2,28023.4,183.6,0,3.4,0.5636,24720.4,16757.9262,6257.606,-353.9645,493.8
centered_candidate_000337_850c44df,centered-gaussian,5,5,0.2,493.4,100,71.8,1294.4,770.4673,4835.2,1946,1547,10911,0.2,219.9,10.4,241.6,12301,3639,3383.4,29525.8,190.2,0,3.6,0.5523,25082.8,16593.6743,5784.5613,-313.4336,493.4
centered_candidate_000034_05aaa396,centered-gaussian,5,5,0.2,490.8,153,80.4,1243.8,738.0746,4762,2281,1529,10496.6,0.2,207.46,10.4,237.8,11319.2,4655,2661.8,26711.6,189,0,3.4,0.6252,25147.2,14973.7721,5571.8584,-288.6373,490.8
centered_candidate_000319_63da1522,centered-gaussian,5,5,0.2,489.4,114,74.6,1258.6,725.4435,4773.8,2053,1503.2,10631.6,0.2,221.16,10.4,237,10936,4316,3000.6,25159.4,192.4,0,4.6,0.4548,29475.2,13387.1938,5492.3503,-288.1217,489.4
centered_candidate_000079_1b2856cb,centered-gaussian,5,5,0.2,484.2,62,54.8,1260.8,678.2691,4718.6,1414,1255.2,10891.6,0.2,216,10.4,233.4,10598.2,2758,2705.8,24954,187.2,0,3.6,0.4844,24966.2,12562.6466,5358.4195,-284.3345,484.2
centered_candidate_000153_fcd9e5e6,centered-gaussian,5,5,0.2,483,256,107.2,1087.8,561.1021,4780.4,3130,1820,9397.8,0.2,256.92,11.6,225.2,11409.8,7003,3876.6,23227.2,205.2,0,3.6,0.4632,25025,10781.4274,4272.3713,-173.3511,483
centered_candidate_000475_88d325d7,centered-gaussian,5,5,0.2,480.8,88,67.8,1206.6,621.0879,4622.2,1527,1377.8,10311.8,0.2,220.02,10.8,223.2,10640.4,3076,2858.2,24379.4,196,0,3.2,0.5425,23585.2,11715.8674,4862.1966,-242.7439,480.8
centered_candidate_000233_13f59447,centered-gaussian,5,5,0.2,477.6,84,67.4,1242,703.438,4709,1662,1425.8,10684.4,0.2,224.54,10.4,232,11179.6,3237,2865.8,26384.4,187.2,0,2.8,0.5707,21523.8,13713.4675,5401.3459,-284.319,477.6
centered_candidate_000370_ae53dacd,centered-gaussian,5,5,0.2,474.2,99,59.6,1266.4,783.1762,4571.2,1899,1335.8,10536.4,0.2,201.28,10,227.6,11981.6,3438,2347.4,30075.8,186.8,0,3.2,0.6253,24217.2,17700.891,5857.7668,-331.9881,474.2
centered_candidate_000491_6e9f422d,centered-gaussian,5,5,0.2,471.8,256,46.8,1142.2,622.6169,4609.6,3145,1067.2,9916.4,0.2,228.06,10.8,221.6,10276,6881,1889.6,22803.2,193.2,0,4,0.5276,27163.2,11484.7716,4881.1933,-264.5084,471.8
centered_candidate_000267_494b37ec,centered-gaussian,5,5,0.2,467.4,139,72.8,1193.2,714.2676,4493.8,2126,1368.2,9981.8,0.2,191.72,10.2,223,10525.6,3996,2273.6,25329.2,194.8,0,3,0.6736,23425.4,14549.4561,5369.8591,-284.3338,467.4
centered_candidate_000174_076c03a8,centered-gaussian,5,5,0.2,460.6,77,48,1257.8,790.3656,4326.4,1613,998,10416.4,0.2,186.3,9.2,216.4,11641.8,2998,1763.6,30144.4,179.8,0,2.6,0.689,21075,18245.0372,5977.0445,-347.1828,460.6
centered_candidate_000458_bffa9f21,centered-gaussian,5,5,0.2,459.6,249,135,990.8,508.7446,4683.4,3098,2054.2,8842.8,0.2,248.72,11.2,224.2,10471.2,7654,4486.8,19330,205,0,4,0.5252,27229.8,8512.3101,3931.3791,-119.3723,459.6
centered_candidate_000350_ae22df73,centered-gaussian,5,5,0.2,458.8,64,51.2,1260,796.6526,4326,1365,1131.4,10461.8,0.2,191.4,9.2,215.4,10588.6,2576,2045.6,27124.4,176.2,0,3.6,0.5442,25124.8,16329.4758,6043.7651,-347.1263,458.8
search_candidate_000343_b9536b08,random-phased,5,5,0.2,455,92,70.6,1194.4,720.0092,4397,1673,1389.2,10026,0.2,193.64,9.8,218,9452.6,3002,2509,22656.4,184.8,0,3.6,0.5373,25252,12798.3836,5389.5387,-289.4046,455
centered_candidate_000135_ef84205a,centered-gaussian,5,5,0.2,453,124,93.2,1127.8,648.2095,4538.2,2055,1793.4,9652.2,0.2,209.78,10.4,223.2,10757.4,3919,3474.6,24621,186,0,3.8,0.5388,26639.6,13350.8414,4879.3292,-230.9048,453
centered_candidate_000297_3e24a3ee,centered-gaussian,5,5,0.2,451.4,77,41.4,1234.4,765.7526,4257.6,1566,965.8,10248.8,0.2,184.72,9.4,211,9878.4,2661,1602.4,25283.8,183.4,0,3.2,0.6659,24486.6,14994.0028,5787.6882,-341.4763,451.4
centered_candidate_000465_b1d407b8,centered-gaussian,5,5,0.2,449.4,93,87.8,1162.2,702.9212,4452.4,1763,1668.4,9861.6,0.2,203.88,9.8,221.4,10619.2,4203,3360.4,24393.2,182.6,0,3.6,0.525,25073.8,13621.1568,5285.4829,-263.6606,449.4
centered_candidate_000491_f39b5e14,centered-gaussian,5,5,0.2,448.2,133,74.6,1113.8,613.2883,4455.4,2284,1381.2,9631.4,0.2,214.46,10.4,216.6,10899.6,4569,2641.4,25216.6,191,0,3.8,0.4894,26719.6,13196.0836,4744.341,-232.0442,448.2
centered_candidate_000011_7236cb66,centered-gaussian,5,5,0.2,444.4,104,56,1156.4,667.8148,4363.2,1865,1261,9860.8,0.2,212.96,10,211.8,10811.8,3806,2471.2,25905,184,0,3.4,0.6315,24943,14128.5123,5108.5003,-277.9074,444.4
centered_candidate_000341_5c9b0ad4,centered-gaussian,5,5,0.2,441.8,88,54.6,1185.8,736.788,4352,1799,1237.8,10090.8,0.2,199.32,9.4,217.4,10093,3275,2455.2,24563.4,180.8,0,3.4,0.5443,24741,14136.1671,5634.0068,-313.794,441.8
centered_candidate_000327_43d304f9,centered-gaussian,5,5,0.2,434.4,58,53.4,1191.4,755.307,4141.2,1292,1254.2,9871,0.2,193.9,8.8,205.4,10536.4,2733,2487.4,26408.4,175.8,0,3.6,0.4772,25187.6,15824.2932,5713.9832,-324.2535,434.4
centered_candidate_000485_d30b5275,centered-gaussian,5,5,0.2,434,92,51.4,1165,722.7356,4327.6,1768,1202.6,10094.2,0.2,195.5,9.2,218.2,10596.4,3071,2118.6,26548.2,178.8,0,3,0.601,22739.6,15420.6641,5642.9724,-309.9678,434
centered_candidate_000016_e43af5f9,centered-gaussian,5,5,0.2,432.6,89,75.2,1128.4,682.9306,4327.2,1720,1516.8,9711.2,0.2,197.9,9.6,215.2,10413,3322,2892,24905.8,180,0,3.2,0.605,23882.6,14164.6897,5283.0522,-266.2653,432.6
centered_candidate_000072_d33bc856,centered-gaussian,5,5,0.2,430.6,109,74.4,1114.4,675.8984,4354,1852,1497,9728.2,0.2,197.56,9.8,216.4,9843.2,3695,3022.4,22894.2,180.6,0,3.2,0.6367,24081.6,12864.582,5235.3735,-263.5492,430.6
centered_candidate_000207_ab4e2c82,centered-gaussian,5,5,0.2,427.4,98,73.6,1107.4,667.0954,4330.2,1965,1452,9612,0.2,204.34,9.6,215.4,9613.4,3861,2945,22004.6,183.8,0,3.4,0.5404,24388.6,12038.0611,5136.3297,-259.9477,427.4
centered_candidate_000016_8ab77378,centered-gaussian,5,5,0.2,421.2,112,55.8,1086,626.9078,4278.6,2033,1224,9561.2,0.2,210.44,9.8,210,10413,3939,2098.2,24926.2,189.2,0,4,0.523,27095.4,13375.1111,4904.1781,-257.6539,421.2
centered_candidate_000239_6a0f19b1,centered-gaussian,5,5,0.2,420.4,87,56.8,1119.8,692.4711,4136,1646,1203.2,9595.6,0.2,187.02,9.2,207.2,10229.4,2966,2326.8,25421.2,197.6,0,2.8,0.695,22458.6,15077.6399,5377.6503,-289.4356,420.4
centered_candidate_000028_77805e47,centered-gaussian,5,5,0.2,417,65,43.8,1139.8,710.2352,4090.6,1349,1036,9867.4,0.2,189.16,8.6,205.6,10448.8,2384,2145.6,26691,176.2,0,3.2,0.5709,23017.6,15945.105,5631.8313,-311.3176,417
centered_candidate_000037_73250363,centered-gaussian,5,5,0.2,415.2,100,80.6,1062.2,638.0835,4235.4,1885,1557.2,9284.6,0.2,202.42,9.6,209.8,9911.6,3835,3282.2,22636,188.4,0,2.8,0.6033,21928.6,12585.9896,4969.8109,-238.4418,415.2
centered_candidate_000078_f5db9e12,centered-gaussian,5,5,0.2,413.8,90,63.2,1089,663.8402,4116,1688,1281.8,9390.6,0.2,198.58,9.2,202.4,9153.2,3775,2309.6,21585.8,177.4,0,3.8,0.5183,25691.4,12072.6801,5121.7953,-268.7201,413.8
centered_candidate_000334_869b2714,centered-gaussian,5,5,0.2,403.4,112,67.8,1037.4,625.1216,4070.6,1841,1372.4,9029.6,0.2,195.92,9.4,199.4,9544.6,3683,2760.4,22300.8,181.8,0,3,0.5213,22738.2,12560.3735,4851.8855,-244.7608,403.4
centered_candidate_000422_4bfab307,centered-gaussian,5,5,0.2,403,80,74.4,1051.8,643.049,4114,1672,1518.4,9144,0.2,197.76,9.4,202.2,9577.2,3016,2661.8,22903.4,176.2,0,3.6,0.5215,25383.4,13030.2074,4958.2407,-247.1245,403
centered_candidate_000428_faffc72b,centered-gaussian,5,5,0.2,402.8,83,53.6,1011.4,525.2247,4009.2,1610,1193.4,8808.8,0.2,200.7,9.8,191.6,8312.2,3067,1875.2,19079.8,190.4,0,3.8,0.563,26492.6,9274.2412,4183.0971,-209.0123,402.8
centered_candidate_000373_5a5c0e09,centered-gaussian,5,5,0.2,401.8,59,43.4,1101.6,691.2156,3961.2,1302,986.2,9567.8,0.2,185.94,8.6,197,9492.8,2622,1577.6,24313.4,173.6,0,3,0.615,22792.6,14406.7755,5442.6234,-302.2078,401.8
centered_candidate_000331_5de9374a,centered-gaussian,5,5,0.2,398.6,86,69.8,1040.8,638.7605,4071.8,1646,1462,9091.8,0.2,199.86,9,201.6,9645.4,3450,2950.4,22557,175,0,3.4,0.5634,24302.4,12804.7611,4957.2912,-249.5803,398.6
centered_candidate_000338_c3b22bc4,centered-gaussian,5,5,0.2,396.8,76,54.6,1061.2,656.7232,3994,1593,1235.8,9183.8,0.2,197.04,8.8,197.4,9268.4,3103,2324.6,22374,176.4,0,3.4,0.5451,24086.8,12825.0707,5067.7835,-273.7616,396.8
centered_candidate_000068_cee0e800,centered-gaussian,5,5,0.2,393.6,76,39.4,1068.6,663.0233,3879.8,1519,916.4,9252.8,0.2,182.34,8.8,190.6,8845.6,2847,1423.2,22395.6,175.4,0,3,0.6167,22627.6,13141.3784,5181.3655,-292.1116,393.6
centered_candidate_000041_3b5864ec,centered-gaussian,5,5,0.2,391.2,93,61.8,1019.2,614.7557,3981.4,1555,1301.2,9041,0.2,188.92,9,197,9120.4,2999,2358.4,21943.8,177,0,3,0.5148,22436.8,12459.9166,4899.5044,-245.5778,391.2
centered_candidate_000299_ff405a94,centered-gaussian,5,5,0.2,390.4,86,53,1018.2,595.0995,4073.8,1728,1235.2,9144.8,0.2,214.78,9.2,199.6,9134.6,3212,2556,21060,182,0,3.6,0.496,24851.8,10907.4025,4725.4554,-244.5498,390.4
centered_candidate_000169_b6a5bbc5,centered-gaussian,5,5,0.2,388.6,78,54.4,1031.4,630.473,3936,1523,1196.2,9037.8,0.2,186.56,9,194,9422.8,2543,2173.4,23310.4,177.4,0,3,0.6438,22661.6,13441.96,4927.17,-260.8365,388.6
centered_candidate_000144_e18ce961,centered-gaussian,5,5,0.2,387.2,78,55.8,1021.8,616.4269,3910.6,1505,1306.8,8854.2,0.2,201.36,9,190,9256.4,2858,2437.6,22216,181.4,0,3.8,0.5022,25797.8,12509.684,4779.8895,-252.4135,387.2
centered_candidate_000268_5f0b333a,centered-gaussian,5,5,0.2,381.6,62,51,1027,633.8936,3824,1332,1138.6,8944.4,0.2,192.22,8.6,187.2,9038.6,2651,2362.8,21990.4,175.4,0,3.6,0.518,24963.6,12713.3729,4962.982,-265.9468,381.6
centered_candidate_000312_815b9986,centered-gaussian,5,5,0.2,381.4,126,91.2,933.2,544.5327,4004.4,2004,1670.2,8359.2,0.2,197.78,9.2,197.4,8629.8,3926,3172.8,18907.4,178.2,0,3.6,0.5253,25596.8,10085.6132,4268.5246,-181.0663,381.4
centered_candidate_000061_8c7279a5,centered-gaussian,5,5,0.2,374.4,59,43.2,1018.8,635.9323,3727.4,1202,1022,8878.8,0.2,174.4,8.4,183.8,8418,2365,1563.6,21377.6,168.8,0,3,0.6712,22679,12738.2635,4996.501,-274.7661,374.4
centered_candidate_000251_ad9d60f2,centered-gaussian,5,5,0.2,366.4,91,31.4,986.8,609.3733,3683.6,1730,741.2,8733.6,0.2,169.6,8.2,183.4,8209.2,3078,921,20997.2,169.4,0,2.8,0.6065,21990.6,12390.9825,4853.7447,-273.2867,366.4
centered_candidate_000472_6158f76b,centered-gaussian,5,5,0.2,343,76,53.8,899.6,552.6616,3625.2,1590,1134.8,8173.8,0.2,188.06,8.4,177,8257.2,3091,2224.2,19441,169.2,0,3.2,0.5844,23475.8,11021.3391,4473.9943,-222.5308,343
centered_candidate_000302_e6b1c79a,centered-gaussian,5,5,0,2104.6,2959,120.8,3753.4,1663.9431,15366.8,21371,1925,26278.8,0,353.32,25,813.2,54235.4,68038,3890,101950,317,0,5.4,0.5418,36668.4,44628.5973,11169.3639,-711.1715,2104.6
centered_candidate_000201_7feace9e,centered-gaussian,5,5,0,1870.4,2039,75,3731.4,1640.466,13727.4,15593,1543.6,25787.8,0,329.78,23.2,721.6,43068.8,39076,2689.2,90464.6,307.2,0,4.6,0.6218,32811,40328.0615,10826.1187,-745.233,1870.4
centered_candidate_000457_9f1d9eec,centered-gaussian,5,5,0,1809.6,1317,70.4,3939.8,1744.9626,13157.8,10307,1393.6,27081,0,332.62,22.6,684,50371.6,25427,2737.8,116780.4,292.6,0,5.4,0.5019,35922.2,53665.7156,11474.3178,-802.0813,1809.6
centered_candidate_000081_c3da9944,centered-gaussian,5,5,0,1787.8,2061,70.2,3460.2,1507.9123,13387.6,15969,1456.2,24539.6,0,336.26,22.8,704.6,42276.2,44134,2856.6,84325.2,299.8,0,5,0.5887,34496,36648.9611,10278.8589,-683.7561,1787.8
centered_candidate_000494_26f659f0,centered-gaussian,5,5,0,1770.4,1837,89.8,3488,1502.8386,13302.8,14640,1617.4,24712.2,0,335.28,22.6,700,42568.2,38758,3081.8,86432.8,287.2,0,5,0.5431,34532.8,37027.9878,10222.4568,-661.6193,1770.4
centered_candidate_000067_e997ce8f,centered-gaussian,5,5,0,1686,2601,77.2,2869.4,1316.6447,12933.8,19608,1538.8,21142.6,0,329.56,22.4,682.4,38868.4,58193,2926.4,65756,289.4,0,5.4,0.501,36090.8,29413.0537,9286.3056,-581.1223,1686
centered_candidate_000337_fa857402,centered-gaussian,5,5,0,1670.6,1419,264.6,3200,1308.356,12841.2,11747,3257,22944,0,359.36,23.2,666.8,40113.8,28180,6965.4,80521.6,297.4,0,5,0.5095,34787.4,32998.9663,8755.4625,-389.578,1670.6
centered_candidate_000404_e391e25a,centered-gaussian,5,5,0,1622.2,187,128.4,3951,1843.0999,12052.2,2759,2148.8,27286.2,0,317,20.2,633,39093.2,5836,4530.6,92775.8,273.4,0,4.6,0.4246,31308.6,42528.6415,12076.4947,-793.15,1622.2
centered_candidate_000071_4d7af85a,centered-gaussian,5,5,0,1537.2,1768,315.2,2596,1012.9873,11963.8,14024,3490.4,19069.8,0,341.1,22.6,617,35972.8,36880,7091.6,63645.6,291,0,4.8,0.5061,32923.4,24949.121,6950.6135,-191.2937,1537.2
centered_candidate_000510_14e5a14c,centered-gaussian,5,5,0,1531.2,113,65.2,4219.2,2407.9654,10928.8,1803,1363.2,28228.2,0,274.66,17.6,574.2,63691.4,3608,2647.6,181079.2,253.2,0,3.4,0.6887,26448.6,111641.4846,15320.5155,-1138.7827,1531.2
centered_candidate_000074_4fff89e6,centered-gaussian,5,5,0,1465.8,119,86.4,3560.6,1681.3437,11062.4,2034,1686.2,25191.4,0,293.14,18.6,583.4,35403.4,4669,3408,83081.2,253.8,0,5.4,0.4685,35393.4,38682.5598,11362.5499,-754.2718,1465.8
centered_candidate_000265_a9660833,centered-gaussian,5,5,0,1465,1811,154,2620.6,1098.7518,11497.8,14241,2201,19469.6,0,340.18,21.2,597.4,31132.4,36458,4629.4,55383.8,292.4,0,6,0.422,37541.6,22481.3354,7711.9488,-395.3759,1465
centered_candidate_000036_1b226591,centered-gaussian,5,5,0,1373.8,76,62.2,3334.2,1600.5046,10391.2,1617,1348.2,23846.2,0,276.72,17.6,548.8,33303,3526,2576.8,79152.2,253.6,0,5,0.5033,32711.6,37242.9241,10963.7326,-738.0523,1373.8
centered_candidate_000081_02e82163,centered-gaussian,5,5,0,1338.2,123,82.4,3245,1525.1677,10234.8,2127,1540.4,23211.4,0,274.84,17.8,539.2,32872,4302,2884,77735.4,254.6,0,5,0.5714,33413.4,36097.8669,10398.2364,-680.1839,1338.2
centered_candidate_000509_f5a5693c,centered-gaussian,5,5,0,1301.4,358,108,3198,1561.0745,9973.2,3957,1721,22556.6,0,303.36,18,515.8,33471.2,8439,3702,83749.8,254.2,0,4.2,0.5388,29806.8,43318.0012,10265.7012,-672.5372,1301.4
centered_candidate_000449_56a8705a,centered-gaussian,5,5,0,1276.4,312,109,3174.6,1569.6447,9888.8,3474,1899.4,22526.8,0,301.8,18.2,511.4,31863.8,8136,3788.2,79635.2,261.2,0,5,0.4886,32655.2,41362.2498,10321.5319,-675.8224,1276.4
search_candidate_000050_7ce0d747,random-phased,5,5,0,1239.8,1645,170.2,2152.2,900.9565,9634.4,12413,2204.4,15909.4,0,340.4,19.8,480.8,25539.4,29930,4751.6,45346,299,0,4.4,0.6839,31676.6,18242.9059,6207.7459,-280.2782,1239.8
centered_candidate_000149_af13606d,centered-gaussian,5,5,0,1222.8,799,244.4,2459.4,1006.6541,9664.6,7136,2668,18230.8,0,311.66,19.6,489.2,25769.4,15977,5766,51818.6,274.4,0,5.2,0.6089,34961,21100.8162,7035.7513,-258.9271,1222.8
centered_candidate_000395_db5f70d8,centered-gaussian,5,5,0,1207.2,151,73.8,3103,1547.785,9162.2,2405,1454.6,21669.2,0,270.42,16.6,475,26611.2,5105,2826,66670.6,250.4,0,4.2,0.5466,28862.8,33225.8195,10133.6601,-700.0925,1207.2
centered_candidate_000054_4de8ceba,centered-gaussian,5,5,0,1197.2,57,53.2,3478,2274.4156,8618,1302,1214.4,23321.4,0.2,290.82,13.4,442.2,65874,2676,2473.2,192483.2,171,0,3,0.5567,21428.2,126556.0475,14642.7476,-1084.0078,1197.2
centered_candidate_000328_4c4d5dc2,centered-gaussian,5,5,0,1189.4,595,67.2,2914.4,1522.9987,9027.6,5433,1353.8,20437.6,0,279.12,17.4,459.8,31762.6,12308,2626.6,80861,259.6,0,5,0.5224,33357.6,45487.8304,10007.0393,-694.2993,1189.4
centered_candidate_000273_c3f516cd,centered-gaussian,5,5,0,1147.8,112,58,2932.2,1429.667,8778.8,1846,1157.8,20889.8,0,255.48,16.2,455,31040.6,3463,1900.8,80046.8,242.4,0,3.4,0.7871,26606.8,40156.5897,9646.3493,-656.8335,1147.8
centered_candidate_000134_9142d9a2,centered-gaussian,5,5,0,1137.6,165,74.6,3178.2,2008.4206,8594.8,2501,1489.4,21852,0,257,14.4,452.2,43358.6,5077,3206.6,121544.8,230.2,0,4.6,0.4497,30057.8,76942.0127,12910.3132,-929.6103,1137.6
centered_candidate_000112_bc44c024,centered-gaussian,5,5,0,1105,416,257.2,2419.2,1054.5539,9126.6,4409,3152.4,18222,0,319.34,18.6,463.6,24279,9495,6984.2,52529.8,261.4,0,5,0.5039,32660.8,23177.8368,7259.1006,-270.077,1105
centered_candidate_000336_0baadc8b,centered-gaussian,5,5,0,1099.2,111,97.8,2768,1339.3738,8752.6,2104,1803.6,20039.4,0,270.98,16.4,454.8,26761,3974,3685.2,66102.6,241.4,0,4.4,0.5503,30270.8,32101.693,8985.6617,-571.8869,1099.2
centered_candidate_000324_5d6954d1,centered-gaussian,5,5,0,1094.6,212,101.2,2706.4,1305.8318,8715.6,2907,1667,19713.8,0,284.86,16.6,449,26552.8,6332,3360.8,64587.6,246,0,4.6,0.5358,30832.6,31208.5353,8841.5974,-551.7159,1094.6
centered_candidate_000131_e467baa7,centered-gaussian,5,5,0,1057.2,545,68,2394.6,1072.4932,8588.6,5414,1330,17963.8,0,274.3,16.8,444.2,22983,11047,2148.4,52413.6,253.4,0,4.6,0.4809,31382,23737.2381,7562.2525,-468.2466,1057.2
centered_candidate_000313_421c81e7,centered-gaussian,5,5,0,1044,192,77.6,2834.2,1701.3191,7897.8,2620,1556.2,19336.4,0,253.52,14.6,405,32283.2,5129,3090.8,87825.4,230.6,0,4.4,0.4211,28901.4,53614.6588,10753.1385,-773.0596,1044
search_candidate_000249_981d5806,random-phased,5,5,0,1038.8,1445,145.8,1743.8,730.4761,8709,11399,2124.8,13973,0,321.08,18.2,441,20851.8,25742,4782.4,35003,275.2,0,5.2,0.501,34166.2,13543.2634,5368.5645,-219.4381,1038.8
centered_candidate_000101_04b24282,centered-gaussian,5,5,0,1037,161,60.6,2527,1179.7622,8392.8,2434,1311.8,18894.4,0,265.74,15.6,438.2,23079.8,4764,2687.2,54553.6,232.2,0,5,0.5356,32990.2,24894.1501,8338.3455,-529.2811,1037
search_candidate_000366_f5efe5be,random-phased,5,5,0,1024.6,233,83.2,2653,1436.9502,8075.4,3032,1562.8,18996.6,0,267.68,15.6,413.4,24171.2,6501,2823.2,62039.4,236,0,4.4,0.5585,30817.8,34850.1172,9585.1339,-635.2751,1024.6
centered_candidate_000273_538ca24c,centered-gaussian,5,5,0,1018.2,94,50.4,2882.8,1807.565,7587.2,1764,1149.2,19589.4,0,233.8,13.2,393.8,37013.2,3527,2183,104750.4,212.8,0,4.2,0.4653,28244,66279.9996,11425.5238,-853.3825,1018.2
centered_candidate_000487_73cc0fb8,centered-gaussian,5,5,0,1004.8,284,89.8,2655.8,1583.3994,7886.2,3370,1673.4,18757.2,0,258.22,15,405.2,29870.6,7419,3242.8,79422.8,228.8,0,4.4,0.5049,29309.4,48259.0746,10330.1429,-701.8997,1004.8
centered_candidate_000356_c65da50e,centered-gaussian,5,5,0,1001,289,69.2,2369.2,1084.6085,8141.2,3428,1380.2,17691.6,0,283.34,16.2,414.6,22569,8451,2861.4,51439.6,232.4,0,3.8,0.6217,27547,22945.7152,7597.5918,-473.1043,1001
search_candidate_000155_550d5531,random-phased,5,5,0,974,148,53,2339.8,1091.7379,7958.4,2312,1151.6,17723.4,0,256.74,15.4,414,19515.6,4432,1834.2,45614.2,244.2,0,3.6,0.6267,26976.6,20739.2139,7835.7159,-492.8689,974
centered_candidate_000017_da3b4599,centered-gaussian,5,5,0,933.8,79,52,2673.4,1732.6525,7165.6,1592,1243.2,18709.8,0,213.68,12.2,379,27101.8,3291,1986.2,76182.4,206.2,0,3.2,0.5854,23194.8,48722.6619,11444.1578,-814.3262,933.8
centered_candidate_000345_1d8fe2e2,centered-gaussian,5,5,0,931.8,112,64.8,2314.4,1095.4372,7720.2,1905,1428.4,17612.4,0,261.76,15,399.6,20656.2,4076,2867.2,49347.2,226.2,0,4.6,0.5131,30820.4,22848.0459,7827.5825,-482.9186,931.8
search_candidate_000486_490cbe0d,random-phased,5,5,0,931.8,1184,54.2,1706.6,741.1087,7758.4,9299,1206,13721.6,0,301.06,16.4,392,17167.2,21358,2464.4,30297.6,283,0,5,0.4288,31612,12454.58,5571.049,-316.3544,931.8
centered_candidate_000217_68a3727a,centered-gaussian,5,5,0,924.4,95,66,2551.2,1530.5203,7242.8,1739,1397.2,18103.2,0,232.8,13.4,375.6,23485.4,3467,2582,63414.8,213,0,3.6,0.5974,25859.4,38162.9659,10068.106,-699.2601,924.4
centered_candidate_000287_7af8bc09,centered-gaussian,5,5,0,923.2,275,121.6,2366.6,1382.8212,7360.8,3412,2042.6,16656,0,265.54,14.8,372.6,22000.6,6895,4221.2,54827.6,237,0,4,0.4313,26826,31814.391,8891.6212,-569.8106,923.2
search_candidate_000406_80ff2a3e,random-phased,5,5,0,922.8,1308,87.8,1573,682.6016,7545,10424,1558.6,12140.8,0,320.18,16.8,368.2,17387.6,24158,3274.8,28117,271.8,0,5.2,0.473,33454.6,11449.0097,4876.1966,-253.5008,922.8
centered_candidate_000336_98d9e2c1,centered-gaussian,5,5,0,919.4,278,70,2438,1464.1855,7270.6,3212,1357.8,17474,0,255.66,14,371,21012.4,7498,2578.6,53738.8,218.2,0,4.2,0.4676,28541.4,31689.2461,9758.5964,-662.0927,919.4
centered_candidate_000027_73ad53ab,centered-gaussian,5,5,0,915.2,75,57.8,2612.2,1687.9524,6946.4,1457,1221.2,18145.4,0,200.3,12.2,365.2,27621.6,2304,2068.4,78493,205.4,0,4.4,0.6224,29536,50758.9806,11086.654,-786.1762,915.2
centered_candidate_000086_22e4b239,centered-gaussian,5,5,0,913,112,41.2,2532.8,1512.9336,7082.8,1988,954.4,18024.2,0,230.64,13.4,364.2,24924.8,3708,1838.4,68504.4,214.6,0,4.4,0.5379,29734.8,41683.5801,10111.7278,-715.2668,913
centered_candidate_000449_a9510b31,centered-gaussian,5,5,0,912,358,65.8,2210.8,1081.8275,7587,4118,1356,16682,0,261.3,15.2,390.4,21428.2,9179,2479.6,50949,233.6,0,4.6,0.5448,31070.6,25121.6826,7539.026,-475.1138,912
centered_candidate_000439_2029bbaa,centered-gaussian,5,5,0,907.2,60,47.6,2567.8,1588.836,7001.6,1251,1120,18191.4,0,217.46,12.8,365,24946.8,2298,1785.6,69797.4,218.4,0,3.2,0.749,25193.2,43316.9927,10534.1092,-746.818,907.2
centered_candidate_000253_14be6f0f,centered-gaussian,5,5,0,901.8,162,41.4,2210.6,1035.6852,7455,2401,982.6,16939,0,255.48,14.4,386.6,20701.4,5110,2062.6,49155.6,226.4,0,4.2,0.5611,29495.6,22543.2024,7521.6396,-476.4426,901.8
search_candidate_000386_8c4ae88e,random-phased,5,5,0,897.2,102,54,2240.2,1064.1724,7459.8,1854,1247.8,17073,0,256.56,14.6,388.2,16914.8,3977,2114.4,40132,248.6,0,4.2,0.6181,29794.2,18480.3377,7607.4608,-478.0862,897.2
centered_candidate_000127_800c1cb3,centered-gaussian,5,5,0,896,134,72.8,2148,993.253,7501.2,2216,1396,16500.6,0,276.78,15,384.8,20247.4,5904,2493,46363.8,240.8,0,3.4,0.6546,25667.4,20704.1652,7162.187,-423.8265,896
centered_candidate_000027_900bf852,centered-gaussian,5,5,0,895.4,146,63.8,2449.2,1479.0786,7199.6,2362,1436.4,17679.2,0,236.88,13.4,375.2,21200.8,4586,2879.8,55708.8,215.6,0,4.8,0.4561,31599,33114.5214,9908.1073,-675.7393,895.4
centered_candidate_000055_8ee9f0ee,centered-gaussian,5,5,0,888.4,94,47.2,2520,1605.2642,6865.6,1674,1051.2,17802.2,0,219.12,12.2,358.8,24856.2,3533,2004,69033.8,206.8,0,3.6,0.5997,25883.6,43567.6021,10601.8986,-755.4321,888.4
search_candidate_000218_99c23e4c,random-phased,5,5,0,874.8,411,32.6,2115.4,1032.5519,7097.2,4311,830.8,15848.6,0,260.48,14.6,359.6,17077.6,9316,1190,39950.4,243.4,0,4,0.726,29096.2,19136.6611,7257.9857,-483.6759,874.8
centered_candidate_000433_4f1b4faa,centered-gaussian,5,5,0,871.4,444,102.8,1866,806.8873,7307.2,4212,1849.8,14279,0,293.58,15.8,362.8,19588.8,9749,4165.4,40375.2,236.6,0,4.8,0.4697,31689.6,16694.5242,5713.5394,-300.6436,871.4
centered_candidate_000330_e8071fc1,centered-gaussian,5,5,0,862.8,176,67.2,2081.6,964.6374,7299.6,2551,1381,16087,0,259.42,14.8,375.2,18752.4,4766,2651.4,43909,228,0,4.4,0.4645,29311.6,19997.4535,6960.5784,-415.1187,862.8
centered_candidate_000010_6d55abbf,centered-gaussian,5,5,0,862.6,107,72.8,2384,1476.9672,6861.4,1936,1436.8,17038.2,0,240.62,12.8,354.2,22945,4125,2919,61223,210.2,0,3.6,0.5497,25326.4,37048.6393,9778.0751,-665.6836,862.6
centered_candidate_000258_887e6588,centered-gaussian,5,5,0,855.2,91,79.8,2381.6,1502.726,6824.2,1748,1677.2,16933.6,0,222.7,12.4,357.4,21909.4,3576,3190.8,58796.6,205.6,0,3.6,0.5644,25761.4,36452.4852,9909.4165,-671.563,855.2
search_candidate_000096_fd369254,random-phased,5,5,0,849.2,74,61.2,2093,983.784,7026.6,1595,1273.8,15956.8,0,249.66,14,362.2,16919.6,2472,2258.2,40306.4,235.8,0,3.4,0.6724,26414.6,18489.8111,7066.3787,-430.692,849.2
centered_candidate_000413_bb36ff7a,centered-gaussian,5,5,0,847.6,94,77.2,2044.4,949.3936,7200.8,1659,1584.6,15889.2,0,251.06,14.6,371.6,19212.6,3051,2956.2,45561.8,227.8,0,4.2,0.5693,29186.2,20867.8777,6910.3255,-397.4968,847.6
centered_candidate_000333_6b36816f,centered-gaussian,5,5,0,843,82,48.8,2400.6,1548.1017,6596.4,1675,1053,17103,0,208.78,11.6,348.6,23007.2,3220,1903.8,64007.2,212.2,0,3.6,0.7307,26648.2,40698.8518,10362.3847,-725.2508,843
centered_candidate_000473_876d8a8d,centered-gaussian,5,5,0,835.2,126,61,2303.4,1425.3198,6643.2,1951,1245,16585.4,0,221.94,12.4,345.2,21270,3551,2308.2,57463.4,208.6,0,3.4,0.5431,24949.8,35251.074,9553.8492,-651.6599,835.2
centered_candidate_000436_b17cb720,centered-gaussian,5,5,0,833.8,65,60.4,2348.6,1472.6574,6552.6,1334,1292.2,16743.8,0,220.32,12,340.6,20435.6,2300,2203.8,56106,204.8,0,3.6,0.537,25038,34616.4256,9758.52,-675.9287,833.8
search_candidate_000018_94211f14,random-phased,5,5,0,814.2,1133,29,1485.6,666.3601,6641.8,9267,769,11524.2,0,270.98,14.8,325.4,14433.8,19099,1202.8,26461,237,0,4,0.662,28116.4,11620.1573,4948.6587,-304.18,814.2
centered_candidate_000216_7f346a80,centered-gaussian,5,5,0,810,122,95.6,2042.8,1028.2173,6884.6,2124,1708.8,15632.8,0,241.38,14.2,354,18095.4,3983,3332.6,44331.8,223.6,0,4.2,0.5554,29367,22742.8287,7258.8809,-418.5086,810
centered_candidate_000050_3e9154ab,centered-gaussian,5,5,0,797.2,135,73.6,2158.2,1302.5076,6572.6,2102,1500.8,15900.8,0,242.76,12.8,338.4,20598,4615,2928.6,53762.4,214.6,0,3.8,0.5429,25937.2,31835.0724,8816.8494,-577.6538,797.2
centered_candidate_000490_727fa418,centered-gaussian,5,5,0,793.8,104,40.8,1910.6,898.2943,6623,1803,1039.8,14795.4,0,249.68,13.8,335.2,16811,3405,1894.6,38464.8,219,0,3.4,0.6281,25385.8,17631.3121,6551.6657,-408.3471,793.8
centered_candidate_000049_6b53084f,centered-gaussian,5,5,0,786.4,305,71,1842,846.8236,6936.6,3784,1428.2,14683.2,0,259.88,14.6,356.2,16558.6,7543,2908.4,37057,232.2,0,4.6,0.4848,30659.8,16661.0081,6221.8551,-352.4118,786.4
centered_candidate_000429_bc5108a5,centered-gaussian,5,5,0,786.4,428,55.8,1717.8,758.1461,6949.4,4607,1271.6,13955.2,0,266.26,14.6,355.4,17240.6,9669,2585,36472.4,223.8,0,3.4,0.4998,24072,15477.1424,5741.8182,-323.273,786.4
centered_candidate_000411_e266ff9b,centered-gaussian,5,5,0,784.8,294,87.2,1991.8,1155.0722,6567,3549,1541.4,14839.4,0,271.66,13.6,329.4,19670.8,8759,3361.4,47592.6,218.4,0,3.8,0.497,26478.6,27006.6656,7883.1939,-490.3361,784.8
centered_candidate_000418_65843dfa,centered-gaussian,5,5,0,779.4,159,70.8,2120.6,1316.6009,6444.2,2378,1444,15678.6,0,230.46,12.6,332.8,19984.4,4825,2563.6,52714,209,0,4,0.5355,26874.2,31893.0107,9031.065,-587.5004,779.4
centered_candidate_000132_fc517060,centered-gaussian,5,5,0,766.6,73,66.4,1817,854.1018,6589.6,1603,1399,14272.4,0,251.8,13.6,337.2,17121,3183,2676.6,38679.2,222.2,0,3.8,0.5178,27437,17485.5165,6271.0568,-360.6509,766.6
centered_candidate_000184_70a66b0d,centered-gaussian,5,5,0,765.8,137,92,1974.8,1074.6044,6562,2236,1697.4,15024.2,0,232.64,13.6,337.6,18925.6,4234,3276.2,47706.2,216,0,3.2,0.6771,24931.6,26459.5878,7410.3816,-445.3022,765.8
centered_candidate_000367_de8a3176,centered-gaussian,5,5,0,763.8,80,65,2141,1361.7599,6099.6,1527,1354.6,15362.4,0,205.96,11.4,318.2,19383.4,2876,2182.4,53022.6,204.4,0,3.6,0.6039,25986.2,33300.0027,9105.7488,-615.88,763.8
centered_candidate_000070_72ac58f6,centered-gaussian,5,5,0,763.6,65,33.8,2188.4,1406.4528,5914.2,1271,797.2,15631.6,0,190.36,11,307.6,18132,2416,1131.2,50786.2,198.4,0,3.4,0.655,24944.2,32100.9314,9470.3176,-669.4264,763.6
centered_candidate_000202_6fdc769d,centered-gaussian,5,5,0,763.4,205,82.2,2018.2,1218.6101,6424,2715,1680.2,15042,0,239.52,12.8,330.4,18991,5783,2958.2,48499.6,210.8,0,4,0.5796,27293.6,28575.9455,8368.5031,-527.1051,763.4
search_candidate_000462_85523d18,random-phased,5,5,0,757.2,114,73.8,1854.6,871.379,6428.6,2139,1500,14149.6,0,250.96,13.8,325.2,14346.6,3709,2513,33208.8,237,0,3.8,0.5692,27082.6,15026.7015,6136.8195,-361.8895,757.2
centered_candidate_000481_74c5b677,centered-gaussian,5,5,0,754,656,98.4,1544,673.6049,6548,5862,1722,12335.4,0,258.38,15,325.2,15570.8,12256,3438.8,31134.8,230.8,0,4,0.7284,29037.4,13154.8023,4968.502,-238.4025,754
centered_candidate_000205_08ca4145,centered-gaussian,5,5,0,752.2,404,176.4,1653.6,830.334,6463.2,4185,2328.8,12783.6,0,264.42,14.6,319.8,16335,8832,4841.6,34988,227.2,0,3.8,0.6111,27594,17633.1144,5885.6423,-238.767,752.2
centered_candidate_000147_cf2290e9,centered-gaussian,5,5,0,744.8,237,70.6,1694,760.2903,6563.8,3002,1461.2,13554.4,0,257.24,14.2,332.6,15695.8,6151,2793.4,33922.6,221.6,0,4,0.5506,28315.4,14535.6228,5616.195,-309.5452,744.8
centered_candidate_000358_4293691f,centered-gaussian,5,5,0,739.6,94,56,1989.2,1130.3121,6248.2,1680,1251.8,15076,0,220.9,12.6,323.4,16345.6,3398,2040,42333.6,212.4,0,3.2,0.5976,24191.8,23749.4798,7772.0142,-509.156,739.6
centered_candidate_000037_75457d9b,centered-gaussian,5,5,0,735.6,113,49.2,1739.8,813.5595,6368.4,1957,1080.4,13891.2,0,238.32,13.2,327,14987.2,3803,1758,33705.2,214.6,0,4,0.5417,27923,15299.9063,6099.7302,-357.5797,735.6
centered_candidate_000164_d621e2ec,centered-gaussian,5,5,0,733.4,119,93,1936,1124.5541,6141.6,1974,1766.8,14282.6,0,231.64,12.8,312.6,18149.2,4163,3488.8,46032.4,217.4,0,3.4,0.5229,25014.2,26580.3119,7546.2172,-469.277,733.4
search_candidate_000312_8d422212,random-phased,5,5,0,731.4,1021,65.4,1287.4,560.9922,6232,8132,1342.2,10472.2,0,286.76,14.8,301,13531.6,17657,2656.4,22981.4,257.4,0,4.4,0.4711,29438.8,9260.7516,4169.5222,-215.0961,731.4
centered_candidate_000140_f636d9a2,centered-gaussian,5,5,0,730.2,251,84.6,1845,1034.5235,6476,3199,1582.2,14531.6,0,239.24,13.2,336,17339.8,6316,3091.4,42413.8,209.6,0,4,0.5032,27509.4,23496.6651,7286.3203,-432.6618,730.2
centered_candidate_000308_bda09523,centered-gaussian,5,5,0,729.8,355,79.4,1787.2,990.258,6307.4,3855,1560.8,13777.8,0,244.26,13.6,319,16385.4,8569,2872.4,38514.6,216.4,0,3.6,0.5634,25663.2,20916.6758,6943.7312,-415.729,729.8
centered_candidate_000195_f81672e4,centered-gaussian,5,5,0,726.6,280,57.2,1883.6,1112.498,6085.2,3286,1271.8,14049.2,0,242.22,12.6,307.6,18251,7294,2400.2,45794.2,209.4,0,4.4,0.5502,29376.2,26387.6996,7559.8557,-499.049,726.6
centered_candidate_000053_715b4b5b,centered-gaussian,5,5,0,722.8,79,56,2031.8,1302.197,5858,1589,1172.2,14807.2,0,209.48,11,304.4,16925.6,3193,2164,45428.8,194.2,0,3.4,0.5407,24583.2,28285.9388,8846.7763,-595.0985,722.8
centered_candidate_000193_fd478aae,centered-gaussian,5,5,0,722.6,121,61.4,1688.4,782.2318,6303.4,1913,1192,13629.2,0,242.58,13.4,321.4,14979.4,3624,2134,33561.8,218,0,4,0.5924,28290.8,15040.5915,5932.4818,-329.7159,722.6
centered_candidate_000237_ea27b6f2,centered-gaussian,5,5,0,722.6,94,68.2,2004,1270.8249,5995.6,1624,1396,14923,0,210.04,11.4,313.4,19392.4,3211,2845.4,52038.4,198.6,0,3.8,0.5373,25969.2,32404.7047,8809.863,-567.2124,722.6
centered_candidate_000421_82181a73,centered-gaussian,5,5,0,718,290,101.4,1795,1041.9432,6178.6,3272,1863.2,13629.2,0,257.74,13,311.2,16887.4,7607,3910.2,39592.8,211.2,0,4,0.4931,27320.6,21795.5748,7188.8707,-419.5716,718
search_candidate_000170_5fbdf998,random-phased,5,5,0,717.2,1008,88.4,1233,527.8452,6180.8,8384,1647.4,9817,0,285.02,15,297.2,12806.6,17497,2736,20956,255.4,0,3.4,0.6261,25130.4,8397.0866,3777.9624,-175.5226,717.2
centered_candidate_000301_4674588a,centered-gaussian,5,5,0,716.6,135,91.2,1913,1170.9146,6138,2188,1681.8,14418.4,0,232.22,12.4,316,16933.4,4744,3143.2,42776.2,206,0,3.8,0.494,26077,25198.6784,7990.2269,-494.2573,716.6
centered_candidate_000425_d3114b33,centered-gaussian,5,5,0,716.6,191,100.4,1824.6,1026.1822,6210.6,2551,1761.8,14090.2,0,263.36,13.2,311.8,16262.8,6080,3792.6,38520.6,212,0,3.8,0.5654,26402,20835.3456,7250.0183,-412.6911,716.6
centered_candidate_000287_3292b8a4,centered-gaussian,5,5,0,714.8,128,93.4,1677.4,761.8038,6325,2020,1672.2,13399,0,251.54,13.8,319.6,15098,4137,3267.8,33162,215.2,0,3.6,0.612,26473.4,14312.6431,5610.7054,-287.5019,714.8
centered_candidate_000411_6ac82206,centered-gaussian,5,5,0,711,82,46.8,1695.2,798.5121,6217.4,1613,1085,13664.6,0,244.9,13,317.8,15117.4,3273,2183,34000.4,214.8,0,4,0.5265,27852,15346.1966,6045.6017,-352.4561,711
centered_candidate_000038_ebf5621a,centered-gaussian,5,5,0,709,92,67.2,1918.4,1129.8658,5967,1735,1375.8,14427.2,0,222.48,12,306.8,16353.2,3524,2508.2,42254.8,202.6,0,3.8,0.5332,26352.4,24377.6818,7838.8718,-497.7329,709
centered_candidate_000435_03eddf80,centered-gaussian,5,5,0,708.2,88,53.6,1981.2,1256.1596,5940,1672,1246.8,14874.4,0,212.64,11.2,311.2,18091.8,3355,2343.4,48524.4,194.8,0,3.6,0.4909,25065,29987.5235,8716.2242,-574.4798,708.2
centered_candidate_000136_9a0fb50f,centered-gaussian,5,5,0,708,84,56.4,1935.4,1147.7894,5920.8,1645,1281.8,14476.2,0,230.7,11.8,303.2,17709.4,3168,2618.4,46256.8,203.4,0,3.8,0.5529,26954.4,26763.3474,7905.5279,-517.4947,708
centered_candidate_000014_690f6605,centered-gaussian,5,5,0,703.8,92,67.2,1888.4,1091.0759,5967.2,1700,1297.6,14414.6,0,221.02,12.2,306.6,16761.2,3350,2306,43546,205.6,0,4,0.5033,27746.6,24870.9821,7671.5178,-478.3379,703.8
centered_candidate_000193_1204c2de,centered-gaussian,5,5,0,702.2,268,68.6,1798.6,1051.8063,5990.4,3143,1415.4,13694.4,0,237.94,12.6,303.4,15559.6,6943,2603.8,37905.2,209,0,4,0.5479,27111.6,21544.4763,7376.1389,-457.3032,702.2
centered_candidate_000366_118a9caf,centered-gaussian,5,5,0,701,114,44.8,1912.4,1137.3513,5658,1985,1047.2,13782.2,0,226.5,11.8,282.4,21422.6,4027,1872,57976,198.6,0,3.2,0.5463,23796.4,34976.4931,7532.7422,-523.8757,701
centered_candidate_000224_f7a7807e,centered-gaussian,5,5,0,697.4,281,71.8,1778.4,1040.6964,6065.4,3288,1513.2,13690,0,243,12.8,308.4,16616.4,7478,2487.8,40694.8,212.8,0,3.4,0.5815,24316.4,22947.0943,7273.1203,-448.5482,697.4
general_top10-average-phased_5ca7feaf,top10-average-phased,5,5,0,687.2,65,61.4,1925.6,1222.5752,5742,1408,1291.2,14406.2,0,214.72,10.8,299.8,16478.6,2844,2623.8,43702.6,195,0,3.8,0.5206,26048.2,26725.3303,8445.569,-549.8876,687.2
centered_candidate_000182_44501035,centered-gaussian,5,5,0,687,181,120,1725.2,961.7043,6104.6,2562,2080.4,13418.2,0,255.04,13,309.6,16255.2,6005,4287,38116,213.4,0,3.8,0.5414,26340.6,20592.0167,6746.587,-360.8522,687
centered_candidate_000090_06dcc25e,centered-gaussian,5,5,0,686,95,68.8,1874.6,1151.6053,5838,1777,1375.4,14192.4,0,215.1,11.4,304.4,17333.8,3007,2695.8,45808.8,202.6,0,3.2,0.5808,23004.2,27632.9128,7968.7054,-507.0027,686
centered_candidate_000309_1b5a23ce,centered-gaussian,5,5,0,682.8,126,54.8,1842.2,1096.7854,5736.6,1959,1094.2,13962.2,0,215.38,11.8,293.8,16085.2,3949,1828,41978.6,205.6,0,3.4,0.609,25175.6,24539.7438,7664.5433,-493.5927,682.8
centered_candidate_000093_e2d6554a,centered-gaussian,5,5,0,682.6,271,61,1739.2,997.2628,5917.6,3282,1309.4,13434,0,241.76,12.6,299.8,15850.6,7284,2621.6,38354,215.4,0,4.6,0.4269,30290.4,21393.0913,7070.7951,-437.6314,682.6
centered_candidate_000082_bcd687c6,centered-gaussian,5,5,0,682,226,103,1631,799.1833,6048.4,2904,1806,12909,0,240.28,13.6,303.8,16386.6,6374,3597.4,38122.4,213.8,0,4,0.5997,28343,19203.7613,5807.9913,-296.5917,682
centered_candidate_000414_363cb4c7,centered-gaussian,5,5,0,680.2,117,63,1862.6,1158.982,5815.6,2097,1296,14110.6,0,232.2,11.2,301.6,16805,4099,2554.2,43502,200,0,3.8,0.5352,25546.2,25629.058,8015.9217,-516.491,680.2
search_candidate_000514_9293e02c,random-phased,5,5,0,675,149,70.6,1580.6,718.5332,5926.6,2252,1389.2,12590,0,261.18,13.2,295.6,13288.4,4998,2878.8,28525.8,231.2,0,4.2,0.5199,28012.4,12093.1982,5288.3228,-288.6666,675
centered_candidate_000180_3b92ff1c,centered-gaussian,5,5,0,669.6,87,54,1572,736.6406,5769.2,1683,1102,12467.2,0,239.84,12.6,289.6,14103.4,3360,1946.6,31461.6,217.8,0,3.4,0.5863,24845.2,14149.2525,5425.1893,-314.3203,669.6
centered_candidate_000056_aa10ffb7,centered-gaussian,5,5,0,664.8,61,39.4,1840,1090.9171,5594.2,1373,968.6,14007.6,0,210.08,11.2,289.8,15230.4,1970,1453.8,41027,210.6,0,3.4,0.6485,24976.2,23953.8096,7689.3979,-506.0586,664.8
centered_candidate_000231_9bf129ab,centered-gaussian,5,5,0,663.2,91,57.4,1840.6,1171.1086,5532.8,1706,1150.8,13747.6,0,202.08,10.8,287.6,15284,3119,1874.6,40821.4,196.2,0,3.2,0.6524,23878.2,25224.1627,8116.6927,-528.1543,663.2
search_candidate_000202_c1f6a547,random-phased,5,5,0,661.4,350,57.6,1429.6,629.5661,6055.4,3828,1317.6,11991.6,0,258.38,13.4,305.6,12819.6,7163,2770.4,25710.2,216.6,0,4.4,0.4619,29290.4,10613.0159,4871.9622,-257.183,661.4
centered_candidate_000369_8198c002,centered-gaussian,5,5,0,654.8,56,52.2,1828.4,1131.9631,5516.4,1218,1154.4,13889.4,0,211.78,11,284.6,15124.4,2222,2025,40507.6,199.6,0,3.8,0.5235,26702,24447.0372,7936.4582,-513.7816,654.8
centered_candidate_000365_4f2a3ca1,centered-gaussian,5,5,0,649.6,66,60.4,1820.8,1167.2144,5492.6,1436,1314.2,13704.6,0,203.88,10.4,287.8,16430,2726,2665,43830.8,189,0,3.2,0.5806,23104.6,27281.4534,8145.8766,-523.2072,649.6
centered_candidate_000279_ae2dc97c,centered-gaussian,5,5,0,649,106,69,1743,1042.4803,5666.6,2007,1451,13351.4,0,234.76,11.8,289,15942.2,4527,2903.2,39881.2,206.2,0,3.6,0.513,25399,22793.4233,7279.7629,-452.2402,649
centered_candidate_000045_8758c59a,centered-gaussian,5,5,0,639.6,115,77.4,1723.6,1063.6282,5581.8,1964,1548.4,13176.4,0,216.14,11.4,288.2,15177.6,3982,3130.2,38329.2,197.8,0,3.8,0.4993,26368.2,22736.6549,7363.4468,-454.4141,639.6
centered_candidate_000450_c2de9568,centered-gaussian,5,5,0,631.8,87,80.2,1726,1089.125,5450.4,1672,1631,13015.6,0,209.26,11,282,15611.2,3403,3070.8,40343.2,195.8,0,4.2,0.4895,28031.2,24567.6401,7509.1917,-464.3625,631.8
centered_candidate_000085_882fb963,centered-gaussian,5,5,0,631,81,56.6,1707.8,999.7704,5491.8,1639,1260.2,13184.2,0,216.44,11.4,282,14355.4,3425,2398.6,36502.4,200.6,0,4.2,0.5149,27996.2,20642.9511,7000.576,-443.2852,631
search_candidate_000140_a5b346e1,random-phased,5,5,0,630.8,87,69.8,1695.4,1001.8096,5560.4,1653,1572,13092,0,227.18,11.4,287,12999.4,3203,3013,31942.4,211,0,3.8,0.4999,26287.6,17691.6859,7004.9861,-431.1048,630.8
search_candidate_000326_e1bba85d,random-phased,5,5,0,625,236,83.4,1474.2,705.9697,5764.4,3182,1669.2,11903.6,0,266.56,12.8,289.2,13637.2,6712,3232.4,29199.6,220.6,0,4.4,0.5874,29867.2,12668.0946,5080.4319,-269.5848,625
centered_candidate_000486_06fd38f2,centered-gaussian,5,5,0,624.6,71,62.4,1735,1098.3174,5383.2,1502,1305.6,13306.2,0,206.92,10.6,280,15747.4,2936,2883.4,41305.4,190.6,0,3.2,0.5173,23732.2,25357.1509,7782.4214,-486.7587,624.6
centered_candidate_000348_f525cd33,centered-gaussian,5,5,0,624.2,158,69.6,1653.6,1012.8246,5321,2337,1394.6,12282.4,0,217.42,11.2,269.4,15079.2,4483,2700,38037.6,195.8,0,4.2,0.4652,27907.6,22563.5339,6800.8083,-436.8123,624.2
centered_candidate_000171_ed8fbbd7,centered-gaussian,5,5,0,622.8,92,63.4,1711,1073.3297,5402.8,1899,1339.8,13021.8,0,211.7,10.8,280,14934.2,3981,2559.4,38457.2,194,0,3.6,0.5606,25233.6,23144.1315,7474.5876,-473.2648,622.8
search_candidate_000306_ed617a9e,random-phased,5,5,0,621.4,383,50,1313.6,573.7468,5578.6,3883,1114,10815.4,0,245.96,13.2,277.4,11663,7893,1818,23250,246.8,0,4.4,0.63,30046.8,9667.5597,4388.235,-236.8734,621.4
centered_candidate_000186_9e1baf34,centered-gaussian,5,5,0,618.4,88,63.6,1701.8,1073.4361,5350.8,1703,1352.4,12995.8,0,202.78,10.8,277.8,14262.8,3391,2741.4,36723.2,195,0,3.6,0.5434,25880.6,22337.8062,7550.051,-473.118,618.4
centered_candidate_000071_280abb55,centered-gaussian,5,5,0,616,62,36.8,1748.6,1120.6468,5176.8,1271,912,13316.2,0,183.8,10,272.4,14350,1967,1350.4,39616.2,194.8,0,2.8,0.7074,22432.2,24896.651,7953.1062,-523.5234,616
search_candidate_000046_eebb55d0,random-phased,5,5,0,614.8,763,89.2,1110.2,468.4572,5475.6,6625,1577.2,8996.6,0,301.28,13.6,256.8,12316.2,15276,2750.8,20769.4,239,0,3,0.6226,22228.4,8106.3846,3347.8226,-145.0286,614.8
centered_candidate_000097_f3918ce8,centered-gaussian,5,5,0,613.8,57,29.4,1712.6,1030.008,5185.2,1294,669.2,13287.6,0,203.26,10.4,267,14395.8,2402,994.4,38949,191.4,0,3.2,0.6029,23545.6,22918.2378,7486.2923,-485.604,613.8
centered_candidate_000479_ca0f5141,centered-gaussian,5,5,0,612.6,120,57.4,1665.8,1031.8412,5329.6,1879,1290,12848.8,0,220.02,10.8,274.4,13896.4,3811,2499.4,35288.2,200.4,0,3.8,0.4839,25981.8,20652.6391,7308.8434,-458.5206,612.6
centered_candidate_000272_32fd3854,centered-gaussian,5,5,0,611.8,85,52.8,1696.8,1072.3079,5261,1613,1178,12978.6,0,199.84,10.6,273,15199.2,3033,2060.4,40468.2,194.4,0,3.8,0.5347,26277.8,25035.0981,7570.1149,-483.3539,611.8
centered_candidate_000395_6a2848ee,centered-gaussian,5,5,0,610.6,85,59.6,1652,983.891,5358.4,1775,1301.2,12745.2,0,226.64,11.4,272.4,13721.8,3533,2547.8,34392.6,207.2,0,3.6,0.5235,25414.4,19466.551,6903.0071,-432.3455,610.6
centered_candidate_000442_f6ab3fc0,centered-gaussian,5,5,0,610.2,82,55.2,1691.6,1066.1321,5250.6,1599,1225.8,12938.8,0,200.92,10.6,271.6,13553,2757,2382.6,35357.6,189,0,3.6,0.5121,25379.2,21503.3254,7547.2561,-477.8661,610.2
centered_candidate_000467_fc30da4d,centered-gaussian,5,5,0,608.8,90,80.6,1653.6,1039.6352,5364.8,1689,1607.6,12749,0,201.04,11,279.2,14170.6,3072,2913,36488.6,196.6,0,3.2,0.5648,24134.8,22231.6768,7294.1821,-439.2176,608.8
centered_candidate_000295_6c83c557,centered-gaussian,5,5,0,607.6,88,39.4,1703,1083.9486,5144,1640,919.8,12994,0,182.1,10.2,268.8,13698.4,2791,1249.8,37281,186.6,0,2.6,0.7038,21204.2,23219.1003,7713.6751,-502.5743,607.6
centered_candidate_000037_112d1462,centered-gaussian,5,5,0,607.4,75,70.6,1675.6,1065.3083,5308.4,1532,1512.6,12866.4,0,199.8,10.8,276.4,14223.8,2745,2647.4,37250.6,197.6,0,3.8,0.5862,26316,22945.87,7529.8922,-462.0542,607.4
centered_candidate_000342_47ac2960,centered-gaussian,5,5,0,605.8,94,61.2,1665.8,1052.7196,5249.4,1662,1265.2,12829.4,0,205.62,10.8,271.4,14441.8,3296,2466.8,37689.8,204.2,0,3.4,0.662,25425.2,23067.7952,7447.5283,-465.1598,605.8
centered_candidate_000396_f19f2d37,centered-gaussian,5,5,0,602.2,81,68.6,1657.8,1052.4203,5277,1535,1417.8,12838.8,0,201.68,10.6,274.6,15765.4,3086,2564,41585.8,188.4,0,3.4,0.6175,24799,25537.3129,7475.597,-457.6102,602.2
centered_candidate_000358_2be71242,centered-gaussian,5,5,0,593.8,385,65.8,1322.6,613.1765,5349.8,4041,1352.6,10707.4,0,248.18,13,260.4,12685.4,9608,2650,26276,222.4,0,4,0.551,27647.2,11798.1761,4560.4857,-240.7882,593.8
search_candidate_000199_c38185ff,random-phased,5,5,0,590,196,89.8,1334,590.2416,5315.2,2419,1713.2,10631.8,0,262.7,12.8,258.4,11879,5937,3679,23874.4,236.8,0,3.8,0.507,26533.2,9570.5922,4219.7093,-205.3208,590
centered_candidate_000288_98658de0,centered-gaussian,5,5,0,586,359,78.6,1344,677.5163,5332.2,3820,1527.8,10863.6,0,232.38,12.6,264,12639.8,7897,2763.2,27657.6,209,0,4,0.5662,27351.4,13512.5779,4934.9776,-260.1582,586
centered_candidate_000138_dfc4feb9,centered-gaussian,5,5,0,585.4,69,63.6,1621.8,1032.8157,4970,1483,1361.4,12058,0,198.36,10.4,253.4,15824.6,2656,2479.6,42357.8,191.2,0,3.4,0.521,24848.6,26498.3333,7036.5105,-452.8078,585.4
centered_candidate_000075_1afc7d01,centered-gaussian,5,5,0,585,468,66.6,1289.2,647.9975,5241.2,4572,1211,10474.8,0,248.96,12.4,255.6,12325.4,10625,2366.4,25208.4,212.8,0,3.8,0.5901,26429,11838.0591,4800.431,-257.3988,585
centered_candidate_000251_3b04565b,centered-gaussian,5,5,0,582.8,93,56.8,1439,686.3551,5233.4,1691,1368.8,11520,0,227.52,12,261.6,12799.4,3726,2404.4,29428.2,212.8,0,3.8,0.6042,27428.6,13420.6632,5067.0899,-286.3776,582.8
centered_candidate_000406_27eba40f,centered-gaussian,5,5,0,581.2,140,86.6,1517.8,923.4209,5311.2,2269,1599.6,12113.6,0,207.54,11.2,275.8,13189.6,4060,2965.2,32487.8,197.6,0,3.6,0.5453,25517.2,18975.549,6658.3451,-375.1105,581.2
centered_candidate_000254_068d2182,centered-gaussian,5,5,0,573.2,121,84.8,1516.8,936.5783,5276,2108,1755.6,11975,0,215.26,11,274.2,13460.6,4315,3130.6,32934.4,200,0,3.4,0.5039,24337.4,19083.3633,6616.4782,-383.4892,573.2
centered_candidate_000263_37bc8410,centered-gaussian,5,5,0,571.4,81,41.8,1443.2,703.6637,5198.2,1670,1024.2,11777,0,218.42,11.4,264.6,11743.6,3305,1544.2,28059,199.8,0,3.2,0.6942,24582,13245.1219,5269.6891,-310.0319,571.4
centered_candidate_000134_48731ae5,centered-gaussian,5,5,0,569.4,233,69,1346.4,648.849,5261.6,3050,1459.2,10967.4,0,235.36,12.2,262.8,11793.6,6048,2921.8,25497.4,211.6,0,4.4,0.5176,29063,11509.5311,4802.715,-255.4245,569.4
centered_candidate_000424_fd67b156,centered-gaussian,5,5,0,569.4,87,76.4,1545.4,973.8165,5128.2,1647,1542.6,12177.4,0,203.92,10.4,267.4,13485.8,3421,2486.4,34654.6,189,0,3.2,0.5857,23393.2,20924.9012,7000.9183,-410.5083,569.4
centered_candidate_000125_601d3ba7,centered-gaussian,5,5,0,566.2,240,71.6,1331.6,640.7572,5208,3004,1500.4,10805.4,0,232.92,12.2,258.4,12196.2,6197,2666.8,26882.2,204,0,4.8,0.5392,30998.6,12443.0915,4710.826,-248.7786,566.2
search_candidate_000114_49e6c9bf,random-phased,5,5,0,564.6,303,37.4,1383,746.1189,5059.8,3606,892.8,11097.2,0,226.12,11.4,253.8,11805.8,7235,1292.4,27678.4,211.6,0,3.6,0.6017,25421.6,14474.3647,5491.973,-335.6595,564.6
centered_candidate_000091_3b9d9fc0,centered-gaussian,5,5,0,561.2,343,106.8,1258.4,645.5644,5285.2,3662,1947.8,10368.2,0,252.18,12.4,262.2,12678.6,8078,4106.2,26319.4,217.8,0,3.8,0.534,26752.6,12877.9658,4709.821,-215.9822,561.2
centered_candidate_000028_24306736,centered-gaussian,5,5,0,560.4,87,59.4,1525,937.0664,4869,1603,1297,11570.8,0,210.88,10.4,246.8,13310.4,3096,2841.8,33553.8,199.2,0,3.2,0.6267,24181.6,19560.0721,6391.3921,-409.1332,560.4
centered_candidate_000429_09acbb90,centered-gaussian,5,5,0,553.2,94,60,1507.2,946.5811,4999.2,1733,1287.2,11968,0,202.76,10.4,258.8,12675.8,3386,2498.4,32161.6,188.2,0,3.4,0.5152,24348.6,19255.8152,6835.0509,-413.2905,553.2
centered_candidate_000184_4f7cdeaf,centered-gaussian,5,5,0,543.8,94,69.2,1449.2,871.3746,4941.2,1751,1425,11484.2,0,209.7,10.6,252.8,12994.2,3181,2499,32816.2,190.4,0,3.4,0.5432,24619.6,18921.9352,6221.194,-366.4873,543.8
centered_candidate_000354_2b875a2f,centered-gaussian,5,5,0,540.4,186,81.8,1345,747.6009,5096.2,2819,1550,11022.2,0,244.68,11.6,254.4,12778.6,6439,3171.4,28962.8,202.2,0,4.2,0.4593,27974,15055.0805,5501.0164,-292.0004,540.4
centered_candidate_000086_1bf27292,centered-gaussian,5,5,0,540,197,59.8,1369.2,775.3993,4992.4,2737,1321.8,11029.2,0,235.72,11,251.8,12170.8,7038,2399.2,27840.4,204.6,0,3.4,0.5282,24692.6,14692.0118,5577.913,-327.8996,540
search_candidate_000389_80d6f9c9,random-phased,5,5,0,539.2,263,126.4,1231,662.5679,5139.4,3351,1945.8,10223.2,0,261.8,12.2,251.8,12489.8,7694,3996,26036.2,209.6,0,4,0.494,26960,12906.0974,4882.5059,-204.8839,539.2
search_candidate_000068_2570d762,random-phased,5,5,0,538.4,162,60,1340.2,699.2009,5069.2,2423,1303.2,11123.6,0,246.42,11.4,255.6,10999.8,5020,2526,24687.6,223.2,0,4.4,0.4564,28445.6,11935.0915,5271.5692,-289.6004,538.4
search_candidate_000066_4cc1b724,random-phased,5,5,0,531.4,380,144.6,1082,478.7119,5106.8,4103,2262.4,9113.8,0,265.8,12.8,247,11230.4,9475,4782.6,19953.4,228.2,0,3.8,0.5039,26727.4,7699.4525,3512.4825,-94.7559,531.4
centered_candidate_000002_1735ce14,centered-gaussian,5,5,0,531,115,54,1380.6,769.914,4848.8,1892,1187.2,11153.4,0,216.54,11,242.8,12149.8,3655,1850.8,30029,191.4,0,3.2,0.5912,23604,16058.6368,5672.4531,-330.957,531
centered_candidate_000095_a1cbf0e1,centered-gaussian,5,5,0,530.4,142,73.6,1344,753.3479,4656.8,2177,1352.6,10229.6,0,231.02,11.2,223.6,11911.4,4627,2548.6,27989.2,196.6,0,3.4,0.5127,24247.2,14758.3988,5083.1183,-303.0739,530.4
centered_candidate_000236_9919ad1e,centered-gaussian,5,5,0,527.8,64,53.8,1419,823.113,4777.4,1380,1223.8,11348,0,210.9,10.4,242.2,12063.6,2553,2405.4,30235.8,188.6,0,3.8,0.5108,26296.4,16757.9154,5985.4678,-357.7565,527.8
centered_candidate_000001_35dc6617,centered-gaussian,5,5,0,527.4,121,75.4,1380.6,827.6812,4920.8,2074,1502.2,11178.2,0,205.44,10.8,253.6,11753.8,3588,2651.8,28876.4,201.8,0,3.6,0.5547,25203.2,16529.8633,6023.3574,-338.4406,527.4
search_candidate_000121_7204093d,random-phased,5,5,0,525.4,105,45.6,1325,663.667,4749.2,1881,1067.8,10630.4,0,232.8,11.2,236.6,11173.6,3790,1875.4,26272.4,246.4,0,3.2,0.7126,25513.2,12616.6463,4872.195,-286.2335,525.4
centered_candidate_000253_3d076e76,centered-gaussian,5,5,0,525,413,82.4,1143,571.3111,5000.2,4157,1643.4,9670.6,0,239.48,12,246.8,11684.8,8877,3228.4,23885.8,206.4,0,3.8,0.4538,25593.6,11313.8826,4312.1775,-203.2556,525
centered_candidate_000341_920d5e91,centered-gaussian,5,5,0,524,172,102.6,1229.4,607.3091,4964.2,2516,1848,10098.2,0,253.34,12,241.2,12196.4,5981,3860.8,25877.8,202.6,0,3.6,0.4698,24711.6,12015.6383,4457.6089,-201.0546,524
centered_candidate_000187_6624cab2,centered-gaussian,5,5,0,522.2,89,63.2,1392.2,827.4601,4645.2,1743,1353.4,10669.8,0,216.02,10.6,230.2,12648,3564,2535,31484,194.8,0,3.6,0.4852,24881,17857.6819,5637.2892,-350.53,522.2
centered_candidate_000185_bd624c03,centered-gaussian,5,5,0,518.8,63,53,1442,920.6134,4546.2,1264,1183.6,11176,0,193.68,9.4,233.6,11506.6,2446,2163.4,29881.8,184.4,0,3.6,0.5713,25171.8,18242.4353,6579.3109,-407.3067,518.8
centered_candidate_000278_63904085,centered-gaussian,5,5,0,513.8,148,73.2,1295.8,716.2436,4801.6,2214,1496,10551.8,0,238.14,11.2,237,11974.8,5269,2823.8,27669.2,201,0,3.6,0.4794,25179.6,14434.823,5237.5417,-284.9218,513.8
centered_candidate_000413_135593fe,centered-gaussian,5,5,0,513.8,118,89.6,1278.4,684.2954,4909.8,2034,1702.8,10594.4,0,226.92,11.4,246.4,11358.2,4037,3199,25857.4,200.6,0,4.2,0.5019,28619.4,12956.0643,5073.1068,-252.5477,513.8
centered_candidate_000270_3fb87f1e,centered-gaussian,5,5,0,513,95,83,1268.2,638.7466,4889.8,1851,1637.2,10503.6,0,223.48,11.4,245.8,11121.4,4106,3104.8,24723.4,204.6,0,4,0.523,27237.8,11563.7644,4738.6237,-236.3733,513
centered_candidate_000096_3e577fed,centered-gaussian,5,5,0,512.8,385,100.6,1102,545.0168,4930.2,4067,1758.8,9358.6,0,231.26,12,243.8,10663.6,8372,3271.6,21153,206,0,4,0.4935,27235.6,9654.805,4072,-171.9084,512.8
centered_candidate_000412_ea4dcf30,centered-gaussian,5,5,0,506.4,179,79.4,1276,749.2123,4813,2569,1599.8,10404.6,0,228.96,11,241.6,12120.4,5397,2901.8,28336,199,0,3.4,0.4975,24177.8,15587.5536,5392.2355,-295.2061,506.4
centered_candidate_000458_0309e1d5,centered-gaussian,5,5,0,506,195,58.8,1277.4,731.376,4807.6,2769,1349.8,10447.4,0,230.02,10.8,241.8,11583.2,5831,2716,26524.2,192.4,0,3.8,0.4977,25904.4,14102.5769,5266.348,-306.888,506
centered_candidate_000311_8e9a40bf,centered-gaussian,5,5,0,500.8,117,62.4,1264.8,671.4347,4712,2028,1303.6,10423.6,0,219.3,11,235.4,10790.6,4636,2123.2,25012.8,198.2,0,4.6,0.5576,30245.4,12563.2089,5003.8578,-273.3174,500.8
centered_candidate_000110_5fda369d,centered-gaussian,5,5,0,500,357,59.6,1142.2,597.5025,4746.4,3887,1222.8,9652.8,0,238.08,11.2,233.8,11761.2,8852,2560.4,24948.8,198,0,3.8,0.4988,25611,12102.1756,4532.6265,-239.1512,500
centered_candidate_000355_e1bdf45a,centered-gaussian,5,5,0,499.4,104,71,1278.8,708.6425,4676.4,1884,1331.2,10501.2,0,220.78,10.8,233.4,11418.6,3791,2689.6,26870.2,194.4,0,3.2,0.5862,23146.2,13796.1855,5212.631,-283.3213,499.4
centered_candidate_000058_cebeaa09,centered-gaussian,5,5,0,498.6,229,66,1176,584.854,4690.2,3036,1373,9598.2,0,236.02,11.6,227.6,10606.2,6595,2925.6,22302.4,205.6,0,3.8,0.5182,26142,10242.7435,4240.3983,-226.427,498.6
centered_candidate_000102_343f5587,centered-gaussian,5,5,0,498.6,248,65,1203.6,661.3043,4738.4,2972,1412.8,9962.8,0,240.6,11,234.2,10972.2,6895,2770,23563.6,196.8,0,4,0.4989,27282.4,11592.155,4854.9369,-265.6522,498.6
centered_candidate_000337_6a786473,centered-gaussian,5,5,0,497.8,127,71.2,1270.4,717.5409,4715.6,2062,1504.2,10384.6,0,221.64,10.6,237.6,11379,4166,3127.4,26193.6,188.8,0,3,0.5971,22387.2,13607.2004,5203.3888,-287.5705,497.8
centered_candidate_000149_fafbb5e7,centered-gaussian,5,5,0,497.2,106,33.8,1317.6,743.2069,4535.4,1944,807.8,10706.4,0,198.34,10.2,229.4,11034.6,3308,1122.4,28040.6,189.2,0,3.4,0.6598,25185.6,15278.8501,5511.8825,-337.8035,497.2
centered_candidate_000232_8862adba,centered-gaussian,5,5,0,496.4,109,54.2,1234,612.8496,4774.4,2003,1201.4,10454.6,0,212.84,11,242.4,10342.8,4050,2195.8,23458,199.8,0,2.6,0.6366,21126,10927.6606,4672.0687,-252.2248,496.4
centered_candidate_000257_2a6fb6d2,centered-gaussian,5,5,0,496,80,52,1281.6,680.3673,4623.6,1604,1194.2,10533,0,217.66,10.6,231.4,11065.8,3459,2144,26341.4,194.4,0,3.8,0.5789,26470.8,13210.0263,5073.5822,-288.1836,496
centered_candidate_000189_a8951c7c,centered-gaussian,5,5,0,492.2,153,120.4,1181,642.6823,4772.2,2336,1981,9799.8,0,231.56,11.2,237.8,11527,4629,4021.8,25455.4,195.8,0,3.8,0.5537,25784.4,12989.0251,4625.3186,-200.9412,492.2
centered_candidate_000346_7bf3a728,centered-gaussian,5,5,0,489.8,93,69.8,1303.8,800.8362,4602.6,1736,1479.2,10543.2,0,210.4,9.8,236.8,11810.2,3993,2755,28762.8,189.6,0,3.4,0.54,24023.4,16583.8771,5797.0946,-330.6181,489.8
centered_candidate_000070_1ce7f611,centered-gaussian,5,5,0,488.6,126,77.6,1230.6,679.2654,4771.6,2289,1518.8,10354.4,0,228.3,10.8,241.6,11494,4643,3183.4,26151.6,196,0,3.6,0.5167,25099,13471.1253,5064.1951,-262.0327,488.6
centered_candidate_000176_b227e079,centered-gaussian,5,5,0,485.8,303,84.4,1105.2,574.1479,4646,3365,1538.6,9300.2,0,235.38,11.4,226.8,10757.8,7442,2921.6,22488.8,203,0,3.6,0.5048,24821,10626.7551,4270.3611,-202.6739,485.8
centered_candidate_000282_948459aa,centered-gaussian,5,5,0,482,62,57.6,1256.8,682.8036,4487,1318,1272.6,10310.4,0,217.28,10.2,224.2,11685.8,3087,2324.8,28454.2,189.8,0,3.6,0.5053,25048.4,14925.0501,5086.1567,-283.8018,482
centered_candidate_000063_4a8bc0bf,centered-gaussian,5,5,0,480.4,70,50.4,1281.6,743.2681,4416.2,1467,1081,10388,0,204.96,10.2,220.4,10539.2,2659,1618.4,26624.4,188.4,0,3.4,0.5596,24545,14814.6114,5481.1177,-321.234,480.4
centered_candidate_000141_5e08ee63,centered-gaussian,5,5,0,479.4,105,44.8,1287.6,780.4992,4327.4,1898,1071.2,10076.4,0,204.34,9.8,215.2,12060.6,3831,2028.4,30462.6,179.8,0,3.6,0.4373,24908.6,17872.1709,5464.0468,-345.4496,479.4
centered_candidate_000504_66d4d4d5,centered-gaussian,5,5,0,479.4,301,96.2,1069.4,548.7694,4636.2,3444,1686.8,9047.2,0,240.62,11.4,226,10118.6,7509,3500.2,19885.4,204.4,0,4.4,0.489,28645.8,8973.2142,4103.435,-178.1847,479.4
centered_candidate_000031_6b36db66,centered-gaussian,5,5,0,477.6,93,75.6,1212.2,661.2747,4446.8,1783,1466.2,9731.6,0,224.46,10.4,219,10517.8,3841,2709.8,24149,192,0,3.8,0.5248,26209,12111.6573,4695.7645,-255.0374,477.6
centered_candidate_000044_2c1ea09f,centered-gaussian,5,5,0,477.4,90,67,1256.6,742.504,4579.4,1684,1419.6,10408,0,208.2,10,235,11282.8,3088,2782.8,27388.2,186.2,0,4,0.5263,26983.4,15192.9409,5410.5284,-304.252,477.4
centered_candidate_000519_a771e131,centered-gaussian,5,5,0,475.8,178,79,1157,620.8154,4640,2502,1685.4,9630.2,0,232.2,11,230,10167.2,5152,3362.4,21730,194.2,0,3,0.5642,22310.8,10481.8591,4511.2985,-231.4077,475.8
centered_candidate_000226_8b04cd58,centered-gaussian,5,5,0,473.6,75,42.8,1268.4,734.1985,4419,1663,1004.2,10388.8,0,210.92,10,222.2,11328.2,3253,1817.4,28321,191.4,0,3.6,0.5435,25476.8,15646.659,5457.6477,-324.2993,473.6
centered_candidate_000048_ca75d491,centered-gaussian,5,5,0,473.4,64,55.8,1288.6,795.244,4377.4,1347,1253.6,10396.4,0,197.34,9.4,224.4,11068,2445,2242.2,28126.4,182.8,0,3.8,0.5291,25901,16407.2858,5786.7574,-341.822,473.4
centered_candidate_000158_bb5db08c,centered-gaussian,5,5,0,472.2,86,58.2,1270.4,784.1878,4453.4,1706,1263.2,10382.2,0,201.02,9.6,228.8,10960.2,3664,2436.2,26965.4,182.2,0,3.8,0.5,25966.2,15684.6791,5739.836,-333.8939,472.2
centered_candidate_000478_cb43eb0c,centered-gaussian,5,5,0,471.2,205,84.6,1107,564.1257,4593.2,2795,1592,9303,0,236.66,11,226.8,10364.8,6809,3554.6,20920.4,203,0,4.2,0.4661,27744.2,9457.2509,4146.1602,-197.4628,471.2
search_candidate_000102_ab77a829,random-phased,5,5,0,470.4,94,82.2,1222.8,732.3143,4384.2,1703,1602.4,9735.2,0,223.4,10,218.4,10404.4,3519,3208.8,24041.2,199.2,0,3.4,0.5588,23990.8,12902.1954,5169.8747,-283.9572,470.4
centered_candidate_000131_eace9061,centered-gaussian,5,5,0,469.8,110,72.4,1167.6,611.3207,4572.2,1945,1509.8,9791.8,0,212.66,10.8,229.6,10697.4,4104,2885.6,24184.8,192.6,0,3.4,0.5113,24484.6,11931.3826,4519.4131,-233.2603,469.8
centered_candidate_000239_9f3202bb,centered-gaussian,5,5,0,469.4,104,54.6,1187.6,621.5312,4413.2,1869,1191.6,9791.6,0,211.6,10.6,218,10511.6,3473,2296.6,24849.8,192.8,0,3.8,0.4839,26376.4,12675.8438,4642.3064,-256.1656,469.4
centered_candidate_000125_4cf5d5ad,centered-gaussian,5,5,0,467.6,145,80.4,1147,612.0084,4490.2,2190,1596.4,9502,0,222.76,10.8,221.8,10644.4,4237,3400.8,23643.8,197,0,4,0.4544,26753.6,11756.6551,4515.344,-225.6042,467.6
centered_candidate_000150_765d36d4,centered-gaussian,5,5,0,467.2,84,63.6,1183,621.0196,4478.2,1574,1398.2,9880.2,0,215.22,10.6,223,10491.6,3014,2726,24060.2,191.6,0,3.6,0.5234,25758,11457.4707,4645.0472,-246.9098,467.2
centered_candidate_000265_f30ae856,centered-gaussian,5,5,0,466,114,68.4,1159.8,611.4458,4533.8,1988,1403.8,9768.2,0,219.92,10.8,225.6,10474,3716,2619.2,23969.6,191.6,0,3.6,0.5106,25801,11833.3308,4581.9712,-237.3229,466
search_candidate_000501_fc52ebc5,random-phased,5,5,0,465.2,118,69.8,1206.6,718.7557,4448.2,1908,1430.4,9952.2,0,205.72,10,226.6,9797.6,3452,2799.6,22963,191.6,0,3.6,0.5726,25847.8,12646.3248,5229.8184,-289.5779,465.2
search_candidate_000365_4e81dd78,random-phased,5,5,0,464.4,69,33.2,1286.2,798.9825,4287.8,1507,854.2,10505.4,0,182.68,9.2,222,8930,2150,1253.4,23181.4,183.4,0,2.8,0.6558,21981.4,13609.5512,5932.2496,-366.2913,464.4
centered_candidate_000497_d4187924,centered-gaussian,5,5,0,463.2,108,46.8,1222.6,716.6621,4404.4,1914,1096.2,10124.2,0,213.22,10,221.8,10976.6,3912,2114.8,26689.8,190.2,0,4,0.5117,26659.6,14661.0402,5292.0804,-311.531,463.2
centered_candidate_000266_4a36326c,centered-gaussian,5,5,0,462.6,89,59,1153,578.7869,4487,1613,1347,9742,0,209.14,10.6,225.6,9679,3389,2383.8,21902.4,194.2,0,3,0.6556,23593,10258.7891,4329.5259,-230.3934,462.6
centered_candidate_000415_3d0edbe4,centered-gaussian,5,5,0,462.4,88,63,1201,679.4511,4386.8,1712,1331,9893.6,0,214.1,10,220.4,10836,3280,2529.8,25965.2,191.6,0,3.6,0.5763,25510.2,13814.1143,5031.89,-276.7256,462.4
centered_candidate_000221_7eafb346,centered-gaussian,5,5,0,461.6,109,76.4,1169.4,651.601,4449,1851,1533.2,9707.2,0,212.12,10.6,222.8,10381.4,3522,2754.4,24217.6,202,0,4,0.6091,28433.8,12689.7812,4811.2776,-249.4005,461.6
centered_candidate_000069_6fe38eaa,centered-gaussian,5,5,0,460.8,181,90,1085.6,569.2259,4548,2772,1605.4,9170.8,0,231.1,11,224.4,10562.6,5573,3295,22305.2,194.4,0,4.2,0.4822,27379.8,10618.9299,4225.3679,-194.613,460.8
centered_candidate_000010_d9c0d7a0,centered-gaussian,5,5,0,457.6,122,101.8,1143.8,674.9677,4418.2,2169,1698.2,9413.2,0,206.86,10.2,223.4,9857.4,4458,3434.8,21781.4,191.2,0,3.8,0.5219,26147.4,11722.4239,4883.4076,-235.6839,457.6
centered_candidate_000103_20156466,centered-gaussian,5,5,0,457.6,78,64.4,1218,735.936,4270.8,1484,1252.4,9954.6,0,194.48,9.6,216.6,9454.6,2689,2208.4,23194.6,183,0,3,0.5418,22679.6,13158.7032,5422.354,-303.568,457.6
centered_candidate_000315_d26d345d,centered-gaussian,5,5,0,457.6,122,60.4,1164.4,649.6946,4376.4,2073,1365.6,9548.2,0,215.22,10.4,217.2,9507.4,4080,2544.6,21365.4,192.4,0,3,0.5722,22488.2,10754.1245,4760.2916,-264.4473,457.6
centered_candidate_000472_59b08274,centered-gaussian,5,5,0,456.8,116,74.4,1129.6,596.6528,4449,1996,1451,9537.4,0,215.44,10.8,220.4,10052.4,3868,2763.8,22507.6,191.6,0,4.2,0.5283,28175.6,10938.2726,4490.5808,-223.9264,456.8
centered_candidate_000516_543a9d6f,centered-gaussian,5,5,0,456.2,91,70.6,1185.4,691.3611,4440.8,1635,1428.8,10008.8,0,216.9,10,224.8,11221.2,3638,2761.4,26962.4,187.4,0,3.8,0.5544,26452.4,14922.5255,5170.2862,-275.0805,456.2
search_candidate_000412_944901af,random-phased,5,5,0,454.8,56,40,1264,798.7586,4220.4,1287,997.2,10313.8,0,185.66,9,218.6,8520.8,2130,1503,21828.8,184.6,0,3.2,0.6284,23307.8,13023.4272,5935.9832,-359.3793,454.8
centered_candidate_000509_1bfd3b93,centered-gaussian,5,5,0,453,153,86.2,1096.2,591.3388,4389.4,2261,1685.2,9037.2,0,234.82,10.6,214.6,10322,5474,3002.6,22219,196.8,0,3.8,0.5501,25435.2,10677.9795,4250.744,-209.4694,453
centered_candidate_000386_18d5a0e2,centered-gaussian,5,5,0,451.6,158,48.4,1154.4,661.0418,4418.8,2462,1186.6,9726.2,0,223.66,10.2,221.4,10440.8,5389,2393.6,23798.6,191.8,0,3.8,0.4866,26078.8,12464.2058,4906.3652,-282.1209,451.6
centered_candidate_000478_4dd25fec,centered-gaussian,5,5,0,451,93,73.2,1180,712.8714,4340.6,1739,1483.2,9709.8,0,207.5,9.8,219.8,11640.8,3872,3169.4,27832.6,184.8,0,4,0.5144,27242.6,15897.7729,5189.8076,-283.2357,451
centered_candidate_000065_ff465869,centered-gaussian,5,5,0,448,147,76.6,1121.8,645.1952,4473.4,2199,1642.6,9545.6,0,230.18,10.4,224.2,10633.6,5375,3115.2,23722.6,194.6,0,4,0.496,26589.2,12610.2036,4793.1761,-245.9976,448
centered_candidate_000121_7872cc66,centered-gaussian,5,5,0,446.2,90,51.8,1139,605.8975,4275.2,1545,1232.8,9543.2,0,209.66,10.2,212.4,9981.4,3078,2119.4,23593.2,191.2,0,3,0.5734,21736.6,11812.2703,4547.2335,-251.1487,446.2
search_candidate_000353_a28f1674,random-phased,5,5,0,445.8,62,39.8,1234.4,776.3096,4077.6,1321,991.4,9932,0,181.54,8.8,209.2,8420.6,2070,1469,21716.8,177,0,2.8,0.64,22133.6,13011.0083,5712.5832,-348.3548,445.8
centered_candidate_000203_c50b3ff6,centered-gaussian,5,5,0,445.2,61,51.6,1164.4,640.0098,4320.6,1433,1198.4,9844.8,0,215.56,9.8,217.8,9845,3013,2348.6,23016.6,187.6,0,3.6,0.5503,25477.8,11542.8943,4841.6459,-268.4049,445.2
search_candidate_000454_222b360c,random-phased,5,5,0,444.2,84,61,1192.2,743.4712,4191,1582,1266,9779,0,193.92,9.2,214.2,8901.2,2670,2190.4,21844.6,180,0,3,0.6083,22316.4,12784.1934,5523.8484,-310.7356,444.2
centered_candidate_000206_38078d3b,centered-gaussian,5,5,0,443.2,123,74.4,1123,649.4941,4343.6,1967,1480.8,9493,0,213.4,10,219.4,10245.8,4141,3065.8,23422.4,192.2,0,3.6,0.5215,25361.6,12602.7875,4850.1446,-250.347,443.2
centered_candidate_000179_0ea3202a,centered-gaussian,5,5,0,443,58,46.8,1210.8,745.126,4150.8,1252,1032.4,9987,0,181.54,9.2,213.4,10073.8,1956,1541.6,26418,183,0,3,0.6664,23064,15789.6988,5537.4741,-325.763,443
centered_candidate_000057_b16b0c55,centered-gaussian,5,5,0,441.2,95,83.2,1141,691.0286,4325.4,1721,1652.6,9539.4,0,196.44,9.6,222.6,10650.4,3424,2922.4,25570,180.4,0,3.8,0.5326,26331.4,14699.1558,5104.9428,-262.3143,441.2
centered_candidate_000195_79c294cb,centered-gaussian,5,5,0,440.8,67,60.6,1190.4,740.6955,4179.4,1443,1338,9705.8,0,195.68,9.2,213.4,9801.6,2813,2611,23858,180,0,3.2,0.585,23614.6,13820.9963,5425.688,-309.7477,440.8
search_candidate_000411_1fa10256,random-phased,5,5,0,440.6,160,78,1076.4,590.0107,4285,2373,1578.4,8838.4,0,236.48,10.6,208.6,9807.4,5160,3077.4,21032.8,211,0,3.6,0.5045,24974.6,10121.8681,4158.7157,-217.0054,440.6
centered_candidate_000304_fe350ce1,centered-gaussian,5,5,0,440.4,63,48.2,1208.4,759.8952,4115.6,1374,1173,9764,0,194.74,9,209.6,9585.2,3237,2095,23636.6,178.6,0,3,0.6015,22442,13817.7334,5524.2308,-331.7476,440.4
search_candidate_000173_9a89b144,random-phased,5,5,0,440,76,62.4,1172.6,712.9895,4221.6,1518,1376.4,9687,0,215.48,9.6,212.6,9217.4,3048,2530.8,21801.4,197.4,0,4,0.5156,27452,12046.9569,5277.8782,-294.0947,440
centered_candidate_000153_d6e0435c,centered-gaussian,5,5,0,438.8,55,46,1214.2,772.1312,3860.8,1196,974.4,9404.2,0,181.74,8.8,192,9937.2,2172,1696,25922.6,177,0,3.2,0.6042,23218.2,15838.941,5486.9918,-340.0656,438.8
centered_candidate_000210_6763c321,centered-gaussian,5,5,0,438.2,77,62.4,1173,724.5438,4202.4,1556,1353.4,9664.2,0,201.12,9.4,213.4,10553.8,3704,2630.8,25420.4,181,0,3.2,0.5775,23334.4,14629.0226,5338.3984,-299.8719,438.2
centered_candidate_000016_41acd542,centered-gaussian,5,5,0,435.6,211,126.4,968.6,499.9114,4381.4,2801,2071.8,8264,0,235.6,11.2,211.6,10030.8,6576,4144.2,19514.2,195.4,0,3.2,0.5603,23421.8,8739.8596,3602.5258,-123.5557,435.6
centered_candidate_000093_925c4905,centered-gaussian,5,5,0,434.4,111,77.6,1078.2,582.9956,4313,2052,1582.4,9086.4,0,224.48,10.4,213.4,9633.8,4050,3178.2,20880.6,193.6,0,4,0.4721,26983.8,10073.4553,4331.8355,-213.8978,434.4
centered_candidate_000097_cc575a30,centered-gaussian,5,5,0,431,84,73.2,1134,698.5551,4108.2,1632,1481.4,9211.4,0,197.58,9.2,208.6,9963.8,3251,3046.6,23561,182.2,0,3.8,0.4895,26178.8,13474.7961,5074.2645,-276.0775,431
centered_candidate_000285_cd5ad3fd,centered-gaussian,5,5,0,430.6,76,55.8,1091.8,569.2545,4207,1616,1275.8,9220.4,0,208.98,10.2,208.4,9438.6,2920,2433.4,21854.8,187.4,0,3.6,0.523,25029.2,10851.6972,4287.8119,-228.8272,430.6
centered_candidate_000100_63c642e5,centered-gaussian,5,5,0,430.2,88,68.4,1136.8,701.9631,4147.8,1712,1466.6,9284.8,0,196.2,9.2,212.4,10108.2,3172,2580.8,24531.2,183.8,0,2.8,0.5851,21813.4,14130.9616,5077.6494,-282.5815,430.2
centered_candidate_000514_bd6d29c2,centered-gaussian,5,5,0,430.2,155,88.4,1055,613.1999,4294.6,2335,1691,8895.2,0,210.94,10.2,215.6,10040.6,4817,3536,21846.4,189,0,3.8,0.4803,26189,11560.6826,4478.876,-218.2,430.2
centered_candidate_000190_27e625ac,centered-gaussian,5,5,0,430,195,66,1031.4,553.0754,4268.4,2672,1438.4,8769.6,0,211.08,10.4,211.8,9497.6,5360,2538.8,20727,187.2,0,3.8,0.5751,26315,10356.8867,4137.5742,-210.5377,430
search_candidate_000302_2f7a755d,random-phased,5,5,0,429,53,40.4,1189.8,750.1448,4009.8,1314,926.6,9798.8,0,196.76,8.8,206.6,10109.2,2670,1738.6,26015.2,212,0,3,0.846,24995.2,15652.77,5644.2469,-334.6724,429
centered_candidate_000492_674ff87f,centered-gaussian,5,5,0,425.8,81,61,1137.4,704.6958,4135,1632,1385.6,9403.8,0,200.22,9,211.8,9140.2,2970,2384.2,21988.2,175.6,0,3.6,0.4924,24932.2,12472.2589,5175.2534,-291.3479,425.8
search_candidate_000383_43977aa6,random-phased,5,5,0,425.6,55,30.2,1089.4,543.6909,4052.8,1412,857.2,9150.6,0,212.72,9.8,199.4,9600,2480,1374.4,22885.4,197.2,0,3.6,0.6877,26752.4,10790.4367,4137.6122,-241.6455,425.6
centered_candidate_000105_7ad917da,centered-gaussian,5,5,0,423.2,88,72.6,1089.4,634.406,4197.6,1757,1497.2,9149.8,0,209.24,9.6,212.2,9540.4,3577,2786.2,21859.6,182,0,3.4,0.5248,24004.6,11529.1258,4642.9585,-244.603,423.2
centered_candidate_000518_d727565f,centered-gaussian,5,5,0,423.2,76,56,1136.8,707.5183,4089.4,1626,1297,9347.4,0,202.28,9.4,206.2,10096,3464,2530.8,24388.6,186.2,0,3.8,0.5272,26141.6,14055.4015,5186.5438,-297.7592,423.2
centered_candidate_000033_9f65a96a,centered-gaussian,5,5,0,421.8,62,52,1142,703.4613,4031.2,1348,1186.2,9453.6,0,191.66,9,206.4,9422.4,2680,1838,23674,189,0,3.2,0.5669,23646.4,13817.737,5234.1813,-299.7306,421.8
centered_candidate_000111_05c96945,centered-gaussian,5,5,0,417.8,67,55.2,1102.4,641.8294,4020.6,1409,1207,9151.8,0,208.96,9.6,199,8906.8,2426,2152.6,21282.4,190.2,0,3.4,0.5508,23698,11157.8706,4677.7393,-265.7147,417.8
centered_candidate_000166_95905731,centered-gaussian,5,5,0,417.4,124,90.4,1000.2,522.4188,4180.2,2018,1661,8553.6,0,215.34,10.4,205.8,9197.6,4401,3330.2,19266.6,192,0,3.6,0.5546,25247.6,8940.855,3890.2785,-170.8094,417.4
centered_candidate_000495_ca653753,centered-gaussian,5,5,0,415.2,63,43.2,1135.4,708.1315,3903.6,1268,1002.4,9370,0,186.2,8.6,199.2,9705.2,2626,1634.2,24833.8,178,0,3.4,0.5897,23956.2,14727.7229,5294.7558,-310.8657,415.2
centered_candidate_000041_47548a2b,centered-gaussian,5,5,0,414.4,82,53.4,1106.2,676.6759,4038,1672,1206.2,9269.2,0,205.16,9.2,203.6,9876,3463,2027.8,24188.4,182.4,0,2.8,0.5596,21364.6,13772.5924,5070.4717,-284.9379,414.4
centered_candidate_000398_58131f8b,centered-gaussian,5,5,0,413,146,96.2,966.2,495.5825,4293.6,2179,1854.2,8529,0,229.16,10.6,212.2,9784.8,5001,3524.4,20312,193.2,0,3.2,0.5545,23014.8,9391.9407,3732.036,-151.5912,413
centered_candidate_000003_3d5b57c2,centered-gaussian,5,5,0,412.8,124,71,1005,525.0567,4039.2,2148,1501.2,8199.4,0,221.86,10,195.4,9385.6,4520,2892,20073.2,182,0,3.8,0.533,25908,9424.4352,3662.0268,-191.5284,412.8
centered_candidate_000428_fc8aeddb,centered-gaussian,5,5,0,412.8,198,67,967.6,494.5468,4183.4,2670,1409,8474.8,0,214.18,10.4,206.8,9115.6,5814,2584.4,19047.2,191.8,0,4,0.4716,27126.8,8798.3474,3806.4708,-180.2734,412.8
centered_candidate_000134_82cb3b1f,centered-gaussian,5,5,0,411.6,94,64.2,1081,663.8351,4003.4,1685,1309.8,9057.8,0,198.58,9.2,202.2,9907.8,3439,2665.6,23736.8,183,0,3.6,0.5506,25195.4,13671.6466,4981.9934,-267.7176,411.6
centered_candidate_000044_a5e79ee8,centered-gaussian,5,5,0,409.8,73,66.8,1089.2,677.1131,3996.6,1494,1354.8,9136,0,190.5,9.2,203.2,9586,2639,2457.2,23595.6,183,0,3.2,0.5619,23462.4,13836.0233,5095.4823,-271.7566,409.8
centered_candidate_000024_9b6ca509,centered-gaussian,5,5,0,409.6,87,80,1059,643.7536,4083.6,1703,1608.2,8936.4,0,197.7,9.4,208,9116.4,3357,2897.2,21126.2,184.4,0,3.6,0.5802,25347.8,11902.7108,4810.6506,-241.8768,409.6
centered_candidate_000045_71c4647e,centered-gaussian,5,5,0,407.4,91,61.2,1055.6,622.5218,4047.4,1746,1298.8,8967,0,199.5,9.2,206,9099.6,3758,2398.4,21028.2,180.6,0,3.4,0.5373,24173.4,11419.3035,4663.9933,-250.0609,407.4
centered_candidate_000318_91b921f4,centered-gaussian,5,5,0,407.4,93,50.2,1080.6,661.2336,4007.6,1819,1107.4,9132.8,0,188.62,9.2,204.6,8581.2,3800,1698.2,20493.2,181.6,0,2.8,0.6162,21308.8,11549.726,4961.0531,-280.4168,407.4
centered_candidate_000077_531c506e,centered-gaussian,5,5,0,407,116,61.4,1040,604.1112,4052.4,1827,1352.6,8884,0,202.64,9.8,202,9302.6,3597,2235.2,21960.6,183.8,0,3.6,0.5628,25338,11934.7483,4503.4904,-240.6556,407
centered_candidate_000085_77899e82,centered-gaussian,5,5,0,405.4,83,64,1067,649.0475,3984.4,1570,1341,8998.6,0,193.88,9,203.2,9242.8,2898,2493,22151.6,179,0,3.2,0.5894,23640.6,12549.5814,4842.467,-260.5237,405.4
centered_candidate_000064_f5f06b2d,centered-gaussian,5,5,0,405.2,70,40.4,1102.6,679.4054,3862,1547,965.6,9122.4,0,186.04,8.8,195.6,9204.2,2542,1650.8,23386.6,177.4,0,3.4,0.6191,24502.4,13709.911,5062.6378,-299.3027,405.2
centered_candidate_000119_ac1da681,centered-gaussian,5,5,0,405.2,66,60.2,1089,680.9139,3923.8,1415,1312.8,9041.8,0,194.7,8.8,200,9125,2755,2617.4,21986,184.4,0,3.8,0.547,26215.4,12788.9705,5073.0822,-280.257,405.2
centered_candidate_000504_d11e2416,centered-gaussian,5,5,0,404.8,91,67.2,1030,582.6997,4074.2,1780,1406,8816.4,0,210.76,9.6,204.2,9439.2,3706,2695.2,21499.4,184.4,0,3.2,0.5287,23621.8,11116.4832,4364.5665,-224.1499,404.8
search_candidate_000459_096d7205,random-phased,5,5,0,404.6,135,73.4,1009.8,585.2608,3923.4,2081,1552.2,8182.6,0,238.62,9.8,185.8,9769.2,5234,3079,21275.6,186,0,2.8,0.5518,20947,10989.0661,4096.4446,-219.2304,404.6
centered_candidate_000459_c697e27e,centered-gaussian,5,5,0,404,76,54,1070.2,644.2742,3983.2,1647,1237.6,8964.6,0,197.3,9.2,201.8,9501.2,3346,2427,22639.6,184.6,0,3.8,0.5459,26101.2,12715.2663,4747.5844,-268.1371,404
centered_candidate_000330_52d9f9cc,centered-gaussian,5,5,0,403.8,70,44.8,1034.4,545.8756,3931.6,1507,973.8,8813.8,0,200.64,9.6,194.8,8501.4,2760,1670,19828.8,191,0,3.8,0.6201,26569,9657.1017,4158.2924,-228.1378,403.8
centered_candidate_000423_3a622fef,centered-gaussian,5,5,0,403.4,91,77.2,1040.6,628.9135,4058.2,1715,1600.4,8826.4,0,205,9.4,205,10501.8,3748,3406.6,24333.6,180,0,3.2,0.5185,23144.8,13720.9471,4673.7527,-237.2568,403.4
centered_candidate_000474_fda401b4,centered-gaussian,5,5,0,402.6,93,77.4,1033.2,618.9231,4038.4,1691,1593.8,8756.2,0,204.02,9.4,203.8,9725.4,3575,3140.4,22312.8,182,0,3.4,0.5747,24196.6,12300.0413,4593.6311,-232.0616,402.6
search_candidate_000453_2d4f7cc9,random-phased,5,5,0,401,116,55.6,990.6,517.2063,3970.4,2067,1176.4,8447.4,0,214.7,10,193.8,8316.6,3997,2370.8,18119,196.4,0,4,0.5472,27091.2,8705.1711,3934.0634,-203.0032,401
centered_candidate_000512_20ae9065,centered-gaussian,5,5,0,399.4,64,49.6,1079.4,668.9988,3894.8,1396,1086.6,9146.8,0,195.44,8.6,198.6,9051.6,2948,2094.2,21898.8,174.2,0,3.8,0.4857,25860,12359.49,5081.6703,-284.8994,399.4
centered_candidate_000333_7efebbfa,centered-gaussian,5,5,0,397,64,58.6,1056.8,640.9883,3878.2,1311,1237.2,8928,0,191.1,8.8,197.2,9094.6,2939,2084.4,22122.6,178.2,0,3.2,0.5551,23282.8,12445.1578,4801.7543,-261.8941,397
general_top10-median-phased_f0733401,top10-median-phased,5,5,0,396.8,155,45,1007.8,586.4921,3957,2415,999.4,8678.4,0,200.58,9.4,198.4,9257.6,4861,1487,21736,182.6,0,3.6,0.5422,25188.4,11521.7604,4437.5678,-248.246,396.8
general_topN-median-phased_eee03414,topN-median-phased,5,5,0,396.8,155,45,1007.8,586.4921,3957,2415,999.4,8678.4,0,200.58,9.4,198.4,9257.6,4861,1487,21736,182.6,0,3.6,0.5422,25188.4,11521.7604,4437.5678,-248.246,396.8
centered_candidate_000233_08e485f5,centered-gaussian,5,5,0,393.6,91,59.4,1027,620.1411,3937,1750,1321.6,8709.4,0,196.44,9.2,198.8,8912.4,3855,2610.4,20422.4,178.4,0,3.2,0.4783,23118.6,11262.12,4627.3063,-250.6706,393.6
centered_candidate_000471_9d3c22e9,centered-gaussian,5,5,0,390.8,94,71.2,1005.4,606.308,3922.2,1686,1422.4,8619.2,0,187.52,9.2,199.8,8759.2,3159,2233.2,20883.8,182.2,0,3.2,0.6592,23503.4,11886.9134,4577.6765,-231.954,390.8
centered_candidate_000482_3e67f375,centered-gaussian,5,5,0,390.6,91,58.4,1023.8,624.4584,3885,1743,1298.2,8657.4,0,188.5,9.2,196.4,9622.8,3347,2336.4,23320.2,180.6,0,3.2,0.5277,23883.2,13494.2307,4665.3435,-253.8292,390.6
centered_candidate_000243_a6624a38,centered-gaussian,5,5,0,389.8,124,86.6,953.4,538.8177,4023.4,1972,1723.8,8278.6,0,205.88,9.6,203,9122.8,3989,3511.2,19692.8,187.6,0,3.6,0.5128,25029.8,10217.905,4005.5022,-182.8089,389.8
centered_candidate_000156_2ec871a6,centered-gaussian,5,5,0,388.8,61,35.4,1071.6,675.7397,3699.6,1292,837.2,8974.8,0,172.28,8.6,187.6,8724.4,2236,1127.8,22898.8,175.2,0,3.4,0.6647,24324.8,13950.1004,5137.2315,-302.4699,388.8
centered_candidate_000245_3fd58116,centered-gaussian,5,5,0,387.8,89,69,982.2,554.413,3868.8,1604,1418.4,8347.8,0,210.24,9.6,189.6,8727.4,3394,2438.6,19723.6,187.2,0,3,0.6206,22114.6,9848.4203,4106.7793,-208.2065,387.8
search_candidate_000109_d8e4bd9e,random-phased,5,5,0,386.6,227,50.8,831,357.5531,3963.2,2841,1171.4,7463.6,0,241.52,10.6,187.4,8723.8,5604,1992.2,17129.2,208.2,0,3.8,0.6153,26799.6,6844.19,2835.5063,-127.9766,386.6
search_candidate_000418_44688ce8,random-phased,5,5,0,383,272,75.2,838.2,421.9047,3931.6,3310,1504.8,7320.4,0,220.74,10.4,191,7939,7243,2198,15324.4,217,0,4,0.4874,26644.8,6749.4486,3118.8699,-135.7524,383
centered_candidate_000153_06271e5e,centered-gaussian,5,5,0,380.2,117,111.6,910.6,526.43,3907.8,1978,1854,7907.8,0,197.24,9.6,195.8,8318.4,3843,3787,17317.8,185.6,0,3.4,0.5507,24445.6,8976.4023,3975.0141,-151.615,380.2
centered_candidate_000444_ddf3c8ee,centered-gaussian,5,5,0,379.2,89,57.6,976.2,562.0603,3832.6,1709,1206.6,8469.4,0,207.74,9.2,190.2,8234.6,3051,2234.4,18891.8,180,0,3.6,0.4981,24484.6,9612.8329,4262.3859,-223.4301,379.2
centered_candidate_000018_25c34309,centered-gaussian,5,5,0,376.4,325,93.4,735.4,312.2637,3736,3624,1746.8,6100.2,0,219.66,10.6,171.6,8233.2,8114,3505.6,13785.6,190.2,0,3.8,0.4597,26154.6,4953.9485,2082.4022,-62.7319,376.4
centered_candidate_000272_292191ea,centered-gaussian,5,5,0,375.6,81,46.4,1001.4,616.9773,3689,1619,987.2,8532.4,0,177.72,8.6,187.8,8605.8,2584,1491.6,21745.2,178.6,0,3.2,0.6561,23377.2,12820.6391,4717.1811,-262.0887,375.6
centered_candidate_000378_f08ab11f,centered-gaussian,5,5,0,372,90,62.8,961,572.9813,3770.8,1710,1326.8,8254.2,0,196.74,8.8,190,8734.2,3385,2437.2,20320.6,174.2,0,3.6,0.5525,25059.6,11123.7478,4272.1325,-223.6907,372
general_top5-average-phased_cda9e6a7,top5-average-phased,5,5,0,372,267,132.4,716,298.4875,3980.6,3478,2098.8,6517.2,0,219.72,10.8,191,8735,7048,4065.8,15297.4,189.2,0,4.2,0.4768,28066,5784.5482,2248.0546,-16.8438,372
centered_candidate_000292_387e6c34,centered-gaussian,5,5,0,371.8,180,46.6,894.2,474.6027,3815.6,2579,1043.6,7933.8,0,218.4,9.6,185.8,8279.2,6700,1576.6,17142,187.2,0,3.2,0.5952,23062,7848.5767,3697.3304,-190.7014,371.8
centered_candidate_000160_9edf4d7a,centered-gaussian,5,5,0,370.8,279,103,748.6,338.2652,3881.4,3440,1762.4,6686.4,0,233.84,10.4,183.4,8544,7636,3786.4,14629.2,189.4,0,3.8,0.5288,25309.8,5420.1027,2548.4704,-66.1326,370.8
centered_candidate_000130_e8c30c9a,centered-gaussian,5,5,0,367.2,77,60.4,963.2,590.5053,3720.6,1631,1316.8,8224,0,194.3,8.8,187,9018,3294,2750.6,21005.2,175.6,0,3.2,0.5837,23475.8,11863.7531,4451.4785,-234.8527,367.2
centered_candidate_000319_f0971e12,centered-gaussian,5,5,0,365,61,58.4,975.8,610.0016,3628.8,1333,1251,8293.2,0,189.84,8.2,184,7890.6,2723,2358.4,18632,169.4,0,3.6,0.4623,24566.6,10660.1457,4620.0746,-246.6008,365
centered_candidate_000201_b5019ea2,centered-gaussian,5,5,0,362,88,53.8,935.6,547.3072,3691.8,1635,1255.6,8089.8,0,193.76,8.8,185.4,8626.2,3444,2310.8,19965,176,0,3.8,0.4912,26492.8,10679.91,4110.4201,-219.8536,362
centered_candidate_000177_8b1f6419,centered-gaussian,5,5,0,359.2,42,39,982,600.1618,3466.6,943,873.4,8376,0,167.8,8,176.6,7744.6,1404,1154.6,20325.4,172.6,0,3,0.731,22808.8,12007.6418,4589.8961,-261.0809,359.2
search_candidate_000369_b015e25f,random-phased,5,5,0,355,112,74.4,804.2,363.5035,3745,1917,1442.2,7241.4,0,190.64,10,185.6,7409.8,4043,2836.2,14387.8,205.2,0,3.6,0.5695,26847.8,5721.2604,2796.2298,-107.3518,355
search_candidate_000158_eeac355d,random-phased,5,5,0,353.4,86,68,905.6,547.4229,3672.4,1727,1444.8,7850.6,0,195.28,8.6,185.6,7297,3280,2432,16181,172,0,2.6,0.6196,20193.4,8653.7169,4133.8944,-205.7115,353.4
centered_candidate_000227_edc2ef16,centered-gaussian,5,5,0,348.8,223,69.6,728.6,309.7343,3741.4,3085,1410.6,6681.2,0,219.08,10.2,178.6,8017.6,6645,2761.6,14620.4,191.8,0,3.4,0.5124,24197.8,5514.1213,2442.1457,-85.2672,348.8
search_candidate_000008_4685ef8e,random-phased,5,5,0,347.2,72,54.6,907.4,542.4557,3583.2,1476,1237.6,7966,0,189.36,8.6,180.2,7484.2,2616,2201.6,17395.6,174.8,0,3.2,0.5796,22638.4,9390.8484,4175.7403,-216.6278,347.2
centered_candidate_000431_4efe51e0,centered-gaussian,5,5,0,344.2,85,54.6,894.8,545.1449,3369.2,1550,1191.8,7372.2,0,183.94,8.4,165,7824.6,2866,2022.4,18511.4,174.2,0,2.8,0.6231,21544,10433.5431,3933.57,-217.9724,344.2
centered_candidate_000125_2dd02cf8,centered-gaussian,5,5,0,340.4,188,71,761.8,373.3966,3587,2704,1484.8,6661.2,0,209.6,9.8,170.8,7810.6,5736,2772.8,14917.6,187.8,0,3.6,0.5014,25420,6097.9288,2710.7884,-115.6983,340.4
centered_candidate_000382_e686b259,centered-gaussian,5,5,0,336.2,216,109.4,675,309.3551,3619.2,2958,1789.8,6103.4,0,233.52,10,168.8,8370,7071,3623,14300,189.6,0,3.6,0.5898,25132.6,5300.1252,2305.8092,-45.2775,336.2
centered_candidate_000282_908bc1d5,centered-gaussian,5,5,0,333.4,86,55.4,862.4,521.5176,3500.2,1678,1213.4,7676.8,0,185.56,8.4,177.2,7400.6,3008,2400,16839.2,176.2,0,3.2,0.5729,23263.2,9248.8682,4093.2526,-205.3588,333.4
search_candidate_000407_5d0e2ea7,random-phased,5,5,0,330,89,75,827.2,494.0502,3446.4,1686,1503.2,7164.4,0,190.22,8.6,171.4,6805.6,2789,2338,15201.8,180.8,0,3,0.5528,22162.4,8075.8676,3660.2104,-172.0251,330
centered_candidate_000251_24d072ac,centered-gaussian,5,5,0,329,116,68.4,767.4,378.1698,3541.2,2122,1436.2,6816.4,0,201.56,9.4,171.8,7824.4,4342,2918.4,15681.6,180.2,0,4,0.5468,26971.2,6792.7093,2782.1052,-120.6849,329
centered_candidate_000329_54fc99cb,centered-gaussian,5,5,0,327.4,224,57.8,714,345.7199,3501.6,3021,1237.6,6384,0,215.64,9.4,167,7719.6,7419,2577.2,13807.4,186.4,0,3,0.5954,22931.8,5500.1734,2540.9287,-115.0599,327.4
search_candidate_000361_81d49c82,random-phased,5,5,0,323.8,39,26.8,905,577.6564,3148.4,1005,757.4,7661.8,0,174.56,7.4,157,7068.4,1550,1186.6,18472,166.2,0,2.2,0.6781,19395.6,11339.0168,4426.7261,-262.0282,323.8
centered_candidate_000303_bc2b7a14,centered-gaussian,5,5,0,320.2,74,51.4,833.8,505.6305,3372,1553,1126.4,7446.6,0,181.98,8.2,169.6,7729.6,2658,1914.2,18570.2,170.2,0,2.4,0.6182,19334.6,10577.6899,3994.2308,-201.4152,320.2
centered_candidate_000240_5ef3f651,centered-gaussian,5,5,0,319,91,66.4,732.8,337.403,3350.2,1668,1315,6508.2,0,193.04,9.2,160.2,6829.4,3231,2515,13469.8,182.4,0,3.2,0.5716,23061.8,5309.2655,2537.5347,-102.3015,319
search_candidate_000475_c331612c,random-phased,5,5,0,312.4,63,54.4,804.2,466.569,3180,1335,1278.4,6748.2,0,215.6,8.2,150.4,7504.2,2735,2491,16685.6,184.8,0,3.2,0.4838,22301.8,8276.4385,3298.9857,-178.8845,312.4
centered_candidate_000293_d08f4c1b,centered-gaussian,5,5,0,308.8,78,50.8,760.6,396.1754,3194.2,1596,1152,6578.4,0,204.02,8.6,150.8,7239.2,3194,2117.6,15671.2,181.2,0,3.4,0.568,24142,7259.973,2924.1189,-147.2877,308.8
centered_candidate_000432_b6c4ab11,centered-gaussian,5,5,0,306.4,92,59.6,745.2,402.5532,3238.6,1693,1230.2,6584.8,0,199.8,8.4,156.2,7355,3407,2470,15707.2,174.2,0,3.8,0.4712,25882,7529.9134,3002.6248,-141.6766,306.4
centered_candidate_000088_9c613fd6,centered-gaussian,5,5,0,303,276,200.4,431.8,113.8894,3627.8,3210,2828.4,4797.4,0,234.18,10.4,171.4,7436.8,7285,5971,9026.8,196.6,0,3.6,0.4657,24491,1543.4056,1035.7226,143.4553,303
search_candidate_000168_ac8bd608,random-phased,5,5,0,297.6,45,37.2,787.2,453.9245,3048,1003,966.8,6855.4,0,188.56,8,146.8,6443.6,1542,1431.6,15514.6,181,0,2.4,0.7223,19584.6,7952.226,3378.0308,-189.7622,297.6
search_candidate_000281_1a3fcaca,random-phased,5,5,0,296.4,58,38,789.4,478.7319,3068.4,1275,922.8,6967,0,172.16,7.4,154,6250.2,2195,1352.2,15164,164.8,0,2.6,0.6072,20791.8,8482.9567,3684.3309,-201.366,296.4
centered_candidate_000052_01d61237,centered-gaussian,5,5,0,295.8,202,57,593.8,242.1796,3150.4,2750,1249.4,5350.8,0,205.22,9.2,144,6755.8,6668,2346.4,11335.6,178.2,0,2.8,0.5006,20597.8,3972.5079,1827.7563,-64.0898,295.8
search_candidate_000142_d8e59a83,random-phased,5,5,0,291.4,61,39.2,774.8,474.5114,3035,1272,902.6,6951,0,174.4,7.4,153.2,5846.4,2560,1206.8,13964,182,0,3.2,0.5705,23401.8,7795.463,3778.0206,-198.0557,291.4
centered_candidate_000161_e3595e5b,centered-gaussian,5,5,0,288.6,90,68.4,707.2,413.9196,3184.6,1749,1435.6,6380.2,0,185.54,8,159,6602.4,3630,2755.6,13470,173.2,0,3.6,0.5464,25383.2,6713.4379,3137.2289,-138.5598,288.6
centered_candidate_000386_23b70f32,centered-gaussian,5,5,0,285,319,111.8,446.2,148.5719,3306.2,3615,1964.2,4555.8,0,211.28,9.6,154.8,7037.2,7982,3605.2,10139.4,181.4,0,3.6,0.5452,24579.8,2921.7715,1157.8909,37.5141,285
search_candidate_000005_743b24b7,random-phased,5,5,0,284,167,45.8,641.4,313.1313,2991,2508,1059,5569.4,0,203.52,9,135.4,6169,5430,1500.6,12113.4,193.2,0,3,0.6847,23143.6,5235.0084,2269.0078,-110.7656,284
centered_candidate_000241_2c9d171a,centered-gaussian,5,5,0,280.8,95,67.4,657.8,339.6601,3177.4,1819,1414.4,6094.2,0,197.26,8.4,154.4,6722,4081,2725,13067.4,170.8,0,2.8,0.5285,21672.6,5606.6802,2559.1598,-102.43,280.8
centered_candidate_000226_9612985a,centered-gaussian,5,5,0,280.2,73,60,617.6,267.6329,3084.6,1496,1297.2,5802,0,185.4,8.6,148,6219.4,2731,2454.4,11997,177.8,0,3.4,0.4879,23751.8,4573.8395,2152.0171,-73.8164,280.2
centered_candidate_000433_bc7a3cf1,centered-gaussian,5,5,0,278.8,115,70,657,368.7196,3149.4,1951,1458,6075.6,0,187.24,8.2,155.6,7043,3880,2870.4,14399.2,172.6,0,3.2,0.4881,23314.6,7065.8661,2786.3691,-114.3598,278.8
centered_candidate_000377_0e744735,centered-gaussian,5,5,0,278.6,127,70.8,599.2,262.7802,3169.6,1968,1466.6,5759.8,0,191.98,8.6,153.8,6711,3997,2473.4,12724.4,174,0,3.8,0.5651,25785.4,4845.1033,2130.9051,-60.5901,278.6
centered_candidate_000314_c9323619,centered-gaussian,5,5,0,277.2,301,136,402.6,128.8416,3170.8,3409,2087.6,4040.2,0,222.78,9.4,143.8,7097,7962,4077.6,9509.8,179.2,0,3.6,0.4695,24804.6,2624.2171,987.9349,71.5792,277.2
centered_candidate_000007_befe75d8,centered-gaussian,5,5,0,276.2,83,68.8,672.6,386.6799,3059.4,1760,1432.2,5998,0,177.52,8,151,6831.6,3211,2985.4,14212,168.4,0,3,0.5239,22040.4,7156.8482,2855.1305,-124.54,276.2
centered_candidate_000426_f2e9de2f,centered-gaussian,5,5,0,276.2,90,57.2,677,387.2257,2990.2,1846,1236.8,5883,0,182.76,7.8,146.8,6114.6,3625,2534.6,12149.2,178.6,0,3,0.5359,22528.2,5821.9437,2770.9261,-136.4129,276.2
centered_candidate_000325_5d07c2cd,centered-gaussian,5,5,0,269.4,94,55,653.6,368.5613,2897.6,1695,1089.6,5883.6,0,174.1,7.8,140.4,6353.2,3471,1980.8,13496.6,168.8,0,3.4,0.5537,24617,6684.5437,2804.8447,-129.2807,269.4
centered_candidate_000292_1430f70d,centered-gaussian,5,5,0,265.4,109,53.4,632.2,347.6651,2963.2,1979,1232.8,5658,0,179.68,8,144.6,6374.2,4059,2413.8,12671.8,174.4,0,2.8,0.514,21075.4,5896.8961,2487.5845,-120.4326,265.4
centered_candidate_000285_49d4fd91,centered-gaussian,5,5,0,264.8,247,137.2,396.8,114.6602,3163.6,2999,2184.4,4171,0,212.94,9.4,146.4,6888.2,6094,4167.6,9904.6,179.2,0,3.8,0.5462,25775,2557.2076,883.785,79.8699,264.8
centered_candidate_000216_3c4c0599,centered-gaussian,5,5,0,261,66,54.6,652.6,374.7335,2886.4,1395,1225,5911.4,0,171.3,7.6,142.2,6298.6,2558,2399.6,13708.2,166.8,0,3.2,0.5621,23142,7037.664,2816.9762,-132.7668,261
centered_candidate_000388_a8ae8fc8,centered-gaussian,5,5,0,260,101,67.4,559.8,241.056,3073.8,1901,1385.6,5550.2,0,182.22,8.6,149.6,6013.6,3535,2676.4,10974.8,172.2,0,3.6,0.5171,24815,3978.7245,1991.4708,-53.128,260
centered_candidate_000184_741581e2,centered-gaussian,5,5,0,258,200,99,443.6,154.1571,3046.4,2844,1680.2,4450.8,0,204.74,8.8,142.8,6343.6,5791,3360,9479,176.4,0,3.6,0.5149,24346.2,2736.3543,1231.0455,21.9215,258
search_candidate_000152_3b46eec1,random-phased,5,5,0,257.6,64,42.4,664,393.6484,2655.6,1219,975.2,5725.2,0,174.08,7.2,127,5319.2,1860,1403.6,12580.4,178.8,0,2.6,0.6464,20749.2,6900.8408,2916.3454,-154.4242,257.6
search_candidate_000201_960c7f0a,random-phased,5,5,0,257.4,251,70.4,454.6,169.2414,3161,3312,1485.2,4840.4,0,226.38,8.8,149.6,6636,6093,3040.4,10780.8,184.4,0,4,0.4392,26408.2,3482.318,1488.903,-14.2207,257.4
centered_candidate_000199_3b1f05a5,centered-gaussian,5,5,0,257,249,103.2,434.4,154.3995,2997,3070,1883.6,4172.4,0,209.26,8.8,139,6220.4,7031,3424,8816.6,185.6,0,3.8,0.5738,24990.8,2453.7128,1056.9307,26.0003,257
centered_candidate_000245_e08e15cf,centered-gaussian,5,5,0,255.2,246,74,441.2,161.1638,3024.2,3126,1384,4533.8,0,194.08,8.6,144.2,6254,6234,2559.6,9842.6,173.2,0,3.8,0.5302,25868.4,3208.9709,1394.8377,-6.5819,255.2
centered_candidate_000298_169e1a6b,centered-gaussian,5,5,0,254.4,65,38.8,660.6,396.6215,2694.4,1305,956.2,5810.8,0,162.22,7.2,131,5566.8,2444,1397.4,12853.6,163.2,0,2.6,0.6444,20602.8,6839.2249,2968.7392,-159.5108,254.4
centered_candidate_000242_7e10c7b3,centered-gaussian,5,5,0,252.8,277,114,393.8,127.9991,3034,3378,1945,4057.4,0,203.22,9,141.6,6436.6,7202,3907,8793,180,0,3.8,0.4775,25339.6,2228.2316,975.0573,50.0005,252.8
centered_candidate_000354_e9b1c0f9,centered-gaussian,5,5,0,247.2,135,68.2,487.8,193.1035,2873.4,2111,1423.8,4718.2,0,199.26,8.6,132,6139.4,4564,2905.6,10269.4,176,0,4.2,0.5059,26983.2,3332.7684,1495.4088,-28.3517,247.2
search_candidate_000156_8cba3dfc,random-phased,5,5,0,247,62,52.2,563,251.6657,2725,1341,1146,5146,0,187.92,8,129.2,5546.8,2151,1948.2,11384.8,209.8,0,3.2,0.8284,25830.8,4658.7037,1915.2908,-73.6328,247
search_candidate_000191_d10b7d5b,random-phased,5,5,0,246.8,41,36,662,411.6326,2500,1064,885.2,5576.8,0,166.88,6.8,121.2,4867.4,1747,1360,11527.6,197,0,2.2,0.8276,21279.8,6562.3157,3035.1996,-169.8163,246.8
centered_candidate_000212_c40ef4ba,centered-gaussian,5,5,0,246.6,244,115,381.8,117.6819,2997,2904,1981.6,4063.8,0,214.5,8.8,138.2,6453,7002,4131.6,8457.4,173.8,0,3.4,0.4993,23206.2,1921.975,915.2359,56.159,246.6
centered_candidate_000165_0e804462,centered-gaussian,5,5,0,244.6,315,85,371.2,130.6455,2953.2,3561,1648.2,3921.6,0,208.18,8.8,136.2,6365.2,7626,3623.4,8361,177,0,3.8,0.429,25492.4,2193.1917,1046.4157,19.6773,244.6
centered_candidate_000170_2eee1a99,centered-gaussian,5,5,0,244.4,239,118,369.6,111.1694,3055.8,3252,1946,3977.6,0,222.18,9,141.6,6700,6862,4411.4,8693.6,182.6,0,3.2,0.5009,22882.6,2075.1203,927.7048,62.4153,244.4
centered_candidate_000346_f1c56ceb,centered-gaussian,5,5,0,240.8,87,68.2,568.6,323.2463,2751.6,1652,1406.6,5210,0,171.1,7.6,133.4,5933.2,3064,2741.4,11889.2,165.6,0,3,0.6316,22345,5726.1053,2367.1371,-93.4231,240.8
centered_candidate_000395_5f49706c,centered-gaussian,5,5,0,237.2,65,53.2,585.6,334.9564,2688,1429,1177.2,5397.2,0,170.96,7.4,129.8,5640.8,3013,2571.8,11286,163.6,0,3,0.5844,22363.4,5383.7816,2547.2381,-114.2782,237.2
centered_candidate_000430_28c832fd,centered-gaussian,5,5,0,236.6,94,62.4,523.2,239.2786,2747.6,1778,1295.4,4926.2,0,184.96,7.8,130,5734.8,3198,2660,10819,167,0,3.2,0.5298,22617,4264.5807,1769.4559,-57.2393,236.6
centered_candidate_000452_543b4d81,centered-gaussian,5,5,0,236.6,288,90.4,356.6,121.5,2841.6,3246,1684,3794.2,0,200.06,8.4,131.8,5859.2,7457,3013,7953.2,174.4,0,3.4,0.5257,24105.8,2332.8087,960.9601,29.65,236.6
centered_candidate_000103_54baa880,centered-gaussian,5,5,0,235,76,50,576.8,332.0084,2684.4,1588,1122.2,5330.8,0,169.24,7.4,130.6,5590.6,3378,1743.2,11835.2,169,0,2.8,0.6062,21413.6,5991.0289,2527.9173,-116.0042,235
centered_candidate_000367_12d6eec3,centered-gaussian,5,5,0,234,79,67.6,543,287.1383,2729.4,1555,1321.4,5117.2,0,176.6,7.8,130.4,5870.6,3165,2762.8,11358.8,168.6,0,3.4,0.5834,24126.4,4889.4863,2075.5881,-75.9691,234
search_candidate_000280_6432b3b5,random-phased,5,5,0,234,64,50.4,573.2,316.643,2669.2,1399,1115.6,5340.4,0,178.92,7.2,130,5281.2,2120,1590.4,11818.8,176.4,0,3,0.5656,22688,5971.4801,2407.0875,-107.9215,234
centered_candidate_000047_fece800a,centered-gaussian,5,5,0,233,106,75.6,468.6,187.8095,2791.4,1941,1464.4,4577.8,0,188.54,8.2,131.6,5942,3590,2942.6,10240.6,176,0,3.6,0.509,25085,3420.7656,1435.337,-18.3047,233
centered_candidate_000305_d9b63ecb,centered-gaussian,5,5,0,231.2,79,54.8,505.4,218.8885,2764.6,1665,1201.4,5020,0,178.82,7.8,132.8,5584.6,3403,2177.8,10289.2,163.8,0,3,0.6544,22155.4,3759.8073,1815.3125,-54.6442,231.2
centered_candidate_000427_cc87e58f,centered-gaussian,5,5,0,229.6,270,66,384.8,144.7226,2847.2,3305,1449.8,4087.8,0,201.58,8.4,133,6006.8,7143,2519.8,9071.8,175.6,0,3.6,0.5412,24869.6,2956.4653,1199.726,-6.3613,229.6
centered_candidate_000457_0b53cf28,centered-gaussian,5,5,0,225.8,268,42.8,387,154.6718,2688,3259,990.4,4076,0,197.66,8.2,121.8,5709,6843,1645.4,9218.4,170.8,0,2.8,0.6097,21080.8,3396.4,1397.6565,-34.5359,225.8
centered_candidate_000347_be0048c9,centered-gaussian,5,5,0,222.8,235,92,354.6,116.6077,2855,3149,1751.6,3854.6,0,199.68,8.4,134.6,6046,6340,3459.8,8508,173.2,0,4,0.4405,26198.6,2219.808,941.196,33.6961,222.8
centered_candidate_000329_933af2d5,centered-gaussian,5,5,0,222.4,85,65.6,501,253.9965,2777.8,1616,1370,5185,0,181.28,7.6,136.4,5610.6,3025,2319.2,10919.4,167.8,0,2.8,0.5707,20994,4520.2423,2154.2867,-61.3983,222.4
centered_candidate_000391_e37ce8d2,centered-gaussian,5,5,0,221.8,164,89.6,394.2,141.3866,2685.2,2283,1646.8,3974,0,190.38,8,124.6,5631.4,4827,3175.4,8602.8,169.4,0,3.6,0.5956,23993.2,2467.7193,1059.9554,18.9067,221.8
centered_candidate_000467_07962f5b,centered-gaussian,5,5,0,221,126,72.6,441.2,179.8466,2811.2,2046,1533.4,4621.2,0,186.04,7.8,136.8,5790.8,4069,3080.4,9712.4,164.2,0,3.4,0.4887,23633.4,3162.2194,1456.6772,-17.3233,221
search_candidate_000029_000dc3c9,random-phased,5,5,0,221,63,47.6,546,313.0444,2415.2,1206,938.8,5000.2,0,166.76,7,114.2,4876.6,1800,1291.2,11457,179.2,0,3,0.64,22983,6332.9714,2402.0972,-108.9222,221
centered_candidate_000264_6125e82d,centered-gaussian,5,5,0,220.2,78,50,471.8,199.611,2584,1594,1121.4,4617.8,0,183.66,7.8,118.8,5661.6,3301,2283.6,10371.4,168.6,0,3.4,0.5482,23625.8,3756.1075,1622.1531,-49.8055,220.2
centered_candidate_000024_24940b43,centered-gaussian,5,5,0,216.2,74,43.8,477.4,207.7165,2573.4,1499,1014.4,4762.4,0,173.5,7.6,121.4,5385.2,3070,1797.4,10245.8,167.4,0,2.8,0.6206,21153.8,3912.2325,1749.698,-60.0583,216.2
centered_candidate_000349_1b99b77d,centered-gaussian,5,5,0,213.8,120,60.4,462.4,230.8198,2649,1990,1335.4,4613.6,0,178.44,7.6,127,5625.2,3976,3040.4,9687.8,165.2,0,3.4,0.4859,23854.6,3650.6878,1782.6156,-55.0099,213.8
centered_candidate_000133_eaef31eb,centered-gaussian,5,5,0,212.2,156,95,380,140.1191,2698.8,2589,1633.2,3985,0,187.08,7.8,128.6,5829.6,5165,3184,9273,166.6,0,3.4,0.5241,23728.4,2935.8423,1111.8769,24.9405,212.2
centered_candidate_000385_43b88c6b,centered-gaussian,5,5,0,211.6,107,66,414.2,162.9559,2658.4,1956,1358,4325.4,0,183.46,7.8,127,5675.4,3786,2837.2,9452.8,177.6,0,3.4,0.5694,24341.6,3078.3823,1366.5842,-15.478,211.6
centered_candidate_000219_0d27c12a,centered-gaussian,5,5,0,211.4,80,44.8,507,279.9883,2488,1611,965.6,4898,0,160.42,7,120.8,5005,2987,1733.4,10222.6,162.2,0,2.8,0.6118,21341.4,4858.8071,2209.3546,-95.1941,211.4
search_candidate_000391_de090fb8,random-phased,5,5,0,211,95,42.2,475.2,221.382,2452.8,1670,999.6,4552.8,0,192.42,7.4,114.8,4759.6,2530,1471.2,9814.4,212.8,0,2.6,0.8615,22130.8,4167.1223,1733.6771,-68.491,211
centered_candidate_000293_8a8c222d,centered-gaussian,5,5,0,210.2,119,60.2,450.4,215.3243,2727.4,2108,1330.6,4778.2,0,176.38,7.6,134.4,5344.2,4057,2192,9800.4,166.2,0,3.8,0.5313,25413.6,3830.6929,1800.3214,-47.4622,210.2
centered_candidate_000294_c60dfa9f,centered-gaussian,5,5,0,209.4,190,126.2,315.8,96.8888,2687.2,2577,1994.4,3529,0,210.92,8.2,122,5847.8,5878,3992.4,7754.2,174.8,0,4.2,0.4547,26954.8,1681.7053,777.7998,77.7556,209.4
centered_candidate_000172_900994b7,centered-gaussian,5,5,0,207.8,105,87.6,383,139.6702,2586.8,2051,1605.2,3840,0,184.98,8,118.8,5185.8,4144,3014.2,7861.6,167.2,0,3.4,0.5425,23748.4,2189.1226,1016.425,17.7649,207.8
centered_candidate_000428_556189b7,centered-gaussian,5,5,0,205.4,109,57.6,434.4,194.6706,2602,2013,1307.4,4383.8,0,182.2,7.8,122.4,5196.2,3715,2672.2,8857.4,168.4,0,3.8,0.4603,25467.4,3063.0292,1475.0441,-39.7353,205.4
centered_candidate_000008_f823099a,centered-gaussian,5,5,0,204.2,99,58.8,460.2,246.2141,2524.2,1936,1301.8,4434,0,181.86,7.2,120,5341.6,3560,2418.6,10050.2,164.8,0,3.2,0.5759,22693.8,4365.4129,1805.5584,-64.307,204.2
centered_candidate_000250_dc1cd463,centered-gaussian,5,5,0,202.8,87,72.8,448.8,243.7584,2476.4,1699,1474.6,4252.2,0,169.76,7,119,4940.6,3215,2597.4,8958.2,158.4,0,3.2,0.5404,23075.4,3763.1038,1738.4823,-49.0792,202.8
centered_candidate_000206_650efd1a,centered-gaussian,5,5,0,200.4,159,88.2,331,109.4598,2623,2286,1664.8,3687.6,0,191,8,122.4,5622,4899,3024,8570.2,173.6,0,3.6,0.4962,24516.4,2461.8082,913.9098,33.4701,200.4
centered_candidate_000171_a368224c,centered-gaussian,5,5,0,200,222,73.4,325.6,114.0614,2661,2887,1532.6,3726.2,0,197.44,7.8,125.6,5751.8,6213,3251.2,8295.2,169.8,0,3.8,0.4583,25005,2339.5365,975.654,16.3693,200
centered_candidate_000173_c57e5d8f,centered-gaussian,5,5,0,198.8,192,92.2,317.2,102.7334,2600.8,2698,1637.2,3547.6,0,201.76,8,118.4,5711,6087,3213,8142.6,168.4,0,3.4,0.5262,23121,2225.9341,851.7818,40.8333,198.8
centered_candidate_000131_abd67f5c,centered-gaussian,5,5,0,198.4,120,58,380.6,148.6077,2484.6,1992,1242.8,3980.2,0,184.08,7.6,114.2,5235.2,3608,2438,8885,164.4,0,3.4,0.4801,23457.4,2964.9118,1242.0133,-16.3038,198.4
centered_candidate_000221_ea94dc6c,centered-gaussian,5,5,0,198.2,115,58.4,397.6,161.2853,2564.2,2001,1319.6,4147.4,0,190.32,7.6,120,5598.2,4222,2247.8,9747.4,166.4,0,3.4,0.4963,23844.6,3369.869,1282.7014,-22.2427,198.2
centered_candidate_000228_69caac85,centered-gaussian,5,5,0,198,113,71.4,401.6,180.3219,2570,2064,1448.6,4147.6,0,182.62,7.4,123.2,5368.6,4012,3023.4,8976.4,166.2,0,3.2,0.5062,22529.6,3156.5878,1353.1242,-18.761,198
centered_candidate_000091_7dc1c6ae,centered-gaussian,5,5,0,197.6,185,96.8,317.8,105.6837,2644.8,2713,1806.4,3478.6,0,204.54,8,122.2,5747.4,5983,3491.4,7954.8,172.6,0,4,0.4923,26763.2,1988.4167,757.3605,43.9582,197.6
centered_candidate_000464_4af9e3ba,centered-gaussian,5,5,0,195.6,55,44.8,487.2,289.2602,2238.4,1214,1037.2,4472.8,0,156.2,6.4,107.2,4364.2,1896,1492.8,9680,165,0,3.2,0.684,23325.4,5167.1232,2200.9181,-99.8301,195.6
centered_candidate_000035_058ad8b0,centered-gaussian,5,5,0,195.4,113,49.2,395.8,160.4352,2410.8,1882,1065.2,4061.8,0,172.36,7.2,113.2,4842.6,3542,1789,8723.4,164.2,0,2.8,0.6329,21256.6,3149.2088,1347.0283,-31.0176,195.4
centered_candidate_000060_287513d2,centered-gaussian,5,5,0,195,57,47.4,412.8,176.8536,2402.4,1240,1151,4232.2,0,176.14,7.2,111.6,4972,2576,1965.2,9239.2,161.2,0,3.2,0.5649,22531,3445.248,1493.4266,-41.0268,195
search_candidate_000019_07a2ecc5,random-phased,5,5,0,193.2,60,27.8,495.6,293.8635,2045.8,1343,702,4191.4,0,143.88,6.4,93.4,3949,2350,850,8838.2,163.6,0,2.6,0.7364,21428.2,4557.4232,2032.6475,-119.1318,193.2
centered_candidate_000030_e0f43ef0,centered-gaussian,5,5,0,192.4,93,58.4,391,157.831,2425,1755,1243.6,4045.4,0,184.94,7.2,112.6,5160.6,3226,2496.6,9053.8,164,0,3.4,0.5287,23809.6,3090.4106,1294.5873,-20.5155,192.4
centered_candidate_000332_bbb259b8,centered-gaussian,5,5,0,192.2,49,39.2,434.2,191.5363,2327.6,1193,908.2,4382.8,0,173.52,7,107.6,4912.4,2100,1549,9837.6,161.6,0,3.4,0.5283,23530.2,3912.9948,1635.7069,-56.5682,192.2
centered_candidate_000020_9cee33f7,centered-gaussian,5,5,0,191.2,119,92.8,328,109.4082,2547,2035,1641,3739.2,0,188.12,7.6,120,5565.4,4174,3394,8356,168.2,0,2.8,0.6139,21145,2291.7965,959.8152,38.0959,191.2
centered_candidate_000235_5893937e,centered-gaussian,5,5,0,189.8,81,68.2,415.6,216.5746,2338,1602,1415,3946.4,0,160.32,7,110.8,4722.8,2663,2250,9078,159.8,0,3.4,0.5474,24362.8,4007.9706,1498.344,-40.0873,189.8
centered_candidate_000183_42dfa546,centered-gaussian,5,5,0,188.2,158,118.6,282.4,84.6768,2576.4,2460,1989,3258.8,0,199.34,7.6,120.6,5626.6,5575,4020,7430,165,0,3.4,0.4893,23494.2,1669.542,613.5433,76.2616,188.2
centered_candidate_000091_26750515,centered-gaussian,5,5,0,188,176,80,311.2,104.0923,2632.2,2797,1619,3621.6,0,198.98,7.6,125.6,5498,5537,3362.6,7615,167.6,0,3.2,0.5266,22697,1875.7544,901.6841,27.9539,188
centered_candidate_000075_43b5895b,centered-gaussian,5,5,0,187.4,88,66.4,408.2,215.16,2429.2,1651,1375.4,4271.4,0,158.64,6.8,120.8,4807.6,2967,2607.6,8733.8,164,0,3.8,0.4982,25710.4,3707.4378,1759.0664,-41.18,187.4
centered_candidate_000162_a9ac218b,centered-gaussian,5,5,0,186.4,148,92.4,313.4,110.1319,2504.4,2407,1686.6,3458.8,0,181.12,7.6,118,5098.4,4331,3081.4,7776.4,166.2,0,3.8,0.4684,25338.4,2307.9243,841.0566,37.334,186.4
centered_candidate_000207_f8207256,centered-gaussian,5,5,0,186.2,76,56.6,405.4,187.3685,2370.6,1574,1288,4058.6,0,179.48,7,111.2,4835,3171,2159.4,8754.8,164.2,0,3.6,0.5202,24415.8,3263.274,1392.0853,-37.0843,186.2
centered_candidate_000098_8c60ff2d,centered-gaussian,5,5,0,183.8,154,63,347.4,150.513,2453.6,2271,1397.2,3779.6,0,181.2,7.2,116.4,5221,4672,2859.4,8232.8,161.4,0,3.8,0.4647,25290,2751.024,1195.684,-12.2565,183.8
centered_candidate_000447_46337980,centered-gaussian,5,5,0,182.6,131,74,342.4,140.8582,2450.2,2249,1472.2,3652.6,0,187.84,7.4,114.4,5225.6,4195,2980.4,8364.8,167.6,0,3.2,0.508,22596.8,2659.5642,1054.1132,3.5709,182.6
search_candidate_000405_b1ce1448,random-phased,5,5,0,182.4,79,38.6,378.8,160.0245,2275.6,1570,904.4,4028.8,0,188.34,7,105,4916.2,3433,1448,9378.2,191.4,0,3,0.6434,23033.8,3600.8569,1424.9936,-41.4122,182.4
centered_candidate_000284_43bc444a,centered-gaussian,5,5,0,181.8,122,68.8,325.2,116.4378,2429.4,2019,1387.4,3658.6,0,182.42,7.2,114.6,5044.8,4161,2584.4,7925.6,163,0,3.2,0.5452,22672.8,2388.5769,1018.0604,10.5811,181.8
centered_candidate_000378_957a1e83,centered-gaussian,5,5,0,181.4,122,71.8,322.4,114.5995,2482.2,2070,1500.2,3664.6,0,192.7,7.6,114.6,5294.8,4433,2670.4,8287.8,163.8,0,3.2,0.5016,22310.2,2521.6636,981.0536,14.5003,181.4
centered_candidate_000004_edccd1be,centered-gaussian,5,5,0,181,82,51,408,214.6085,2331.6,1678,1115,4187.2,0,172.62,6.6,111.8,4966.2,3571,2281.6,9027.2,156.4,0,3,0.5538,21882,3680.682,1696.2729,-56.3042,181
centered_candidate_000214_b4885bd6,centered-gaussian,5,5,0,181,141,84,315.2,112.744,2441.8,2154,1614.2,3522,0,188.44,7.4,113.4,5227,4319,3118.8,8072,163.6,0,3.4,0.5393,23788.4,2340.0032,903.0418,27.628,181
search_candidate_000340_4eebc66e,random-phased,5,5,0,180.6,232,47.8,293.6,111.595,2408.6,2942,1144.8,3435.4,0,212.04,7.2,108.6,5410.8,6929,2226,7873.4,168.4,0,2.6,0.4784,18964.6,2593.0141,1043.103,-7.9975,180.6
centered_candidate_000469_4029c9f6,centered-gaussian,5,5,0,179.4,114,100.4,316.4,124.8096,2478.6,2085,1814.2,3499.6,0,187.6,7.4,117,5230.8,4198,3890,7586.2,165.6,0,3.6,0.4927,24459.6,2198.9775,888.5581,37.9952,179.4
centered_candidate_000228_8228bbc1,centered-gaussian,5,5,0,179.2,181,104,246.6,64.521,2530,2567,1798.2,3155.8,0,201.22,7.6,117.8,5427.2,5162,3587.4,7319.2,167.2,0,3.2,0.4549,22109.2,1694.6388,636.3842,71.7395,179.2
centered_candidate_000507_8f60f7d3,centered-gaussian,5,5,0,179.2,173,58,321.8,129.5398,2418.2,2571,1222.4,3604.2,0,201.88,7.2,111.2,5312,5765,2344.8,8034.8,167.2,0,3.2,0.5364,22277.6,2532.447,1107.7392,-6.7699,179.2
centered_candidate_000009_054cc268,centered-gaussian,5,5,0,179,61,52,371,152.8882,2305.2,1291,1163.6,3961,0,178.64,7,106.4,4747,2584,2213.2,8454.2,160.6,0,3.4,0.4858,23492.4,2952.7771,1335.4366,-24.4441,179
centered_candidate_000066_a304d17e,centered-gaussian,5,5,0,179,165,68.4,295,100.9931,2396,2306,1381.4,3445.2,0,194.66,7.2,109.8,5183.4,4980,2723,7753.6,159.8,0,3.4,0.5421,23200.4,2236.7253,910.0758,17.9035,179
centered_candidate_000392_f226aa7c,centered-gaussian,5,5,0,178.8,93,69.6,355.2,147.197,2411,1779,1469.4,3814.8,0,175.22,7,116.2,4817.2,3616,3091.6,7517,164.4,0,3.4,0.4996,23840.8,2269.4252,1155.3342,-3.9985,178.8
centered_candidate_000469_61a51c08,centered-gaussian,5,5,0,178,224,71.6,263,87.1022,2546.2,3163,1510.8,3247.4,0,197.32,7.4,121.4,5650.2,6433,2614.4,8269.2,167.8,0,3.6,0.4774,24175,2512.6843,824.6923,28.0489,178
centered_candidate_000115_7f3e2743,centered-gaussian,5,5,0,176.6,95,75.6,324.8,117.5272,2433.6,1806,1516.8,3685.2,0,182.22,7.2,115.6,5025,3649,3186.4,7606.2,162.6,0,2.8,0.5324,20605.2,2066.3507,1004.625,16.8364,176.6
centered_candidate_000165_93115afd,centered-gaussian,5,5,0,176.6,105,58.6,335.2,127.4435,2376.6,1879,1289.8,3731.6,0,182.5,7,111.8,4987.4,3742,2882.4,7811.6,158.2,0,3.2,0.5173,22840.8,2264.6658,1110.1551,-5.1217,176.6
centered_candidate_000434_9bcec2a1,centered-gaussian,5,5,0,176.6,82,73.4,344.2,134.9527,2413.2,1538,1507.2,3906.2,0,179.02,7.2,114.8,5062.2,2891,2759.8,8786.2,166,0,3.4,0.4743,23996.4,2971.2795,1194.653,5.9236,176.6
centered_candidate_000454_b6e25638,centered-gaussian,5,5,0,175.4,120,73.8,303.6,104.8515,2462,2083,1518,3570,0,182.38,7.2,118.2,5151.8,4226,2774.8,7882.6,163.8,0,3.2,0.4908,22304.8,2308.2138,922.7821,21.3742,175.4
centered_candidate_000383_04025f15,centered-gaussian,5,5,0,173.8,84,59.8,338.6,130.9189,2336.6,1745,1319.8,3653,0,180.86,7.2,108.2,5141.4,3929,2184,8659,163.4,0,3.2,0.556,22619.4,2918.5826,1065.3318,-5.6595,173.8
centered_candidate_000493_587dfde9,centered-gaussian,5,5,0,173.8,83,72.4,323.6,120.2421,2375.8,1644,1458,3659.8,0,169.4,7.4,112.8,4809.4,3200,2819,7595.6,172,0,3.2,0.6216,23771.2,2267.7885,1050.3353,12.279,173.8
centered_candidate_000115_9e7d2386,centered-gaussian,5,5,0,173.4,155,71,289.8,97.0373,2436.8,2495,1472.4,3392.2,0,188.54,7.2,115,4990.4,4952,2629.4,7345.6,160.4,0,3.8,0.5398,25138.8,2072.1983,844.0674,22.4813,173.4
centered_candidate_000129_5f430809,centered-gaussian,5,5,0,172.8,65,45,404.2,220.817,2223.6,1370,1017,4207.8,0,154.1,6.2,109.8,4469.4,2921,1594.2,8873,157,0,2.8,0.6173,20950.6,3995.6629,1813.3178,-65.4085,172.8
centered_candidate_000202_b1b58efb,centered-gaussian,5,5,0,171.6,153,61.8,314,127.2896,2360.2,2319,1341.2,3560,0,187.46,7,111,4912.8,4296,2443.2,8045.4,166.2,0,3.2,0.5638,22145.4,2622.4927,1057.3753,-1.8448,171.6
centered_candidate_000362_252fb4a4,centered-gaussian,5,5,0,171.2,95,62,330.4,129.2678,2293.2,1766,1261,3603.6,0,179.6,6.8,107.6,4604,3415,2302.6,7688.6,160,0,2.6,0.5787,20024.2,2534.8947,1073.1903,-2.6339,171.2
centered_candidate_000520_10a9d737,centered-gaussian,5,5,0,170.4,89,52.8,358.4,161.1615,2271,1785,1185.6,3787.6,0,181.28,6.8,105.8,4766.8,3470,2268.8,8337.6,162.2,0,3.6,0.4992,24370.8,2944.5298,1262.6583,-27.7808,170.4
centered_candidate_000268_322a08fd,centered-gaussian,5,5,0,168.6,87,70.8,338.4,152.0784,2289.6,1648,1418.6,3696.4,0,168.04,6.8,109.6,4756.4,3134,2953.2,7827.8,160.4,0,4,0.5435,26405.8,2611.7988,1219.7453,-5.2392,168.6
centered_candidate_000514_a864fc62,centered-gaussian,5,5,0,168.6,111,66.8,306.4,110.8126,2312,2014,1358.2,3462.4,0,185.38,7,107,4892.2,4342,2433.2,7824.4,158.8,0,3.6,0.5676,24268.6,2438.3718,945.9059,11.3937,168.6
centered_candidate_000464_f57b6c02,centered-gaussian,5,5,0,168.4,84,76.6,335.4,151.8652,2267.8,1631,1480,3596.8,0,168.3,7,106.4,4577.2,3485,2682.6,7537.8,161,0,3.6,0.5585,24788.2,2610.09,1154.1351,0.6674,168.4
centered_candidate_000019_28c62960,centered-gaussian,5,5,0,166.4,80,59.2,321.6,123.6666,2225,1544,1259.2,3561.4,0,171.82,6.8,103.8,4370.6,2715,2218,7433.4,159.8,0,2.8,0.5138,20997,2449.5274,1071.8352,-2.6333,166.4
centered_candidate_000105_70f2281e,centered-gaussian,5,5,0,166.2,119,86.6,284,99.8467,2397.4,1966,1715.4,3375.8,0,185.38,7.2,113.8,5118,4067,3378.4,7493.4,167,0,3.4,0.5179,23446.8,1910.7466,812.5714,36.6767,166.2
centered_candidate_000254_eb619a3b,centered-gaussian,5,5,0,165.6,128,66.8,289.4,100.48,2331.8,2224,1370.6,3381.4,0,177.68,7,110.6,5008.6,4500,2841.6,7613.4,161.6,0,3.2,0.4907,22752,2147.5588,887.3731,16.56,165.6
centered_candidate_000196_0f3f97d5,centered-gaussian,5,5,0,164.6,109,40.8,355.4,178.9264,2107.2,1805,916.4,3689.8,0,151.36,6.6,98.8,4065,3187,1400.4,7708.6,157.2,0,3,0.5734,22349,3197.3578,1415.7548,-48.6632,164.6
centered_candidate_000292_31f2d727,centered-gaussian,5,5,0,164.2,89,61.4,307.4,114.4192,2336.4,1670,1332.6,3668.6,0,171.78,7,112.2,4738.4,3356,2575.6,7594,162.2,0,3.6,0.4649,24561.6,2307.3266,1077.2871,4.1904,164.2
centered_candidate_000394_147d866b,centered-gaussian,5,5,0,164.2,159,84.6,258.6,83.2596,2448,2392,1686.6,3342.8,0,181.68,7.2,118.4,4795,4631,3231.8,6543.8,162,0,3.4,0.5034,23424.2,1489.0997,770.4993,42.9702,164.2
centered_candidate_000010_ea902517,centered-gaussian,5,5,0,164,159,50.8,293.6,112.8131,2237.6,2439,1099.6,3353.6,0,188.44,6.6,103.8,4896.2,5886,1882.4,7582.4,159.8,0,2.8,0.55,20188.4,2592.0079,1015.9174,-5.6066,164
centered_candidate_000186_38cf2088,centered-gaussian,5,5,0,163,120,82.8,264.6,82.801,2329,1975,1627.2,3202.2,0,179.18,7.2,109,4780.4,3856,3207.8,6823,161.4,0,3.2,0.4836,22767.8,1655.3705,720.9785,41.3995,163
centered_candidate_000174_58fb9921,centered-gaussian,5,5,0,161.6,116,51,300.6,112.7131,2220.2,1934,1221.4,3408,0,188.18,7,100.8,4952.2,3871,2381.6,8186.8,169.4,0,2.8,0.5507,20806.8,2617.1495,977.3213,-5.3565,161.6
centered_candidate_000069_736a0458,centered-gaussian,5,5,0,161,113,48,334.4,163.0791,2221.2,1934,1154.2,3724.6,0,157.48,6.6,107.6,4314,3701,1834.4,7728.8,156.2,0,2.8,0.6202,20943.4,3143.5542,1387.3787,-33.5396,161
centered_candidate_000355_83f84679,centered-gaussian,5,5,0,160.8,126,79.8,260.8,82.1204,2351.6,2148,1635,3192,0,190.36,7,111.4,5013.8,4581,3216.8,7067.8,168.6,0,3,0.4584,21358.4,1720.2188,697.4584,38.7398,160.8
centered_candidate_000147_5f5fa20d,centered-gaussian,5,5,0,160.2,122,89.2,252.2,74.1307,2379.4,2216,1722.8,3132.2,0,196.56,7.2,111,5244.8,4147,3339.8,7669.6,165,0,3.4,0.4731,23356,1984.0358,624.3386,52.1347,160.2
centered_candidate_000099_f555fe49,centered-gaussian,5,5,0,160,88,73.6,296.4,110.7484,2383.8,1680,1496.8,3729,0,177.34,6.8,116.8,4861.4,3375,3108.4,7525.4,158.6,0,3.2,0.5026,22520.6,2110.6157,1074.0688,18.2258,160
centered_candidate_000397_40b0d489,centered-gaussian,5,5,0,159.6,98,66,298.6,115.1149,2265.4,1856,1401.8,3406,0,180.52,7,105.4,4809.6,3534,2631.2,7697.2,162.6,0,2.8,0.4848,19856.4,2337.8515,949.6575,8.4426,159.6
centered_candidate_000399_606255f5,centered-gaussian,5,5,0,159.4,84,58.8,330.6,155.7249,2204.8,1538,1271.4,3735,0,157.12,6.4,107.6,4320.8,2793,2307.6,7651.8,153,0,2.8,0.6273,21115.6,2976.4529,1369.8757,-19.0624,159.4
search_candidate_000503_72a6519c,random-phased,5,5,0,158.8,50,36.8,390.8,228.6984,1894.4,1091,873,3723.4,0,157.22,5.8,90.2,3789.6,1688,1074,8686,194.8,0,2.8,0.8514,22963.4,4778.7321,1768.791,-77.5492,158.8
centered_candidate_000418_efacb7ba,centered-gaussian,5,5,0,158.4,64,51.6,330.4,139.4053,2191.8,1373,1206.6,3676.6,0,176.3,6.6,102.8,4695.4,2629,2497,8274.4,161,0,3.2,0.5005,22237,2867.0505,1180.6878,-18.1027,158.4
centered_candidate_000003_01583a8c,centered-gaussian,5,5,0,158,95,68.8,301,126.8479,2187.2,1760,1376,3364.8,0,165.32,6.6,104,4375.8,3570,2382.6,7097.2,157.8,0,2.4,0.595,19121.2,2386.69,1011.8884,5.376,158
centered_candidate_000078_061a998b,centered-gaussian,5,5,0,157.8,82,63,329.6,168.4012,2126.4,1594,1318.8,3455.4,0,164.62,6.6,98.8,4402.6,3213,2472.2,7587.6,155.2,0,2.8,0.5868,20827.8,3037.5085,1263.0545,-21.2006,157.8
centered_candidate_000099_6b79290a,centered-gaussian,5,5,0,157.8,93,67.8,285.2,101.3102,2226,1668,1394.4,3370.4,0,178.72,6.8,103.8,4692.2,3152,2522.2,7664.4,159.8,0,3,0.5077,21753,2384.2384,914.1133,17.1449,157.8
centered_candidate_000413_fe208c1b,centered-gaussian,5,5,0,157.8,87,72.6,315.4,154.7532,2149.8,1615,1462.2,3347.2,0,172.86,6.6,99.6,4843,3372,3104.2,7943.6,157.4,0,3.4,0.5327,23416.8,2853.7391,1118.6763,-4.7766,157.8
centered_candidate_000493_02bfd68d,centered-gaussian,5,5,0,157.6,109,86.4,259.6,81.0595,2302.8,2064,1619.8,3147.6,0,180.8,7,108.4,4868.2,4051,3064.8,7226.4,159.2,0,3.8,0.4852,25193.2,1902.4436,687.3577,45.8703,157.6
centered_candidate_000042_3f8ee85e,centered-gaussian,5,5,0,157.4,62,49.2,357.8,193.1752,2135.8,1430,1098.2,3881.2,0,160.82,6,104.4,4235.2,2779,2036.4,7858.4,154,0,3,0.4681,21339.8,3421.6313,1668.6678,-47.3876,157.4
centered_candidate_000401_aa425e1f,centered-gaussian,5,5,0,156.8,98,81.8,264.2,85.4948,2280.4,1953,1629.4,3099.8,0,192.04,7,105,5024.6,4031,3278,7196.6,161.4,0,2.8,0.538,20085,1804.2708,668.3327,39.0526,156.8
centered_candidate_000073_da0a76ec,centered-gaussian,5,5,0,156.6,161,120,187.6,31.4363,2341,2370,2073,2599.2,0,173.84,7.2,111.8,4746.4,4863,3871.4,5597.6,162.6,0,3.2,0.5425,22977,785.3401,250.8856,104.2819,156.6
centered_candidate_000274_dc7c85bc,centered-gaussian,5,5,0,155.8,113,65.6,294.2,130.5609,2192,1923,1361.8,3315,0,168.86,6.6,104.2,4495.8,3780,2478.6,7219.2,159,0,3.2,0.5692,22924.6,2385.1564,1019.3967,0.3195,155.8
centered_candidate_000229_8b29a2f1,centered-gaussian,5,5,0,155.6,110,55.6,291.2,112.7202,2157.4,1891,1155.6,3342,0,184.22,6.6,98.6,4726.8,3804,2087.6,7822.6,157.2,0,2.8,0.5611,20433.2,2629.2039,999.7975,-0.7601,155.6
centered_candidate_000135_7cc53d73,centered-gaussian,5,5,0,155.2,126,64.6,260.8,87.4377,2271,2092,1455.2,3154.4,0,183.84,6.8,106.6,4706.4,3847,3000.6,6731.2,155.6,0,2.8,0.5299,20822.2,1709.6885,752.2106,20.8811,155.2
search_candidate_000313_a34542c8,random-phased,5,5,0,154.2,88,59.8,282.6,103.4474,2247.6,1671,1314.4,3481.8,0,181.68,6.8,107,4272.8,2600,2207.6,7380,174.6,0,3.2,0.5529,22643.8,2476.9196,994.11,8.0763,154.2
search_candidate_000489_33e18d9c,random-phased,5,5,0,153.8,70,55,295,114.3213,2222,1502,1297,3506.4,0,174.88,6.6,106.6,4236.2,2677,2454,6947,165.2,0,3.4,0.5913,24545.8,2145.1711,1045.7126,-2.1607,153.8
search_candidate_000310_dfcc8f9e,random-phased,5,5,0,153.6,121,86.4,243.6,72.5661,2268.2,2099,1692.2,2962.6,0,195.16,6.8,107,4709,4120,3200.6,6631.6,178.8,0,2.8,0.5245,19989.2,1556.4274,573.9695,50.1169,153.6
centered_candidate_000423_c65214ae,centered-gaussian,5,5,0,153.2,149,68.2,237,74.5879,2236.4,2273,1391.6,3048.2,0,176.08,6.8,105.6,4516.8,4519,2252,6756.2,159,0,3.2,0.5728,22840.6,1978.4626,727.461,30.906,153.2
centered_candidate_000348_34f28bcd,centered-gaussian,5,5,0,153,107,80.6,254.8,82.8372,2247.6,1885,1607.6,3095.2,0,180.62,6.8,105.8,4576.4,3556,2810.4,7007.8,159,0,2.8,0.5117,20534.2,1957.1882,693.213,39.1814,153
centered_candidate_000498_bf4b4d44,centered-gaussian,5,5,0,152.4,150,69.4,235.4,73.0578,2233.8,2314,1445.6,2959.8,0,182.5,6.8,104.4,4858.4,4817,2660.8,7108.8,158.8,0,3.2,0.5059,22475,1959.8021,668.1286,32.8711,152.4
centered_candidate_000104_d2b4296f,centered-gaussian,5,5,0,152,116,69.2,255.4,83.8165,2225.4,1857,1427.2,3258.8,0,177.48,6.8,104.4,4501.8,3816,2727.2,6624.4,157,0,3.8,0.5452,25571.4,1743.4332,832.6312,27.2918,152
centered_candidate_000310_bd58bc4a,centered-gaussian,5,5,0,151.8,95,55.8,300.4,128.2207,2151.6,1790,1218.6,3444.2,0,162.88,6.4,103.6,4309,3456,2325.2,7118.2,157.6,0,3.2,0.517,22601.6,2378.3687,1102.8488,-8.3104,151.8
centered_candidate_000396_a60259ba,centered-gaussian,5,5,0,151.8,156,126,176,22.8245,2328.8,2333,2065.4,2596.6,0,195.78,7,109,4923.2,5438,4038.2,5561.6,161.6,0,3.2,0.5196,22257.6,722.4673,233.4424,114.5877,151.8
centered_candidate_000389_ada4fb69,centered-gaussian,5,5,0,151.6,119,48.8,281.6,106.9142,2148.4,2029,1116.2,3309,0,164.52,6.4,102.6,4241,3548,2004.6,7053.4,152.8,0,2.8,0.5185,20572.2,2312.1835,980.7645,-4.6571,151.6
centered_candidate_000438_d23b7c55,centered-gaussian,5,5,0,151,98,70.4,256.4,86.2508,2195,1754,1429,3143.8,0,180.76,6.8,101.8,4784.8,3404,2779,7464.4,160.6,0,3.2,0.5304,22698,2174.7733,790.1744,27.2746,151
centered_candidate_000207_084c57f4,centered-gaussian,5,5,0,149.8,79,55.8,298.4,126.3541,2158,1659,1204.4,3460.6,0,172.96,6.4,102.8,4285.6,3252,2223.2,7060.6,158.4,0,3.2,0.5324,22556.6,2314.9176,1096.0878,-7.3771,149.8
centered_candidate_000353_39fb0fc8,centered-gaussian,5,5,0,149.8,94,77.6,277.6,121.5737,2133.4,1706,1552.4,3141.8,0,158.72,6.6,101.6,4133.6,3214,2701.2,6536.8,157.8,0,3,0.5448,21768,2309.7763,945.6297,16.8132,149.8
search_candidate_000374_961bab7a,random-phased,5,5,0,149.8,84,75.4,288.4,134.2988,2159,1694,1454.6,3328,0,167.5,6.4,103.6,4223.4,3641,2384,6692.6,156.4,0,3.4,0.5695,23504.4,2244.7516,1094.4343,8.2506,149.8
centered_candidate_000505_f64bb88a,centered-gaussian,5,5,0,149.4,80,43.8,288,113.1417,2089.8,1612,1016.4,3346.4,0,167.62,6.4,98.4,4177.8,2774,1522.8,7479,161.8,0,2.8,0.6311,20394,2707.5503,1059.0748,-12.7708,149.4
centered_candidate_000210_18162927,centered-gaussian,5,5,0,149.2,116,69.4,256.8,90.5349,2205.6,2023,1439.8,3148.4,0,185,6.8,101.8,4887.8,4216,2775.6,7519.4,156.8,0,2.8,0.5675,20410.6,2200.9977,819.8428,24.1326,149.2
centered_candidate_000094_8c2f8d5d,centered-gaussian,5,5,0,148,94,77.2,272.2,121.0273,2220.8,1839,1507,3303,0,165.48,6.4,110,4449,3654,2803.6,6928.4,163.6,0,3.4,0.5257,23731.8,2330.0848,1020.9538,16.6864,148
centered_candidate_000191_387f7a58,centered-gaussian,5,5,0,148,120,80.6,243.8,82.2727,2218.6,2020,1580.4,3037.4,0,178.4,6.6,105.6,4659.4,4141,3025.6,6827.6,156.8,0,3.4,0.4688,23357,1860.4071,679.9811,39.4636,148
centered_candidate_000492_198dc4a9,centered-gaussian,5,5,0,147.6,111,98.6,227,68.9452,2241.2,2063,1795.2,2841.2,0,186.02,6.8,105.4,4858.8,4102,3747.6,6575.2,162.4,0,3.4,0.5184,23489,1472.7903,502.0245,64.1274,147.6
centered_candidate_000512_b031819b,centered-gaussian,5,5,0,146.8,68,64.4,297.4,135.0102,2107.8,1466,1344.4,3420,0,169.48,6.2,100.6,4508.6,3048,2617.4,7726.2,154.8,0,2.8,0.5541,20664,2923.4187,1143.9287,-3.1051,146.8
centered_candidate_000388_27830ac5,centered-gaussian,5,5,0,146.4,89,47.2,280,106.8206,2170.4,1804,1077.4,3472.8,0,163.98,6.4,105.4,4264.8,3221,1809.4,7358.8,155,0,2.8,0.6357,21017.8,2502.9455,1068.6812,-6.2103,146.4
centered_candidate_000433_dd5cec6a,centered-gaussian,5,5,0,145.8,89,72.4,265.6,103.629,2166.6,1784,1485.4,3175.6,0,168.22,6.4,104.6,4503.8,3574,2754.4,7067.8,156.6,0,3.6,0.472,24110.2,2232.0776,881.0777,20.5855,145.8
centered_candidate_000372_485687aa,centered-gaussian,5,5,0,145.4,65,54,313.2,158.8479,2009.6,1409,1223.8,3376.8,0,158,6,95.8,4024.8,2261,2158,7474.6,153.6,0,2.6,0.5618,20065.4,3175.0084,1275.8007,-25.4239,145.4
centered_candidate_000073_3413df5b,centered-gaussian,5,5,0,145.2,114,95.8,227,75.7163,2189.8,1928,1783.4,2856.4,0,178.26,6.6,103.6,4558,3903,3614,6114.6,157.4,0,3.2,0.5571,22587.8,1454.2818,609.3411,57.9418,145.2
centered_candidate_000276_12df2859,centered-gaussian,5,5,0,145,85,65.8,271.4,107.1597,2151.2,1666,1375.6,3271.2,0,177.98,6.4,101.8,4512.8,3447,2685,7042.6,156.4,0,3.4,0.5607,23531.8,2029.1705,917.43,12.2202,145
centered_candidate_000360_c3f447cf,centered-gaussian,5,5,0,144.8,64,49.4,291.2,116.5974,2068,1318,1101.8,3477.4,0,171.8,6.2,97.2,4174.8,2630,2059.2,7174,155.2,0,3,0.5401,21571.6,2391.8872,1120.383,-8.8987,144.8
centered_candidate_000188_739498e1,centered-gaussian,5,5,0,144.6,103,48.4,268,99.5904,2128.6,1922,1094.6,3280.8,0,171.9,6.4,100.8,4169.8,3468,1934.8,6890,154.8,0,3.6,0.5449,24379.2,2224.2214,967.0054,-1.3952,144.6
centered_candidate_000061_c52d2814,centered-gaussian,5,5,0,144.4,111,90.2,223.4,65.7072,2286.8,2008,1748.8,2997.2,0,179.28,6.8,110.2,4696.4,4053,3662.4,6113,157,0,3.4,0.5355,23345.4,1130.1298,577.1223,57.3464,144.4
search_candidate_000011_2e63b113,random-phased,5,5,0,144.2,122,88.8,208.4,53.9644,2224.4,2027,1687.2,2852,0,175.54,6.8,106.6,4408.6,3731,2903.6,6263.4,167,0,3.6,0.4993,24413.2,1516.9494,520.6391,61.8178,144.2
centered_candidate_000393_bf7437e7,centered-gaussian,5,5,0,144,75,55.2,292.4,132.5941,2127,1590,1247.8,3439.6,0,165.58,6.4,101.8,4243.4,3081,2332.6,7083.4,154.8,0,3.2,0.5345,22979.6,2458.2164,1130.0083,-11.0971,144
search_candidate_000120_ab6990c1,random-phased,5,5,0,144,104,49.6,286.4,132.4779,2093.6,1958,1150,3314.6,0,167.9,6.4,98.6,3972.2,3826,1878,6514.4,154.6,0,3.4,0.5488,23228.2,2285.3186,1112.0627,-16.639,144
centered_candidate_000013_0eca6514,centered-gaussian,5,5,0,143.8,61,42.4,308.8,136.3604,2073,1356,1025,3637.6,0,179.6,6.2,96.6,4479.2,2161,2052.6,8549.2,156.6,0,3.2,0.4922,22455.8,3305.3586,1259.8313,-25.7802,143.8
centered_candidate_000129_4f0e88cc,centered-gaussian,5,5,0,143.8,78,63.8,285.2,129.3482,2115.6,1630,1368.6,3322.8,0,165.28,6.2,102.6,4286.6,3288,2740,6713,157.2,0,2.8,0.557,20468.6,2145.1607,1082.2685,-0.8741,143.8
centered_candidate_000027_16805dea,centered-gaussian,5,5,0,143.2,66,43.4,293.6,120.6108,2047.6,1339,1014.2,3490.8,0,164.38,6,98.2,4250.6,2788,1732.8,7653.4,153.8,0,2.6,0.6444,19834.4,2743.6723,1154.0667,-16.9054,143.2
centered_candidate_000237_09cab0dd,centered-gaussian,5,5,0,143.2,120,58,261.8,108.7334,2128.8,2062,1249.2,3211.4,0,162.7,6.2,104.4,4379,4260,2069.6,7122.2,159.6,0,3,0.5596,21471,2453.0644,972.4792,3.6333,143.2
search_candidate_000243_dfb09c22,random-phased,5,5,0,143.2,84,59.2,260.2,93.4353,2159.8,1793,1337.8,3171.6,0,192.2,6.6,99.6,4732,3676,2242.4,7814.2,162.8,0,3,0.5671,21610.4,2539.8231,833.842,12.4823,143.2
search_candidate_000244_bd79265a,random-phased,5,5,0,142.8,72,37.4,310.4,143.5011,1968.2,1527,918,3416.8,0,178.68,6,91.4,3919.2,2630,1462,7234.2,175,0,2.8,0.5522,21152.6,2660.3093,1210.1622,-34.3505,142.8
search_candidate_000266_4db0e63b,random-phased,5,5,0,142.8,55,30.2,317.2,140.8366,1984.2,1404,782,3592,0,181.72,6,89.8,4339.4,2611,1144,8587.2,151,0,2.4,0.6323,19115.8,3403.0862,1298.648,-40.2183,142.8
centered_candidate_000269_0caefb8c,centered-gaussian,5,5,0,142.6,95,61.8,254,89.1215,2114,1661,1309,3206.4,0,172.7,6.4,99.8,4506,3260,2567.4,7298.2,155.8,0,3,0.4841,21464.8,2233.1765,873.2654,17.2393,142.6
centered_candidate_000506_4df80815,centered-gaussian,5,5,0,142.6,82,55.4,265.6,98.3719,2072.2,1630,1198.2,3155.2,0,182.74,6.4,94.6,4534,3232,2408,7265.4,155.6,0,3,0.5336,21211,2231.0954,889.4934,6.214,142.6
centered_candidate_000253_a3c34d9a,centered-gaussian,5,5,0,142.4,93,76.6,255.8,106.9946,2140.2,1847,1537,3052,0,165.28,6.4,103.2,4413.8,3729,2940,6598.2,155.4,0,3.2,0.564,22563.6,2011.0771,830.602,23.1027,142.4
centered_candidate_000461_2f83f45e,centered-gaussian,5,5,0,142.4,86,67.4,257.2,93.2107,2165.6,1628,1383.6,3286,0,184.64,6.6,101.2,4731.8,3500,2828.2,7308.4,160.4,0,2.6,0.569,19551.2,2062.9304,897.8351,20.7946,142.4
centered_candidate_000135_2bca0338,centered-gaussian,5,5,0,141.8,89,60.8,258.4,93.1438,2147,1717,1393,3161.4,0,175.96,6.2,103.6,4417.2,3395,2622.6,6714.2,157,0,3.2,0.543,22044.6,1875.1683,811.4207,14.2281,141.8
centered_candidate_000225_7eab7cf8,centered-gaussian,5,5,0,141.6,85,60.2,271.4,111.8206,2055.2,1569,1369,3119.2,0,166.16,6.4,96.6,4334.8,3132,2526.2,7150.4,160.8,0,3.6,0.5424,24503.6,2448.3233,907.3448,4.2897,141.6
centered_candidate_000172_ced299f3,centered-gaussian,5,5,0,140.6,128,88,199,49.4999,2223.4,2109,1766.6,2716.6,0,173.8,6.4,109,4640.6,4310,3671.6,5693.4,155.8,0,3.4,0.4583,23129.4,923.4879,424.5565,63.2501,140.6
centered_candidate_000313_80d45b0b,centered-gaussian,5,5,0,139.8,91,43.2,288.2,137.9614,1979.6,1712,1000.6,3284.4,0,153.62,6,94.6,4087.2,3224,1533,7639,152.2,0,2.4,0.6684,19414.6,3253.261,1215.6691,-25.7807,139.8
centered_candidate_000114_5b218b28,centered-gaussian,5,5,0,139.6,90,69.4,258,109.286,2120,1782,1443.8,3093.4,0,166.54,6.2,103,4339.8,3440,2903.4,6567.4,154.6,0,3,0.5897,21836.2,2002.3242,855.4877,14.757,139.6
search_candidate_000510_ec2f1cd0,random-phased,5,5,0,139.6,91,54.8,273,126.6074,2116.2,1834,1224.4,3301.6,0,161.26,6.2,104,3936.4,2979,1971.6,6757,159.2,0,3,0.5627,22207,2565.463,1126.9432,-8.5037,139.6
centered_candidate_000463_f817fe08,centered-gaussian,5,5,0,139.4,109,54.6,262.6,112.8939,2027.4,1812,1238.4,3078.6,0,170.02,6.2,94.4,4169,3778,1978.8,6855.6,151.4,0,2.8,0.4878,19995.6,2280.8584,909.4336,-1.847,139.4
centered_candidate_000307_9ed44d5e,centered-gaussian,5,5,0,138.8,74,51.6,286.6,133.9065,1981.8,1514,1238.6,3156.4,0,158.48,6.2,92.8,3921.2,2550,2130.4,6936.8,153.2,0,3.2,0.5093,22081.2,2684.9426,1021.9085,-15.3533,138.8
centered_candidate_000140_a6686056,centered-gaussian,5,5,0,138.6,78,55.4,250.6,91.8272,2105,1736,1229.8,3163.4,0,182.14,6.2,99.6,4504,3372,2323,7172.4,157.8,0,3.4,0.5515,23160.4,2212.9409,871.9365,9.4864,138.6
centered_candidate_000490_5310a10a,centered-gaussian,5,5,0,138.2,80,62.6,258,100.6328,2080.6,1626,1356.2,3126,0,164.18,6.4,99,4235,3524,2346.2,6755.8,155.8,0,2.6,0.6069,19854,2118.3096,861.4768,12.2836,138.2
centered_candidate_000415_7ab8ffef,centered-gaussian,5,5,0,137.6,76,60.4,275.2,132.6418,2056.8,1523,1290.4,3318,0,159.96,6.2,99,4186,2976,2276.6,7280,153.8,0,3.2,0.5492,22587.8,2861.0954,1161.4335,-5.9209,137.6
centered_candidate_000029_ab16336e,centered-gaussian,5,5,0,137.4,93,66.2,255,111.6666,2105.4,1615,1418.6,3228.4,0,159.76,6.2,103.2,4029.2,2886,2485.8,6522.4,154.6,0,3.2,0.4908,22487.4,2152.2222,1003.7527,10.3667,137.4
centered_candidate_000238_3dd181a1,centered-gaussian,5,5,0,137.4,123,74.2,220,75.2133,2124.4,2032,1480,2895.8,0,169.8,6.4,101.6,4614.6,3982,3098.2,6698.8,153.8,0,2.8,0.5601,20843.8,1849.5647,692.9481,36.5934,137.4
search_candidate_000357_fcf59ac3,random-phased,5,5,0,137.4,89,48.2,252.8,93.8096,2040,1719,1179.2,3084,0,189.72,6.4,91.6,4661.6,3909,2317.2,7451.6,157.4,0,3.2,0.4911,22356.4,2301.4222,857.7163,1.2952,137.4
centered_candidate_000218_daecf044,centered-gaussian,5,5,0,137.2,88,53.6,266.4,117.1689,2006.4,1741,1140,3143.6,0,162.46,6.2,94.6,4045.8,3644,2221,6389,155.4,0,3,0.5364,21651,2154.2525,1008.2136,-4.9845,137.2
centered_candidate_000076_346be653,centered-gaussian,5,5,0,137,115,56.4,229.8,76.9805,2102.2,2082,1192,2997.8,0,174.36,6.2,100.2,4364,4047,2028,6889,151.2,0,2.4,0.5926,18587.2,2139.2791,795.4451,17.9097,137
centered_candidate_000241_e51ab209,centered-gaussian,5,5,0,137,90,58.6,261,113.015,2117.6,1721,1291.6,3303.8,0,170.02,6.2,102.6,4204.4,3182,2830.4,6422.8,155.4,0,3.6,0.4955,24174.6,1932.1582,1040.5083,2.0925,137
centered_candidate_000509_a4d13fd7,centered-gaussian,5,5,0,136.8,92,52.4,253,93.2768,2069,1630,1180,3257,0,171.26,6.2,98.4,4061.8,2953,2056.4,6711.8,155.2,0,3.2,0.5054,22254.6,2128.196,954.1981,5.7616,136.8
centered_candidate_000148_1d9dd44b,centered-gaussian,5,5,0,136.4,66,47.6,290.4,140.3547,1951.8,1416,1118.8,3294,0,162.76,6,91.2,4091.8,2881,2257,7124,152.4,0,2.6,0.5392,19602.8,2799.3926,1190.7524,-22.5773,136.4
centered_candidate_000096_33656407,centered-gaussian,5,5,0,136.2,72,28.8,313.4,168.6457,1836.6,1504,636.8,3468.2,0,142.5,5.6,87.8,3674.8,2548,996,7590.8,151.6,0,2.6,0.6933,20689,3596.9673,1490.4108,-55.5228,136.2
centered_candidate_000489_4eb2d456,centered-gaussian,5,5,0,136.2,80,57,272.6,130.0391,1962.8,1583,1259.6,3089.6,0,156.88,6,93.8,3800.6,2984,1972.4,6493.2,159,0,3,0.5127,21655.2,2496.9423,1057.4167,-8.0195,136.2
centered_candidate_000323_6a1a5c86,centered-gaussian,5,5,0,135.2,111,65.4,237.4,95.1218,2021.8,1811,1397.6,2895.4,0,158.42,6.4,95.2,3940.8,3520,2281.4,6223.8,153.4,0,3,0.5286,22032,2061.2304,785.122,17.8391,135.2
centered_candidate_000415_92973ba3,centered-gaussian,5,5,0,135.2,105,92.2,210,71.6865,2052.2,1751,1676.4,2707.4,0,164.82,6.4,96.8,4118.6,3437,3098.6,5838.6,155,0,2.8,0.5251,20686.8,1619.6645,596.9333,56.3567,135.2
centered_candidate_000273_77251f71,centered-gaussian,5,5,0,135,80,59.8,260.4,110.9144,2027.6,1696,1191.2,3221.6,0,160.22,6,98.2,4145.2,3032,2079.8,7318,153.2,0,3.6,0.5005,24473.4,2809.4867,1038.3821,4.3428,135
centered_candidate_000098_b9589076,centered-gaussian,5,5,0,134.6,65,39.4,293.6,140.7275,1854,1297,894,3305.2,0,155.22,5.6,87,3936.8,2544,1541.4,7571,148.8,0,3,0.6097,21694.4,3087.6365,1223.8907,-30.9638,134.6
centered_candidate_000379_921bfe52,centered-gaussian,5,5,0,134.2,118,42.8,235,85.7121,1974.2,2063,1004.8,2900.2,0,172.46,6.2,90.2,3980,4301,1580.8,6236.4,151.2,0,2.6,0.5901,19474.2,2070.616,843.3617,-0.056,134.2
centered_candidate_000472_624e995b,centered-gaussian,5,5,0,134,90,59.8,239,87.8157,2059.2,1610,1222.6,3164.6,0,171.6,6,99.2,4320.4,3338,2203.2,7042.6,154.6,0,3.4,0.4807,23109.6,2234.7598,910.4002,15.8921,134
centered_candidate_000257_cafb3ecf,centered-gaussian,5,5,0,133.8,112,67.8,228.2,86.2587,2129.4,2012,1492.2,2959.8,0,177.16,6.2,103,4684.8,4004,3016.6,7109.2,157.4,0,3,0.544,21638.8,2183.6424,740.9239,24.6707,133.8
centered_candidate_000351_a8e3edd7,centered-gaussian,5,5,0,133.8,64,49.8,278,129.2647,1924.6,1318,1103.4,3213,0,161.54,5.8,90.6,4040.2,2742,1948.2,7229.2,149.4,0,3,0.5599,21720.4,2762.1756,1088.7976,-14.8323,133.8
centered_candidate_000064_6a091118,centered-gaussian,5,5,0,133.2,108,71,221.8,78.9491,2009.4,1798,1405.2,2810.8,0,167.48,6.2,94.6,4137.8,3472,2720.2,6158,156.2,0,2.8,0.5494,21269.2,1799.3431,698.7033,31.5255,133.2
centered_candidate_000208_b73b917b,centered-gaussian,5,5,0,133,128,104.4,163.8,28.2135,2189,2185,1964,2418,0,179.9,6.4,106,4738.6,4813,4296.2,5165.6,155.2,0,3,0.4582,21012.6,400.7306,211.7404,90.2933,133
centered_candidate_000417_a2e2f81f,centered-gaussian,5,5,0,133,94,33,277.8,129.4929,1876.8,1732,747.6,3272,0,150.72,5.8,88.8,3765.2,3201,1023.2,7334.2,152.4,0,2.4,0.67,19055.4,3117.5775,1227.3721,-31.7464,133
centered_candidate_000490_eb194532,centered-gaussian,5,5,0,132.8,124,60.8,215,70.9575,2081.2,1984,1387.6,2836.6,0,166.42,6.2,100.4,4303.6,3847,2911.4,5973.2,152.2,0,3.2,0.5015,22412.4,1411.0895,666.9415,25.3213,132.8
centered_candidate_000139_5b1b2d00,centered-gaussian,5,5,0,132.6,103,68.4,228.2,85.6752,2035,1881,1393.6,2900.6,0,168.52,6.2,96.4,4235.4,3671,2612.8,6542.4,153.8,0,3,0.5666,21791.4,2069.2435,785.7814,25.5624,132.6
centered_candidate_000305_66ad5a7b,centered-gaussian,5,5,0,132.6,104,40.8,261.4,116.512,1913,1749,992.2,3064.8,0,158.34,6,89,4001.8,3336,1639,7193.4,150.6,0,2.4,0.5768,18753.2,2865.9729,1013.0269,-17.456,132.6
centered_candidate_000517_08a7c9e4,centered-gaussian,5,5,0,132.6,98,67.8,231.2,91.6986,2069.2,1853,1429.4,2944.8,0,170.36,6.4,98,4237,3288,2900.6,6530,158.8,0,3,0.4982,21680.2,2189.9467,799.4562,21.9507,132.6
centered_candidate_000516_9580d145,centered-gaussian,5,5,0,132.2,108,84.2,203.4,61.9464,2154.6,1986,1640.2,2868.8,0,162.1,6.4,106.6,4163.8,3594,3165.8,5677.6,159.4,0,3,0.5392,21681.4,1308.6423,624.6502,53.2268,132.2
centered_candidate_000022_b1a6c1d4,centered-gaussian,5,5,0,131.4,70,62.4,253.6,108.2988,1954.8,1499,1330.6,2961.8,0,158.18,6,92.8,3837.2,2505,2403.6,6319.2,152.2,0,2.8,0.5441,20513.2,2116.888,858.8733,8.2506,131.4
centered_candidate_000289_2bee619e,centered-gaussian,5,5,0,131.2,95,56.4,228.8,78.5453,2044,1830,1264.8,2976.4,0,172.34,6,98,4173,3842,2735.6,5865.6,153,0,2.6,0.5211,19473.2,1398.4574,765.9681,17.1274,131.2
search_candidate_000079_ea6dbde2,random-phased,5,5,0,131,83,65.4,227,76.1814,2008.4,1626,1340.2,2908.8,0,170.92,6,96,4040.6,2697,2261,6608.2,160,0,3.2,0.5595,22084.8,2039.4746,719.8279,27.3093,131
centered_candidate_000012_bd2a9914,centered-gaussian,5,5,0,130.8,110,65,221.2,81.1256,2029.2,2007,1440,2719.6,0,170.8,6.2,95.8,4259.8,4104,2848.6,5984.2,154.2,0,2.8,0.506,20548,1521.8722,631.3045,24.4372,130.8
centered_candidate_000339_5a011020,centered-gaussian,5,5,0,130.8,89,71,218.2,71.3145,2017,1687,1380.4,2878,0,168.14,6.2,95.2,3932.4,3171,2480.8,5905,154,0,3.2,0.6063,22496.8,1598.599,709.8496,35.3427,130.8
centered_candidate_000102_bc41c3fb,centered-gaussian,5,5,0,130.4,95,74.8,209.2,62.8796,2048.6,1782,1520.2,2729.4,0,170.02,6.4,96.2,4298.6,3688,2915.2,6156.2,154.6,0,3.4,0.4982,23439,1512.9481,548.8885,43.3602,130.4
centered_candidate_000188_8b833efa,centered-gaussian,5,5,0,130.4,119,61.2,220.4,81.414,2022.6,1955,1421.2,2787.6,0,172.62,6,96,4372.8,3655,2819.4,6715.6,150.2,0,2.8,0.5254,20619.6,2104.0013,690.4762,20.493,130.4
centered_candidate_000336_ae6e026c,centered-gaussian,5,5,0,130.4,61,39.8,285,143.6908,1832.8,1314,851,3280.8,0,143.4,5.6,87.8,3533.2,2425,1266.2,6768.4,149.6,0,2.4,0.6876,19322.2,2878.6774,1305.5677,-32.0454,130.4
centered_candidate_000438_c09d8f14,centered-gaussian,5,5,0,130.4,105,65,220,79.974,2084,2063,1340.2,2908.2,0,176,6.2,100,4354.8,4241,2423.2,6579.8,159,0,2.8,0.5675,20244.6,2027.9051,756.6193,25.013,130.4
centered_candidate_000062_3d3749d3,centered-gaussian,5,5,0,130,62,55.4,273.6,142.0352,1869.4,1315,1251.6,3042.2,0,153.36,5.6,89.4,3631.4,2468,2356,6088.6,150.4,0,3.6,0.5352,24385.8,2432.3604,1161.4513,-15.6176,130
centered_candidate_000300_266b0a4c,centered-gaussian,5,5,0,129.4,90,77,208.4,63.7859,2072,1744,1580.8,2778,0,175.92,6.2,98.4,4183,3254,2891,5953.2,151.4,0,3.4,0.5482,23279.8,1421.5659,571.4091,45.1071,129.4
search_candidate_000167_91804534,random-phased,5,5,0,129.4,83,41.8,269.6,130.9238,1935.6,1622,1063,3209.2,0,178.7,5.8,90,3781.2,2842,1642,7028.4,157.6,0,3,0.5142,21005.4,3055.9101,1186.4297,-23.6619,129.4
centered_candidate_000196_4d56dccb,centered-gaussian,5,5,0,128.8,113,70.4,200.6,59.5362,2060.6,1962,1524.6,2692.2,0,175.82,6.2,97.8,4251.2,4011,2871.6,5968.2,154.2,0,3,0.5511,21320.6,1467.6786,534.7338,40.6319,128.8
centered_candidate_000438_0adb65c4,centered-gaussian,5,5,0,128.4,121,64.2,200.6,60.7144,2064.6,2138,1358.6,2738.4,0,173.72,6.4,97.2,4171.6,4306,2488.8,5774.8,155,0,3.4,0.5743,23180.8,1456.5341,606.775,33.8428,128.4
centered_candidate_000391_e4adcd84,centered-gaussian,5,5,0,127.2,65,54.4,245.8,97.8047,1980,1367,1227.6,3136.4,0,164.18,6,94.6,3979.6,2533,2418.2,6580,153.8,0,3.4,0.6058,23463.8,2117.9897,924.9941,5.4976,127.2
centered_candidate_000066_b92a9891,centered-gaussian,5,5,0,126.6,110,82,189,56.3901,2061.4,1940,1634.6,2643.4,0,162.32,6.2,100.2,4198.8,3893,3192.8,5490.6,152.4,0,3,0.5586,22057.8,1117.4334,544.5771,53.805,126.6
centered_candidate_000160_a539a1fd,centered-gaussian,5,5,0,126.6,90,80.6,205,69.5488,2096.4,1711,1690.6,2845,0,166.64,6.2,102.6,4386.2,3749,3332.2,6069.2,154.2,0,3,0.4866,21213.8,1573.3914,685.2397,45.8256,126.6
centered_candidate_000189_b79da53c,centered-gaussian,5,5,0,126.6,74,36.8,261.4,113.2442,1859,1539,846,3174.6,0,148.68,5.8,89,3683.6,2982,1127.6,6954,157.6,0,2.6,0.7215,20447.2,2731.2351,1089.2054,-19.8221,126.6
centered_candidate_000154_6d6a23f5,centered-gaussian,5,5,0,126.4,89,74.8,203.6,62.2595,2021,1639,1532.2,2772.6,0,155.52,6.2,98.2,3890,3108,2830,5520.8,154.4,0,3.4,0.5102,23518,1323.6992,601.3092,43.6703,126.4
centered_candidate_000264_3f07b0d0,centered-gaussian,5,5,0,126.4,85,48,245.4,107.0506,1890,1804,1043.4,2907.2,0,155.64,5.8,89.6,3770.6,3598,1815.4,6024.8,149.4,0,3,0.6003,21471.6,2053.725,921.4391,-5.5253,126.4
centered_candidate_000022_72cf7eb7,centered-gaussian,5,5,0,125.8,91,46.4,242,103.5575,1863.2,1723,1033.4,2858.2,0,155.32,5.8,87.8,3645.4,3417,1658.2,5924.8,152.6,0,2.6,0.4662,19904.8,2015.9435,874.9415,-5.3788,125.8
centered_candidate_000286_b0937d14,centered-gaussian,5,5,0,125.8,76,54.4,249,116.2814,1904.2,1652,1169.2,2963.4,0,160.14,5.8,91,3893,3312,2340.8,6103,158.2,0,3,0.5364,21968.4,2013.468,971.1252,-3.7407,125.8
centered_candidate_000339_926663f5,centered-gaussian,5,5,0,125.4,90,81.6,194.4,55.8842,2009.6,1617,1576.8,2693.4,0,170.12,6.2,95.2,4260.2,3352,3234.8,5885.6,156.8,0,3.2,0.5401,22881.8,1297.9998,542.6386,53.6579,125.4
centered_candidate_000429_34c76427,centered-gaussian,5,5,0,125.4,88,58,209.2,69.0843,2045.8,1768,1322.6,2894.2,0,168.26,6,99.2,4181.2,3548,2635.8,6006.8,149.4,0,2.8,0.4852,20303.8,1522.4679,708.6634,23.4579,125.4
centered_candidate_000059_37d904b9,centered-gaussian,5,5,0,124.6,78,65,221.8,83.3897,2015.8,1547,1332,3059.8,0,168.84,6,97,4177,3661,2459.4,6397.2,152.2,0,3.2,0.6042,22526.8,1854.021,869.1599,23.3052,124.6
centered_candidate_000444_ecd1f4ca,centered-gaussian,5,5,0,124.6,86,38,257.8,123.4368,1817.8,1568,922.2,3063.6,0,150.04,5.6,86.6,3330.6,2400,1343.8,6280.6,153.8,0,2.8,0.6009,20786,2624.4255,1131.5038,-23.7184,124.6
search_candidate_000247_1daf7470,random-phased,5,5,0,124.6,55,41.2,274.4,139.5286,1760,1256,937.6,3070.8,0,155,5.6,81.8,3319.6,2380,1340.6,6342.2,161.8,0,3.2,0.6125,22823.2,2781.4532,1181.651,-28.5643,124.6
search_candidate_000461_9bb94042,random-phased,5,5,0,124.4,132,97.2,147.8,23.3118,2105.8,2228,1807.8,2307.8,0,205.84,6.4,95.8,4586.2,4498,3841.6,5452,154.8,0,3.2,0.4743,21956.4,748.5988,243.8257,85.5441,124.4
centered_candidate_000506_30350862,centered-gaussian,5,5,0,124.2,85,47.6,238.8,102.0439,1909.8,1638,1121.6,2944.8,0,160.84,5.8,91.2,3786.6,2901,2183.6,6061.4,154.6,0,3.4,0.5291,23255.8,1905.0254,886.7262,-3.422,124.2
centered_candidate_000514_6be11dd1,centered-gaussian,5,5,0,124,108,79.4,183.8,55.6165,2059.8,1970,1545.6,2664.4,0,168.4,6.2,99.6,4231.2,4249,3001.4,5484.4,154.2,0,2.8,0.5286,20334.8,1243.0436,588.9212,51.5917,124
centered_candidate_000104_f4c660c1,centered-gaussian,5,5,0,123.8,141,83.8,155.4,32.9266,2063.4,2270,1629.6,2408.8,0,177,6.2,98.6,4270.8,4601,3426.4,5000.2,155.4,0,2.8,0.5291,20414.4,718.8378,358.7275,67.3367,123.8
centered_candidate_000358_847ad858,centered-gaussian,5,5,0,123.8,82,48.2,244.2,112.9272,1922.4,1682,1071.2,3061.6,0,169.1,5.6,91.6,4272.8,3229,1941.2,7691,147.2,0,2.6,0.6132,19323,3111.3599,1032.1546,-8.2636,123.8
centered_candidate_000039_93f5fc95,centered-gaussian,5,5,0,123,107,73.2,189.6,59.7394,1992,1940,1491,2616.6,0,164.86,6,96,4043.8,3410,3135.6,5491.6,153.6,0,3,0.5258,21636.4,1263.9089,567.6555,43.3303,123
centered_candidate_000319_23d74fc9,centered-gaussian,5,5,0,123,90,80.2,195,64.1966,1976.8,1748,1578.8,2571.4,0,163.78,6,94.8,4075.2,3794,2855.2,5686.6,152.4,0,3.2,0.5508,22457.8,1449.836,527.1863,48.1017,123
centered_candidate_000077_92c2aa27,centered-gaussian,5,5,0,122.6,83,79.8,203.4,77.3501,1959,1642,1561.8,2665.6,0,163.72,6,93.4,3991.4,3429,2885.4,5705.2,152.8,0,3.2,0.4714,22565.8,1576.6682,662.9458,41.1249,122.6
centered_candidate_000178_5f106e5d,centered-gaussian,5,5,0,122.2,102,59.8,190.8,59.0708,1987.8,1882,1266,2677.4,0,158.26,6,96.6,3885.2,3839,2386.8,5226.4,151,0,2.8,0.5269,20820.6,1322.339,659.4663,30.2646,122.2
centered_candidate_000203_7a2e1ed5,centered-gaussian,5,5,0,122,95,54.6,216.2,87.0126,1866.4,1697,1173.8,2726.4,0,149.46,5.8,89.2,3491.4,2921,1938,5560.4,149,0,2.8,0.6677,20850.2,1912.4225,839.9339,11.0937,122
centered_candidate_000393_f934db16,centered-gaussian,5,5,0,121.6,87,67.6,194.2,58.5648,2004.4,1726,1458.6,2692.4,0,170.84,6,96,4268,3127,3027.8,6194,151.4,0,3,0.5691,21861,1523.4169,567.12,38.3176,121.6
centered_candidate_000126_765035c1,centered-gaussian,5,5,0,121,88,52,210.8,73.5772,1919,1761,1127.8,2799.2,0,169.54,5.8,90.4,4045.2,3973,1968,6186.2,149.6,0,3.2,0.5758,22257.6,1917.0507,761.5051,15.2114,121
centered_candidate_000488_2c661419,centered-gaussian,5,5,0,120.2,76,55.4,219.2,84.4332,1946,1592,1265.8,2891,0,164.12,6,92.6,3835.2,2876,2394.2,6009.8,153.4,0,3.4,0.4848,23370.4,1841.9968,795.392,13.1834,120.2
centered_candidate_000344_30122171,centered-gaussian,5,5,0,120,93,59.6,202,67.1684,1936.2,1864,1249.2,2737.2,0,176.86,5.8,91,4088.6,3955,2430,5947.2,152.2,0,3,0.4946,21254.6,1572.3663,687.1665,26.0158,120
centered_candidate_000213_7b9a9f77,centered-gaussian,5,5,0,119.4,103,55.4,201,70.7604,1996.4,1952,1255.6,2813,0,169.24,6.2,94.8,4309.4,3645,2388.2,6904,155,0,3.2,0.5048,22424.8,2244.9391,712.6589,20.0198,119.4
centered_candidate_000068_c634e7b2,centered-gaussian,5,5,0,119.2,61,50,221.8,81.3496,1891,1368,1173,2903.2,0,171.12,5.8,88,3941.6,2596,2302.2,6377,149.4,0,3.4,0.5287,23400.6,1930.6122,805.8767,9.3252,119.2
centered_candidate_000510_ca42037a,centered-gaussian,5,5,0,119.2,70,58,222.4,90.5857,1870.6,1493,1301.2,2763.2,0,159.32,5.8,88.4,3706.6,3237,2454.8,5508.8,150.4,0,2.8,0.5545,20500.2,1600.0309,785.2815,12.7072,119.2
centered_candidate_000250_c209ffec,centered-gaussian,5,5,0,118.8,90,46.8,213.8,77.2979,1951.8,1693,1157,2933.4,0,176.74,5.8,92.2,3987.8,3334,2158.8,6344.2,149.6,0,3,0.4659,20977.8,1920.8303,800.1956,8.1511,118.8
centered_candidate_000297_4334fe36,centered-gaussian,5,5,0,118.4,62,47,236,102.0443,1833.8,1339,1063.8,2974.6,0,159.66,5.6,86.8,3690.8,2481,1923.2,6345,150.6,0,3,0.556,21261.2,2197.8119,953.8516,-4.0222,118.4
centered_candidate_000430_9fff9631,centered-gaussian,5,5,0,117.6,69,52.2,225,94.1735,1875.2,1521,1193.6,2844.4,0,158.34,5.8,89.2,3651.4,2556,2232.4,5955.2,151,0,3.2,0.5232,22252,1944.4234,806.4965,5.1133,117.6
centered_candidate_000353_e8ee652e,centered-gaussian,5,5,0,117.2,78,62.2,196.4,63.2563,1904,1599,1311.6,2666.4,0,167.44,6,88.8,4034.2,3212,2471.6,6141.8,152.2,0,3.2,0.529,21947,1705.6495,614.9097,30.5718,117.2
centered_candidate_000512_e3b9b31a,centered-gaussian,5,5,0,116.6,112,61.4,176.6,51.0318,1891.6,1941,1326.8,2447.6,0,164.76,5.8,89.8,3735,3715,2427,5094.4,152.8,0,2.2,0.5756,17164.4,1181.1701,495.4693,35.8841,116.6
search_candidate_000060_04811151,random-phased,5,5,0,116.4,69,53.4,225.6,101.5472,1869.8,1535,1223.6,2890.4,0,152.32,5.8,91.4,3249.2,2296,1807.4,5650.6,165.8,0,2.6,0.6069,20480.6,2232.1431,960.6086,2.6264,116.4
centered_candidate_000018_87286a4e,centered-gaussian,5,5,0,116,68,64,202,69.662,1912.6,1573,1322.4,2776,0,158.56,5.8,92.2,3762.6,3045,2439.4,5699,148.6,0,3,0.5567,21470,1617.4387,713.9481,29.169,116
centered_candidate_000473_f2e2be64,centered-gaussian,5,5,0,115.2,68,56.2,221.2,102.6594,1883.4,1450,1246,2926.4,0,163.84,5.8,89.4,3992,2827,2477.2,6652.2,152.6,0,3,0.609,21838.8,2523.1009,964.3501,4.8703,115.2
search_candidate_000040_37197202,random-phased,5,5,0,115,79,62.4,187.6,58.0379,1896.6,1540,1335.4,2642.8,0,152.6,5.8,92.6,3649.4,2757,2538.4,5208.6,154.2,0,3.2,0.5051,22271.4,1255.5682,601.2931,33.381,115
centered_candidate_000259_bdeeb9ad,centered-gaussian,5,5,0,114.2,88,72.6,173.4,47.3007,1913.8,1647,1572.6,2414.8,0,158.1,6,91.4,3891.6,3449,3072.8,4996.8,150.4,0,2,0.6148,17226.2,894.3374,399.1658,48.9496,114.2
centered_candidate_000117_b16be968,centered-gaussian,5,5,0,114,79,56.6,206.2,84.716,1901.2,1582,1227.6,2892.6,0,154.18,5.6,93.6,3874,3090,2485.4,6023.2,147.8,0,3,0.5229,21508.8,1899.9679,866.7538,14.242,114
centered_candidate_000504_c380ee5b,centered-gaussian,5,5,0,113.6,70,60.2,188.8,60.9413,1943.8,1543,1319.8,2760.2,0,164,5.8,94.8,3871.8,3055,2533.6,5632.6,154.2,0,2.8,0.5789,20736.2,1429.7146,667.4445,29.7294,113.6
centered_candidate_000475_e91795af,centered-gaussian,5,5,0,113.4,84,60,191.6,67.6804,1916.6,1676,1297.4,2719,0,163.58,5.8,92,4132.4,3178,2384,6602.4,147.8,0,2.6,0.5134,19592.2,2120.11,675.6705,26.1598,113.4
centered_candidate_000235_36ce5f7a,centered-gaussian,5,5,0,113,93,67.2,178.8,57.2084,1860,1649,1395.6,2508.2,0,165.98,5.8,87,3826.8,3385,2820.8,5221.2,148.8,0,3.4,0.4472,23162,1191.5478,548.3422,38.5958,113
centered_candidate_000447_b7a3a659,centered-gaussian,5,5,0,113,92,70,173.8,52.9868,1869,1770,1428.4,2407.4,0,158.96,5.8,89.2,3732.2,3469,2856.6,4884.6,151.6,0,2.4,0.5269,18992.6,1053.2621,512.1738,43.5066,113
centered_candidate_000013_fb8633e0,centered-gaussian,5,5,0,112.8,83,59.6,180.8,55.25,1913,1625,1342.6,2612.2,0,165.72,5.8,91.8,3960.6,3276,2665,5647.8,151.8,0,2.6,0.547,19488.6,1359.7054,579.5505,31.975,112.8
centered_candidate_000305_bb74b644,centered-gaussian,5,5,0,112.8,70,62.4,198.2,73.5266,1937.2,1649,1285.8,2847.2,0,165.04,5.8,93.8,3923.4,3368,2550,5838.8,150.8,0,2.8,0.5296,20325.4,1614.0577,761.9216,25.6367,112.8
search_candidate_000409_d7041e5b,random-phased,5,5,0,111.8,42,32.4,240.6,104.4651,1679,1019,850.6,2944.4,0,168,5.2,77.6,3370.6,1877,1201.4,6548.2,165.2,0,3,0.6439,22414,2542.2501,1012.1939,-19.8326,111.8
centered_candidate_000236_e7c935a5,centered-gaussian,5,5,0,111.4,111,87.4,135.4,21.6204,1935.8,1902,1674.6,2222.8,0,155.32,6,94.4,3801.8,3987,3333,4164,154,0,2.6,0.578,19988.8,381.5953,247.2532,76.5898,111.4
centered_candidate_000331_f3011757,centered-gaussian,5,5,0,111.4,89,57.2,184,61.0397,1906.6,1628,1309.8,2693.2,0,157.62,5.8,93.2,3651,2807,2298.8,5609.8,155.8,0,2.8,0.5553,20773.4,1598.9543,647.5707,26.6802,111.4
centered_candidate_000383_333bfbbd,centered-gaussian,5,5,0,111,86,55,183.8,58.7231,1837,1590,1232.6,2616.8,0,164.56,5.6,87,3831.2,3200,2157.8,5889,148.8,0,3,0.5198,21295.2,1673.8198,630.5204,25.6385,111
centered_candidate_000435_7cd899f5,centered-gaussian,5,5,0,111,92,51.8,188.8,65.6932,1858.4,1709,1182,2692,0,160.06,5.6,89.4,3842,3360,2420,5751.8,147.8,0,2.4,0.5121,18544,1613.9171,701.6998,18.9534,111
search_candidate_000260_71c9fd4b,random-phased,5,5,0,110.8,93,54.2,188.6,72.7307,1878.2,1678,1212,2725.8,0,164.7,5.4,91.8,3872.8,3296,2482.4,5809.4,148.6,0,2.6,0.5625,19385,1723.2448,760.6819,17.8346,110.8
search_candidate_000282_cda6f8b5,random-phased,5,5,0,110.6,90,67.8,169.6,51.3677,1900,1749,1406.4,2520.4,0,161.08,5.6,93,3532.8,2762,2166,5563,150.2,0,2.8,0.5001,20402.2,1791.0057,543.7481,42.1162,110.6
centered_candidate_000039_883ee689,centered-gaussian,5,5,0,109.6,113,55,170,54.9494,1854.2,1994,1195.8,2500.4,0,157.8,5.6,90.2,3698.8,3565,1902.2,5862.6,153.6,0,2.8,0.5293,20596,1962.0323,605.7149,27.5253,109.6
centered_candidate_000002_911e201c,centered-gaussian,5,5,0,109.4,105,50,181.2,65.3532,1832.8,1793,1150.6,2592.8,0,163.82,5.6,86.8,3809.4,3388,2274.8,5711,147.2,0,3,0.4932,21172.4,1616.8777,672.5389,17.3234,109.4
centered_candidate_000350_8ae013c4,centered-gaussian,5,5,0,109.4,90,69.2,171,57.7256,1757,1559,1425.6,2286.2,0,161.34,5.6,81.2,3801.8,3072,2641.4,5681,150.2,0,3.2,0.4973,22295.4,1742.5502,494.5434,40.3372,109.4
search_candidate_000452_133878e5,random-phased,5,5,0,108.4,59,52,207.6,89.108,1697.8,1258,1097.4,2665.4,0,157.84,5.4,83.2,3559.2,2446,2104,5988.6,198.4,0,2.6,0.7342,22708.8,2178.7948,831.6575,7.446,108.4
centered_candidate_000307_9e8ce773,centered-gaussian,5,5,0,108.2,111,72,142.4,32.0587,1875.8,1941,1449,2296,0,153.92,5.6,92.2,3787.4,3528,3069.4,4686.4,147.2,0,2.8,0.5454,20833,744.0741,385.4449,55.9707,108.2
search_candidate_000024_4cf9d833,random-phased,5,5,0,108.2,92,41.4,196.6,76.94,1801,1684,974.8,2828.6,0,151.58,5.2,89.8,3198.2,2770,1467.6,5504,153.4,0,2.8,0.5742,20815.2,2058.5566,891.9944,2.93,108.2
centered_candidate_000301_15288d88,centered-gaussian,5,5,0,107.8,91,49.4,186.2,70.9546,1790.4,1726,1084,2616.8,0,149.66,5.4,87.2,3411.8,2970,1688.4,5561.8,146.6,0,2.4,0.576,18497.6,1855.3796,741.3913,13.9227,107.8
centered_candidate_000313_28664355,centered-gaussian,5,5,0,107.6,79,59.8,171.4,51.2,1815.2,1584,1268.6,2489.4,0,153.56,5.6,87.4,3754.6,3026,2668.4,5238.4,148.6,0,3,0.5635,21714.6,1187.4328,553.5389,34.2,107.6
search_candidate_000232_11f5c17f,random-phased,5,5,0,107.2,74,48.2,191.2,69.6661,1818.6,1572,1127,2683.6,0,176.52,5.4,86.6,4112.2,3002,2272,6872.6,161.2,0,3,0.4702,21595.8,2350.7378,716.3875,13.367,107.2
search_candidate_000048_2fc76455,random-phased,5,5,0,106.8,113,70,143.4,33.3191,1857,2062,1387.6,2230,0,160.06,5.6,91,3668.4,4216,2415.2,4626.4,159.6,0,2.8,0.5282,20203.6,1009.1711,385.4566,53.3405,106.8
centered_candidate_000349_8f0d775d,centered-gaussian,5,5,0,106.6,63,54.2,198.4,84.4952,1749.4,1379,1235.2,2585.4,0,157.82,5.4,82.8,3713,3076,2062.6,5989,149,0,2.8,0.567,20785.8,2031.7192,738.1714,11.9524,106.6
search_candidate_000124_6500f755,random-phased,5,5,0,106.6,70,50,193.4,75.309,1732,1428,1177.6,2527.2,0,159.1,5.4,86.4,3250.8,2460,2239.6,4820.6,201.6,0,2.8,0.9021,23727.4,1281.6616,696.2988,12.3455,106.6
centered_candidate_000254_71a354f2,centered-gaussian,5,5,0,106.2,85,52,185,73.194,1745.8,1592,1134.6,2521.6,0,152.6,5.4,83.6,3508.2,3335,1673.2,5637.8,151,0,2.6,0.6335,20151,1956.2756,690.1314,15.403,106.2
centered_candidate_000295_641ae20a,centered-gaussian,5,5,0,106,80,61.8,175.2,64.1529,1769.4,1541,1331.6,2425.2,0,156.26,5.6,83.4,3448.6,2751,2298.2,5211.6,149.2,0,3,0.5724,21621.2,1511.428,586.8303,29.7235,106
centered_candidate_000214_a41da549,centered-gaussian,5,5,0,105.2,95,54.8,161.8,47.5748,1869.6,1855,1287.8,2433.4,0,169.78,5.8,88.2,3927.2,4293,2399.4,5265,149.4,0,3,0.553,21735.4,1282.347,509.3524,31.0126,105.2
centered_candidate_000158_263f569c,centered-gaussian,5,5,0,105,82,48.2,188.2,74.4554,1820.8,1746,1156,2644.4,0,155.94,5.6,87.8,3580,3010,2252,5463.6,148.6,0,3,0.5071,21880.6,1641.4355,727.8105,10.9723,105
centered_candidate_000133_329f632d,centered-gaussian,5,5,0,104.8,93,73.8,150.8,42.5601,1876.8,1755,1584,2296.8,0,159.88,5.6,91.8,3937.6,3869,3015.6,5040.4,148.4,0,2.8,0.5189,20816.6,961.3471,369.9456,52.52,104.8
centered_candidate_000387_2f071b8f,centered-gaussian,5,5,0,104.8,91,70.2,148.2,35.6112,1839,1667,1487,2270.8,0,152.72,5.4,91,3728.6,3556,2903,4623.2,145.4,0,3.4,0.4828,23316.6,768.948,358.0073,52.3944,104.8
centered_candidate_000496_cbd00989,centered-gaussian,5,5,0,104.4,61,45.8,195.8,76.2249,1740.6,1348,1092.6,2665,0,155.2,5.2,83.8,3581,2816,2052.6,5710.2,144.8,0,2.6,0.556,19740,1810.5781,767.2029,7.6875,104.4
centered_candidate_000141_d68c43db,centered-gaussian,5,5,0,104,78,49.6,179,62.9635,1733.8,1574,1052.4,2530.2,0,150.18,5.4,83,3413.2,3057,1856.2,5157,148,0,2.2,0.6431,18376.2,1569.6313,680.9735,18.1183,104
centered_candidate_000482_a7729d4e,centered-gaussian,5,5,0,104,83,39.4,196.4,84.5837,1671,1642,962,2514.6,0,155.76,5.4,77,3276.8,3080,1956.2,4936.8,149.8,0,2.8,0.4883,20672.2,1529.2693,771.9225,-2.8918,104
centered_candidate_000006_e5053c20,centered-gaussian,5,5,0,103.8,116,67.8,135.2,30.3737,1848.4,1982,1428.4,2195.4,0,153.18,5.6,90.6,3785.2,3927,2883.2,4661,147.6,0,2.6,0.5468,19466.4,789.6575,343.2484,52.6132,103.8
search_candidate_000286_b03e7371,random-phased,5,5,0,103.8,78,43.4,193.4,81.6368,1629.4,1612,985.8,2372.6,0,148.64,5.4,77,3090.4,3004,1525.6,4878.4,172.2,0,2.4,0.7499,20653.2,1608.1683,683.696,2.5816,103.8
centered_candidate_000151_ebe0edcd,centered-gaussian,5,5,0,103.6,82,68,157.6,45.6885,1815.4,1621,1463,2332.8,0,166.08,5.6,86.2,3904,3351,2728.8,5629.4,152.4,0,3.2,0.5361,22368,1536.2064,434.2988,45.1557,103.6
centered_candidate_000234_c726da43,centered-gaussian,5,5,0,103.6,71,54.2,179.4,65.561,1815.6,1532,1221.4,2631.2,0,154.22,5.8,86.4,3588.8,3088,2350,5282,148.2,0,3.2,0.5435,22539.6,1486.3614,705.3993,21.4195,103.6
centered_candidate_000508_e82c9794,centered-gaussian,5,5,0,103.4,94,90.8,120.8,14.0513,1844.8,1786,1654.2,2077.2,0,151.32,5.4,91.8,3561.6,3425,3186.8,4043.6,144.6,0,2.8,0.5926,20405,405.678,194.5943,83.7743,103.4
centered_candidate_000193_3e6811d0,centered-gaussian,5,5,0,103.2,86,48,180.8,72.4939,1701.8,1639,1130,2375.6,0,162.42,5.2,79.4,3550.6,3270,2116.4,5337.4,143.8,0,3,0.5314,21310.6,1635.0401,629.5273,11.7531,103.2
centered_candidate_000240_7adcde5d,centered-gaussian,5,5,0,102.6,89,59.2,156.6,48.2933,1737.8,1789,1237.6,2196.4,0,151.52,5.4,83.2,3391.4,3356,2015.6,4732.6,147.2,0,2.2,0.6588,17961.8,1322.235,481.3395,35.0534,102.6
centered_candidate_000212_042e5b1f,centered-gaussian,5,5,0,102.4,92,63.4,153.2,48.4999,1802.2,1739,1346.8,2329.6,0,156.22,5.4,87.6,3659.2,3493,2633.4,4885.2,145,0,3,0.5227,21271.2,1127.2055,487.8214,39.1501,102.4
search_candidate_000222_3182c368,random-phased,5,5,0,102.4,80,52.8,171.6,57.3188,1796.6,1642,1255.2,2509.4,0,183.5,5.4,83.4,3840,3551,2174.2,5856.8,153.2,0,3,0.5713,21288,1702.2758,607.2461,24.1406,102.4
centered_candidate_000176_f7148d18,centered-gaussian,5,5,0,101.6,77,55.4,172.4,63.72,1784,1571,1224.8,2549.6,0,160.82,5.4,85.6,3638.2,3036,2491.4,5293.8,147,0,3.4,0.5296,23301,1368.9747,670.8821,23.54,101.6
centered_candidate_000051_20f284fc,centered-gaussian,5,5,0,101,75,55.8,172,63.0968,1743,1549,1253,2444.4,0,154.54,5.4,83.2,3458,2672,2047.6,5458.4,146,0,2.4,0.6223,18651.4,1717.5061,613.1594,24.2516,101
centered_candidate_000138_061dd180,centered-gaussian,5,5,0,100.8,103,65.4,135.8,31.7767,1787.6,1844,1361.4,2189.8,0,148.7,5.6,86.6,3473.2,3453,2676,4345.2,147.2,0,3,0.5584,22066.8,835.2,381.5954,49.5116,100.8
centered_candidate_000132_b47a1599,centered-gaussian,5,5,0,100.6,68,45.8,185.8,75.309,1738.2,1626,1043.6,2586.6,0,160.8,5.2,83,3649.8,3057,2240.4,5591,143.6,0,2.8,0.5244,20568.4,1758.5948,749.624,8.1455,100.6
centered_candidate_000352_4af87eb9,centered-gaussian,5,5,0,100.6,66,56.4,177.4,70.8169,1750.2,1398,1266.4,2580.8,0,151.08,5.2,86.6,3483.4,2588,2410.2,5424.8,153.6,0,2.6,0.5903,20197.8,1854.9806,775.5036,20.9915,100.6
centered_candidate_000419_c5226709,centered-gaussian,5,5,0,100.6,87,65.4,144.4,37.2913,1758.2,1711,1377.2,2172.6,0,160.42,5.4,83.8,3515,3174,2662.4,4711.6,148.4,0,2.8,0.4656,19957.6,1137.4916,363.6369,46.7544,100.6
search_candidate_000030_de68633a,random-phased,5,5,0,100.6,82,61.8,158.8,54.8547,1790.4,1567,1308,2475,0,159.12,5.6,86.2,3615.8,3125,2596.8,5132.4,157.6,0,2.8,0.5337,20466.2,1365.3627,616.5318,34.3726,100.6
search_candidate_000093_1a6142cf,random-phased,5,5,0,100.2,48,26.8,220.6,105.2851,1597.6,1140,765.8,2813.6,0,142.4,5.2,74.8,2640.4,1560,916,5243.2,147.8,0,2.2,0.7959,18775.8,2156.82,1008.9739,-25.8426,100.2
search_candidate_000333_cb107d7e,random-phased,5,5,0,99.6,64,56.4,174.8,68.9249,1674.8,1337,1290.2,2341.8,0,156.58,5.2,79.8,3121,2250,2122,4911,156.2,0,3,0.5525,21318.8,1654.5465,584.8023,21.9376,99.6
centered_candidate_000173_d1a29a58,centered-gaussian,5,5,0,99,85,71.2,137.6,31.4134,1813.2,1610,1520.6,2238.8,0,151.72,5.6,88.6,3606.2,3178,2913.4,4592.2,148.2,0,2.8,0.5302,21178,787.878,343.6856,55.4933,99
search_candidate_000295_a703ac67,random-phased,5,5,0,99,111,66.4,124.8,26.4348,1778.8,1967,1353.8,2102,0,152.3,5.4,87.8,3367.8,3583,2393.2,4268,155.8,0,3.2,0.4752,22331,835.9398,343.0367,53.1826,99
centered_candidate_000040_88713d3e,centered-gaussian,5,5,0,98.2,95,77.4,119.2,18.8616,1793.2,1806,1579.8,1967.8,0,147.72,5.4,88.8,3528.2,3499,3032.4,4020.2,145.2,0,3.2,0.5388,22495.6,436.3519,190.6215,67.9692,98.2
centered_candidate_000167_1f1d6886,centered-gaussian,5,5,0,98.2,100,55.4,138.2,36.8858,1762.6,1780,1220.6,2258.6,0,162.36,5.4,84.4,3718.6,3530,2553.4,4969.6,151,0,3,0.5585,21550,1106.7973,492.3245,36.9571,98.2
centered_candidate_000181_bc56844b,centered-gaussian,5,5,0,98,57,38,183.8,68.1997,1632.4,1177,905.2,2637.4,0,149.68,5,77.8,3212.8,2371,1320,5752.6,143.6,0,2.8,0.5705,20393.6,2058.4323,801.7096,3.9001,98
centered_candidate_000421_0ad47c52,centered-gaussian,5,5,0,98,59,40.8,191.8,83.2947,1634.4,1210,930.8,2701.2,0,151.5,5,77.6,3313.6,2522,1777.8,5527,143.2,0,3.2,0.5398,21994.8,1849.2695,898.9079,-0.8473,98
centered_candidate_000349_b43e6016,centered-gaussian,5,5,0,97.6,76,57.8,149.4,42.2687,1748.4,1651,1307.4,2214.4,0,157.32,5.4,83.6,3514.4,3262,2435.8,4713.4,145.8,0,2.6,0.6269,19716,1024.4541,413.6857,36.6657,97.6
centered_candidate_000084_01c2ccf4,centered-gaussian,5,5,0,97.4,89,81.6,121.2,21.8596,1774.4,1703,1534,2096.2,0,149.2,5.4,87.4,3443.2,3362,2874.8,4101.4,148.4,0,2.6,0.5717,19914.2,621.4484,286.6158,70.6702,97.4
centered_candidate_000120_65309831,centered-gaussian,5,5,0,97.4,90,56.6,146,45.8284,1727,1671,1166.2,2314.4,0,157.14,5.2,84,3544.2,3650,2040,5034.2,152.8,0,2.6,0.6928,20152.6,1448.5404,564.3038,33.6858,97.4
centered_candidate_000241_bd651224,centered-gaussian,5,5,0,97,100,54.2,137.6,38.869,1657.2,1815,1055.6,2164.6,0,133.88,5.4,80,2952.4,3083,1788.4,3973.2,146.2,0,2.4,0.672,19200.8,1065.3267,523.2829,34.7655,97
centered_candidate_000378_df313c6f,centered-gaussian,5,5,0,97,80,41,172.2,64.1966,1626.6,1607,910.8,2456.4,0,149.42,5.2,76.8,3070.8,2961,1343.6,5137.6,151.2,0,3,0.5537,21535.2,1828.6974,724.1452,8.9017,97
centered_candidate_000070_49b35a61,centered-gaussian,5,5,0,96.6,111,57.6,128.2,32.4629,1832.8,2024,1311.8,2243,0,162.64,5.6,89,3644.4,3918,2248.4,4949,151.2,0,3.2,0.5334,22172.4,1245.5047,428.4411,41.3685,96.6
centered_candidate_000076_babdacbe,centered-gaussian,5,5,0,96.6,84,57.2,147.2,42.4528,1747.2,1637,1325.4,2267.2,0,159.62,5.4,83.8,3466.8,3323,2471.4,4596.6,151.6,0,3,0.5166,20868.2,983.2819,433.1311,35.9736,96.6
centered_candidate_000034_20f3e43d,centered-gaussian,5,5,0,95.6,92,74.8,116.2,18.8743,1792.6,1761,1561.2,2026.8,0,160.02,5.2,88.4,3741.6,3944,3046.4,4374,144.6,0,2.8,0.4817,20110.2,608.1466,213.2169,65.3628,95.6
search_candidate_000217_b691dc91,random-phased,5,5,0,95.6,64,57,164.2,64.0768,1639.4,1290,1206.8,2390.2,0,147.22,5.2,78.4,3018,2077,1781,5150.8,151,0,2.4,0.6974,19117.2,1978.156,694.233,24.9616,95.6
centered_candidate_000488_2b8de3c3,centered-gaussian,5,5,0,95.4,95,45.6,150.2,48.2518,1675.8,1764,997.8,2340.8,0,152.62,5.2,80.4,3313.8,3450,1837.8,4728.6,149.4,0,2.8,0.6426,21243.4,1332.3143,608.1564,21.4741,95.4
search_candidate_000183_c86a9dfc,random-phased,5,5,0,95.4,65,60.6,152.4,46.8128,1743.8,1358,1324,2430.8,0,156.64,5.2,85.8,3203.2,2820,2268,4503.2,153.4,0,2.8,0.473,20224,1095.8019,553.4504,37.1936,95.4
centered_candidate_000293_3eb6258d,centered-gaussian,5,5,0,95,93,58.2,138.4,38.5071,1737.8,1858,1285.4,2171,0,148.8,5.2,85.6,3434.2,3483,2489.2,4475.8,143.2,0,2.2,0.6247,17656,939.6249,408.52,38.9464,95
search_candidate_000346_dbabd23b,random-phased,5,5,0,94.4,75,62.2,143.2,43.3294,1720,1568,1329.6,2254,0,152.24,5.4,84,3337.4,3124,2425.2,4446.8,161,0,3,0.5764,21298.8,1006.5159,495.8209,40.5353,94.4
centered_candidate_000047_53b56c0f,centered-gaussian,5,5,0,94.2,91,81,111.8,16.1171,1733.6,1728,1575.6,1910.6,0,141.32,5.2,86.6,3100.6,2811,2619.6,3733.2,143,0,2.8,0.633,20798.2,513.0866,151.624,72.9415,94.2
search_candidate_000307_4d9b80e6,random-phased,5,5,0,94.2,42,40.8,189.4,81.9815,1526.6,992,947.6,2518.2,0,141.6,4.6,74,2853,1553,1298.8,5421,147.4,0,2.6,0.586,19927.8,2156.549,832.6006,-0.1907,94.2
centered_candidate_000409_e8cb0c05,centered-gaussian,5,5,0,93.6,76,56.6,143,40.3366,1705.4,1552,1257.6,2262.8,0,147.94,5.2,83.6,3338.4,3133,2225.2,4637.6,146.6,0,2.2,0.5852,17844.2,1080.7202,457.3111,36.4317,93.6
centered_candidate_000488_07330347,centered-gaussian,5,5,0,93.6,87,59.8,134.6,37.1139,1741.6,1656,1357.6,2209.6,0,154.28,5.2,85.4,3591.2,3564,2822.8,4467.6,145,0,2.6,0.5693,19602.4,819.8425,447.3167,41.2431,93.6
search_candidate_000507_8b181fa1,random-phased,5,5,0,93.4,53,40.2,187.2,88.7076,1572.4,1196,911.6,2621,0,131.52,4.8,77.6,2549.2,1528,1153.8,4941,141.4,0,2.4,0.7261,19628.2,2212.1896,965.6286,-4.1538,93.4
centered_candidate_000205_f414d190,centered-gaussian,5,5,0,93.2,76,59,143.2,43.3746,1713.6,1514,1277.4,2389.6,0,150.2,5.2,84.2,3267.6,2590,2349.6,4820,149.4,0,2.8,0.5694,20693,1419.8156,635.3231,37.3127,93.2
general_top5-average-phased_721c5cbd,top5-average-phased,5,5,0,93.2,51,44.4,184.6,89.9675,1571.4,1208,1035.4,2462.6,0,151.52,5,73.2,3224.8,2249,1842.6,5594.2,145.8,0,2.8,0.6743,20859.8,2272.721,853.6572,-0.5838,93.2
search_candidate_000468_efabf977,random-phased,5,5,0,93,44,35,194.8,92.5613,1553,1178,854,2589.8,0,155.66,5,71.6,2870,2090,1113.2,5385.6,151.8,0,3.6,0.5167,24252,2204.9809,898.989,-11.2807,93
centered_candidate_000033_5a123b72,centered-gaussian,5,5,0,92,95,60,122.4,27.6188,1673,1632,1299.8,2064.8,0,147.9,5,82.6,3311.6,3162,2713.8,4067.2,147.6,0,2.6,0.5738,19573.8,638.4721,336.3986,46.1906,92
search_candidate_000493_d6368078,random-phased,5,5,0,92,42,33,196.8,95.902,1524.8,996,876.8,2579.8,0,150.66,4.8,71,2947.6,1792,1331.2,5497.6,145.2,0,2.6,0.639,20380,2204.1383,886.0121,-14.951,92
centered_candidate_000485_f5b8c0e7,centered-gaussian,5,5,0,91.6,86,56,131.8,33.6963,1685.8,1638,1240.8,2167.2,0,145.04,5.2,82.6,3196.4,3372,2224.2,4143,145.4,0,3,0.5682,21680.6,859.5819,409.2952,39.1519,91.6
search_candidate_000107_ea63f344,random-phased,5,5,0,91.6,94,52.8,133.4,38.6813,1656.2,1663,1197.6,2143.6,0,151.72,5,80.8,3347,3359,2308.4,4436,149.4,0,2.8,0.4891,20473.2,975.406,434.8385,33.4594,91.6
centered_candidate_000148_16307d5d,centered-gaussian,5,5,0,91.2,88,64.4,121.2,29.383,1709.2,1700,1335.4,2072.2,0,156.2,5.2,82.6,3413.4,3301,2616.6,4249.8,144.4,0,2.6,0.5619,19760.8,776.6571,359.5433,49.7085,91.2
centered_candidate_000381_fac353ce,centered-gaussian,5,5,0,91,93,43.2,140.2,42.9185,1607.8,1626,1052.2,2161.6,0,142.38,5,78,3067,3254,1892.8,4206.8,145.4,0,2.6,0.5773,19907.4,1029.2316,488.4459,21.7407,91
centered_candidate_000110_9fd63ed1,centered-gaussian,5,5,0,90.8,77,65.8,125,27.9027,1722.4,1586,1394.2,2125.4,0,148.24,5.4,83.6,3249.6,3091,2763,3887.2,144,0,2.8,0.5352,20814.8,536.9147,341.2639,51.8487,90.8
centered_candidate_000136_46081d7e,centered-gaussian,5,5,0,90.8,78,46.4,147.8,52.7613,1614,1527,1047.4,2232,0,152.96,5.2,76,3304.4,3191,1792.2,4956.6,152,0,2.6,0.6385,19943.8,1595.0949,579.3124,20.0193,90.8
search_candidate_000023_f6750390,random-phased,5,5,0,90.4,73,49.4,141,41.5673,1609,1479,1042,2226.4,0,139.24,5,80.6,3084.6,2695,1711.6,4583.8,164.4,0,2.8,0.6059,22317.2,1304.508,526.4112,28.6164,90.4
centered_candidate_000259_cd24bd38,centered-gaussian,5,5,0,90.2,73,51,136.8,38.8402,1639.2,1492,1158,2171,0,144.56,5.2,79,3273,2925,2302.6,4389.2,146.2,0,2.6,0.5343,19681.6,959.5922,466.8051,31.5799,90.2
centered_candidate_000032_ae99dd82,centered-gaussian,5,5,0,90,86,65.6,120.2,27.4736,1716.6,1728,1438.2,2014.4,0,156.74,5.2,83.2,3414.4,3419,2789.4,4091.4,143.4,0,2.6,0.5347,19386.4,588.6913,274.9099,51.8632,90
centered_candidate_000328_036f9543,centered-gaussian,5,5,0,89.8,80,50,143.6,47.751,1718,1720,1182.6,2340.2,0,165.16,5.2,82.4,3697,3519,2391.6,5311.8,148.2,0,3,0.489,21103,1437.5497,554.7695,26.1245,89.8
centered_candidate_000358_39ada502,centered-gaussian,5,5,0,89.8,86,61,122.8,30.7727,1677.4,1645,1324.4,2067.6,0,145.42,5.2,82,3268.8,3109,2533.6,4168,145,0,2.8,0.5619,20689,825.8705,384.3168,45.6136,89.8
centered_candidate_000392_562e307c,centered-gaussian,5,5,0,89.4,87,44.6,139.4,43.1444,1622.6,1697,1003.4,2221.6,0,139.22,5,79.6,3148,3440,1548,4660.6,142.2,0,2.2,0.6532,17924.4,1394.4778,539.7201,23.0278,89.4
centered_candidate_000403_755cd460,centered-gaussian,5,5,0,89.4,77,57,128.8,32.2279,1641.6,1484,1233.6,2115.8,0,136,5.2,80.6,2904.2,2803,2164.2,3708,144.6,0,2.8,0.5535,20983.2,680.9727,398.2495,40.886,89.4
centered_candidate_000372_d5a9b4ff,centered-gaussian,5,5,0,89.2,86,64,115.4,22.6751,1690,1701,1377.6,2001.4,0,145.1,5.2,83.2,3246.2,3017,2529.6,4028,145,0,2.8,0.5178,20516,676.2962,275.0062,52.6625,89.2
search_candidate_000084_c045b771,random-phased,5,5,0,89.2,82,46.4,144.8,50.2569,1669.2,1626,1142.4,2287,0,160.46,5.2,79.4,3408,3070,2269.2,4903,150,0,3.2,0.5237,22065.6,1308.0491,545.4457,21.2715,89.2
centered_candidate_000363_02870696,centered-gaussian,5,5,0,89,87,76.4,104.8,14.4222,1674.2,1669,1535.8,1819,0,147.24,5.2,81.6,3221.6,3207,2880.4,3584.4,145.4,0,3,0.5329,21430.6,311.967,129.9437,69.1889,89
search_candidate_000362_e44c0c85,random-phased,5,5,0,89,84,75,107,14.9265,1685.8,1680,1557.4,1804.6,0,139.66,5.2,83.8,3068.2,3110,2658.8,3457.2,145.8,0,3,0.5279,21535,352.6848,112.2237,67.5368,89
search_candidate_000494_70286036,random-phased,5,5,0,89,79,36.6,157.4,61.498,1563,1613,897.4,2309.2,0,153.82,4.8,73.6,2749.6,2643,1356.8,4409.4,141.2,0,2.6,0.7096,19874,1474.6794,678.7144,5.851,89
centered_candidate_000454_b6f6da9c,centered-gaussian,5,5,0,88.8,79,65.4,123.8,31.8898,1675,1631,1351.4,2083.8,0,143.8,5,83.4,3243.6,3023,2680.2,4037.4,143,0,3,0.5376,21591.4,714.3583,367.0488,49.4551,88.8
search_candidate_000047_039949b8,random-phased,5,5,0,88.4,53,47,161.6,67.408,1581,1257,1060.2,2420.8,0,131.92,5.2,76.4,2510,1840,1260,4365.2,145.2,0,2.6,0.5983,20185,1587.6997,758.8093,13.296,88.4
centered_candidate_000294_46b8f25d,centered-gaussian,5,5,0,88.2,69,57.8,134.6,39.4127,1653.6,1466,1314.4,2142,0,149.24,5,80.8,3258.8,2738,2559.6,4359,143.4,0,3.2,0.5315,22508.8,911.4159,414.0752,38.0937,88.2
centered_candidate_000516_705ec931,centered-gaussian,5,5,0,88.2,77,41,142.4,45.2875,1616.2,1544,995.2,2276.2,0,143.28,5,78.6,2904,2618,1428.6,4596.2,142.6,0,2.8,0.5968,20414.4,1408.3075,570.2096,18.3562,88.2
centered_candidate_000109_9b412fc1,centered-gaussian,5,5,0,88,89,58,117.6,26.4651,1656.2,1708,1319.8,1960.6,0,141.68,5.2,81,3254.2,3178,2589.4,4007.4,144.6,0,3,0.5725,21749,661.3905,308.7973,44.7675,88
centered_candidate_000278_7b5f7cf8,centered-gaussian,5,5,0,88,80,52.6,130,35.5359,1602,1544,1171.4,2077.4,0,132,5.2,78.8,2785.6,2536,1741.8,3988.2,151.6,0,2.4,0.6339,19174.6,1052.2571,427.4333,34.8321,88
general_top10-median-phased_bd76ce12,top10-median-phased,5,5,0,87.6,63,44.6,154,60.5264,1512.2,1248,974.2,2261,0,148.52,4.8,70.4,2905.4,2361,1620,4593.2,140.6,0,2.6,0.6287,19368.4,1423.7378,637.9227,14.3368,87.6
general_topN-median-phased_8a336a8b,topN-median-phased,5,5,0,87.6,63,44.6,154,60.5264,1512.2,1248,974.2,2261,0,148.52,4.8,70.4,2905.4,2361,1620,4593.2,140.6,0,2.6,0.6287,19368.4,1423.7378,637.9227,14.3368,87.6
centered_candidate_000198_945353eb,centered-gaussian,5,5,0,87.4,72,58.4,123.6,29.6891,1649.6,1494,1267,2107,0,141.54,5,82,3062.6,2484,2415.6,4024.8,144.6,0,2.8,0.5076,20574,768.6111,376.5536,43.5555,87.4
centered_candidate_000035_4aa6b3a5,centered-gaussian,5,5,0,87.2,91,64.8,108.2,19.8232,1652.8,1557,1377.6,1956.8,0,141.28,5,82.2,3184.2,3165,2473.4,3807.8,143.4,0,2.6,0.6166,19867.4,635.6258,264.3281,54.8884,87.2
centered_candidate_000164_4db49177,centered-gaussian,5,5,0,87,65,49.2,145.8,52.3335,1581,1358,1119.2,2243.6,0,154.58,5,74.8,3134.6,2451,2153.6,4665.8,151,0,2.6,0.6025,19350,1311.1474,559.7535,23.0332,87
centered_candidate_000345_1337de49,centered-gaussian,5,5,0,87,63,57.8,135,40.7873,1606.6,1361,1202.6,2195.4,0,140.26,4.8,79.8,3047,2719,2072,4282.2,141.4,0,2.6,0.5487,19544.6,1051.7735,486.4659,37.4064,87
centered_candidate_000355_a625b113,centered-gaussian,5,5,0,86.8,83,70.2,106.2,16.738,1631.6,1659,1422.4,1823,0,141.88,5,80.4,3201.8,3130,2778,3717.4,143.4,0,3.2,0.4848,22317.2,459.5769,182.6468,61.831,86.8
centered_candidate_000449_cb26bcf2,centered-gaussian,5,5,0,86.4,81,65.2,114.4,25.1444,1645.4,1533,1430.4,1960.8,0,152.46,5.2,78.6,3101.2,2934,2478.4,3892.4,145.2,0,2.2,0.58,17417.4,717.4985,281.9799,52.6278,86.4
centered_candidate_000225_238db095,centered-gaussian,5,5,0,86,66,59.8,127.8,34.7218,1637.4,1387,1341.4,2114,0,153.6,4.8,80.2,3281.6,2944,2490.8,4351,141.2,0,3.2,0.5053,22095.4,874.1475,388.7131,42.4391,86
centered_candidate_000461_770ae0d3,centered-gaussian,5,5,0,86,74,54.8,129.4,39.1663,1646,1463,1255.6,2180,0,146.54,5,81.2,3164,2582,2313.4,4470.6,146.2,0,2.8,0.5148,20488.2,1098.4689,449.6697,35.2168,86
centered_candidate_000071_4afe69e6,centered-gaussian,5,5,0,85.8,77,64.8,112,21.9217,1686.6,1688,1325.4,2036.6,0,145.58,5.2,83.2,3262,3277,2576,3951.8,144.4,0,3,0.5626,21702.4,604.0285,313.0997,53.8392,85.8
search_candidate_000381_cc252fa7,random-phased,5,5,0,85.4,80,64.6,111,23.053,1676,1604,1378.4,2026.8,0,148.44,5,83.4,3291.2,2843,2768.2,4119,145.6,0,3.2,0.5497,22235,666.97,321.3546,53.0735,85.4
centered_candidate_000469_44349919,centered-gaussian,5,5,0,85.2,76,74.8,102.6,14.6342,1623.6,1537,1530.2,1795.2,0,142.5,5.2,78.4,3120,2938,2710.2,3726,143.4,0,3.4,0.5166,23342,568.7928,157.4809,67.4829,85.2
centered_candidate_000402_7222d661,centered-gaussian,5,5,0,85,71,52.2,130.4,39.7643,1544.2,1548,1152.2,1975.6,0,151.9,5,71.8,3122.4,2869,2189.8,4328.2,144.8,0,2.8,0.583,20144.6,1050.7886,398.0077,32.3178,85
centered_candidate_000286_bbbb9db1,centered-gaussian,5,5,0,84.8,86,73.8,94,9.3252,1663.4,1652,1547.6,1795,0,147.48,5,82.4,3318,3098,2847,3914.8,143.8,0,3,0.5259,21415.4,482.4019,111.0974,69.1374,84.8
centered_candidate_000333_764d8093,centered-gaussian,5,5,0,84.6,108,43.8,113.6,32.9217,1618.4,1915,1032.6,2045.2,0,140.68,5,79.6,3089,3622,1850.4,4096.6,141.6,0,3,0.5692,21464.2,1023.8115,468.7748,27.3391,84.6
search_candidate_000354_f15675e9,random-phased,5,5,0,84.2,87,73.8,93.4,8.727,1646.8,1672,1578.4,1705.4,0,153.42,5,80.4,3400.2,3377,2966.4,3857,147,0,3.2,0.4791,22184,391.6822,57.4435,69.4365,84.2
centered_candidate_000105_53356340,centered-gaussian,5,5,0,84,79,48,120.8,32.7475,1601,1652,1077.6,2042,0,135.2,5,79.4,3030.8,2951,1696.8,4300.4,144.2,0,2.2,0.6565,18135.4,1170.3147,449.0443,31.6262,84
centered_candidate_000473_81f19144,centered-gaussian,5,5,0,84,85,41.8,125.2,36.7967,1615,1653,982.8,2198.2,0,135.96,5,80.4,3025.2,3348,1537.2,4236.6,144,0,2.8,0.5971,20992.4,1235.5704,541.7656,23.4016,84
centered_candidate_000124_d898be15,centered-gaussian,5,5,0,83.8,74,53.8,120.2,32.121,1615,1569,1179.4,2081.4,0,141.52,5,79.4,3089.4,2838,2155.6,4193.4,143.2,0,2.6,0.5422,19203.6,970.1362,440.7448,37.7395,83.8
centered_candidate_000057_9feaa072,centered-gaussian,5,5,0,83.6,89,71.4,93,9.992,1648.2,1646,1551.2,1754.6,0,143.94,5,81.8,3083.4,2938,2818.4,3434,143,0,3,0.5292,21791.8,281.8805,91.1469,66.404,83.6
centered_candidate_000168_4e5fd3ef,centered-gaussian,5,5,0,83.6,74,50.6,120.8,31.2064,1607.2,1537,1159.6,2089.6,0,145.56,5,78.2,3201.8,2905,2478.6,4121.6,143.8,0,2.2,0.5548,17562.8,767.6503,409.6757,34.9968,83.6
centered_candidate_000503_7ac43a3e,centered-gaussian,5,5,0,83.6,62,40.4,141.6,46.8384,1549.4,1437,917.2,2247.6,0,149.98,4.8,74.6,2993.8,2880,1421.2,4753.6,149,0,3,0.5843,21821.8,1531.3336,587.6957,16.9808,83.6
search_candidate_000424_c92e9fb5,random-phased,5,5,0,83.6,76,64.4,109.4,23.1914,1633.4,1639,1390.6,1889.4,0,153.9,5,79.8,3429.6,3558,2952.8,3843.2,152,0,2.8,0.4806,20248.6,418.0744,243.8956,52.8043,83.6
centered_candidate_000120_13eb2082,centered-gaussian,5,5,0,83.4,84,62.8,103.6,19.8151,1583.4,1610,1317.2,1821.6,0,142.72,5,76.4,3072.8,3085,2230,3857,141,0,2,0.5827,17036.4,737.6515,248.8305,52.8924,83.4
search_candidate_000515_42910cee,random-phased,5,5,0,82.8,82,68.4,98.6,15.1182,1613.4,1567,1352.8,1897,0,134.66,5,81,2702.2,2840,2065.6,3190,147.8,0,2.6,0.6224,20094.8,541.9145,260.1573,60.8409,82.8
centered_candidate_000352_12f6e2d7,centered-gaussian,5,5,0,82.4,76,66,104.6,18.3586,1575.6,1538,1383.6,1782.2,0,145.32,4.8,77,3096.8,2758,2543.2,3830.4,142.2,0,2.6,0.4958,19303,590.0825,176.466,56.8207,82.4
centered_candidate_000476_fce71f0f,centered-gaussian,5,5,0,82.4,81,56.2,111.2,25.6874,1643.8,1608,1301,2010.8,0,151.62,5,80.4,3353.8,3104,2556.8,4255.8,144.2,0,3,0.4952,20962.2,766.412,343.5773,43.3563,82.4
search_candidate_000414_0820fb1c,random-phased,5,5,0,82.4,67,50.4,124.6,35.6573,1515.8,1403,1069.4,2025.6,0,129.8,4.8,75.2,2764.8,2562,1803.8,3804,148.2,0,2.8,0.5926,20591.6,931.6187,447.4074,32.5714,82.4
centered_candidate_000192_212ad7e8,centered-gaussian,5,5,0,82.2,65,54.6,118.8,29.5932,1591.2,1416,1269.6,2018.6,0,154.46,4.8,76.8,3138.6,2818,2226.4,4205,142.2,0,2.4,0.5995,18387,894.8237,342.4765,39.8034,82.2
centered_candidate_000320_5492d7d1,centered-gaussian,5,5,0,82.2,80,59.4,106.4,20.7113,1522.4,1465,1274.6,1803.2,0,137.8,5,72.6,2936,2957,2267.2,3611.4,144,0,2.2,0.6248,17583.8,611.3961,238.5235,49.0443,82.2
search_candidate_000423_eb14dacb,random-phased,5,5,0,82.2,73,51.2,118.8,30.1689,1553.2,1440,1154.8,2006.6,0,134.18,5,76.4,2812.8,2660,1989.4,3684.2,150.2,0,2.8,0.6006,20762,749.93,377.9277,36.1156,82.2
search_candidate_000162_6f83b524,random-phased,5,5,0,82,79,65.6,100.6,17.088,1575,1606,1348.4,1767.4,0,134.42,5,78,2868.6,2885,2312.8,3397.8,148,0,3.4,0.5657,23262.6,500.9849,214.4631,57.056,82
centered_candidate_000259_23513415,centered-gaussian,5,5,0,81.8,77,56.6,109.8,23.5491,1625.4,1467,1273.4,2053.4,0,146.02,5,79.8,3243.8,3051,2439.8,4165.2,143,0,2.6,0.5782,19537.4,767.262,353.8376,44.8255,81.8
general_top10-median-phased_938b23b2,top10-median-phased,5,5,0,81.8,77,56.6,109.8,23.5491,1625.4,1467,1273.4,2053.4,0,146.02,5,79.8,3243.8,3051,2439.8,4165.2,143,0,2.6,0.5782,19537.4,767.262,353.8376,44.8255,81.8
general_topN-median-phased_da7410bd,topN-median-phased,5,5,0,81.8,77,56.6,109.8,23.5491,1625.4,1467,1273.4,2053.4,0,146.02,5,79.8,3243.8,3051,2439.8,4165.2,143,0,2.6,0.5782,19537.4,767.262,353.8376,44.8255,81.8
search_candidate_000478_497b2b5d,random-phased,5,5,0,81.8,71,58,114.8,27.5202,1564.8,1557,1213.2,1962.8,0,144.28,5,75.4,3079.6,2928,2589.4,3749.4,147,0,2.8,0.5828,20550,598.4101,349.5548,44.2399,81.8
centered_candidate_000260_16e1f89d,centered-gaussian,5,5,0,81.6,90,43.6,114.8,31.7276,1554.2,1711,1076.6,1946.2,0,144.62,4.8,75.2,3037.8,3300,2114.8,3792.4,140,0,2.6,0.5364,19783.4,753.9662,394.0855,27.7362,81.6
centered_candidate_000344_caf14355,centered-gaussian,5,5,0,81.4,83,51.6,110.6,26.6278,1569,1747,1151,1874.6,0,148.98,4.6,77.4,3183.2,3457,2194.8,3965.8,142.4,0,2.8,0.4964,20441.4,804.8603,339.2297,38.2861,81.4
centered_candidate_000463_2a9262c6,centered-gaussian,5,5,0,81.4,85,40.4,121.8,36.0588,1456,1529,865,2005.6,0,129.06,4.6,71.2,2629,2869,1277.4,3855.2,141.4,0,2.4,0.5815,19411.8,1138.6917,509.3667,22.3706,81.4
centered_candidate_000513_9b3d3f5a,centered-gaussian,5,5,0,81.4,83,69,93,11.5689,1617.2,1663,1404,1803.6,0,147.04,5,79,3193.8,3192,2780.4,3616,143.2,0,3.2,0.5304,22586.8,421.4406,187.9015,63.2155,81.4
centered_candidate_000080_5399e6c8,centered-gaussian,5,5,0,81,73,47.2,123.2,36.8456,1521.4,1534,1072.6,1981.4,0,137.66,4.8,73.8,2800.8,2568,2054.2,3651,140.8,0,2,0.6572,16591,714.0242,419.2367,28.7772,81
centered_candidate_000088_9045ecb6,centered-gaussian,5,5,0,81,89,63.4,94.2,14.1845,1607.4,1698,1381,1790.8,0,147.32,5,78.2,3196.6,3310,2548.6,3856.4,143.6,0,2.6,0.5412,19127.8,599.0308,186.4217,56.3078,81
centered_candidate_000325_18d41cf3,centered-gaussian,5,5,0,81,84,64.8,94.4,14.9933,1599.4,1665,1358,1785,0,147.92,5,77.2,3297.6,3324,2819.2,3745,141.2,0,2.4,0.5961,18598.4,408.2002,197.9056,57.3033,81
centered_candidate_000389_6413b8cb,centered-gaussian,5,5,0,81,65,58.4,113.6,25.8844,1574.6,1391,1278,1973.2,0,141.24,4.8,77.8,3115.8,2778,2573.2,3865,142.4,0,2.8,0.5294,20770,597.14,319.2219,45.4578,81
centered_candidate_000399_3f4f9ab7,centered-gaussian,5,5,0,81,71,56.8,110.8,24.2405,1612.4,1448,1262.2,2030.2,0,144.04,5,79.2,3273.4,3330,2249.2,4186,143.8,0,3,0.6065,21709.6,871.2808,349.5761,44.6798,81
centered_candidate_000191_a64155e5,centered-gaussian,5,5,0,80.8,83,47.2,112.2,28.7221,1519.8,1519,1081.8,1944.4,0,138.6,4.8,74,2925.6,3248,1848,3834.4,145.8,0,2.4,0.6361,19084.4,899.5131,380.1597,32.8389,80.8
centered_candidate_000235_2f111079,centered-gaussian,5,5,0,80.8,93,54,102.2,22.0581,1600.2,1763,1260.8,1868.6,0,150.18,4.8,78.4,3244.8,3492,2516.6,3848.2,142,0,3,0.5377,21607,597.3583,279.6822,42.9709,80.8
centered_candidate_000037_29395b4f,centered-gaussian,5,5,0,80.6,91,54,100.4,22.1233,1556.4,1642,1155.8,1877.4,0,149.22,4.8,75,3192.8,3252,2355.8,3933.6,142.4,0,3.6,0.5341,24060,724.7194,337.1745,42.9384,80.6
centered_candidate_000452_b95dab5f,centered-gaussian,5,5,0,80.6,73,66.4,101,17.3274,1602.6,1556,1341.6,1924.4,0,144,5,78.8,3108,2846,2377.4,4067,147.4,0,2.6,0.5856,19834.2,862.7924,293.865,57.7363,80.6
centered_candidate_000230_9037bcf1,centered-gaussian,5,5,0,80.4,75,61,104.8,20.9342,1621.6,1498,1395.8,1932.4,0,149.42,5,79.4,3229.8,3139,2686,3904.8,146.8,0,2.4,0.523,18653.6,603.1804,261.9317,50.5329,80.4
centered_candidate_000023_09a53491,centered-gaussian,5,5,0,80.2,90,54.4,101,21.0276,1532.8,1702,1134.8,1856,0,140.86,4.8,74.4,3000.6,3381,2142.8,3691.4,141.4,0,2.6,0.5925,19946.8,707.1437,328.138,43.8862,80.2
centered_candidate_000344_cce3c416,centered-gaussian,5,5,0,80.2,80,47.4,113.4,30.3275,1551.8,1547,1062.8,2039.2,0,141.06,4.6,77.2,3038.8,2825,1888,4313.4,140.4,0,2.6,0.5906,19735.8,1119.3163,451.6213,32.2362,80.2
centered_candidate_000025_2edc0bd0,centered-gaussian,5,5,0,80,74,46.2,115.2,30.6268,1523.8,1522,1082.8,1920.2,0,142.1,4.8,73.4,2970.8,3255,1963.2,3819.4,141,0,2.6,0.5686,19362.4,843.8942,382.3357,30.8866,80
centered_candidate_000446_66e432cf,centered-gaussian,5,5,0,80,87,52.2,106.2,24.5275,1587.2,1647,1208.6,1950.2,0,149.36,4.8,77.6,3274.6,3398,2387.8,4078.2,142.4,0,2.8,0.5553,20456.8,745.5255,329.0315,39.9362,80
centered_candidate_000464_24deda03,centered-gaussian,5,5,0,80,90,62.6,92.2,13.9714,1548.6,1568,1329.2,1752,0,142.7,4.6,76.6,2989.4,3122,2531,3350.6,139.4,0,2.4,0.5338,18815.2,377.6213,187.0974,55.6143,80
centered_candidate_000187_a591a95c,centered-gaussian,5,5,0,79.8,77,61.2,102.4,19.9439,1596.8,1659,1303.8,1881,0,146.74,4.8,78.8,3184.2,3155,2795.6,3633.2,141.6,0,2.8,0.5329,20812.8,393.0971,261.1715,51.228,79.8
centered_candidate_000519_90008e93,centered-gaussian,5,5,0,79.8,87,50.8,105.6,25.0791,1561.8,1662,1120.4,1935.6,0,144.56,4.6,77.6,3051.2,3520,2022.4,3798,141,0,3,0.5226,21358.2,823.4069,372.9506,38.2605,79.8
search_candidate_000233_1ba24e17,random-phased,5,5,0,79.8,66,52,117.8,31.2179,1581.4,1342,1236.2,2082.4,0,145.2,4.8,78.2,2979.4,2580,2329,3912,146,0,2.4,0.5446,18552.6,753.0688,406.1687,36.391,79.8
centered_candidate_000083_8e92a015,centered-gaussian,5,5,0,79.6,73,63,100.4,16.895,1571.6,1523,1370.2,1807.4,0,137.96,4.8,78.2,2964,2877,2410,3556.4,141.4,0,2.8,0.5651,20993.2,513.6618,200.3173,54.5525,79.6
search_candidate_000035_1dbfc211,random-phased,5,5,0,79.6,81,65.2,94,12.753,1599.6,1660,1352.4,1805,0,137.92,5,79.8,2779.8,2664,2409.4,3197.2,148.6,0,3,0.5574,21512,352.203,202.6175,58.8235,79.6
search_candidate_000495_c85b95f4,random-phased,5,5,0,79.6,81,73.4,85.4,5.3516,1545,1492,1472.2,1646.8,0,127.82,5,77,2665.8,2639,2528.2,2829.6,149.4,0,3,0.5915,21417.8,155.1301,81.2994,70.7242,79.6
search_candidate_000237_47a55925,random-phased,5,5,0,79.4,80,50,109.4,26.8,1584.8,1722,1120.6,1982.4,0,149.2,4.6,79,3154,3082,2421.2,4051.2,143,0,2.6,0.5334,19367.4,816.2284,394.6256,36.6,79.4
search_candidate_000469_d1ca22e6,random-phased,5,5,0,79,38,35.2,154.4,63.498,1408.4,966,862.2,2275.8,0,130.46,4.4,70,2234.2,1480,1206,3884.6,154.2,0,2.4,0.7308,19833.6,1411.0232,706.0483,3.451,79
search_candidate_000431_da19517d,random-phased,5,5,0,78.8,73,66.8,93.4,12.0399,1572.4,1526,1401.8,1774.8,0,138.14,4.8,78.6,3000.6,2822,2580,3512.4,144.4,0,2.8,0.5495,20267.8,419.5863,166.3522,60.78,78.8
centered_candidate_000266_5adc208e,centered-gaussian,5,5,0,78.4,61,56.2,112.2,27.023,1512.2,1346,1262.8,1846.6,0,148.08,4.6,73,3024,2776,2232.8,3920,140.6,0,2.6,0.5988,19395,752.9125,269.6897,42.6885,78.4
centered_candidate_000100_873dd227,centered-gaussian,5,5,0,78.2,74,64.4,93,13.1514,1486.8,1540,1337.8,1608,0,138.3,4.8,71.6,2904,2749,2559.8,3377.8,145.4,0,3,0.5122,21619.2,409.4259,122.189,57.8243,78.2
search_candidate_000010_b257cc28,random-phased,5,5,0,78.2,79,69,87.2,8.0846,1591.8,1632,1452,1714,0,140.4,5,79,3045,3013,2970.8,3137.8,149.4,0,3,0.503,21665.8,75.591,116.7774,64.9577,78.2
search_candidate_000197_227c8b21,random-phased,5,5,0,78,77,51.2,107.6,25.5734,1552.6,1646,1166.6,1911.6,0,148.52,4.8,75.8,2807.2,3010,1985.6,3512,149.2,0,2.6,0.6362,19546.4,677.9538,337.003,38.4133,78
centered_candidate_000200_17785865,centered-gaussian,5,5,0,77.8,84,55.4,98.8,19.8535,1529,1647,1215.6,1796.4,0,140.02,4.8,74.4,2919.8,3085,2172.6,3559.6,140.8,0,2.8,0.528,20463,618.2418,264.1325,45.4733,77.8
search_candidate_000337_73e2a0c9,random-phased,5,5,0,77.8,78,54.8,101.8,23.3529,1551.2,1506,1236.2,1895.2,0,141.7,5,75.2,2954,3102,2109.6,3677.4,146.8,0,2.4,0.6021,18959.6,804.7074,328.6819,43.1235,77.8
centered_candidate_000269_e0c03cd3,centered-gaussian,5,5,0,77.2,77,61.6,91.6,14.4969,1544,1571,1330.4,1717.2,0,136.6,5,75.4,2794.8,2733,2490.4,3104.6,145.6,0,3,0.5757,21648.8,277.0829,183.8728,54.3516,77.2
search_candidate_000387_4b7e2406,random-phased,5,5,0,77.2,81,35.4,116.8,36.3065,1461.6,1626,803,1987.2,0,128.12,4.8,75.2,2517.8,2670,1146,3743,184,0,2.2,0.9641,21268.4,1173.539,538.3525,17.2468,77.2
centered_candidate_000063_01586ceb,centered-gaussian,5,5,0,77,83,48.4,102.4,23.9666,1512.2,1575,1089,1865.4,0,140.48,4.6,74.4,3033.6,3037,2135.6,3866.8,140,0,2.8,0.53,20520.8,778.4175,353.6249,36.4167,77
search_candidate_000065_2a197676,random-phased,5,5,0,76.8,78,59.2,95.8,17.4057,1553.2,1586,1262.4,1861.2,0,142.26,4.8,76.6,2971,2955,2202.8,3823,145,0,2.8,0.5554,20313.4,732.8664,279.8588,50.4971,76.8
centered_candidate_000050_7bc756c6,centered-gaussian,5,5,0,76.6,77,62.2,90.4,12.6586,1582.2,1605,1378.8,1769.2,0,142.64,4.8,78.6,3125.6,3315,2393,3766,141,0,3,0.6229,21520.6,609.8972,182.9332,55.8707,76.6
centered_candidate_000142_47a4b8a4,centered-gaussian,5,5,0,76.6,71,52.6,104.4,25.4763,1520,1567,1185,1813.6,0,142.84,4.8,73.4,2938.8,2989,2422.6,3499,141.6,0,2.6,0.5324,19702.2,509.9609,315.2624,39.8619,76.6
centered_candidate_000486_b582459b,centered-gaussian,5,5,0,76.4,85,49,101.2,23.6525,1504.8,1586,1151.4,1827.4,0,141.54,4.8,72.4,2923.8,3315,2083,3571.2,141.4,0,2.4,0.6418,18899,689.7105,302.2247,37.1738,76.4
search_candidate_000273_e6624820,random-phased,5,5,0,76.4,80,53.6,95.6,20.4509,1481.6,1541,1116.8,1781.6,0,135.28,4.8,73.2,2740.2,3058,1877.8,3368.4,158.6,0,2.4,0.6963,19864.4,710.9696,321.5429,43.3745,76.4
centered_candidate_000115_9f21a89f,centered-gaussian,5,5,0,76.2,85,46.2,100.4,25.3882,1460.8,1684,1055,1709.4,0,137.44,4.6,71,2856,3306,1809.6,3607.6,142.8,0,2.4,0.5867,18641,853.3407,330.6801,33.5059,76.2
search_candidate_000320_70a00eb8,random-phased,5,5,0,76.2,86,44.8,103.2,26.791,1475.6,1578,1011.8,1872.2,0,132.02,4.6,73.2,2363.6,2565,1425.2,3169,143.6,0,2.8,0.5803,20718.8,828.0325,399.9418,31.4045,76.2
centered_candidate_000043_7a578310,centered-gaussian,5,5,0,76,77,56,97,18.8149,1566.6,1629,1277.6,1828.2,0,146,4.8,76.8,3022.8,3086,2513.8,3527.8,141.2,0,2.4,0.576,18610.2,451.3395,251.5079,46.5926,76
centered_candidate_000445_1cc5f8c1,centered-gaussian,5,5,0,76,80,69,80,5.831,1524.8,1539,1424.4,1613.2,0,144.18,4.8,73.8,3007,2963,2560.6,3468.4,142.8,0,3,0.5584,21642.4,404.046,87.5155,66.0845,76
search_candidate_000027_0930c8ae,random-phased,5,5,0,76,68,46.4,111.6,29.853,1448.8,1420,1046.6,1862.6,0,125.52,4.6,72.2,2579,2319,1857.6,3464.2,144.8,0,2.4,0.6578,19134.6,730.4045,364.9243,31.4735,76
search_candidate_000132_9eb83cc2,random-phased,5,5,0,75.4,69,55.6,101.4,21.9144,1503.6,1506,1235.8,1784,0,132.96,4.8,74.6,2678.2,2400,2331.8,3249.2,149,0,2.8,0.5775,20346.6,484.7805,243.9464,44.6428,75.4
search_candidate_000185_7805d97c,random-phased,5,5,0,75.4,72,44.4,114,35.5168,1519,1480,1074.8,2031.2,0,153.74,4.8,72.2,3001,3113,2071.6,3971.8,146.6,0,2.6,0.5012,19188.8,892.786,450.2399,26.6416,75.4
centered_candidate_000086_e201caa4,centered-gaussian,5,5,0,75.2,50,41.2,129.6,46.4,1413,1106,987.6,2081.4,0,145.58,4.6,65.8,2710.6,2098,1552.4,4491.2,142.8,0,2.4,0.7317,19460,1609.4983,563.1998,18,75.2
search_candidate_000054_3c2ab690,random-phased,5,5,0,75,68,56.4,98.4,18.9737,1479.6,1321,1203.4,1869.6,0,130.14,4.8,74.6,2436.6,2419,1728,3131.6,163.6,0,2.4,0.65,19973.8,620.8187,315.1023,46.9132,75
search_candidate_000097_466a925b,random-phased,5,5,0,75,39,25.8,155.2,68.9783,1306,882,647.4,2318.2,0,114.78,4.6,61.8,1946,1169,769.4,3844.8,140.4,0,2.4,0.7328,19761.4,1666.5455,848.5783,-8.6891,75
centered_candidate_000265_42885b1f,centered-gaussian,5,5,0,74.8,77,52.6,95.6,20.8365,1524.2,1601,1232,1735,0,145.62,4.8,73.4,2881.2,2950,2382.6,3319.6,139.8,0,2.8,0.5382,20467.2,474.6702,271.6464,42.1817,74.8
centered_candidate_000038_0d05d7db,centered-gaussian,5,5,0,74,69,58.6,95,19.308,1486,1460,1276.4,1753.2,0,142.98,4.8,71,2905.2,2928,2450.6,3380.4,142.4,0,2.6,0.5424,19953.8,450.7476,244.9678,48.946,74
centered_candidate_000324_aceccfe5,centered-gaussian,5,5,0,73.8,78,48,99.4,23.9783,1509.4,1587,1109,1879.8,0,140.88,4.6,74.8,2833,2757,2222.8,3458.8,143.2,0,2.6,0.5593,19751.6,584.1572,358.7654,36.0108,73.8
search_candidate_000265_db42bbdb,random-phased,5,5,0,73.8,71,63.8,86.6,10.7778,1485.6,1520,1297.8,1677.2,0,134.6,4.6,74.4,2587.2,2450,2308,3009.6,148.4,0,2.4,0.5837,18179.4,402.2827,174.4232,58.4111,73.8
centered_candidate_000095_77d50f91,centered-gaussian,5,5,0,73.6,79,51,91.4,18.7787,1480,1579,1105.4,1785.8,0,144.72,4.4,72.6,3003,3143,2135.4,3784.6,137.4,0,2.6,0.5431,19200.6,749.8789,310.2721,41.6106,73.6
centered_candidate_000170_5aae802d,centered-gaussian,5,5,0,73.6,77,47.2,97.8,22.8175,1476,1541,1080.8,1833.4,0,137.74,4.6,72.2,2830,2998,1854.4,3682,139.4,0,2.6,0.6154,19476.4,825.0973,338.8941,35.7912,73.6
centered_candidate_000351_949d9d70,centered-gaussian,5,5,0,73.6,73,53.4,97,21.6481,1492.2,1536,1178.8,1823,0,143.6,4.8,71.6,2921.2,2995,2315.2,3581.2,144.2,0,3.2,0.5245,22673.2,601.1141,301.2324,42.576,73.6
centered_candidate_000280_8f5a7762,centered-gaussian,5,5,0,73.4,73,64,83.8,10.012,1522.2,1459,1371,1711,0,144.18,4.8,74,2964,2915,2650.4,3347.8,143.6,0,2.2,0.5219,17763.8,342.1976,160.9614,58.994,73.4
centered_candidate_000109_b7380f36,centered-gaussian,5,5,0,73.2,63,51,103,24.6933,1423.4,1383,1139,1747.4,0,128.84,4.6,69.2,2475.2,2399,1699.2,3323.4,137.6,0,2.2,0.7081,18350.4,763.1719,282.5644,38.6533,73.2
search_candidate_000181_e7204b85,random-phased,5,5,0,73,66,63,86.8,11.1176,1469,1458,1316.8,1620,0,133.4,4.4,74,2548.4,2440,2086,3079.2,141,0,3,0.5133,21303.6,441.21,134.2207,57.4412,73
search_candidate_000379_c742c452,random-phased,5,5,0,73,63,44.4,110.4,32.2242,1441.4,1281,989.8,2012.6,0,131.26,4.6,71.8,2397,2212,1453.6,3487.8,152.8,0,2.4,0.7033,19504.4,922.7145,488.2006,28.2879,73
search_candidate_000125_e68223c1,random-phased,5,5,0,72.8,73,63,83.6,9.8265,1392.6,1379,1177,1620.8,0,140.6,4.6,69.6,2819.6,2943,2526.6,2987.2,186.8,0,2.2,0.8993,21235.4,285.3521,196.6973,58.0868,72.8
centered_candidate_000062_40a7da5c,centered-gaussian,5,5,0,72.6,66,56.2,95,18.8106,1519.4,1384,1257,1892.4,0,142.64,4.6,75.6,3001.6,2886,2520,3547.8,143.8,0,2.6,0.5605,19516.2,460.5816,306.3029,46.7947,72.6
centered_candidate_000199_d760c498,centered-gaussian,5,5,0,72.6,78,58.2,82.6,12.4996,1502.6,1561,1302.4,1645.2,0,141.66,4.8,73,2851,2861,2469.4,3271,144.8,0,3,0.5502,21501.6,368.0717,186.6586,51.9502,72.6
centered_candidate_000419_fb8ef76d,centered-gaussian,5,5,0,72.2,84,50,86.6,17.6907,1475.4,1677,1130.6,1691.6,0,140.68,4.4,73.2,2904.8,3298,2166.4,3434.8,138.6,0,2.6,0.5528,19633.8,591.3302,273.8792,41.1547,72.2
centered_candidate_000209_7f380969,centered-gaussian,5,5,0,72,65,47.2,102.2,26.6833,1427.6,1408,1034.4,1824,0,136.18,4.4,70.2,2600,2568,1951.8,3317,141.2,0,2.6,0.5261,19623,629.6351,367.3498,33.8583,72
centered_candidate_000290_f8c55a7d,centered-gaussian,5,5,0,72,66,44,104.8,28.256,1426.2,1436,991,1874.6,0,138.46,4.4,69.4,2772.6,2700,1688.8,3868,137.8,0,2.6,0.5733,19656,1006.7952,401.2846,29.872,72
centered_candidate_000500_4ef8707f,centered-gaussian,5,5,0,72,59,57.2,96.6,20.6107,1425.4,1305,1237,1717.8,0,135.32,4.6,68.8,2701.8,2637,2269,3203.8,141.6,0,2.6,0.5796,19829.4,458.1015,248.0916,46.8947,72
search_candidate_000402_015bda18,random-phased,5,5,0,72,55,29.2,129.4,48.6498,1335,1160,694.8,2084.2,0,113.32,4.2,67.6,2008.6,1630,1001.8,3276.8,140,0,2.2,0.7624,18477,1090.2294,640.3405,4.8751,72
search_candidate_000164_8d1e7cdb,random-phased,5,5,0,71.6,80,57,81.6,11.6379,1442.2,1553,1197.4,1632.8,0,126.26,4.6,72.6,2494,2627,1934,2997.4,149.8,0,2.8,0.5984,20682.8,472.6487,198.83,51.1811,71.6
search_candidate_000334_67c9026d,random-phased,5,5,0,71.6,74,62.6,78.8,7.4458,1486.2,1488,1341.6,1614.8,0,131.24,4.8,74.8,2721.4,2669,2607.6,2886.2,157.6,0,3,0.5601,21432.4,140.8554,126.6276,58.8771,71.6
centered_candidate_000231_d2eec299,centered-gaussian,5,5,0,71.4,68,47,99.6,24.0716,1468,1552,1089.2,1805.4,0,138.66,4.8,70.8,2821.8,2590,2138.2,3715.6,145,0,2.6,0.5803,19323.2,737.2933,316.9826,34.9642,71.4
centered_candidate_000363_4bf46a13,centered-gaussian,5,5,0,71.2,74,42.8,99,24.8467,1462.4,1531,1012.8,1864.6,0,142.62,4.6,70.4,2986.6,3020,2111.2,3809,137.8,0,2.8,0.5422,20473.8,753.8686,376.2672,30.3766,71.2
search_candidate_000122_76cb23d3,random-phased,5,5,0,71.2,67,52.6,90.8,17.0693,1416,1407,1125.4,1692.6,0,126.08,4.6,70.2,2419.6,2534,1803,2935.4,147.2,0,2.8,0.5994,20479,512.6912,252.1904,44.0654,71.2
centered_candidate_000181_73776294,centered-gaussian,5,5,0,71,63,44,104.8,28.2418,1426.6,1386,990.4,1891.4,0,131.86,4.4,70.6,2640.8,2448,1585.6,3729.6,137,0,2.6,0.5554,19730,969.7223,401.496,29.8791,71
centered_candidate_000256_e599a7c8,centered-gaussian,5,5,0,71,76,55.6,82.8,12.522,1420.6,1438,1203.4,1623.4,0,130.48,4.6,69.4,2621.4,2768,2162.2,2965.2,142.2,0,2.8,0.5607,20553.2,382.6192,191.7233,49.339,71
centered_candidate_000453_fff7312c,centered-gaussian,5,5,0,71,68,56.2,88,14.1138,1428.4,1404,1232,1631.2,0,127.06,4.6,70.4,2608.4,2566,2119.4,3117.2,140.2,0,2.8,0.6026,20204.4,439.1813,176.7185,49.1431,71
centered_candidate_000261_0698fda7,centered-gaussian,5,5,0,70.8,83,47.4,85.8,18.9145,1454.4,1636,1058.8,1720,0,137.14,4.4,72.4,2738.4,3040,1786,3484.2,140.8,0,2.4,0.6232,18874,770.1721,325.4717,37.9427,70.8
centered_candidate_000371_aaad6003,centered-gaussian,5,5,0,70.8,65,50.2,92.6,19.4155,1421,1364,1131.4,1737.2,0,134.3,4.2,71.2,2696.4,2861,1907.4,3405.4,137.8,0,3,0.5573,21487.2,667.9831,271.8875,40.4923,70.8
search_candidate_000203_b55ea01a,random-phased,5,5,0,70.8,78,56.8,80,11.1427,1476.8,1577,1276.8,1616.2,0,139.64,4.6,73,2810.2,2823,2437,3196.8,146.6,0,2.8,0.5299,20326.8,339.7654,158.9206,51.2286,70.8
centered_candidate_000012_37d8b11f,centered-gaussian,5,5,0,70.6,61,57,88.8,14.7865,1410.6,1386,1212.8,1634,0,131.38,4.4,69.4,2601.4,2377,2125,3199.4,137.6,0,2.4,0.6858,18850.2,488.9505,187.5778,49.6068,70.6
centered_candidate_000474_e84efc3b,centered-gaussian,5,5,0,70.6,64,61,83.4,10.3653,1435.4,1379,1273.4,1635.2,0,134.94,4.4,71,2659.4,2530,2317.8,3084.8,139,0,2.8,0.578,20759.4,360.7573,163.1228,55.8173,70.6
search_candidate_000101_aa6f2b55,random-phased,5,5,0,70.6,76,59.8,78.6,8.7316,1440.4,1497,1314.4,1540.2,0,132.02,4.6,71.6,2644.2,2706,2392,2860.6,149.8,0,3,0.5287,21065,208.108,103.3801,55.4342,70.6
search_candidate_000264_9c1e4f50,random-phased,5,5,0,70.6,71,56.8,84.4,12.1754,1427.4,1465,1209.4,1633.2,0,128.06,4.6,70.8,2408,2379,2180.4,2644.2,146,0,3.2,0.57,22117.6,209.0962,188.158,50.7123,70.6
centered_candidate_000051_29298c69,centered-gaussian,5,5,0,70.4,75,53.6,84.6,13.8939,1455.4,1529,1221.2,1660.4,0,137.92,4.6,71,2727.4,2740,2236.4,3244,140.8,0,2.8,0.5885,20396.4,448.9925,196.9168,46.6531,70.4
centered_candidate_000223_2e1bc8ff,centered-gaussian,5,5,0,70.4,64,48.8,95.2,20.9246,1392.4,1341,1070.4,1757,0,136.3,4.4,67.2,2648.4,2570,1920.4,3409.6,138.6,0,2.4,0.605,18731,667.1206,324.941,38.3377,70.4
centered_candidate_000491_1b76df70,centered-gaussian,5,5,0,70.4,76,47.6,90.2,19.0221,1456.8,1557,1085.2,1752.6,0,144.22,4.4,71.4,2889.2,2840,2259.8,3527,140,0,3,0.539,21261.4,565.0109,303.5236,38.089,70.4
search_candidate_000126_40de4fc1,random-phased,5,5,0,70.4,66,50.8,90.4,18.1284,1364.4,1381,1095.2,1612,0,134.48,4.2,68.6,2666.4,2884,2144.4,3001,158.8,0,2.2,0.7429,19619.2,459.6567,230.2039,41.7358,70.4
centered_candidate_000179_7c5dc581,centered-gaussian,5,5,0,70.2,66,57.2,84.6,12.4483,1436.4,1404,1245.6,1638,0,137,4.4,70.8,2805.6,2623,2558,3147.6,139,0,3,0.5547,21388.4,276.8831,178.7676,50.9759,70.2
centered_candidate_000157_ef2f0152,centered-gaussian,5,5,0,70,66,53.4,87.8,15.3232,1407.6,1350,1176.4,1651,0,134.46,4.4,70,2660.6,2775,1760.8,3473.8,150.2,0,2.2,0.7032,18828,756.5893,214.6631,45.7384,70
search_candidate_000465_47cd9931,random-phased,5,5,0,70,64,61.4,82,9.5708,1363.6,1240,1224.8,1583.4,0,118.36,4.4,68,2218.8,2208,1874.4,2580.2,140.2,0,2.2,0.7126,18053.2,311.7803,174.8355,56.6146,70
centered_candidate_000226_3da9c4f2,centered-gaussian,5,5,0,69.6,67,51.2,91.2,18.2275,1456.4,1412,1221.2,1751.6,0,137.24,4.8,69.8,2731.6,2578,2192,3380,140.2,0,2.8,0.5909,20522.6,550.1075,256.5436,42.0863,69.6
search_candidate_000020_7123eec2,random-phased,5,5,0,69.6,67,59.6,81,9.7898,1414.2,1421,1266.6,1558,0,126.36,4.6,70.2,2479.4,2358,2255.6,2789.4,147,0,2.6,0.6603,19676.6,249.2634,128.1927,54.7051,69.6
search_candidate_000187_245eb890,random-phased,5,5,0,69.6,65,46.8,97.6,25.3346,1356.8,1321,969.8,1780,0,119.3,4.4,68,2244.4,2115,1475.6,3139.4,146.8,0,2.6,0.6415,19971.4,752.412,375.4882,34.1327,69.6
search_candidate_000487_49d2c543,random-phased,5,5,0,69.6,70,53.6,84.8,13.937,1453.4,1448,1194.6,1703.2,0,130.26,4.6,72.8,2545.6,2300,2038.4,3133.8,146.6,0,2.6,0.5834,19412.6,504.6007,224.9361,46.6315,69.6
search_candidate_000251_cdaa98a3,random-phased,5,5,0,69.2,63,54,87.2,14.9318,1376.4,1299,1131.2,1650,0,119.86,4.4,69.2,2167.4,2130,1813.8,2538.4,142.8,0,2.4,0.6377,18972.6,318.3467,232.0022,46.5341,69.2
search_candidate_000382_6d696588,random-phased,5,5,0,69.2,61,57.2,88.4,16.8689,1407.2,1275,1237.2,1689.8,0,136.4,4.6,68,2481.2,2160,2052,3090.8,147,0,2.6,0.5601,19527,486.122,248.9212,48.7655,69.2
centered_candidate_000015_2755d207,centered-gaussian,5,5,0,68.8,80,39,95,25.5844,1373,1486,898,1804.8,0,132.18,4.4,66.6,2666.2,2614,1589.2,3754.4,139.6,0,2.8,0.6255,20494.4,966.2907,403.7712,26.2078,68.8
centered_candidate_000238_ad2b2ea6,centered-gaussian,5,5,0,68.6,50,47,102,26.6353,1402.2,1156,1117,1834.4,0,132.88,4.6,67.8,2554.6,2224,1889.4,3460.6,142.6,0,3,0.5698,21542.4,738.0896,342.5524,33.6823,68.6
centered_candidate_000335_854a8aab,centered-gaussian,5,5,0,68.6,79,43,84.2,24.0716,1332.4,1559,877.4,1572,0,122.6,4.4,65,2378.2,2688,1366,3036,141.4,0,2.6,0.7182,20265,931.4252,436.4762,30.9642,68.6
search_candidate_000490_ebbce434,random-phased,5,5,0,68.6,72,56.4,79.2,10.1902,1420,1428,1259.2,1583.2,0,133.54,4.6,69.2,2592.4,2692,2218,2923.2,142.8,0,3.2,0.5571,22333.2,315.9073,143.086,51.3049,68.6
search_candidate_000394_1eaba606,random-phased,5,5,0,68.4,49,25.8,131.2,57.3222,1322,1174,661.4,2152,0,145.74,4.2,62.8,2385.8,1672,964,4392.8,152.4,0,2.2,0.7362,18671,1734.8536,735.8644,-2.8611,68.4
search_candidate_000070_ce60b572,random-phased,5,5,0,68.2,46,38.2,108.8,32.9387,1362.6,1062,922,1941.2,0,133.48,4.6,66.4,2415.2,1690,1375.2,3810.4,162.2,0,2.8,0.693,22148.4,1138.9754,473.0723,21.7306,68.2
search_candidate_000129_99aad672,random-phased,5,5,0,67.8,73,54,77.8,11.2677,1397,1479,1160.2,1567.6,0,123.38,4.6,69.6,2343.4,2524,1796.4,2749.4,148.2,0,3,0.6236,21511.8,460.3041,195.0928,48.3662,67.8
search_candidate_000500_ff96250d,random-phased,5,5,0,67.8,55,52.2,93.6,21.9945,1424,1264,1182.4,1785.2,0,129.86,4.6,70.6,2475,2239,1967.2,3165.2,146.6,0,2.8,0.5667,20479.4,567.1226,301.8125,41.2027,67.8
centered_candidate_000066_e1188a5b,centered-gaussian,5,5,0,67.6,85,38.4,88,23.4998,1322.4,1588,856,1651,0,122.06,4.2,65.4,2235.2,2516,1297.2,3013,137.4,0,2.4,0.7182,19054.8,776.4507,374.1671,26.6501,67.6
search_candidate_000116_498d6236,random-phased,5,5,0,67.4,73,54.6,75.8,10.8185,1401.6,1488,1197,1540.4,0,130.7,4.6,68.8,2562.6,2676,2111.6,2917.8,147.6,0,2.8,0.5726,20611.2,395.3336,172.9007,49.1907,67.4
search_candidate_000236_7b1d73ce,random-phased,5,5,0,67.4,60,55.2,84.4,13.6176,1355.2,1285,1166.4,1588.2,0,121.86,4.4,67.6,2273,2303,1884.4,2640.8,145.8,0,2.8,0.6394,20639,349.368,189.3688,48.3912,67.4
search_candidate_000271_c85981a4,random-phased,5,5,0,67.4,58,51.4,91.8,21.5091,1373.6,1268,1146,1691.8,0,122.74,4.4,69.2,2417.8,2280,1826.4,3164,147.8,0,2.6,0.6235,19693.8,667.8157,276.2409,40.6455,67.4
search_candidate_000283_9f01e205,random-phased,5,5,0,67.4,75,48.4,81,15.5255,1431.4,1623,1088,1644.2,0,137.2,4.4,70.8,2551.4,2690,2108,2858.8,139.6,0,2.6,0.5335,19391.8,425.248,277.065,40.6373,67.4
centered_candidate_000312_2df5ea31,centered-gaussian,5,5,0,67.2,73,45.4,86,18.9462,1385.2,1489,1042.4,1663.2,0,133.42,4.4,67.4,2554.6,2670,1776.8,3225.2,137.6,0,2.4,0.6035,18474.4,695.2029,290.1113,35.9269,67.2
search_candidate_000015_df600677,random-phased,5,5,0,67.2,72,55.2,76.4,9.683,1405.8,1491,1194,1570.6,0,132.94,4.6,68.6,2556.4,2687,2234.4,2780.2,145.8,0,3,0.5824,21117.6,268.4419,171.4076,50.3585,67.2
search_candidate_000345_e7c1764c,random-phased,5,5,0,67.2,60,48,88.4,18.53,1361.4,1295,1068.2,1669,0,136.8,4.2,66.4,2700.6,2644,1922.4,3459.2,138.8,0,2.6,0.5283,18869.4,688.7988,277.2534,38.735,67.2
search_candidate_000498_9802353c,random-phased,5,5,0,67.2,66,48.6,85.8,17.5545,1366.8,1351,1048.4,1679.6,0,125.54,4.2,69.6,2318.6,2495,1689.8,2796.8,147.8,0,2.8,0.6014,20470.6,534.653,295.6291,39.8228,67.2
search_candidate_000506_34f8619b,random-phased,5,5,0,67.2,64,58.4,78.8,9.5791,1414.8,1356,1288.8,1593,0,143.2,4.4,69.8,2681.4,2660,2458.4,2948.2,153.4,0,2.6,0.5522,19662,242.9515,151.7859,53.6104,67.2
search_candidate_000077_6c66d5e8,random-phased,5,5,0,66.8,71,54,76.8,10.3808,1388.2,1413,1238.8,1507.4,0,120.9,4.6,68.6,2027.6,2170,1648.4,2290.2,139.6,0,2.2,0.6937,18652.8,331.3853,128.5603,48.8096,66.8
search_candidate_000257_d08ef6a5,random-phased,5,5,0,66.8,63,53.8,81.8,12.4964,1386.6,1313,1159.4,1662.4,0,131.12,4.4,69.4,2494.6,2406,2010.8,3039,152,0,2.6,0.6532,19556.4,458.7285,225.6445,47.5518,66.8
centered_candidate_000357_1adca2fa,centered-gaussian,5,5,0,66.6,59,50.4,87,16.5239,1380,1334,1125.6,1655.8,0,125.9,4.4,68.6,2160,1992,1753.2,2694.6,140.8,0,2,0.7176,17018.4,442.1289,235.3185,42.138,66.6
search_candidate_000160_a6835c92,random-phased,5,5,0,66.6,64,50.2,82.4,15.1737,1352,1330,1064.2,1616,0,127.4,4.2,68.2,2462,2567,2078.6,2755.6,148.2,0,2.6,0.5837,19284,353.7745,260.5218,42.6132,66.6
search_candidate_000447_8b797ba5,random-phased,5,5,0,66.6,70,47.2,84.2,16.4997,1355.8,1425,1028.8,1633.6,0,121.68,4.4,68.6,2370.8,2390,1649.8,3070.8,154,0,3.2,0.5091,22641.2,635.4965,274.7489,38.9502,66.6
search_candidate_000216_50472979,random-phased,5,5,0,66.4,70,49.2,80.2,14.2913,1370.4,1474,1034.4,1621.2,0,118.86,4.4,69,2132,2200,1559.6,2620.4,140.6,0,2,0.6317,16768.6,490.0269,274.1077,42.0544,66.4
search_candidate_000300_a3994359,random-phased,5,5,0,66.4,74,45.2,83.2,17.1884,1384.2,1515,1007.4,1688.4,0,130.42,4.4,69,2439,2750,1703,3042,148.6,0,2.6,0.6038,19608.4,609.9377,308.2541,36.6058,66.4
search_candidate_000328_8012ed55,random-phased,5,5,0,66.4,62,49,86,17.3966,1387,1357,1097.6,1687.2,0,133.7,4.2,69.6,2444.2,2480,1946.4,2908,143.4,0,3,0.5473,21219,448.8725,278.6733,40.3017,66.4
centered_candidate_000329_c2ed0881,centered-gaussian,5,5,0,65.8,62,55.4,78.8,11.4961,1390,1370,1240.6,1560.8,0,139.16,4.4,67,2736.8,2543,2371.6,3246.4,137.6,0,2.8,0.5593,20299.2,423.8487,152.2826,49.652,65.8
search_candidate_000071_f6c48a23,random-phased,5,5,0,65.8,80,36.8,85.8,23.0686,1331.4,1558,878.6,1626.2,0,127.06,4.4,65.8,2291.2,2640,1365.2,2970.4,154.2,0,2.4,0.6361,19991.6,758.8166,362.9031,25.2657,65.8
search_candidate_000108_23763da2,random-phased,5,5,0,65.8,66,46.4,85.6,17.4402,1332,1377,1041.4,1601,0,130.14,4.2,66.8,2234,2346,1571.8,2852.8,154.8,0,2.6,0.711,21509.6,568.408,247.019,37.6799,65.8
search_candidate_000275_f54e3a98,random-phased,5,5,0,65.8,35,24,135.2,62.2203,1172,833,584,2058.8,0,104.8,4,60,1714,980,702,3372.8,163.8,0,2.2,0.8332,19820.8,1476.6118,784.368,-7.1101,65.8
search_candidate_000410_9abe547d,random-phased,5,5,0,65.8,60,53.4,82.6,13.6147,1347.4,1194,1162.8,1617.8,0,121.36,4.4,67,2152.4,2006,1846,2532.4,143.2,0,2.6,0.6398,19898.4,312.4878,215.3236,46.5927,65.8
centered_candidate_000053_5f70d586,centered-gaussian,5,5,0,65.6,58,43,91,21.6666,1375.6,1302,1013.6,1739,0,135.44,4.2,67.6,2679.8,2555,1714,3617.4,135,0,2.2,0.6476,17819.2,899.0429,331.7569,32.1667,65.6
search_candidate_000174_cf2a5bc9,random-phased,5,5,0,65.6,48,25.4,118.8,42.9725,1329.2,1186,710,2062.8,0,131.74,4.4,66,2151.4,2023,911,3528.8,165.6,0,2,0.887,19390.2,1164.3217,605.422,3.9137,65.6
search_candidate_000166_42f2044b,random-phased,5,5,0,65.4,66,58.2,72.8,6.6212,1359.4,1338,1220.2,1498.2,0,131.36,4.4,67.2,2391.6,2300,2165.6,2688.8,151.6,0,3,0.5477,21187.2,257.5217,128.2413,54.8894,65.4
search_candidate_000329_ab966378,random-phased,5,5,0,65.4,68,56,73.6,7.8892,1397.8,1432,1238.8,1550.4,0,137.58,4.6,67,2749.6,2738,2401,3130.8,142,0,3.2,0.5702,22193,326.1292,141.3116,52.0554,65.4
search_candidate_000336_059d4c0c,random-phased,5,5,0,65.4,63,48.4,84.6,16.5964,1353.8,1316,1073.6,1666.4,0,131.1,4.4,66.6,2490,2390,1998.6,3114.6,149.6,0,2.6,0.6255,19437,568.018,266.5201,40.1018,65.4
centered_candidate_000270_937bfd71,centered-gaussian,5,5,0,65.2,84,29.4,90.8,28.6594,1252.4,1520,694.8,1672.2,0,117.3,4.2,60.8,2181.2,2829,879.4,3145.2,138.6,0,2.2,0.7146,18659.2,1045.8335,449.1648,15.0703,65.2
search_candidate_000352_d558aea4,random-phased,5,5,0,65,60,49.8,83.4,15.1394,1360.8,1262,1129.2,1652,0,121.16,4.4,68,2278.4,2036,1934.8,2748.6,140.6,0,2.8,0.5965,20751.6,377.103,237.6909,42.2303,65
search_candidate_000014_8f619f36,random-phased,5,5,0,64.8,58,51,84.8,17.4057,1325.4,1252,1125.6,1605.8,0,119.76,4.4,66,2009.2,1954,1680.6,2400.6,147.6,0,2.2,0.6981,18511.4,366.8708,255.9309,42.2971,64.8
search_candidate_000094_19ad0076,random-phased,5,5,0,64.8,66,59.8,68.6,4.2615,1365.4,1335,1281,1461,0,131.22,4.4,67.8,2363.2,2330,2195.2,2543.6,151.6,0,3.2,0.5634,22198.6,163.4067,81.02,57.6693,64.8
search_candidate_000146_07db338b,random-phased,5,5,0,64.8,64,54.8,76,9.5163,1352.8,1276,1246.4,1503.6,0,128.68,4.4,66.2,2367.2,2372,2031.6,2684.4,141.8,0,2.8,0.6364,20641.6,289.354,120.0573,50.0418,64.8
search_candidate_000415_fc104e86,random-phased,5,5,0,64.8,64,47,83.2,16.4122,1346.2,1288,1050.2,1661.2,0,129.54,4.2,67.6,2381.2,2280,1789.6,3066,148.4,0,2.4,0.6258,18583.6,577.3991,278.4287,38.7939,64.8
centered_candidate_000411_b3ea8e16,centered-gaussian,5,5,0,64.6,51,47.4,88.8,19.3969,1335.4,1251,1114.2,1607.6,0,122.12,4.4,65.6,2219,1828,1725.4,2977.2,139,0,2.2,0.7739,18577.4,614.0423,222.8512,37.7015,64.6
search_candidate_000086_3f8e2347,random-phased,5,5,0,64.6,75,40,85.4,20.8288,1313.4,1539,915.2,1603.2,0,132.32,4.2,63.8,2476.8,2688,1746.6,3135.4,142.4,0,3,0.5682,21308.8,622.9444,324.1781,29.5856,64.6
search_candidate_000224_ac7f260e,random-phased,5,5,0,64.6,65,60.4,68.4,3.8781,1359,1359,1274.4,1457.6,0,134.38,4.2,67.2,2459.8,2418,2334.6,2626,141.6,0,2.6,0.5647,19056.4,139.2155,88.713,58.4609,64.6
search_candidate_000438_4059036e,random-phased,5,5,0,64.6,57,44.4,89,20.1057,1271.6,1203,1007.8,1568.6,0,124.68,4.4,64.6,2019.8,1649,1484,2750,186.6,0,2.2,0.9364,20702.6,589.057,248.3365,34.3471,64.6
centered_candidate_000035_8a2f0e1e,centered-gaussian,5,5,0,64.4,64,44.6,84,17.3043,1329,1328,1015,1632,0,131.74,4.2,64.8,2584,2538,2017.2,3155.6,138.2,0,2.4,0.619,18734.6,518.9154,271.8654,35.9478,64.4
centered_candidate_000242_85341ca1,centered-gaussian,5,5,0,64.4,64,50.8,80.4,14.2773,1373.4,1373,1136.4,1635.4,0,141.34,4.2,66.6,2795.2,2766,2180,3435.2,135.2,0,2.4,0.5876,18748.8,571.2423,232.7235,43.6614,64.4
centered_candidate_000367_eb10c4f4,centered-gaussian,5,5,0,64.2,67,42.6,83.8,19.1249,1303.4,1369,952.8,1596,0,123.26,4.4,63,2394.6,2669,1505.2,3041.4,141.2,0,2.6,0.7106,20223.4,754.0378,302.4934,33.0376,64.2
search_candidate_000154_3ceb5ab4,random-phased,5,5,0,64.2,64,57.6,71.4,6.4,1350.8,1361,1263,1440.4,0,126.44,4.2,68,2413.8,2490,2192.2,2605.2,142.8,0,2.8,0.6256,20441.4,185.9445,81.5804,54.4,64.2
search_candidate_000330_91bd22d2,random-phased,5,5,0,64.2,65,47.8,79,14.1336,1336.8,1331,1024.6,1621,0,120.42,4.2,67.4,2217,2178,1699.4,2740,138.6,0,2.6,0.7585,20231.6,463.643,272.6701,40.7332,64.2
centered_candidate_000015_d7cf9d60,centered-gaussian,5,5,0,64,60,34.2,98.2,29.2233,1336.4,1243,839.4,1903.4,0,132.64,4.2,65.4,2527,2517,1249.2,3829.6,138.8,0,2.6,0.7024,20106,1148.9844,472.981,19.5884,64
centered_candidate_000471_a63c6df1,centered-gaussian,5,5,0,63.8,76,39.6,82.4,19.7828,1297.8,1472,925.6,1591.6,0,128.78,4.2,62.6,2284.2,2476,1556.8,2941.2,136.4,0,2.6,0.5786,19436.8,628.4045,305.8224,29.7086,63.8
search_candidate_000220_50f14a7b,random-phased,5,5,0,63.8,61,59,70.6,5.4553,1322.2,1271,1239.6,1432,0,131.4,4.4,64.8,2328,2190,2184,2556,156.6,0,2.2,0.6738,17861.4,180.3774,88.5085,56.2724,63.8
search_candidate_000504_e589425f,random-phased,5,5,0,63.8,61,52.2,75.6,10.7592,1305.6,1295,1102.4,1498,0,112.7,4.4,65,2054,1944,1534,2589.6,141.2,0,2.6,0.6794,20104.2,477.0644,177.2688,46.8204,63.8
search_candidate_000324_79ca5553,random-phased,5,5,0,63.4,59,36.6,90.6,24.1214,1306.4,1220,831,1790.6,0,119.3,4.2,65.4,2119.4,1840,1156,3185.2,141,0,2,0.7269,17199.2,917.6761,430.0045,24.5393,63.4
search_candidate_000422_60c2da85,random-phased,5,5,0,63.4,70,44.8,78.2,15.0811,1351.4,1511,991.6,1609.2,0,130.6,4.4,65.8,2440.4,2450,1871.2,2993.4,140.2,0,2.8,0.5904,20471.4,494.6937,286.6842,37.2594,63.4
centered_candidate_000005_6e5e61d8,centered-gaussian,5,5,0,63.2,68,43,82,17.4516,1368.2,1515,1001,1677.2,0,135.54,4.4,66,2529.4,2611,1702.4,3279.2,136.4,0,2.4,0.6411,18840.6,698.0558,308.4253,34.2742,63.2
search_candidate_000458_5fd08e97,random-phased,5,5,0,63.2,65,48.8,76.2,13.7317,1297,1310,1052.8,1527,0,121.68,4,66,2315.6,2384,1774.4,2827.6,144.2,0,2.6,0.6057,19376,499.3106,237.2838,41.9341,63.2
search_candidate_000466_97f47107,random-phased,5,5,0,63.2,59,44.6,84,17.6907,1359.2,1290,1049.2,1688.6,0,142.66,4.2,67,2614.2,2689,1957.2,3244.4,151.6,0,2.6,0.5341,19194.6,618.9996,294.8175,35.7547,63.2
centered_candidate_000170_b0dd6ea1,centered-gaussian,5,5,0,62.8,60,48.2,81,15.664,1380,1323,1191,1605.6,0,145.64,4.2,66.6,2889.2,2726,2443,3418,134.6,0,2.6,0.5485,19243.4,443.6086,190.0116,40.368,62.8
search_candidate_000001_ece90a6a,random-phased,5,5,0,62.8,64,49.8,75.6,12.0897,1285,1233,1090.4,1518.8,0,120.64,4.2,63.8,2192,1980,1804,2774.4,144.2,0,3,0.6247,21794.6,496.0339,200.8363,43.7552,62.8
search_candidate_000512_0cedd789,random-phased,5,5,0,62.8,58,43.6,84.6,18.9673,1254.8,1173,931,1621.6,0,110.06,4.2,63.8,2113.4,1977,1527.4,2798.4,151.8,0,2.6,0.7504,20839.2,583.1976,321.3549,34.1163,62.8
centered_candidate_000359_2e3123f8,centered-gaussian,5,5,0,62.6,62,57,69.8,6.5909,1318.8,1271,1237.6,1449.4,0,132.74,4.2,64,2539.8,2479,2280,2848.6,138,0,3,0.5299,21350,262.3489,120.6705,53.7045,62.6
centered_candidate_000186_e6f306cb,centered-gaussian,5,5,0,62.4,57,44,81.6,17.3043,1317,1233,1011.2,1636.4,0,120.6,4.2,65.6,2160,2130,1539.2,2727.4,134.8,0,2.4,0.6297,18940.8,549.94,287.5392,35.3478,62.4
search_candidate_000177_034856f3,random-phased,5,5,0,62.4,63,47,78.4,15.2132,1293,1318,1071.6,1499.8,0,132.88,4,64,2450.4,2470,1966.6,2915.2,145.4,0,2.8,0.5136,20253.2,433.2309,212.5022,39.3934,62.4
search_candidate_000231_07b59e5e,random-phased,5,5,0,62.2,61,49.4,74.6,11.3031,1314.6,1232,1125,1544.2,0,129.24,4.4,64.2,2432.8,2170,2040.8,2987.2,151.2,0,2.6,0.5764,19376.4,443.9218,189.6572,43.7485,62.2
search_candidate_000269_5430eba2,random-phased,5,5,0,62.2,60,45.8,81.6,17.6114,1275,1269,1003.4,1566.2,0,118.78,4,64.6,2126,2113,1696.8,2580.4,143,0,2.6,0.6694,19869.2,399.361,279.4945,36.9943,62.2
search_candidate_000147_6fdddd16,random-phased,5,5,0,62,56,41.4,86.6,20.2089,1265.6,1162,930.6,1662.4,0,116.96,4,63.6,2074.8,1908,1729,2533.6,136.8,0,2.8,0.5911,20838.4,382.3629,326.0102,31.2955,62
search_candidate_000376_6676f9d6,random-phased,5,5,0,61.8,59,36.6,92.8,28.124,1282.2,1233,901.2,1727.2,0,123.46,4,64,2114.4,1840,1289.2,3209,137.6,0,2.2,0.7164,17947,945.3068,385.8079,22.538,61.8
search_candidate_000400_1eb568c0,random-phased,5,5,0,61.8,55,54.4,74,9.9479,1322,1261,1213.2,1490.4,0,126.86,4.2,65.6,2223.2,2130,1925.6,2570.8,140.4,0,2.8,0.6225,20351.2,286.8689,147.7363,49.4261,61.8
search_candidate_000043_43c8dcfc,random-phased,5,5,0,61.6,61,45.8,77.8,14.0513,1310.6,1322,1073.8,1548.6,0,129.7,4.4,63.6,2302,2180,1816.8,2866.2,148.4,0,2.6,0.6513,19183.6,465.9644,209.8767,38.7743,61.6
search_candidate_000057_653d2520,random-phased,5,5,0,61.4,62,53.6,68.8,7.1442,1309.4,1325,1176.4,1437.2,0,130.02,4.2,64.4,2358.6,2348,2007.8,2704,143.6,0,3,0.6515,21571,320.8586,121.7236,50.0279,61.4
search_candidate_000377_b7aa257a,random-phased,5,5,0,61.4,61,42.2,79.6,17.9399,1269.8,1288,959.6,1553.6,0,116.16,4.2,63.6,1969.4,1943,1330.6,2573.6,145.6,0,2.4,0.7489,19480.6,578.2244,283.3206,33.2301,61.4
search_candidate_000395_74cd769c,random-phased,5,5,0,61.4,65,46.6,73.2,12.1754,1275,1328,1048.2,1442.4,0,125.08,4.2,62.2,2236.6,2419,1818,2496.2,142,0,2.4,0.6114,18806.8,364.4374,194.8918,40.5123,61.4
search_candidate_000209_7e032ca0,random-phased,5,5,0,61.2,48,24,113.4,46.0235,1232.4,1153,721.8,1853.8,0,138.86,4,59.4,2255,1891,1019.6,3898.4,158.2,0,2.4,0.7936,19843.4,1456.9811,550.7128,0.9883,61.2
search_candidate_000520_768b0780,random-phased,5,5,0,61.2,65,47,73.8,11.9398,1344.4,1351,1125.6,1557.6,0,124.62,4.4,66.8,2265.4,2385,1870,2577,143.6,0,2.6,0.6952,19912.4,329.9713,190.6228,41.0301,61.2
centered_candidate_000231_4f327477,centered-gaussian,5,5,0,61,60,48,75.2,13.4759,1288.6,1273,1036,1548.4,0,133.68,4,62.4,2516,2566,1985.6,2993.2,132.6,0,2.6,0.5161,19430.8,462.9959,238.3532,41.262,61
search_candidate_000385_6e5d9a82,random-phased,5,5,0,61,59,44.6,77.8,14.8054,1241,1189,955,1535,0,113.9,4.2,62,1958.8,1850,1310.8,2660.2,149.4,0,2.6,0.6401,20087.6,594.9337,260.4343,37.1973,61
search_candidate_000245_a7ff1ec3,random-phased,5,5,0,60.8,50,39,90.2,23.7773,1312.4,1099,958,1792.2,0,122.1,4.2,66.4,1899.8,1645,1338,2640.4,147.2,0,2.4,0.6307,19696,620.5902,387.4391,27.1113,60.8
search_candidate_000429_16c1b981,random-phased,5,5,0,60.8,62,44.2,75,14.176,1222.8,1205,937.6,1483.4,0,110.14,4.2,61.8,1772,1830,1244.4,2231.6,156,0,2.4,0.77,19714.8,444.9611,259.7017,37.112,60.8
search_candidate_000476_f54b38a0,random-phased,5,5,0,60.6,65,45.4,72.6,13.2755,1259.8,1357,960.8,1490,0,122.68,4,62.6,2284,2449,1652,2740.2,140,0,2.6,0.5451,19675.4,596.0362,260.3931,38.7622,60.6
centered_candidate_000277_e7330c6d,centered-gaussian,5,5,0,60.4,56,45.2,76.8,14.2352,1288.2,1274,1029.4,1529.8,0,128.06,4.2,62.6,2239.2,2347,1744,2621.6,139,0,2.6,0.6443,19779.8,433.5119,226.5457,38.0824,60.4
search_candidate_000256_86b05afd,random-phased,5,5,0,60.2,29,15.2,137.6,73.3032,1103.8,775,473.2,2071.2,0,120.76,3.6,53.2,1968.4,910,552,4391.2,143.8,0,2,0.7567,17932.6,2241.8943,882.2563,-21.4516,60.2
search_candidate_000301_12282722,random-phased,5,5,0,60.2,65,42.8,73.6,14.2464,1277.4,1367,980.6,1507,0,120.56,4.2,63.2,2210.6,2310,1723.4,2670.2,141.4,0,2.4,0.7715,18962.2,428.9506,240.6106,35.6768,60.2
search_candidate_000338_d4e012ff,random-phased,5,5,0,60.2,60,46.2,72.6,12.3515,1308.4,1339,1023.2,1547.8,0,130.04,4.2,64,2318.8,2350,1702.4,2922,139.2,0,2.8,0.5839,20652.8,570.4351,246.547,40.0242,60.2
search_candidate_000034_afe837c9,random-phased,5,5,0,59.8,55,50.2,71.8,9.7857,1335.4,1372,1150.6,1499.8,0,131.96,4.4,65.8,2284.4,2210,1922,2694.8,151.6,0,2.8,0.5477,20178,343.0531,155.0569,45.3071,59.8
search_candidate_000059_179709da,random-phased,5,5,0,59.8,59,40.2,78,17.081,1206.8,1209,856.6,1535.8,0,109.24,4.2,59.8,1874,2077,1255.2,2308,146.6,0,1.8,0.7218,16484,525.4823,304.513,31.6595,59.8
search_candidate_000113_d0a36a9c,random-phased,5,5,0,59.8,54,44.4,81.2,18.3128,1275,1181,1069.8,1562.6,0,125.38,4.2,62.4,2272,2153,1972,2686.6,142.8,0,2.8,0.6836,20398.8,356.7543,242.7443,35.2436,59.8
search_candidate_000119_27586eb2,random-phased,5,5,0,59.8,58,41.8,78.2,16.0674,1277.2,1361,912.8,1581,0,116.52,4.2,63.6,2125,2343,1499,2598.6,138.2,0,2.6,0.6642,19867.2,517.2145,299.1618,33.7663,59.8
search_candidate_000136_a1818be3,random-phased,5,5,0,59.8,57,47.2,74.2,11.9566,1278,1192,1086.6,1513.4,0,119.2,4.4,63,2031.8,1958,1692.4,2406,150,0,2.4,0.688,19076.6,316.6035,192.2301,41.2217,59.8
search_candidate_000180_3045e460,random-phased,5,5,0,59.8,62,40.4,79.8,18.0044,1229.8,1267,930,1532,0,122.4,4,60.4,2119.2,2171,1594,2645,141,0,2.8,0.6355,20378.2,478.147,285.2188,31.3978,59.8
search_candidate_000219_45295015,random-phased,5,5,0,59.8,54,44,78.4,15.7785,1256,1184,962.2,1577,0,127.1,4.2,61.2,2275.6,2196,1816.2,2778,149.4,0,3,0.5688,21353.6,451.0435,277.7754,36.1108,59.8
search_candidate_000488_e0de0d06,random-phased,5,5,0,59.8,66,43.6,72.2,13.0138,1283.2,1344,1006.4,1512.4,0,127.82,4.2,62.8,2257.4,2314,1896,2574.6,143.8,0,2.4,0.6564,18388,320.3171,227.5974,37.0931,59.8
search_candidate_000331_c55dd917,random-phased,5,5,0,59.6,60,48.6,71,10.5186,1287.8,1292,1122.2,1451.2,0,120.32,4.2,64.6,1983.8,2074,1564.8,2319,145.4,0,1.8,0.7952,16676.8,346.4577,146.7984,43.3407,59.6
search_candidate_000393_6db70b78,random-phased,5,5,0,59.6,51,48,75.4,12.7687,1295,1178,1125.2,1522.4,0,126.76,4.4,62.6,2402.6,2097,2036.6,2939,144.4,0,3.2,0.5838,22353,426.2683,184.7939,41.6156,59.6
search_candidate_000291_abb87288,random-phased,5,5,0,59.2,54,50.4,73.4,13.0752,1325.2,1253,1181,1535.8,0,142.44,4.2,64.2,2524.4,2530,2061.2,2978.4,146.6,0,3,0.5331,21447.8,406.1633,183.096,43.8624,59.2
centered_candidate_000048_0827478d,centered-gaussian,5,5,0,59,59,44.2,72.8,12.7906,1270.8,1282,995.2,1535,0,131.18,4.2,60.6,2351.4,2479,1858,2753.8,136.8,0,2.6,0.555,19597.6,436.8417,241.5015,37.8047,59
centered_candidate_000252_1ac0fd1e,centered-gaussian,5,5,0,58.8,60,45.2,71,11.4787,1289.6,1343,1064.8,1477.6,0,129.42,4.2,62.6,2383,2489,2011.4,2699,138,0,3,0.5862,20967.4,308.1539,186.8953,39.4607,58.8
search_candidate_000214_9f872332,random-phased,5,5,0,58.8,61,37.8,80.8,19.9138,1318.6,1232,1034.6,1691.6,0,129.68,3.8,67.2,2233.6,1811,1470.8,3318.8,132.4,0,2,0.7414,17560.2,897.5697,326.2524,27.8431,58.8
search_candidate_000408_00863842,random-phased,5,5,0,58.8,60,45.6,70.2,11.7541,1271.6,1344,1031,1456,0,125.96,4,63.2,2193,2305,1824.4,2441.6,139.2,0,3,0.6413,21225.6,344.2098,214.0454,39.7229,58.8
search_candidate_000420_e2956891,random-phased,5,5,0,58.8,47,42.4,85,22.8508,1239.6,1057,921.6,1721.8,0,126.44,4.2,61.6,2276.4,1737,1489.4,3499.6,164.6,0,2.6,0.8003,21841.4,1027.8532,425.0231,30.9746,58.8
centered_candidate_000256_54f37cbb,centered-gaussian,5,5,0,58.6,61,40.2,76.4,15.9825,1277.6,1359,988.8,1527.2,0,133.58,4,62,2376.2,2405,1759.4,2997.6,134.6,0,2.6,0.5305,19441.4,546.6624,240.0255,32.2088,58.6
search_candidate_000355_a2eb59c3,random-phased,5,5,0,58.6,65,42.6,71.4,13.0476,1294.8,1350,1010.8,1533.4,0,135.3,4.2,63.6,2438.6,2435,2062.8,2787,153.2,0,2.6,0.6223,20728.8,325.4502,234.2404,36.0762,58.6
search_candidate_000375_efb44023,random-phased,5,5,0,58.4,58,46.4,71,12.4032,1221.8,1206,1025.8,1436,0,125.82,4,59,2158.4,2080,1745.2,2600.4,137.6,0,2.4,0.5623,18431.6,405.2523,211.8815,40.1984,58.4
search_candidate_000078_eba42c08,random-phased,5,5,0,57.6,57,54.2,61.8,3.9799,1234.2,1228,1190.4,1287.8,0,118.54,4,61.6,2064.4,2057,1959.8,2176.4,140.4,0,2.2,0.6963,18322.4,95.4581,49.0322,52.21,57.6
search_candidate_000088_2fca5b1f,random-phased,5,5,0,57.6,54,44,73,12.8468,1284.8,1181,1080.8,1554.4,0,138.18,4.2,62.2,2317,2170,2004.8,2723,150.8,0,3,0.5538,21440.4,326.6595,216.4582,37.5766,57.6
search_candidate_000182_4c6a4009,random-phased,5,5,0,57.6,43,35.4,94.2,34.0564,1192.8,1109,883,1618.6,0,115.32,4,58.6,1929.8,1546,1330.4,2921.4,139.4,0,2.4,0.6332,19385,937.3359,391.3231,18.3718,57.6
centered_candidate_000384_1fac112c,centered-gaussian,5,5,0,57.4,63,46,65,9.0907,1246,1286,1075,1378,0,139.36,3.8,60,2579.8,2695,2200.2,2892.6,135,0,2.8,0.5305,20077.6,312.0881,142.2069,41.4547,57.4
search_candidate_000511_d9243361,random-phased,5,5,0,57.4,59,39.4,77,17.5568,1227.2,1270,917.2,1553.4,0,123.28,3.8,61.2,1934,1890,1391,2566.2,135.4,0,2.6,0.5822,19683.8,546.9812,294.0948,30.6216,57.4
search_candidate_000127_6ad5d253,random-phased,5,5,0,56.6,64,26.8,82.6,24.7516,1148.2,1226,679.2,1572,0,108.02,3.8,58.2,1598.4,1770,921.6,2212.8,145.2,0,2,0.7022,18075.8,593.6105,394.3533,14.4242,56.6
search_candidate_000298_7c4b3a94,random-phased,5,5,0,56.6,50,28.4,94.6,34.6849,1229.2,1151,888.6,1685.4,0,146.82,4,59,2250.4,1709,1443.4,3595.2,164.6,0,3.2,0.7758,24519.4,1245.3592,412.5154,11.0576,56.6
centered_candidate_000439_217ecd1f,centered-gaussian,5,5,0,56.2,53,47.8,66.6,8.7955,1270.4,1201,1176.8,1415.4,0,132.62,4.2,60.4,2377.6,2292,2227.2,2572.6,134.4,0,2.4,0.6009,18583.4,157.6992,121.2627,43.4023,56.2
search_candidate_000003_e9ef788f,random-phased,5,5,0,56,58,43,69.4,12.4419,1189.8,1167,990,1413,0,122.04,4,57.4,2063.4,2004,1748,2450,139.2,0,2.8,0.6372,20291.4,349.3695,201.2336,36.7791,56
search_candidate_000398_3c56b021,random-phased,5,5,0,56,58,44.2,65.6,9.8995,1158.8,1177,951,1328.6,0,111.14,3.8,58.2,1897.8,1870,1446.8,2321.2,140.8,0,2.4,0.6888,19181.8,403.3343,184.0656,39.2503,56
search_candidate_000419_dc46736a,random-phased,5,5,0,56,52,42.8,72,13.3116,1211.4,1177,992.2,1449.4,0,120.24,4,60.2,2090.4,2114,1619.2,2566.4,146.2,0,2.4,0.6631,18630.8,421.9752,213.0283,36.1442,56
search_candidate_000104_8a55d2ec,random-phased,5,5,0,55.8,56,43.8,66.6,10.7963,1193.8,1260,951.6,1385.8,0,119.02,4,58.6,1865.8,1960,1441.6,2258,142.8,0,2.4,0.6497,19401.4,365.391,209.3097,38.4019,55.8
search_candidate_000241_76c539c4,random-phased,5,5,0,55.8,57,40.8,70.6,13.1362,1221.6,1226,942,1489.4,0,119.52,4,60.4,2045.8,1928,1526,2611,138.2,0,2,0.6044,16681.2,480.4266,241.2224,34.2319,55.8
search_candidate_000263_308cf9e2,random-phased,5,5,0,55.8,58,34,74,18.5731,1238.2,1246,915.2,1518,0,124.52,4.2,60.8,1974.4,2060,1355.6,2445.8,150.8,0,3,0.5477,21775.2,565.1961,290.5143,24.7135,55.8
search_candidate_000441_7a247b62,random-phased,5,5,0,55.8,56,43,68.8,11.3561,1197.8,1169,1009,1418.8,0,115.68,4,59.4,1944.2,2005,1582.2,2312.2,141.6,0,2.4,0.6834,19288.2,336.9335,190.1972,37.322,55.8
search_candidate_000225_7fc8d29d,random-phased,5,5,0,55.6,56,49,61.8,5.678,1198.8,1244,1088.2,1286.8,0,115.42,4,59.2,2053.2,2226,1542.8,2460.6,138.2,0,2.4,0.6477,18804.8,413.6749,90.0031,46.161,55.6
search_candidate_000318_c2aa18d6,random-phased,5,5,0,55.4,53,43.8,68,10.707,1210.6,1225,985.8,1415,0,124.84,4,58.6,2060.4,2020,1781.6,2344,138,0,2.6,0.5971,19375.8,251.2764,193.1928,38.4465,55.4
search_candidate_000069_2f609cf0,random-phased,5,5,0,55.2,54,38.4,75.8,18.4543,1252.8,1262,965.4,1571.2,0,128.08,3.8,62.8,2208.6,1910,1541.2,3118,135.4,0,2.6,0.596,19413.4,743.2452,282.0747,29.1729,55.2
search_candidate_000100_64798dea,random-phased,5,5,0,55,39,28.6,91.8,29.6176,1119.4,876,731.4,1657.8,0,106.4,4,54.4,1682.4,1189,931.8,2768.2,140.8,0,1.6,0.9168,16392,878.6835,435.5762,13.7912,55
search_candidate_000347_426385e5,random-phased,5,5,0,55,44,39,77.2,17.7088,1175.6,1050,897.4,1539.2,0,101.82,4,60.2,1501.4,1270,1148.8,2006.8,144,0,2.6,0.6741,20281.2,413.2726,293.0956,30.1456,55
search_candidate_000205_afe750fe,random-phased,5,5,0,54.8,32,29.8,91.2,29.5797,1102.8,767,738.4,1632.8,0,101.84,3.8,55,1686.6,1015,939.6,2781.4,138.4,0,2,0.7972,18199.2,884.3996,432.3089,15.0101,54.8
search_candidate_000450_7d58861a,random-phased,5,5,0,54.6,40,30.2,94.4,37.0923,1217.4,980,815,1837,0,135.18,3.8,60.8,1934,1490,1111,3195,156.4,0,2,0.6998,17886.8,1150.3799,536.3248,11.6538,54.6
search_candidate_000479_c7a78233,random-phased,5,5,0,54.6,46,42,75.6,18.9905,1202,1173,948.6,1515.4,0,134.14,3.8,57.8,2149.8,1960,1632,2873.6,137.4,0,2.8,0.5514,20108,632.3892,280.8843,32.5047,54.6
centered_candidate_000061_f9d96da2,centered-gaussian,5,5,0,54.4,57,31.2,77.6,20.5971,1160.2,1255,730.6,1551.4,0,115.82,4,55.8,1961.6,2431,923,2760.2,135.6,0,1.6,0.8692,15891.6,840.8704,363.6138,20.9015,54.4
search_candidate_000056_5c2f7827,random-phased,5,5,0,54.2,45,42.8,71.4,13.6733,1178,1105,970.8,1442.6,0,121.64,4,57.2,1982.8,1845,1700.8,2384.8,144.2,0,2.2,0.6812,17765.4,346.1973,222.7402,35.9633,54.2
search_candidate_000388_4a50a63e,random-phased,5,5,0,54.2,44,24.4,89.6,29.1232,1075.8,1033,532.2,1622.4,0,101.02,3.8,53,1543.2,1340,596,2584.4,138.8,0,2,0.7848,18030.2,884.2991,482.4311,9.8384,54.2
search_candidate_000051_92a48afe,random-phased,5,5,0,54,42,30,88,27.9142,1130.2,1050,726.2,1613,0,114.08,3.8,55.2,1906.4,1964,887.8,2921.8,136.8,0,1.6,0.7658,15644,896.7476,401.0862,16.0429,54
search_candidate_000380_3b4e0743,random-phased,5,5,0,54,38,29.4,92.4,34.0176,1144.8,923,791.2,1693.4,0,123.08,3.8,56,1828.6,1440,1041.2,2928,147.8,0,2.4,0.7518,19395.6,895.8303,473.4801,12.3912,54
search_candidate_000430_4b623142,random-phased,5,5,0,54,58,37,67.8,13.9857,1156.4,1225,895.6,1375.4,0,112.7,4,57.8,1864.4,2000,1458.6,2200,152.8,0,2.6,0.7069,20238.4,336.5986,222.4326,30.0071,54
search_candidate_000036_d0ae43f1,random-phased,5,5,0,53.6,40,31,84.2,24.4508,1101.6,893,732,1577,0,107.14,3.8,54.4,1618.2,1304,959,2463.2,140.6,0,2,0.7804,17774.6,682.3297,386.9174,18.7746,53.6
search_candidate_000496_c873c710,random-phased,5,5,0,53.6,57,37.6,68.8,14.3471,1160,1218,905,1402,0,108.68,4,58.2,1628.6,1781,1195,1997.6,146.8,0,2.2,0.7594,19127.6,361.1817,227.7955,30.4264,53.6
search_candidate_000026_cd586eb7,random-phased,5,5,0,52.8,54,41.2,63.6,11.4263,1200,1247,1007.4,1359.2,0,123.36,4,58.8,1940,2025,1553.6,2279.2,142.8,0,2.6,0.5601,19944.4,323.3098,169.8611,35.4869,52.8
search_candidate_000470_5257af3f,random-phased,5,5,0,52.8,52,41,66,11.1964,1156.2,1136,915.4,1420.4,0,118.78,3.8,56.8,2001.6,1950,1518,2535.6,137.6,0,3,0.5973,21137.4,450.5364,225.095,35.4018,52.8
search_candidate_000138_aa33461c,random-phased,5,5,0,52.6,42,29.8,88,33.1819,1084.4,950,759.8,1568.4,0,104.16,3.8,53.2,1550,1156,866,2635.4,136.8,0,2,0.7008,17528.8,1003.9125,455.2988,13.209,52.6
centered_candidate_000357_377afd1d,centered-gaussian,5,5,0,52.4,51,34.4,70.8,16.3536,1177.6,1183,900,1424.8,0,122.14,4,56.4,2129.6,1926,1322.8,3032,135,0,2.6,0.6833,19808.8,777.9395,255.2964,26.2232,52.4
search_candidate_000278_e348a8bf,random-phased,5,5,0,52.4,48,44.8,62.4,8.0399,1160.2,1105,1091.2,1269,0,129.18,4,54.4,2041,1927,1912.6,2275.6,141.4,0,2.4,0.5334,19172,220.4931,89.4593,40.78,52.4
search_candidate_000287_f938a492,random-phased,5,5,0,52.4,41,32.4,80,22.2405,1052.4,934,742.2,1442.4,0,99.22,3.6,52.4,1342.6,1190,847.2,1963,132.6,0,1.8,0.8822,17139.4,514.9476,317.3229,21.2797,52.4
search_candidate_000002_1d76d54c,random-phased,5,5,0,52.2,54,41.8,61,8.8859,1186,1211,1030.6,1316.8,0,114.86,3.8,59.6,1846.4,1814,1545.8,2158.8,133.6,0,2.2,0.7158,18125.8,288.7065,138.9892,37.357,52.2
search_candidate_000012_3ddd473a,random-phased,5,5,0,52.2,46,32.8,75,18.8934,1125.2,1033,780.6,1519.2,0,113.12,4,55.2,1718.6,1420,1235.8,2344,151,0,1.8,0.8787,16909,508.936,331.1751,23.3533,52.2
search_candidate_000403_4e8c1d02,random-phased,5,5,0,52.2,55,40,62.4,10.0876,1107.8,1214,895.2,1250,0,107.06,3.8,54.8,1577.8,1687,1148.2,1969.4,137.8,0,2,0.6585,17266.4,366.346,169.5717,34.9562,52.2
search_candidate_000117_2edb7b32,random-phased,5,5,0,51.8,57,39.8,61,9.7036,1107.6,1223,905.6,1235.8,0,117.46,3.8,55.8,1809,1870,1396,2174,164.6,0,1.8,0.952,18235.6,354.1807,160.2381,34.9482,51.8
search_candidate_000246_8d095214,random-phased,5,5,0,51.8,49,38.6,67.8,13.4818,1111.6,1044,884.2,1405.8,0,115.2,3.8,55,1772,1530,1222,2469.2,149.8,0,2.2,0.816,19420,564.1475,244.6652,31.8591,51.8
search_candidate_000178_96d22b5c,random-phased,5,5,0,51.6,47,39,69.2,15.1473,1139.4,1075,881.4,1450.6,0,117,3.8,56,1869,1950,1298.8,2432.2,139,0,1.6,0.8876,15930,522.0916,259.7804,31.4264,51.6
search_candidate_000285_afff69d3,random-phased,5,5,0,51.6,53,45.2,56.8,5.4626,1133.8,1160,997.2,1244.6,0,117.88,3.8,55.4,1858.4,1800,1604,2127.6,139.2,0,2.8,0.625,20745.4,241.9369,119.6669,42.4687,51.6
search_candidate_000485_147d81f8,random-phased,5,5,0,51.6,43,24,82.8,26.28,1096.4,958,631.4,1609.6,0,101.56,3.8,55.2,1519.4,1040,796,2482.8,141.2,0,1.8,0.8136,17621.6,778.8591,437.1611,10.86,51.6
search_candidate_000309_1225f293,random-phased,5,5,0,51.4,38,29.6,80.2,23.1914,1082.2,900,683.2,1565,0,100.62,3.8,54.4,1514.4,1311,812.8,2323.2,143,0,2,0.8322,17825.8,671.6001,397.9952,18.0043,51.4
search_candidate_000021_3b877134,random-phased,5,5,0,51.2,45,40,66.2,12.0233,1124.2,1078,890,1392.2,0,119.22,3.8,54.6,1837,1677,1380,2356.4,141,0,2.4,0.6549,18487.2,441.0179,223.4022,33.9883,51.2
search_candidate_000176_2a5873d8,random-phased,5,5,0,50.8,47,41.4,62.6,9.5582,1099.8,1059,920,1301.8,0,122.3,3.6,54.2,1965.6,1812,1612.4,2397.4,147.8,0,2.8,0.6049,20352.6,356.3429,169.9287,36.6209,50.8
search_candidate_000276_12705deb,random-phased,5,5,0,50.6,48,34.4,69.6,16.7284,1128.4,1095,847.2,1428.8,0,117.84,3.8,54.8,1744.4,1723,1286,2215.4,136.4,0,2.4,0.574,18715.2,471.8629,278.762,26.0358,50.6
search_candidate_000359_692b3b15,random-phased,5,5,0,50.6,55,33,66,15.1605,1127.6,1157,864.6,1379.2,0,111.8,3.8,56.4,1622.4,1630,1188,2081.2,143.2,0,1.8,0.8156,16559,444.4581,245.0899,25.4198,50.6
search_candidate_000451_3ba5c9ef,random-phased,5,5,0,50.2,40,16,91.6,33.9788,1088.2,919,472.4,1817.2,0,134.7,3.6,50.8,2000.4,1474,692,3755.8,143.4,0,2.4,0.7075,19255.2,1463.1807,599.7257,-0.9894,50.2
search_candidate_000474_5f6c2ad5,random-phased,5,5,0,50.2,45,40.2,65.8,14.6068,1099.6,1011,945.8,1346,0,117.62,3.8,54.6,1777.2,1674,1332,2331.8,157.6,0,2.2,0.7727,20352.8,463.6142,224.0443,32.8966,50.2
search_candidate_000076_471f583e,random-phased,5,5,0,50,50,47.4,52.6,2.2804,1143.4,1152,1104,1175.2,0,117.32,4,55,1843.2,1884,1728,1941,138.4,0,2.4,0.6372,19064.6,96.236,34.2905,46.2598,50
search_candidate_000165_8422816b,random-phased,5,5,0,49.4,37,31,73.8,19.8655,1113.4,1101,733.4,1515.6,0,115.14,3.8,54.6,1567.4,1510,899.6,2313.8,140.8,0,2,0.7974,17772.6,645.596,344.9432,21.0672,49.4
search_candidate_000017_1bdebc6f,random-phased,5,5,0,49.2,54,39,56.6,8.1339,1093.8,1185,910.2,1223.4,0,115.1,3.6,54.2,1871.6,1981,1371,2313.4,138.8,0,2,0.6875,17715,416.9756,145.9567,34.9331,49.2
search_candidate_000072_44d31ea5,random-phased,5,5,0,49,53,35.6,59.4,11.679,1083,1211,790.2,1285,0,111.16,3.8,53.4,1615.6,1920,1020.8,2024,147.2,0,2.2,0.7578,18238,474.8194,244.9849,29.7605,49
search_candidate_000344_e02b548c,random-phased,5,5,0,49,46,41.4,58.8,7.9498,1060.4,1044,904,1218.6,0,126.8,3.6,52.4,2008.2,1950,1540.4,2589.8,167.8,0,2.4,0.783,21304.6,515.4704,139.3221,37.4251,49
search_candidate_000239_b1a6798b,random-phased,5,5,0,48.8,41,37.8,65,12.9677,1063.4,961,875.6,1317.2,0,104.56,3.6,53.4,1439,1401,1142,1772.6,137.8,0,2.4,0.6714,19196.4,283.4227,204.2044,31.3162,48.8
search_candidate_000342_af2ff9a9,random-phased,5,5,0,48.6,38,29.4,78,27.2881,1068.4,972,779.2,1479.2,0,108.82,3.6,54.6,1495.4,1280,1025.8,2182.4,152.8,0,2,0.8236,18186.6,632.2498,383.26,15.756,48.6
search_candidate_000184_0c808a9d,random-phased,5,5,0,48.4,39,33.4,72.8,23.0443,1106.8,910,862.4,1529.6,0,128.36,3.4,55.2,1768.6,1432,1164,2683.2,144.8,0,1.8,0.7625,16636.8,787.2457,380.9312,21.8778,48.4
search_candidate_000153_04f16b75,random-phased,5,5,0,48.2,51,39.4,56.2,7.6263,1088.2,1151,945.8,1200.2,0,108.74,3.6,54.4,1506.6,1440,1275,1766.2,133.6,0,1.6,0.7967,15850.8,218.6875,117.4843,35.5869,48.2
search_candidate_000473_5bf575bd,random-phased,5,5,0,48.2,42,37.8,62.2,11.1964,1045.4,924,884.4,1270,0,106.36,3.4,53.2,1403.2,1130,1086,1891.6,139.2,0,2.2,0.7123,18149,387.4958,180.6406,32.2018,48.2
centered_candidate_000247_5b1633c2,centered-gaussian,5,5,0,48,44,40.2,58.4,8.4143,1074,1062,973.4,1182,0,112.32,3.6,52.6,1613.8,1563,1428,1859.4,133,0,1.8,0.7684,16732,213.4286,96.8112,35.9929,48
search_candidate_000130_7edb9f6a,random-phased,5,5,0,47.6,41,35,66.6,18.1505,1050.4,924,816,1408.4,0,103.76,3.4,54,1426.4,1250,1054.4,1974,138,0,1.6,0.7968,16100.2,521.3301,339.0042,25.9248,47.6
search_candidate_000455_4074a617,random-phased,5,5,0,47.6,32,30.8,73,20.1851,1033.4,857,772.6,1393.6,0,100.4,3.8,52.6,1317.8,1079,920,1848,161,0,1.6,1.0103,17357.2,426.0884,287.358,20.7074,47.6
search_candidate_000111_e52fa6f0,random-phased,5,5,0,47.4,50,33.4,58,12.126,1011.6,1074,783.6,1189.8,0,95.54,3.8,49.8,1349,1348,984,1705.2,142.6,0,2.2,0.8074,19303.4,353.818,207.3534,27.337,47.4
search_candidate_000145_8e1fb74c,random-phased,5,5,0,47.4,40,31.2,67.2,16.2185,1013.4,894,771,1301.6,0,100.46,3.6,50.6,1309.2,1214,904,1731.2,142.8,0,1.8,0.8857,17698.6,372.9013,242.2533,23.0907,47.4
search_candidate_000229_93f64fb6,random-phased,5,5,0,47.4,42,34.6,62.8,12.6902,1043.6,913,817.2,1328.6,0,109.04,3.4,53.6,1485.4,1234,1193.2,1902,148.2,0,2.8,0.5835,21405.4,339.016,235.8615,28.2549,47.4
search_candidate_000013_ce88818f,random-phased,5,5,0,47,41,35.6,62,12.0665,1022.4,941,814.2,1284.6,0,109.72,3.4,51.4,1544.2,1453,1147.4,2021.4,144.4,0,1.8,0.7676,16917.8,395.1073,212.4124,29.5668,47
search_candidate_000055_abbc9b20,random-phased,5,5,0,46.6,47,32.6,61,12.5475,1020.8,1001,782.4,1280.4,0,107.9,3.6,50.2,1587,1162,1034,2419.2,144.4,0,2.4,0.7078,19646.4,663.1422,220.7581,26.3262,46.6
search_candidate_000188_b6897c41,random-phased,5,5,0,46.6,40,32.4,63.8,14.193,1058.8,913,788.6,1404,0,114.88,3.4,52.4,1631.6,1336,1112,2283.6,132.4,0,2,0.675,17611,535.9275,279.5886,25.3035,46.6
search_candidate_000481_4cc6dbde,random-phased,5,5,0,46.6,39,32.6,64.2,14.4444,1027.4,927,794.4,1305.6,0,105.98,3.4,51.6,1403.6,1186,1022,1913.2,135.6,0,2.2,0.6735,18148.8,410.725,231.4801,25.3778,46.6
search_candidate_000194_bf6307d7,random-phased,5,5,0,46.4,42,37.8,58.2,10.1705,1041.2,934,874.8,1265,0,120.54,3.4,50.8,1878.4,1633,1540.6,2360.4,140.2,0,2.6,0.5935,19574.4,384.5832,180.0682,32.7147,46.4
search_candidate_000190_ebdc4847,random-phased,5,5,0,46.2,42,24.8,69.8,20.2524,1033,927,657.4,1470.6,0,102.3,3.4,53.8,1418.6,1230,852,2083.2,146.2,0,2.2,0.8946,19365.6,560.999,376.6101,14.6738,46.2
search_candidate_000075_e48768c3,random-phased,5,5,0,46,47,27.8,65,17.3666,1039.8,1017,715.2,1391,0,105.48,3.8,51,1380,1330,880,1934,146.2,0,1.8,0.9651,18089.4,551.6158,317.8021,19.1167,46
search_candidate_000195_1cae9331,random-phased,5,5,0,46,39,32.2,62.8,13.914,1039.2,1003,814.2,1288.2,0,109.04,3.4,53.2,1512.8,1596,1025.4,1974.6,146.2,0,1.8,0.8125,17166.8,420.6435,209.0726,25.243,46
search_candidate_000169_e699cfbf,random-phased,5,5,0,45.8,42,33.8,59.8,12.0565,1058.4,966,846.8,1315,0,113.12,3.4,52.6,1649.4,1389,1275.8,2167.6,130.8,0,2,0.7198,16796.4,413.894,210.9432,27.7717,45.8
search_candidate_000351_62b4d0dc,random-phased,5,5,0,45.8,36,28.8,71.8,24.2025,1017,923,732.4,1397.6,0,106.42,3.4,50.6,1517.4,1328,957.2,2254.4,134,0,2,0.7689,17658.2,694.9618,359.2219,16.6988,45.8
search_candidate_000467_0f2fb82d,random-phased,5,5,0,45.8,38,35.4,63.8,16.726,1022.4,881,867.6,1317,0,103.8,3.4,51.6,1428,1150,1098,2018.8,135,0,1.6,0.8101,15463.6,555.8331,288.482,27.037,45.8
search_candidate_000098_41495bc5,random-phased,5,5,0,45.6,37,26.6,70.8,20.8096,954.2,813,661.6,1352.2,0,93.62,3.6,46.6,1217,920,739.8,1912.8,139.2,0,1.8,0.7942,17289.2,585.8102,340.2595,16.1952,45.6
search_candidate_000171_2404c4ae,random-phased,5,5,0,45.6,40,36,60.6,13.9513,1088,991,939.6,1327,0,130.12,3.4,53.8,1831.6,1640,1514.8,2322.6,145.8,0,2.2,0.7278,18299.6,433.4349,219.99,29.0243,45.6
search_candidate_000252_8ab44852,random-phased,5,5,0,45.6,42,25.2,69.4,20.5971,1015,965,627.4,1440.4,0,105.78,3.4,51,1470.8,1500,806,2141.2,138,0,1.6,0.8306,15886.8,588.6997,367.1866,14.9015,45.6
search_candidate_000134_75ec67f7,random-phased,5,5,0,45,39,24.8,73.8,26.7507,975.8,875,661.4,1413.2,0,96.98,3.6,47.6,1226,1110,722,1898,135.6,0,1.6,0.8949,16138.6,610.4621,404.6171,11.4246,45
search_candidate_000215_59d495df,random-phased,5,5,0,44.8,45,23.8,66.8,20.0938,1015.6,1067,603.4,1415,0,101.56,3.6,50.6,1449.4,1550,768.4,2125.6,140,0,2,0.7838,18248.6,637.9052,376.3358,13.7531,44.8
search_candidate_000484_51f160d7,random-phased,5,5,0,44.8,36,29.6,69.2,22.8596,953.8,872,712.6,1296.6,0,98.3,3.4,47.6,1330,1120,804,2080,141.8,0,1.8,0.8284,16917.6,655.6218,311.7508,18.1702,44.8
search_candidate_000016_1d2b85fd,random-phased,5,5,0,44.4,37,30.4,66.2,20.5971,981,858,773.4,1299.4,0,99.3,3.4,49,1304.2,1010,912,1952.6,134.2,0,2,0.773,17543.4,579.9988,281.6601,20.1015,44.4
search_candidate_000270_9a6d8c3d,random-phased,5,5,0,44.4,40,31.6,59,12.2735,1135.8,1027,878,1436,0,123.2,3.4,57.6,1815.4,1550,1210.6,2606.4,131.2,0,2,0.7611,17211.4,641.2069,252.1082,25.4632,44.4
search_candidate_000196_b4247e6a,random-phased,5,5,0,43.8,51,28.8,55,12.0565,1023.2,1155,771.2,1203.6,0,102.14,3.6,51,1396.4,1560,961.2,1745.4,137,0,1.8,0.8069,17374.8,355.5124,201.1561,22.7717,43.8
search_candidate_000272_efeb6230,random-phased,5,5,0,43.8,40,35.6,54.6,8.8634,934.6,852,799.2,1123.4,0,94.72,3.4,46.8,1236,1143,958,1577.2,143,0,2,0.753,18071.6,287.3597,151.1696,31.1683,43.8
search_candidate_000080_28902e7d,random-phased,5,5,0,43.6,40,21,68.6,21.001,990.4,945,645.6,1372.6,0,98.08,3.4,51.4,1374.4,1216,783.2,2034.8,147.6,0,1.6,0.9448,16825.8,558.288,322.0271,10.4995,43.6
search_candidate_000499_d48973ad,random-phased,5,5,0,43.6,42,35.2,52.6,7.8638,1021,976,918.8,1151.2,0,110.32,3.4,52,1534.6,1442,1329.2,1830.2,148.2,0,1.8,0.799,17823,253.3642,105.478,31.2681,43.6
search_candidate_000038_2ea04fa3,random-phased,5,5,0,43.4,41,34.2,55.4,11.4123,933.8,890,790.4,1120.8,0,101.08,3.2,46.8,1283.6,1120,1003.2,1707.6,139.6,0,2.2,0.7728,18460.4,383.2898,170.9274,28.4939,43.4
search_candidate_000348_d2afc809,random-phased,5,5,0,43.4,34,26.8,66.2,18.2384,1029.6,906,773.4,1361.8,0,106.74,3.6,53.2,1422.8,1180,912.4,2118,160.8,0,1.8,0.8805,18186,580.6543,271.793,17.6808,43.4
search_candidate_000039_03e486a2,random-phased,5,5,0,43.2,41,32,55.6,10.5717,950.2,865,746.8,1189.4,0,88.5,3.4,49,1106.2,981,880,1392,140.6,0,2.2,0.6812,18799.8,233.7814,199.4466,26.7142,43.2
search_candidate_000416_468ebd13,random-phased,5,5,0,43.2,40,22.6,67.6,21.0466,1031.4,1047,677.6,1418,0,121.42,3.4,50.4,1708,1744,939.6,2528.2,141.6,0,2.6,0.7057,20475.2,715.3888,343.1889,12.0767,43.2
search_candidate_000212_99c2061d,random-phased,5,5,0,42.8,38,32.8,55.6,10.3228,982.8,856,836.4,1208.6,0,96.08,3.4,50.2,1288.2,1112,990,1737.6,137.2,0,1.6,0.9164,16306.4,384.4656,179.2221,27.6386,42.8
search_candidate_000316_8fb52f14,random-phased,5,5,0,42.8,38,34,55.2,10.4575,941.8,804,787.6,1187.6,0,88.68,3.4,49,1112.8,1006,916.4,1404.4,147.2,0,2.2,0.8082,19006,245.8409,196.813,28.7712,42.8
search_candidate_000135_a11e91c6,random-phased,5,5,0,42.4,45,31.2,52.8,9.6457,1053.4,1116,848,1238,0,120.14,3.6,50.6,1528.8,1573,1154,1901.6,136.6,0,2.2,0.6538,17982.8,349.4919,175.8927,26.3771,42.4
search_candidate_000323_04c6d18d,random-phased,5,5,0,42.4,42,27.6,57.6,13.1697,951.8,919,688.2,1230.2,0,101.64,3.4,46.8,1327.2,1330,757.4,1938,138.2,0,1.8,0.8925,16778.8,530.2503,238.9991,21.0152,42.4
search_candidate_000081_ee2c3080,random-phased,5,5,0,42.2,40,27.8,58.8,15.7785,956.4,993,695.4,1202.8,0,98.84,3.2,49.4,1291.4,1350,921.4,1641.8,141.2,0,2.2,0.7903,19218.4,345.4728,241.6498,19.9108,42.2
search_candidate_000373_c19ce4bf,random-phased,5,5,0,42.2,37,24.4,62,16.9517,941,944,608.2,1254.8,0,91.12,3.2,48.4,1238.6,1090,714.6,1795.2,131.2,0,1.6,0.8566,15770,488.8704,296.6965,15.9242,42.2
search_candidate_000087_09c86cfb,random-phased,5,5,0,42,35,26.6,62.6,18.0665,1028.2,943,720.8,1402.4,0,104.54,3.4,52.2,1372,1190,909.6,1980.6,132.6,0,2.2,0.7371,18143.6,515.046,316.5959,17.5667,42
search_candidate_000288_41d0c96a,random-phased,5,5,0,42,38,22,67,23.0911,900.8,874,556,1297.2,0,97.46,3.2,44.8,1249.2,1227,706,1867.4,139.2,0,1.6,0.8841,16342.4,573.6666,371.0285,10.4544,42
search_candidate_000022_9b66f8e5,random-phased,5,5,0,41.8,39,32.4,54.6,12.0565,972,954,827.6,1135.2,0,110.84,3.2,48.4,1410.2,1480,1120.2,1639.6,137.6,0,2,0.7994,17636.6,255.1646,161.7863,26.3717,41.8
search_candidate_000234_ef2816d1,random-phased,5,5,0,41.8,32,23.8,69,24.3097,898.8,765,612.4,1307.4,0,93.82,3.2,44.8,1154.8,990,768,1699.6,134,0,1.8,0.7597,16823,488.6268,373.4163,11.6452,41.8
search_candidate_000350_7085768b,random-phased,5,5,0,41.8,42,32.6,51,9.4953,978.8,980,789.2,1162.6,0,106.2,3.2,49.2,1438.4,1415,1023,1826.8,132.2,0,1.6,0.8685,15993.8,373.0172,182.5721,27.8524,41.8
search_candidate_000250_ccf51204,random-phased,5,5,0,41.6,40,30.8,55.4,12.4676,1055.2,989,839.2,1357.6,0,125.66,3.2,52.4,1745.4,1477,1208.6,2496.6,132.8,0,2.4,0.7672,19255.6,660.4088,275.1461,24.5662,41.6
search_candidate_000149_f45dae77,random-phased,5,5,0,41.2,38,30.4,55.4,12.6712,955.4,909,769.6,1189.6,0,91.24,3.2,51.2,1188.2,1090,900,1564,146.2,0,2,0.8108,18426.4,339.4457,214.2257,24.0644,41.2
search_candidate_000240_41e4db87,random-phased,5,5,0,41.2,40,31.6,53,10.6846,932,929,732.8,1150.4,0,104.96,3.2,46,1429.4,1317,934.8,2034.4,136.4,0,2.4,0.7043,19071,544.6267,201.9436,26.2577,41.2
search_candidate_000437_854d0615,random-phased,5,5,0,41.2,46,29.4,50.2,9.7447,969,1008,780,1135.4,0,93.26,3.6,48.6,1175,1168,916.8,1450,140.4,0,1.8,0.8927,17169.4,268.3088,166.6481,24.5276,41.2
search_candidate_000131_6cf57094,random-phased,5,5,0,40.8,35,31.6,55.2,12.9213,934.4,858,783.2,1162.8,0,100.46,3.2,46.8,1252.6,1063,942,1713.4,134,0,1.4,0.8877,15084.4,379.4768,209.5086,25.1393,40.8
search_candidate_000477_f475deb3,random-phased,5,5,0,40.8,30,24.8,67.4,24.3918,942,755,695.4,1372.8,0,97.28,3.4,46.8,1264.4,950,792,2060.8,137,0,1.6,0.8857,16477.4,772.4852,417.9426,12.6041,40.8
search_candidate_000443_895e6508,random-phased,5,5,0,40.6,41,35.6,45.8,4.9234,939.6,903,854.8,1059.2,0,112.76,3.2,45.4,1441.6,1350,1180,1804.6,136.2,0,1.2,0.9454,14173.2,326.2077,108.7136,33.1383,40.6
search_candidate_000444_d99043c6,random-phased,5,5,0,40.4,35,30.8,55.8,14.4582,933.6,840,758.6,1204.6,0,90.04,3.4,47.4,1146.2,1034,838,1601.6,137.4,0,1.4,0.9412,15786.4,423.3695,245.7508,23.5709,40.4
search_candidate_000063_552e470b,random-phased,5,5,0,40.2,37,29.6,54.4,12.5921,1032.4,917,817.2,1324,0,115,3.2,52.2,1582.8,1264,1019.2,2362,130.2,0,1.8,0.8263,16575.2,630.9442,236.5169,23.304,40.2
search_candidate_000204_3e0182bf,random-phased,5,5,0,40.2,39,32.4,49.2,7.9599,921.8,927,824.4,1033,0,105.5,3.2,46.8,1299.2,1379,1035.2,1525.6,152.6,0,1.4,0.921,16015,219.2181,100.5095,28.4201,40.2
search_candidate_000118_dadd5f41,random-phased,5,5,0,40,37,33.8,49.4,8.6718,1039.6,975,926,1211,0,104.88,3.2,55,1383.4,1321,1150.8,1677.6,135,0,1.6,0.8541,16168.2,244.0095,156.3708,29.4641,40
search_candidate_000091_e0f10e9e,random-phased,5,5,0,39.8,39,26.6,55.6,14.3024,893.4,889,700.8,1125.8,0,89.68,3.2,45.8,1126.2,1077,802,1526,139.4,0,1.6,0.9213,16683.2,342.7054,210.3508,19.4488,39.8
search_candidate_000089_3d34cbb9,random-phased,5,5,0,39.6,41,34,44.4,4.7582,937.2,929,833.6,1058.8,0,114.74,3.2,45.6,1503.4,1533,1214.8,1765.6,142.4,0,1.6,0.9424,16509.6,243.5862,106.112,31.6209,39.6
search_candidate_000248_0fccaa28,random-phased,5,5,0,39.2,34,31,51.6,10.8701,941.4,909,785.2,1130.4,0,97.18,3.2,48.6,1223.6,1170,930,1582,139,0,2,0.7684,18241.6,315.0705,174.7577,25.5649,39.2
search_candidate_000227_ba1bc61a,random-phased,5,5,0,38.8,39,36.8,40.6,1.7205,864.4,851,844.8,891,0,93.52,3,43.6,1116.8,1183,964,1244.4,132.4,0,1.6,0.8224,16188.2,128.5759,21.4905,35.9398,38.8
search_candidate_000308_b70e1981,random-phased,5,5,0,38.6,38,29.4,48.2,9.0022,899.2,842,725.4,1099,0,84.26,3.2,47.2,1051.2,971,817.2,1320.6,138,0,1.6,0.8985,16238.2,226.7257,171.5277,24.8989,38.6
search_candidate_000339_19809286,random-phased,5,5,0,38.6,33,30.4,51.8,11.5343,913.6,842,737.6,1162.2,0,107.62,3.2,44.4,1400.4,1173,1104,1872,136.8,0,2.2,0.7003,18139,394.688,218.6491,24.6329,38.6
search_candidate_000356_ff379287,random-phased,5,5,0,38.4,30,24.8,60,20.1256,916.4,795,704.6,1248.4,0,102.2,3.2,45.4,1256.4,1130,884,1794.8,135.4,0,1.8,0.8554,17002.2,499.4515,305.9978,14.7372,38.4
search_candidate_000436_80a341b1,random-phased,5,5,0,38.2,32,21.6,60.4,20.1435,928.8,825,623.4,1322.4,0,92.34,3.2,48.4,1240.4,1074,774.6,1831.8,138,0,1.8,0.8498,17032.4,521.1632,365.7422,11.5283,38.2
search_candidate_000095_40e4b6bb,random-phased,5,5,0,38,41,28,47.4,8.8769,900.6,931,672,1115.8,0,107.52,3.2,43.8,1316.6,1381,846.4,1771.8,141,0,1.8,0.7864,17317.6,410.9144,196.1618,23.5615,38
search_candidate_000210_eed23ded,random-phased,5,5,0,38,39,24.6,51.6,13.2061,909.8,875,702.8,1138,0,90.12,3,49,1170.2,1122,832,1571.4,142,0,1.8,0.8434,17591,346.6943,202.5097,17.997,38
search_candidate_000519_bec138de,random-phased,5,5,0,38,33,25.2,53,12.474,843.6,742,573.2,1156.8,0,86.18,3.2,42.6,1049.2,930,660.4,1539.8,140.8,0,2,0.8102,18445.8,418.3412,265.9426,18.963,38
search_candidate_000238_45a2c693,random-phased,5,5,0,37.8,41,30.4,42,6.9397,965,1013,843,1038.2,0,114.28,3,49.4,1417.2,1538,1123.2,1606,140.2,0,2.4,0.755,19550.6,257.1182,113.1176,26.9301,37.8
search_candidate_000432_7081b2af,random-phased,5,5,0,37.8,36,19.4,55.4,16.4609,924,932,581.4,1215.4,0,110.06,3.2,45,1512,1518,850.2,2069.6,137.2,0,1.8,0.8509,17190.8,595.7862,306.5714,11.1696,37.8
search_candidate_000497_9c75bf5c,random-phased,5,5,0,37.8,38,33.8,41.8,3.544,1010.8,1024,928.8,1083.2,0,121.16,3.2,49.6,1551.6,1565,1412.2,1683.8,129.6,0,2.2,0.728,17969.4,133.8889,68.4497,32.028,37.8
search_candidate_000112_955732e0,random-phased,5,5,0,37.6,36,27.8,48.8,9.7283,965.8,918,755.2,1202.8,0,96.78,3.2,50.4,1192,1080,880,1574,134,0,1.6,0.828,16337.6,313.5219,199.0943,22.9358,37.6
search_candidate_000482_33a08888,random-phased,5,5,0,37.6,38,28.8,46.8,8.0399,859.2,887,697.6,1014.8,0,88.3,3.2,43.2,1067.6,1110,778.6,1332.6,136.6,0,1.6,0.9072,16393.6,248.4702,143.3254,24.78,37.6
search_candidate_000262_b8a361e1,random-phased,5,5,0,37.4,33,25.8,52.4,13.5144,832.8,854,623.4,1022.2,0,83.5,3,43.2,1035.2,980,712.6,1400.8,136.2,0,2,0.8035,18191.8,338.8459,205.8256,19.0428,37.4
search_candidate_000053_5cb0b4f6,random-phased,5,5,0,37,37,27.4,45.6,8.3666,891.2,864,731.8,1054,0,89.6,3.4,44.8,1076,1030,834.6,1345.4,141.6,0,1.6,0.8799,16432.6,228.8239,146.2674,23.2167,37
search_candidate_000296_2d8e584d,random-phased,5,5,0,37,36,24,50.8,12.1326,943.6,938,699.4,1206,0,98.74,3.2,48.8,1240.6,1231,824,1692.8,139.2,0,1.6,0.8482,15788.8,387.201,225.2613,17.9337,37
search_candidate_000518_2b9251af,random-phased,5,5,0,37,37,27.2,47.6,9.8387,935.6,836,788.2,1161.6,0,107.76,3.2,46.4,1385,1257,1069.6,1798.2,136.8,0,2,0.7228,17005.8,336.3897,186.0544,22.2807,37
search_candidate_000028_c48da5bd,random-phased,5,5,0,36.8,35,30,44.6,6.5848,904.4,921,754.8,1047.2,0,93.58,3.2,45.8,1123.6,1120,923.4,1303.8,132.8,0,1.8,0.8599,16846.4,175.862,129.183,26.7076,36.8
search_candidate_000274_4a08260d,random-phased,5,5,0,36.8,40,27,43.6,8.3762,923.8,1011,702,1066.2,0,106.68,3.2,45.6,1296.8,1470,886,1552,136.8,0,1.6,0.8947,16251.2,355.5156,199.7412,22.8119,36.8
search_candidate_000483_eb6a6355,random-phased,5,5,0,36.8,34,28.6,47.8,9.683,891.4,850,692.6,1143,0,90.14,3.2,45.6,1103.6,1000,752,1565.2,136.4,0,1.6,0.9465,16540.6,409.1208,223.1077,23.7585,36.8
search_candidate_000401_f8fae80c,random-phased,5,5,0,36.6,36,33,40.4,3.5553,834.4,857,751.4,906.8,0,95.18,3,41.8,1140.4,1115,955.2,1324.6,139.4,0,2.2,0.8551,19335.8,169.6769,72.7065,31.2224,36.6
search_candidate_000179_aa10441a,random-phased,5,5,0,36.2,39,30.2,40,4.9558,920.4,927,849.4,989.6,0,92.8,3,49.8,1124.2,1100,992,1264.4,143.4,0,2,0.8524,18175.6,129.9483,65.2123,27.7221,36.2
search_candidate_000200_31cdb108,random-phased,5,5,0,36.2,41,26.8,42.6,7.4673,916.2,886,765,1089.4,0,90.54,3.2,47.8,1074.4,1040,856,1313.2,137.2,0,2,0.8115,17988,203.7387,151.2368,23.0664,36.2
search_candidate_000457_1aedd64a,random-phased,5,5,0,36.2,34,32.8,41.2,4.2143,939.6,881,837.8,1086,0,98.74,3.2,48.2,1213.4,1170,1002,1452,135.2,0,1.8,0.7786,16900.2,199.1377,122.137,30.6929,36.2
search_candidate_000123_29a22bbb,random-phased,5,5,0,36,31,24.4,49.2,11.3666,871.6,769,626.4,1154.6,0,100.58,3.2,42.6,1253.2,1098,901.2,1665.6,138.8,0,1.6,0.8521,16534,346.2493,240.3261,18.7167,36
search_candidate_000144_4d31c8c2,random-phased,5,5,0,36,29,22.4,56,16.9823,918.4,823,644.4,1264.6,0,89.46,3.2,48.2,1116.2,940,795,1569.2,137.4,0,1.4,0.8891,15502.8,383.5896,295.8098,13.9088,36
search_candidate_000428_1291f6f0,random-phased,5,5,0,36,31,26.4,49.6,11.7473,896.4,888,711.6,1108.8,0,104.42,3.2,44.4,1217.2,1220,903.4,1564.2,142.8,0,1.8,0.8818,17374.6,314.4299,185.9695,20.5263,36
search_candidate_000037_d4b1439b,random-phased,5,5,0,35.8,35,25.6,46.4,10.2059,911,927,703.8,1096,0,94.4,3,48,1153,1190,912,1358,135.2,0,1.4,0.8565,14649.8,221.3956,191.586,20.4971,35.8
search_candidate_000304_36e71d16,random-phased,5,5,0,35.6,23,17.2,64.4,24.4016,730.8,542,378.4,1237,0,78.58,3,35.2,974,530,414,1880,131.2,0,1.6,0.9174,16158.2,756.5871,419.1226,4.9992,35.6
search_candidate_000335_009ee7f4,random-phased,5,5,0,35.6,36,30.2,40.6,4.5869,869.6,884,770.8,962.2,0,99.96,3,43,1148.2,1204,890.8,1379,128.8,0,1.8,0.7802,17026,217.9215,84.5425,27.9065,35.6
search_candidate_000105_499b8f8d,random-phased,5,5,0,35.4,32,29.4,43.8,6.7705,905,876,735,1087.6,0,97.58,3.2,45.4,1120.6,990,851.4,1455.6,133.4,0,1.6,0.8728,16316.6,273.5833,155.3667,26.0147,35.4
search_candidate_000314_327c3a65,random-phased,5,5,0,35.2,29,26.4,48.2,10.4,859.6,807,692.2,1065.2,0,85.14,3.2,43.8,1023.6,930,809.8,1283.8,134.6,0,1.2,0.9531,14582.8,213.4016,168.0626,21.2,35.2
search_candidate_000315_ee630799,random-phased,5,5,0,35,35,25.6,44.6,8.8318,827,865,612.8,1022,0,80.4,3,42.8,1020.2,1043,751.6,1287.4,129,0,1.6,0.8349,16067.2,256.0058,197.7402,21.1841,35
search_candidate_000110_0f82b936,random-phased,5,5,0,34.6,38,23.2,44.8,9.7077,920.8,972,679.6,1156.8,0,109.7,3,46,1386.8,1589,924,1746.4,131.2,0,1.8,0.8152,16524,378.005,219.5098,18.3461,34.6
search_candidate_000163_ac504226,random-phased,5,5,0,34.6,32,28.4,42.2,6.4374,841.4,822,741.8,961.4,0,86.74,3.2,43.2,1006.8,970,854,1199.8,145.4,0,1.6,0.9344,16928,174.7792,116.7675,25.1813,34.6
search_candidate_000198_9c40c029,random-phased,5,5,0,34.6,32,25.4,45.2,8.8453,938.4,902,729,1167.2,0,115.64,3.4,46.4,1423.6,1308,974.2,1972,158.8,0,2.6,0.7514,21626.2,456.1836,195.1867,20.9773,34.6
search_candidate_000322_2024e73f,random-phased,5,5,0,34.6,36,29.2,39.2,4.4542,833.8,856,761.8,888.4,0,83.58,3,43.8,969.6,1000,836.4,1092.8,138,0,1.8,0.8738,17139.2,118.1602,59.5496,26.9729,34.6
search_candidate_000368_74aa3231,random-phased,5,5,0,34.6,34,30.4,38.8,3.9799,813.4,778,743.4,900.8,0,81.74,3,42,915.2,910,810,1023.6,134.4,0,1.4,0.9292,15506.6,97.8783,71.7986,28.41,34.6
search_candidate_000449_53d7125b,random-phased,5,5,0,34.6,34,26.2,44.8,9.3723,910,875,770.2,1083,0,87.34,3.2,48,1073.8,1050,938,1232,137.2,0,1.6,0.8926,16487,150.679,153.8675,21.5139,34.6
search_candidate_000157_4ae7fe35,random-phased,5,5,0,34.4,40,22.4,43.6,9.7488,831,866,610.6,1034.2,0,82.56,3,43.2,1008,1061,760.8,1233.2,132.8,0,1.4,0.9452,15390.8,212.5436,189.2226,17.5256,34.4
search_candidate_000456_0cd84151,random-phased,5,5,0,34.4,38,27,39.6,5.8856,791.8,837,646.6,911,0,82.96,3,40,951.2,1000,774.2,1122.2,134,0,1.6,0.9181,16539.2,160.6392,118.766,24.0572,34.4
search_candidate_000297_efc849d3,random-phased,5,5,0,34.2,30,24.8,46.8,10.284,880.6,773,724.8,1114.4,0,87.3,3.2,46,1086.6,1006,845,1383.6,141.2,0,2,0.8294,18009.8,242.0336,188.397,19.658,34.2
search_candidate_000390_f67b02c8,random-phased,5,5,0,34.2,32,30,40.2,4.9153,860.8,796,763,998.2,0,106.16,3.2,42,1204,1140,992,1468,149,0,2,0.8647,18632,216.5733,110.2005,27.5424,34.2
search_candidate_000463_96275fc9,random-phased,5,5,0,34.2,31,27,43.6,7.5736,885.6,869,680.8,1106.2,0,107.94,3.2,42.2,1308,1230,859.4,1812.6,133.2,0,2,0.7367,17514.6,421.5405,187.7718,23.2132,34.2
search_candidate_000372_055a83cc,random-phased,5,5,0,34,34,30.4,38,3.5214,790.8,803,753.2,815.4,0,83.26,3,40.2,924.6,910,887.4,970.4,136.8,0,1.4,0.9429,15820.8,37.6064,34.1432,28.6393,34
search_candidate_000082_c34f7fc5,random-phased,5,5,0,33.8,34,20.8,48,12.8437,786.8,766,597.2,992.4,0,78.2,3,40.6,880.6,850,665.2,1128,135.4,0,1.6,0.8444,15848,237.9274,198.678,14.3782,33.8
search_candidate_000259_0535a305,random-phased,5,5,0,33.8,37,19.2,48.2,13.3477,866.4,917,594,1130.6,0,88.54,2.8,47.2,1121,1184,718,1508,138.2,0,2,0.7435,17856,355.8382,247.7835,12.5262,33.8
search_candidate_000317_5f24def5,random-phased,5,5,0,33.8,35,23.6,42,8.8182,863.4,924,715.8,964.6,0,107.92,2.8,42.8,1152.4,1180,947.6,1347.6,128.8,0,2,0.7165,17242.2,176.2062,123.4773,19.1909,33.8
search_candidate_000439_21749a63,random-phased,5,5,0,33.8,34,23.8,43.4,8.6579,839.4,849,667.8,982.8,0,86.1,3,43.8,994.6,1080,776.4,1146.2,136.4,0,2,0.7905,17750,185.0617,157.5089,19.471,33.8
search_candidate_000492_e642ca57,random-phased,5,5,0,33.8,36,27,39.2,5.5281,903.8,882,792.2,1037,0,99,3,46,1217.2,1139,1009.8,1490.4,126.4,0,1.8,0.7064,16417.4,233.9003,111.634,24.2359,33.8
search_candidate_000226_e43bc9d9,random-phased,5,5,0,33.6,32,29.2,38.6,4.2237,772.2,729,651.6,912.6,0,79.68,3,39.2,880.8,814,738,1062,135.8,0,2.2,0.6528,18786,146.5966,116.9092,27.0881,33.6
search_candidate_000009_7d640b4d,random-phased,5,5,0,33.4,33,28.2,38.8,4.6733,856,879,769,930.2,0,90.28,3,44.8,1070.6,1141,910.8,1190,139.4,0,2.2,0.8229,18708.2,128.3302,72.4099,25.8633,33.4
search_candidate_000049_8cf896cb,random-phased,5,5,0,33.2,37,22.8,39.8,9.7447,881,940,694.4,1009.8,0,94,2.8,48,1153.4,1283,875,1329.6,142.4,0,2,0.6911,17994.4,230.3029,169.1544,17.9276,33.2
search_candidate_000074_25af8619,random-phased,5,5,0,33.2,37,24.4,39.2,7.2498,833.6,905,654,948.2,0,97.64,2.8,42.8,1110,1190,808,1346,135.6,0,1.6,0.8849,15913.8,260.5379,155.4537,20.7751,33.2
search_candidate_000103_230d0d1a,random-phased,5,5,0,33.2,33,25.8,40.8,6.5848,834.2,787,722.6,981.2,0,84.96,3,43.4,948,870,752,1180,134.4,0,1.4,0.9491,15139.8,194.2576,119.4979,22.5076,33.2
search_candidate_000341_45c47b31,random-phased,5,5,0,33.2,27,22.4,48.6,12.9522,839.6,673,583.6,1204.8,0,100.62,3,41.4,1213.4,830,727.4,1919.8,136,0,1.6,0.8678,16152.8,560.8489,296.1463,15.9239,33.2
search_candidate_000370_0459b77f,random-phased,5,5,0,33.2,30,29.4,39.8,5.98,857.2,803,786.4,975,0,93.46,3.2,44.4,1101.8,1030,974,1299,153.4,0,1.6,0.9206,17092.8,181.3156,105.8818,26.41,33.2
search_candidate_000472_ca343db8,random-phased,5,5,0,33.2,32,29.4,38,3.9699,866,815,779.6,980.6,0,93.96,3,44.4,1150.6,1073,999.8,1339.4,132.8,0,2.2,0.7082,18317.6,153.9462,92.358,27.4151,33.2
search_candidate_000133_662d290e,random-phased,5,5,0,33,37,17.4,45.8,13.784,908.6,932,627.4,1178.6,0,118.58,3,43.6,1492.2,1385,937.6,2104.8,130,0,2,0.7915,17403.4,570.9292,265.1374,10.508,33
search_candidate_000189_eaa1cff8,random-phased,5,5,0,33,36,26.6,37.6,5.099,773.2,794,685,838.4,0,81.8,3,39.4,934.4,972,794.2,1043,139.6,0,1.4,0.9703,16000.4,120.1942,78.1982,24.0505,33
search_candidate_000208_27b9ae8f,random-phased,5,5,0,33,27,23.4,46.4,10.6771,844.8,749,690.8,1056.8,0,88.5,3.2,43.2,1054.2,860,773.8,1471.2,143.4,0,1.8,0.887,17680.2,339.3496,169.8581,18.0615,33
search_candidate_000399_73b4053e,random-phased,5,5,0,33,34,28.4,37.4,4.0497,842.2,869,727.4,947.4,0,88.18,3,44,1054.6,1083,845.8,1260.2,139,0,1.8,0.8852,17388.6,184.5217,97.7802,26.3752,33
search_candidate_000517_2a49966f,random-phased,5,5,0,33,35,25.6,38.4,6.8118,772,818,601,899.4,0,79.8,2.8,40.4,898.4,910,687.2,1089.6,133.2,0,2,0.8006,17841.6,195.3598,159.4077,22.1941,33
search_candidate_000471_6ac5b64e,random-phased,5,5,0,32.6,31,26.4,39.2,5.7827,818.8,796,769.6,884,0,87.88,3,41.6,1007.8,995,907,1135.4,133.2,0,1.4,0.9474,15548.8,113.9358,53.6895,23.5086,32.6
search_candidate_000085_f30899fa,random-phased,5,5,0,32.4,35,22.6,40,8.4758,737,826,549.2,856,0,76.54,2.8,38.4,866.2,930,671,993.6,136.2,0,1.6,0.9158,16466.2,176.579,159.4917,18.3621,32.4
search_candidate_000090_aa7da497,random-phased,5,5,0,32.4,31,26.8,38,5.2383,811,863,669.6,919.8,0,83.4,3,42.2,955.2,1010,761.6,1101.2,138.2,0,1.4,0.9682,15864.4,158.9496,114.429,24.1808,32.4
search_candidate_000106_71ba7ebe,random-phased,5,5,0,32.4,31,23,42.2,8.4758,775.4,799,543,990.8,0,88.38,3,38.2,945.4,1000,644.2,1221.2,136,0,1.8,0.8234,17317.6,256.4431,197.4807,18.7621,32.4
search_candidate_000448_fe3363c7,random-phased,5,5,0,32.4,36,22.2,40.6,8.4285,876.2,904,631.2,1114.2,0,110.26,3,43.2,1247.8,1215,785.8,1726.4,138.4,0,2.2,0.7711,18716.2,416.5935,216.714,17.9857,32.4
search_candidate_000319_2ee8a502,random-phased,5,5,0,32.2,25,17.2,50,14.972,792.4,727,482,1116.2,0,80.02,3,40.8,979,823,613.2,1400,134,0,1.8,0.7329,17060.6,357.8011,283.3412,9.714,32.2
search_candidate_000358_459dc150,random-phased,5,5,0,32.2,29,27.8,38.2,4.8332,841,841,754.8,926.8,0,87.22,3,44.4,1032.2,1052,858,1186,141.2,0,1.6,0.9613,16768.2,153.6443,89.822,25.3834,32.2
search_candidate_000508_784292bc,random-phased,5,5,0,32.2,35,22,39.4,9.4106,859,898,641,1030.4,0,93.3,2.8,45.6,1102.4,1142,780,1390,134.2,0,2,0.7407,17382.2,304.5768,197.101,17.2947,32.2
search_candidate_000235_4cfd2fe5,random-phased,5,5,0,32,24,14.2,55.8,20.3863,757,747,393,1147.8,0,82.36,3,37.8,996.8,933,496,1569.8,137,0,1.4,0.9145,15479.2,497.7676,348.5329,4.0069,32
search_candidate_000311_3da6fd49,random-phased,5,5,0,32,32,27.4,36.6,4.0497,853.4,790,753.4,997.6,0,89.16,3,45.6,1089,1000,926.2,1303.2,145.8,0,1.8,0.9086,17680.4,172.0395,115.545,25.3752,32
search_candidate_000172_3a30ce49,random-phased,5,5,0,31.8,33,22.4,40,7.8588,813,879,594.8,992.4,0,100.02,2.8,40.2,1151.2,1216,690,1578.4,129,0,1.6,0.8405,15799.6,391.0695,179.7865,18.4706,31.8
search_candidate_000192_f346fbd1,random-phased,5,5,0,31.8,31,23.2,40,7.6,887,886,697.6,1060.2,0,97.6,2.8,48,1223.2,1214,863.6,1576,141.8,0,1.8,0.9366,17567.6,316.7803,173.885,19.4,31.8
search_candidate_000211_10600ab3,random-phased,5,5,0,31.8,34,25.2,36,6.0133,767.2,824,630,855,0,82.1,2.8,39.4,931.2,1002,763.2,1049.6,129.6,0,1.6,0.8777,16305.6,136.3677,120.405,22.1933,31.8
search_candidate_000505_5a9f03c1,random-phased,5,5,0,31.8,33,24.8,38.2,6.2418,862.6,804,713.2,1057.2,0,101.58,2.8,44.4,1189.4,1047,998.4,1496,132.6,0,1.6,0.8156,15892.8,262.1416,161.0535,21.6791,31.8
search_candidate_000143_db67de40,random-phased,5,5,0,31.6,35,19.8,41.6,9.7898,833.6,904,616.6,1015.8,0,93.18,2.6,45.6,1108,1151,804,1401.4,140.2,0,1.6,0.8957,16839.8,264.9838,179.3105,14.9051,31.6
search_candidate_000327_fe00cf4f,random-phased,5,5,0,31.6,29,21.2,44.6,11.6722,817.6,756,668.6,1033,0,80.96,3,43.2,951.6,828,795.6,1231.6,137.6,0,2.2,0.7702,19004.2,267.9863,201.204,15.3639,31.6
search_candidate_000480_17286ef3,random-phased,5,5,0,31.6,32,25.8,37.2,5.004,826,851,724,905.2,0,82.98,3,43,966.4,947,794.8,1134.2,132,0,1.8,0.8312,16837.4,154.5556,91.0363,23.298,31.6
search_candidate_000137_c843d367,random-phased,5,5,0,31.4,32,25.4,37.6,5.4991,782.8,777,731.2,848,0,79.48,3,40.4,914.2,900,858.8,982.8,135.8,0,1.8,0.8874,17422,56.8521,59.341,22.6505,31.4
search_candidate_000363_409eff7c,random-phased,5,5,0,31.4,31,28,35,3.4986,832.4,823,806.2,862.6,0,85.74,3,43.4,1021.2,1016,936.8,1106.8,135,0,1.4,0.956,15834,75.0957,25.2792,26.2507,31.4
search_candidate_000031_c2a34d5c,random-phased,5,5,0,31.2,31,24.2,38.2,6.1449,853.8,859,695.6,1014.2,0,95.98,3,43,1106.4,1126,813.2,1396.6,129.8,0,1.4,0.9429,15150.4,256.6419,140.2019,21.1275,31.2
search_candidate_000128_9f56c88a,random-phased,5,5,0,31.2,29,23.8,40.2,7.3865,791,727,658,971.6,0,76.9,3.2,40.2,899.4,828,702.2,1152.4,136.8,0,1.8,0.8133,17153,219.242,150.8403,20.1068,31.2
search_candidate_000290_edeae790,random-phased,5,5,0,31.2,33,22.4,39.4,7.5472,764.6,847,517,972.2,0,93.66,2.8,37.4,1050.4,1070,639.6,1508,130.2,0,1.4,0.8882,15229.2,406.4646,205.5798,18.6264,31.2
search_candidate_000349_823eee52,random-phased,5,5,0,31.2,32,22.8,38.8,7.7563,704.6,742,558.6,822,0,72.08,2.8,36,819,822,627.4,1011.2,130.2,0,2,0.8073,18003.8,173.6053,126.5458,18.9219,31.2
search_candidate_000464_adfdc2a3,random-phased,5,5,0,31.2,29,27.4,36.8,4.7074,898.2,896,833.8,966.2,0,90.68,3,48,1115,1064,1018,1260.6,133.8,0,1.8,0.8243,17067.4,136.5518,62.4801,25.0463,31.2
search_candidate_000332_845c6ff8,random-phased,5,5,0,31,28,22.2,42,9.6125,771.8,806,549,983.2,0,96.84,3,37.4,979.2,940,743.2,1234.6,143.2,0,1.6,0.9524,16593,240.9675,205.0253,17.3938,31
search_candidate_000045_4f7511a8,random-phased,5,5,0,30.8,29,26.8,36,4.2615,857,840,797,931.2,0,87.72,3,45,1051.6,1064,947,1156,133.2,0,1.6,0.8833,16656.8,97.4281,61.0868,24.6693,30.8
search_candidate_000392_ea0aa090,random-phased,5,5,0,30.8,33,23.4,37,6.2097,822.4,853,690.6,913.4,0,101.88,2.8,41.4,1158.8,1203,922,1352.4,135,0,2.2,0.7362,18841.8,219.3366,121.1043,20.2952,30.8
search_candidate_000427_036071c3,random-phased,5,5,0,30.6,32,26.4,33.6,3.5553,788,800,712.2,851.8,0,83.34,3,40,937.8,1002,807.2,1027.6,133,0,2,0.7536,18057.4,103.735,63.0206,24.6224,30.6
search_candidate_000159_8c26ef07,random-phased,5,5,0,30.4,33,21.4,38.4,7.8384,797.6,878,576.6,972.2,0,102.74,2.8,39.4,1041.4,1160,679.6,1360.6,137,0,1.6,0.8768,16114.6,309.2789,179.21,17.4808,30.4
search_candidate_000293_19e9ff9c,random-phased,5,5,0,30.4,31,22.4,37.2,7.0029,770.2,816,610.6,886.8,0,81.82,2.8,40,921,937,750,1057.2,130.6,0,1.2,1.0291,14863.8,155.5043,145.0081,18.8986,30.4
search_candidate_000491_3497b945,random-phased,5,5,0,30.4,34,18.8,38.2,10.4805,888.2,917,674,1055.4,0,103.32,2.8,46.4,1249.8,1321,856,1554.8,132.2,0,2,0.7987,17420.6,341.7674,189.6074,13.5598,30.4
search_candidate_000025_2d471b3b,random-phased,5,5,0,30.2,25,23.2,41.6,10.1469,803.4,788,603,1029.2,0,91.56,3,41.8,1047.4,966,728.4,1463.4,151.6,0,1.6,0.9915,17410.8,372.0568,211.1687,18.1265,30.2
search_candidate_000230_bce48015,random-phased,5,5,0,30,30,26.6,33.4,3.2249,763.2,763,661.6,862.6,0,79.74,3,38.6,869.2,850,747.4,986,133,0,1.8,0.8451,17143.8,111.3219,88.2959,24.9875,30
search_candidate_000254_540ee7fa,random-phased,5,5,0,30,31,12.8,47.8,15.5563,778,849,488.4,1039,0,85.22,2.8,41,1002.4,1040,608.6,1388.4,139.8,0,1.8,0.8492,17338.6,343.5384,244.7946,5.0218,30
search_candidate_000321_0c6239e4,random-phased,5,5,0,29.8,31,23.4,36.2,5.8447,803.2,787,777.6,835.8,0,84.34,3,41.8,963.8,940,900,1049.4,139.2,0,1,1.0694,14194,77.2383,26.9177,20.4777,29.8
search_candidate_000151_15dd5471,random-phased,5,5,0,29.6,29,28,31.8,1.8547,764.2,765,744.8,781.6,0,87.96,3,38,935.8,940,878.6,992.8,139,0,1.6,1.0064,16940,50.3921,18.2472,27.0726,29.6
search_candidate_000460_749d7789,random-phased,5,5,0,29.6,31,23.4,34.2,5.5714,758.2,783,589.6,899.4,0,81.08,2.8,39.2,908.2,910,701.2,1097.2,130.8,0,1.2,0.9451,14406.2,185.5677,150.6724,20.6143,29.6
search_candidate_000150_8bd3ea75,random-phased,5,5,0,29.4,30,24,34.8,5.2,850.6,908,659.6,998.2,0,89.84,2.8,46,1058.8,1086,808.8,1302,136,0,1.6,0.9274,16236,226.5801,160.7627,21.4,29.4
search_candidate_000242_41b524f2,random-phased,5,5,0,29.4,32,21.4,36,6.6513,736.2,765,562.6,871.8,0,80.64,2.8,38.6,927,946,668,1160,141.8,0,1.4,0.9869,15513,219.9655,150.3202,18.0743,29.4
search_candidate_000141_0bcaf5ac,random-phased,5,5,0,29.2,29,22.6,36.6,6.7052,730.2,751,641.2,802.6,0,75.94,2.8,37.8,848.6,858,772,919,130.8,0,1.8,0.7541,17126.2,67.7926,72.9202,19.2474,29.2
search_candidate_000228_cf9c923c,random-phased,5,5,0,29.2,25,21.6,40.2,9.453,777.4,728,572.6,1015,0,85.54,3,39.4,999.6,925,721.2,1356.2,137.6,0,1.4,0.9535,15572.8,316.7628,211.9062,16.8735,29.2
search_candidate_000305_1f977cd4,random-phased,5,5,0,29.2,29,21.4,37.4,7.3321,779,799,590.2,952.2,0,93.62,2.8,39,1012,1120,678,1292,132,0,1.6,0.8266,16079.8,283.2243,173.671,17.7339,29.2
search_candidate_000067_27f24199,random-phased,5,5,0,29,30,20.6,37.6,7.874,857.6,921,708.8,971.2,0,110,2.8,43.4,1183.6,1265,926,1365.8,137.4,0,2.2,0.6461,19095.6,236.7738,119.7173,16.663,29
search_candidate_000261_429c2e65,random-phased,5,5,0,29,29,11,48.2,16.6253,835,892,490.2,1170.4,0,89.22,2.8,44.6,1074,1190,582,1532,133.6,0,1.4,0.9049,15517.6,427.3921,304.4845,2.6874,29
search_candidate_000213_4e415854,random-phased,5,5,0,28.8,27,25,34.2,4.49,818.6,889,701.6,891,0,83.44,3,43,960.4,1000,792.2,1099,135.2,0,1.8,0.8843,17417.8,140.0094,92.7504,22.755,28.8
search_candidate_000221_423e71b2,random-phased,5,5,0,28.8,28,21.2,36.4,6.8819,814.6,804,678.2,946.6,0,89.88,2.8,42.6,1074.6,1064,861.6,1312,131.4,0,1.6,0.8968,16372.6,206.0831,120.2541,17.7591,28.8
search_candidate_000292_caaa4f87,random-phased,5,5,0,28.8,28,18,41,10.6471,789.2,729,577.8,1043.4,0,88.6,2.8,40.4,1022.4,910,732.4,1390.4,128.2,0,1.6,0.8747,15887.2,298.504,208.4576,12.6765,28.8
search_candidate_000413_bc39baac,random-phased,5,5,0,28.8,34,16.2,38.8,10.3808,771,917,519.2,945.8,0,98.36,2.6,40,1038.2,1180,646,1363.6,141.8,0,1.6,0.7983,16512.2,324.6367,202.8093,11.0096,28.8
search_candidate_000425_0df3793a,random-phased,5,5,0,28.8,24,19,41,9.9479,715.4,729,468.8,968.4,0,75.78,2.8,37,849,880,554,1128,134.4,0,2,0.7449,18055.8,256.5229,221.2036,14.0261,28.8
search_candidate_000433_5a80f50e,random-phased,5,5,0,28.8,25,18.6,41,10.008,742,705,535.2,961,0,81.32,2.8,38.4,887.6,790,660,1145.2,135.6,0,1.8,0.8515,17354.2,222.3849,188.3805,13.596,28.8
search_candidate_000186_15e310c2,random-phased,5,5,0,28.6,27,23.2,35.2,5.5353,787.8,822,614.4,946.6,0,87.12,2.8,41,940.2,998,717.2,1148,132.8,0,1.4,0.9316,15200.8,193.9963,148.1896,20.4323,28.6
search_candidate_000255_4f7f6154,random-phased,5,5,0,28.4,29,24,32.8,3.9294,770,811,661.8,847.2,0,86.96,3,38.8,940,950,764.8,1085.8,139,0,1.8,0.8432,17354.6,158.2264,91.1153,22.0353,28.4
search_candidate_000284_1867b20a,random-phased,5,5,0,28,28,22.4,33,4.858,786.6,738,668.4,924.6,0,85.42,2.8,41.4,998.8,950,826.4,1202.8,134.2,0,1.6,0.8901,16249.8,171.5184,116.1561,19.971,28
search_candidate_000044_77ec4e91,random-phased,5,5,0,27.4,25,21.4,34.6,5.9532,668.8,652,566.8,783.8,0,75.62,2.6,34.4,823.4,771,746.4,944.4,131,0,1.6,0.897,16114,106.6838,96.4436,18.4234,27.4
search_candidate_000083_a0b87911,random-phased,5,5,0,27.2,28,19.4,34.4,6.6753,777.6,859,610.8,884.8,0,82.9,2.8,41,941.8,1056,710.8,1097.6,132.4,0,1.6,0.9483,16599.6,186.0305,138.0009,16.0623,27.2
search_candidate_000006_1f63b6fd,random-phased,5,5,0,26.8,25,19.8,36.4,8.9084,711.4,664,569.4,899.8,0,76.44,2.8,36.6,842.6,760,698.8,1063.4,132.4,0,1.4,0.9333,15564.2,196.6322,170.8527,15.3458,26.8
search_candidate_000421_89e6e067,random-phased,5,5,0,26.6,26,25.4,28,1.2,812.8,811,769.4,856.4,0,83.48,3,43,972.8,994,880,1048.8,137.4,0,1.2,0.9737,14925,85.6841,42.4801,24.8,26.6
search_candidate_000325_16cd0c30,random-phased,5,5,0,26.4,26,22.4,30.4,3.8781,744.6,797,644.4,807.8,0,79.28,2.8,39,913.2,940,808.8,993,132.6,0,1.4,0.9642,15630.8,93.1781,81.6544,20.4609,26.4
search_candidate_000516_a58165b2,random-phased,5,5,0,26.4,24,17.2,37.8,9.5624,757.2,754,583.4,937.6,0,89.18,2.8,38.6,980.4,999,726.8,1262,135,0,1.6,0.9249,16033.2,256.2691,166.3002,12.4188,26.4
search_candidate_000099_d0702228,random-phased,5,5,0,26.2,26,22.4,30.2,4.1183,701.8,699,645.4,767.6,0,81.14,2.8,35.2,850.8,827,769,952.4,133.4,0,1.4,0.9868,15803.6,83.4515,57.8875,20.3409,26.2
search_candidate_000148_d3eaa44d,random-phased,5,5,0,26.2,29,19.2,31.6,5.6356,813.4,885,658.4,931,0,104.5,2.6,41.8,1102,1161,858,1332,131,0,1.6,0.8645,15780,214.3334,125.013,16.3822,26.2
search_candidate_000207_bdaa8d73,random-phased,5,5,0,26.2,28,15,36.2,9.5791,775.8,814,570,945.8,0,88.18,2.6,41,1035.6,1036,751.2,1295.4,127.4,0,1.4,0.8997,14871.4,265.68,193.8911,10.2104,26.2
search_candidate_000062_b8315022,random-phased,5,5,0,26,19,19,37,8.7178,763.2,686,575,997,0,86.96,2.4,42.4,999.2,925,749.2,1297.2,135.4,0,1.6,0.8934,16009.2,260.39,193.5049,14.6411,26
search_candidate_000206_ebf03a9e,random-phased,5,5,0,26,20,15.8,39.4,10.8074,735.6,586,523.6,1021.4,0,89.88,2.4,40,1000.8,830,668,1423.6,139.4,0,1.6,0.9458,16736.8,344.1461,232.7682,10.3963,26
search_candidate_000289_4a9ee5d6,random-phased,5,5,0,25.8,25,21.2,30.6,4.1665,723.8,737,608,818.6,0,100.24,2.8,35,972,910,838.8,1149.2,144.2,0,2,0.8404,18639.8,150.7634,100.394,19.1167,25.8
search_candidate_000367_2941122f,random-phased,5,5,0,25.8,23,19.4,33.6,6.4312,732.6,747,567.4,886.6,0,80.92,2.6,39.2,901.4,892,706,1085.6,132.8,0,1.4,0.959,15682,170.4718,140.6067,16.1844,25.8
search_candidate_000064_44b0726d,random-phased,5,5,0,25.6,28,17.8,31,6.6813,796.6,787,684.8,904.6,0,98.94,2.8,40.4,1022.6,990,854,1213.8,135.6,0,2,0.8022,17745.4,159.7468,99.821,14.4593,25.6
search_candidate_000004_8bf9f437,random-phased,5,5,0,25.4,22,17.2,35.4,8.4758,711.2,691,563.8,866.4,0,77.44,2.4,39.2,880.6,840,700.2,1080,130,0,1.6,0.9054,16202.2,174.3188,140.3815,12.9621,25.4
search_candidate_000371_4d38a480,random-phased,5,5,0,25.4,24,24,27.8,1.9596,793.4,755,688.6,914.6,0,98.1,3,38.8,996,932,791.6,1258.4,134.6,0,1.6,0.9139,16745.8,219.4429,102.5078,23.0202,25.4
search_candidate_000073_af088233,random-phased,5,5,0,25.2,25,21.8,29.2,3.7094,812.8,788,699,949.6,0,92.46,2.8,42.2,1022,910,862,1265.4,128.6,0,1.6,0.8527,16264.6,199.6186,115.3627,19.9453,25.2
search_candidate_000042_665b95e6,random-phased,5,5,0,25,22,17.8,33.2,7.0427,728.4,655,519.8,981,0,95.8,2.4,37.4,950.6,790,635,1362,128,0,1.6,0.8401,15647.2,331.293,207.227,14.2786,25
search_candidate_000426_6a1be816,random-phased,5,5,0,25,24,21,29.8,4.5166,657.8,650,568.8,749.8,0,75.58,2.8,32.8,769,746,658.2,902.2,135.6,0,1.8,0.8803,17396.2,110.7411,80.492,18.7417,25
search_candidate_000007_4725989f,random-phased,5,5,0,24.8,26,15.4,33.8,8.1339,689.8,762,518,825.6,0,84.08,2.6,35,868.2,954,650,1034.2,130.2,0,1.4,0.9674,15613.2,175.3447,139.6401,11.3331,24.8
search_candidate_000440_68745a46,random-phased,5,5,0,24.6,24,15,34.8,8.7772,702.8,764,526.2,850.4,0,96.36,2.6,34.4,942.2,927,642,1270.8,133.8,0,1.8,0.8014,17302.8,284.4591,146.1717,10.6114,24.6
search_candidate_000268_09c3b452,random-phased,5,5,0,24.4,26,13.4,33.4,9.625,760.8,802,504.8,983,0,84.06,2.6,40.8,968.8,930,642.8,1333.6,128.6,0,1.2,0.9233,14361.2,350.259,237.0294,8.5875,24.4
search_candidate_000061_f922dd67,random-phased,5,5,0,24.2,27,17.8,28.6,5.1923,701.8,753,470.2,906.8,0,80.04,2.6,36.6,851,960,560.8,1087.8,128.8,0,1.6,0.8258,15903.2,240.6857,194.2199,15.2038,24.2
search_candidate_000417_e5a24606,random-phased,5,5,0,24.2,23,18.6,30.6,5.4553,726.2,725,606.2,847,0,83.72,2.6,38.8,914.4,928,802.4,1012.8,136.8,0,1.4,0.9921,15943.6,111.3079,109.4027,15.8724,24.2
search_candidate_000446_4cdce69d,random-phased,5,5,0,24,22,12.8,37.4,11.7813,719.8,732,509.2,959.4,0,95.38,2.6,36.2,1008.8,953,647.8,1432,135,0,1.4,0.9302,15248.4,356.8425,217.0902,6.9093,24
search_candidate_000404_9bcdae0c,random-phased,5,5,0,23.8,27,14.6,31.8,7.8588,688.4,699,500.6,842.2,0,80.04,2.6,36.2,826.6,893,568,1026,135.8,0,1.2,0.9751,14593.2,216.7539,168.1209,10.6706,23.8
search_candidate_000397_b86146d4,random-phased,5,5,0,23.2,24,14.2,32.6,8.4238,801.2,790,576.8,1040.6,0,88.2,2.6,43.6,1024,904,771,1355.2,128.6,0,1.6,0.8461,16075.6,266.2503,204.6669,9.9881,23.2
search_candidate_000509_a63e5cbe,random-phased,5,5,0,23,24,15.2,30,6.5727,798.6,866,644.6,904.8,0,89.3,2.6,43.6,984.4,1020,852.2,1082,132.4,0,1.6,0.9227,16243.4,125.1537,124.6701,11.9137,23
search_candidate_000360_ef415b25,random-phased,5,5,0,22.2,22,18.4,25.8,3.6,739.8,692,627,889,0,99.02,2.4,38.2,1028.6,1015,872.2,1207.8,128.4,0,1.8,0.7867,16388.2,155.775,122.9559,16.6,22.2
search_candidate_000058_19d26b10,random-phased,5,5,0,21.4,20,17.8,26.4,4.4989,659,674,491,823.6,0,91.72,2.2,34.6,844,890,554,1108,132.2,0,1.8,0.8082,16894,267.2527,158.1544,15.5506,21.4
search_candidate_000303_733307e3,random-phased,5,5,0,20.6,18,11.2,30.6,8.7544,617,574,377.2,872.4,0,87.1,2.4,30.4,766.8,710,450.4,1116.6,130.8,0,1.6,0.9005,16421.4,293.9234,218.6522,6.8228,20.6
search_candidate_000364_b55b4438,random-phased,5,5,0,20,18,13.6,28.2,7.1274,670.6,602,506.8,881.4,0,88.32,2.2,36.2,848,740,606,1150,131,0,1.4,0.9309,15618.8,250.5514,180.758,10.0363,20
search_candidate_000435_8afb6bb7,random-phased,5,5,0,19.4,20,16.4,22.2,2.5768,657.2,701,532.8,765.6,0,81.94,2.2,36.2,840.6,864,702.4,982,130.8,0,1.6,0.9249,16639,129.0079,105.5185,15.1116,19.4
search_candidate_000193_62478c98,random-phased,5,5,0,17.2,19,13.2,20.2,3.2496,515.8,507,495.6,543.8,0,87.92,2,24.8,676.6,655,633.6,736.4,128,0,1.6,0.9564,16261.6,52.3053,24.128,11.5752,17.2
search_candidate_000277_f2ccc743,random-phased,5,5,0,17.2,14,12,24.2,5.6356,587.6,525,462,751,0,91.08,2.4,28.4,760,671,584,995,137.6,0,1.2,1.0785,15293,194.2751,132.1538,9.1822,17.2
search_candidate_000052_750875fa,random-phased,5,5,0,15.4,14,12.4,19.2,3.0725,521.8,529,447.8,591.6,0,85.14,2,26,646.6,686,539.8,732.4,128,0,1.2,0.9482,14507.8,87.6164,63.6157,10.8638,15.4
search_candidate_000092_c0c77696,random-phased,5,5,0,15.4,17,9.8,20.6,4.9639,565.4,527,453.8,713,0,80.02,2.2,29.6,699.2,646,574,878,133.2,0,1.4,0.9615,15829.8,171.3551,138.3584,7.3181,15.4
search_candidate_000299_f8f08959,random-phased,5,5,0,15.4,14,9.8,22,5.4626,592.8,529,466.6,776.6,0,83.76,2.2,30.4,763.2,635,534,1086.6,124.6,0,1.6,0.8841,16175.8,260.7201,158.122,7.0687,15.4
search_candidate_000115_c8d02e33,random-phased,5,5,0,13.8,14,8.4,19.6,5.0754,527.8,493,473.8,599.6,0,82.2,2,27.4,650,602,582,745.2,130.2,0,1.2,1.0211,14848.8,76.1157,57.9013,5.8623,13.8
