candidateId,strategyVariantId,runs,scenarioCount,avgExp,medianExp,p10Exp,p90Exp,expStdDev,avgScore,medianScore,p10Score,p90Score,completionRate,avgSurvivalTimeSeconds,avgLevel,avgKills,avgDamageDealt,medianDamageDealt,p10DamageDealt,p90DamageDealt,avgDamageTaken,damageWindowPassRate,avgDamageWindowViolationCount,avgMaxDamageWindowRatio,damageSafetyPenalty,damageDealtStdDev,scoreStdDev,consistencyScore,generalFitnessScore
general_top10-median-phased_e068994a,top10-median-phased,90,90,45.6111,31,11.9,89.3,36.4465,1023.5333,847.5,458,2030.3,0.4778,103.7622,3.4111,47.5222,1458.2333,1111,584.5,3021.3,90.5222,0.1222,1.7556,0.5045,13808.9333,883.0668,572.4979,-6.3233,45.6111
general_topN-median-phased_68d0619d,topN-median-phased,90,90,45.6111,31,11.9,89.3,36.4465,1023.5333,847.5,458,2030.3,0.4778,103.7622,3.4111,47.5222,1458.2333,1111,584.5,3021.3,90.5222,0.1222,1.7556,0.5045,13808.9333,883.0668,572.4979,-6.3233,45.6111
centered_candidate_000003_9cf1f686,centered-gaussian,90,90,45.2444,31,12.9,107.2,37.6119,998.0556,785,450.7,1877.8,0.4667,102.1644,3.3222,46.6444,1427.1444,1059,610.7,2838.8,92.5444,0.1222,1.7444,0.5194,13915.0889,882.4479,593.3778,-5.9059,45.2444
general_top1-phased_0836ae39,top1-phased,90,90,45.2444,31,12.9,107.2,37.6119,998.0556,785,450.7,1877.8,0.4667,102.1644,3.3222,46.6444,1427.1444,1059,610.7,2838.8,92.5444,0.1222,1.7444,0.5194,13915.0889,882.4479,593.3778,-5.9059,45.2444
centered_candidate_000068_16f2df3e,centered-gaussian,90,90,44.9,29.5,8,107.4,39.7185,995.9556,796.5,420.2,1998,0.4556,101.6378,3.3111,46.8889,1420.8444,1120,487,2956.3,90.9556,0.1,1.7556,0.5242,13866.4889,887.3716,610.094,-11.8592,44.9
centered_candidate_000029_31fcb45b,centered-gaussian,90,90,44.7667,31.5,11,96.1,37.0669,1006.1778,794.5,442.1,2025.3,0.4333,102.1,3.3444,47.2,1421.2333,1123.5,577.4,2935.4,92.5556,0.1111,1.7,0.5407,13804.3667,869.4115,584.1643,-7.5335,44.7667
centered_candidate_000158_10359186,centered-gaussian,90,90,44.6889,32,8,99.8,39.0966,989.8444,786,369.3,2048.3,0.4778,101.7094,3.3222,46.1556,1426.2778,1110.5,440.7,2998.5,90.8,0.1333,1.6778,0.5505,13643.8444,911.0697,610.1373,-11.5483,44.6889
general_top1-phased_c4dcf321,top1-phased,90,90,44.6889,32,8,99.8,39.0966,989.8444,786,369.3,2048.3,0.4778,101.7094,3.3222,46.1556,1426.2778,1110.5,440.7,2998.5,90.8,0.1333,1.6778,0.5505,13643.8444,911.0697,610.1373,-11.5483,44.6889
centered_candidate_000023_865da4fc,centered-gaussian,90,90,44.6667,31.5,10,94.2,38.1351,992.6333,829.5,423.4,2014.5,0.4222,102.0078,3.3,46.0556,1403.5111,1081.5,544.6,3040.5,89.6,0.1222,1.6444,0.5411,13423.7,879.8337,595.0239,-9.0676,44.6667
centered_candidate_000066_bbfdda96,centered-gaussian,90,90,44.5889,33.5,11.9,102.3,35.6277,1004.2,808,461.3,2036.9,0.4333,103.0717,3.3778,46.2556,1439.1778,1134,552.4,3068,89.5111,0.1444,1.7111,0.4987,13536.0444,868.0265,577.725,-5.9138,44.5889
centered_candidate_000058_2b0bcfdc,centered-gaussian,90,90,44.4333,29.5,10.9,105.1,38.2724,999,797,438.8,2023,0.4556,101.8172,3.3444,46.8889,1435.5222,1131,556.8,3111.3,90.3889,0.1,1.7444,0.5328,13912.7222,910.2461,597.7909,-8.2362,44.4333
centered_candidate_000113_da4d9fa7,centered-gaussian,90,90,44.3667,30.5,11,100,36.974,989,797.5,448.1,1992.4,0.4333,101.5083,3.3222,46.1667,1410.7111,1077.5,549.7,3035,91.9889,0.0889,1.7,0.5254,13733.6222,862.579,579.8716,-7.487,44.3667
centered_candidate_000151_d5d77712,centered-gaussian,90,90,44.3667,33.5,10,91.1,37.1515,999.9667,816,408.4,1978.3,0.4889,102.7761,3.3111,46.6889,1427.4889,1130.5,520,3040.6,89.8556,0.1111,1.6889,0.5245,13524.4333,881.4596,581.8707,-8.5757,44.3667
centered_candidate_000094_58bef05e,centered-gaussian,90,90,44.2556,32,9,96.2,37.1123,985.4333,776,402.6,1965.9,0.4222,101.6028,3.3,46.1333,1405.8778,1089.5,554.2,2903.5,93.6333,0.0778,1.8556,0.51,14520.2667,880.6672,610.0662,-9.5562,44.2556
centered_candidate_000020_0895c2fb,centered-gaussian,90,90,44.2444,29.5,10,93.5,36.0408,1002.3,794,438.2,1935.4,0.4556,101.3467,3.3667,46.6778,1414.5,1112,527.2,3148.5,90.0556,0.1556,1.6667,0.5322,13393.7222,895.6045,599.8087,-8.0204,44.2444
centered_candidate_000159_6dbbadb6,centered-gaussian,90,90,44.1556,33,9.9,94.5,37.1764,988.6556,794,422,2065.5,0.4556,101.4361,3.3444,46.0111,1418.6444,1079,538.5,3085.3,92.7444,0.0889,1.7222,0.5434,13811.6111,894.3077,602.5076,-8.6882,44.1556
centered_candidate_000081_967f6d73,centered-gaussian,90,90,44.0778,32.5,12,92.4,36.2293,1001.7,822,421.9,2002.2,0.4556,102.7094,3.3556,46.2111,1425.7667,1095.5,586.9,3102.1,90.5444,0.0889,1.6111,0.552,13361.6556,880.2787,579.5936,-6.1146,44.0778
centered_candidate_000131_43d4df81,centered-gaussian,90,90,44.0778,29.5,10.9,93.9,37.5699,991.4778,771.5,422.7,2028.2,0.4444,101.3967,3.3111,46.0111,1424.1667,1105.5,480.9,3293.7,89.3667,0.0778,1.6778,0.5148,13372.0889,909.8922,596.7493,-7.8849,44.0778
centered_candidate_000071_929d04bd,centered-gaussian,90,90,43.9889,29,11,91.1,37.29,979.2222,771.5,436.1,1986.6,0.3889,100.1906,3.3333,45.8333,1386.8667,1038,517.4,2917.3,94.9222,0.0444,1.7667,0.5464,14262.9889,894.5953,581.359,-7.645,43.9889
centered_candidate_000134_bfd3da51,centered-gaussian,90,90,43.9444,31.5,10,97.4,39.0337,978.1111,807.5,454,1902.8,0.4556,100.7456,3.3222,45.0778,1382.3444,1099,507.9,2695.5,86.7,0.1556,1.6222,0.517,13037.7,854.7769,585.1951,-9.5169,43.9444
centered_candidate_000061_774d802d,centered-gaussian,90,90,43.9,32,11.8,90.2,33.732,1020.2222,862,438.5,1878.2,0.5111,103.8289,3.3,47.0111,1457.6778,1135,594,3179.3,86.1556,0.1667,1.6444,0.5008,13126.4111,904.7381,601.3505,-5.066,43.9
centered_candidate_000067_fbbbb74e,centered-gaussian,90,90,43.8556,31.5,10.9,98.4,36.3072,996.3778,799,441.9,1961.6,0.4556,101.6272,3.3,46.2,1413.2333,1059.5,529.7,3137.4,86.7444,0.2,1.6333,0.4933,12982.9889,900.0944,602.9606,-7.2536,43.8556
centered_candidate_000016_9934ef09,centered-gaussian,90,90,43.8333,32,10,103,36.1839,988.8667,797.5,454.5,2076,0.4667,102.5006,3.2889,45.5222,1429.2667,1122.5,585,3144.7,86.5333,0.1444,1.6444,0.5044,13014.5,903.0078,585.5936,-8.0919,43.8333
centered_candidate_000027_c39abdf1,centered-gaussian,90,90,43.8333,30,10.9,91.1,36.7061,988.8222,794.5,445.3,1861.6,0.4444,101.9061,3.3,45.6778,1399.8778,1091.5,572.5,2813.3,86.6778,0.1111,1.6444,0.5254,13148.5889,863.1236,586.4708,-7.4531,43.8333
centered_candidate_000019_bbc64527,centered-gaussian,90,90,43.8222,32,10,87.2,36.7912,989.7778,791.5,457.1,1949.7,0.4111,101.1367,3.3222,46.2556,1413.5667,1094,554.9,2959.8,91.9556,0.0778,1.8667,0.5288,14509,884.3561,576.1082,-8.3956,43.8222
centered_candidate_000126_9ddea22c,centered-gaussian,90,90,43.8222,31,11.7,99.4,34.9821,980.2,792.5,423.5,1892.8,0.4333,101.9022,3.3111,45.3111,1397.8556,1113,557.3,2986.7,90.3,0.1111,1.7,0.532,13682.4222,837.375,562.0898,-5.791,43.8222
centered_candidate_000090_d99a851e,centered-gaussian,90,90,43.8111,30.5,10.9,97.6,35.9054,1003.7889,791.5,439.5,2040.5,0.4778,102.4561,3.3222,47.0222,1442.9222,1087,532.5,3170.9,90.2778,0.1,1.6667,0.5321,13409.0778,916.0353,606.6148,-7.0527,43.8111
centered_candidate_000018_4d24a6fe,centered-gaussian,90,90,43.7889,31.5,10.8,104.1,35.7188,996,824,406.9,2035.3,0.4889,101.9367,3.3111,45.9333,1410.8111,1069,548,2872,86.1333,0.1556,1.6333,0.5133,13071.2778,870.1491,578.178,-7.0594,43.7889
centered_candidate_000083_26676e3f,centered-gaussian,90,90,43.7,31,11,96.5,34.6065,993.8889,797.5,455.9,1796.6,0.4667,102.7711,3.3444,45.7889,1443.2556,1111.5,568.6,3088.9,91.4556,0.1556,1.6778,0.5368,13515.2333,888.4956,571.7473,-6.3033,43.7
centered_candidate_000005_e51f9045,centered-gaussian,90,90,43.6778,31.5,11,92.3,37.7041,985.1444,770.5,446.6,1898.4,0.4333,101.9828,3.2333,46.1889,1414.0556,1066.5,631.2,3036.9,90.2667,0.0889,1.7333,0.5271,13819.7111,884.6161,593.9899,-7.852,43.6778
centered_candidate_000116_9bfa5d42,centered-gaussian,90,90,43.6778,31,9,101.6,37.0896,980.6,761,370.9,2007.9,0.4333,99.6756,3.3333,45.6889,1402.2333,1070.5,463.9,3108.2,90.5444,0.0889,1.6444,0.549,13498.2222,928.2723,612.788,-9.5448,43.6778
centered_candidate_000152_61b64b8e,centered-gaussian,90,90,43.6778,32,10,109,37.1961,979.7556,766.5,421.8,1948.2,0.3889,100.4494,3.2667,46.0889,1395.6333,1085,531.7,2866.2,92.3444,0.1,1.7222,0.5393,13906.1,888.249,605.1561,-8.5981,43.6778
general_top10-median-phased_07ea4c0d,top10-median-phased,90,90,43.6222,30.5,11.9,89.1,33.938,996.4222,807,461.2,2005.5,0.4333,102.7044,3.3444,46.1889,1433.2444,1096,572.6,3039.4,91.3778,0.1444,1.7889,0.5188,14073.2667,888.2869,570.4314,-5.069,43.6222
general_topN-median-phased_0be88c92,topN-median-phased,90,90,43.6222,30.5,11.9,89.1,33.938,996.4222,807,461.2,2005.5,0.4333,102.7044,3.3444,46.1889,1433.2444,1096,572.6,3039.4,91.3778,0.1444,1.7889,0.5188,14073.2667,888.2869,570.4314,-5.069,43.6222
centered_candidate_000099_93b341ab,centered-gaussian,90,90,43.5778,30,10.9,88.1,36.7952,996.5,813,453.7,2060.7,0.4111,101.4094,3.3667,46.1444,1400.9778,1103,587.7,3121.5,89.3778,0.1,1.6444,0.5462,13464.6778,905.0267,607.478,-7.4976,43.5778
centered_candidate_000077_5c16cc00,centered-gaussian,90,90,43.5556,30,11,90.4,39.208,969.6889,806.5,442.4,2028,0.4,100.9517,3.3,44.8667,1390.7667,1109,543.3,3199.4,92.0111,0.1222,1.7333,0.535,13933.2333,893.8718,567.3925,-8.604,43.5556
centered_candidate_000041_451d6368,centered-gaussian,90,90,43.5444,31.5,12.7,94.5,36.432,1005.4111,810,465.3,2028.3,0.5,102.7272,3.2889,46.8111,1418.3333,1088.5,570.7,3075.1,85.8333,0.1444,1.6222,0.5105,13012.1333,878.2754,598.2107,-5.516,43.5444
centered_candidate_000021_8aeffcb0,centered-gaussian,90,90,43.5222,29.5,9.9,100.4,36.8155,978.5222,789.5,403.9,1970.8,0.4444,100.5644,3.3333,45.6111,1395.8889,1061,492.7,2914.2,92.9889,0.0889,1.6889,0.5552,13753.2444,879.3609,582.9561,-8.5078,43.5222
centered_candidate_000106_4eccfc61,centered-gaussian,90,90,43.5222,30.5,11,90.4,36.0337,985.5222,792.5,428.9,2051.9,0.4333,101.285,3.3111,46.0444,1415.1778,1069,553.3,2973.9,91.4,0.0889,1.7,0.5471,13734.2222,917.452,592.5831,-7.0168,43.5222
centered_candidate_000159_2a2ad7c6,centered-gaussian,90,90,43.4889,30,10,101.6,36.4067,993.0556,775,428.3,1983.2,0.4222,101.0356,3.3,46.4778,1405.8556,1092,532,3040.1,90.2667,0.1222,1.6667,0.5325,13535.1889,898.9585,612.4769,-8.2034,43.4889
centered_candidate_000137_f59c751f,centered-gaussian,90,90,43.4778,28.5,10.9,94.2,37.1152,969.0222,783.5,455.1,1951.9,0.4,101.1872,3.2556,45.3,1394.4667,1087.5,543.8,2693.3,92.8222,0.1444,1.7222,0.5177,13892.2889,857.5364,566.5489,-7.6576,43.4778
centered_candidate_000153_c0509ff8,centered-gaussian,90,90,43.4778,30,10,91.2,37.5444,977.4778,771,437.1,2033.3,0.4444,100.5106,3.2333,45.6778,1398.9444,1032,525.9,3111.8,90.7,0.1,1.6778,0.5482,13644.0444,932.3451,611.6694,-8.7722,43.4778
centered_candidate_000031_99568878,centered-gaussian,90,90,43.4556,31.5,11,93.9,35.6536,993.1333,801,455.4,1957.6,0.4444,101.0689,3.3222,46.2778,1399.3333,1053,531.8,2934.1,89.6667,0.1111,1.6778,0.5258,13514.4778,884.6145,586.3819,-6.8268,43.4556
centered_candidate_000129_785fffbc,centered-gaussian,90,90,43.4333,31,11.9,92.3,35.1966,988.3444,811.5,448.8,1883.8,0.4333,102.4433,3.3111,45.7778,1418.2556,1118,574.9,3113.6,92.1,0.1,1.7778,0.5228,14150.3556,867.4035,559.3668,-5.6983,43.4333
centered_candidate_000131_fc6cbd97,centered-gaussian,90,90,43.4333,28,10.9,90.6,35.2591,968.0556,784,414.5,1887.5,0.3444,99.5906,3.3333,45.0778,1400.9889,1088,504.3,3103,96.4222,0.0667,1.7222,0.5876,14375.1556,881.0029,561.1945,-6.7295,43.4333
centered_candidate_000039_de4ce3dd,centered-gaussian,90,90,43.4222,29,11,85.3,35.8317,994.5556,757.5,413.4,2054.7,0.4333,102.8167,3.3222,45.9778,1434.4556,1056,539,3055.1,92.6222,0.1444,1.7222,0.5209,13924.7222,902.752,601.058,-6.9158,43.4222
centered_candidate_000066_a0081c56,centered-gaussian,90,90,43.4111,29.5,10,93.2,36.2589,974.6111,773,421.3,1968.3,0.4,100.3594,3.2889,45.5222,1396.6444,1078,518.7,2976.9,92.0111,0.1444,1.7556,0.5125,14011.5,896.0337,582.4968,-8.1295,43.4111
centered_candidate_000123_64432f68,centered-gaussian,90,90,43.4,30,10,103.1,38.2142,969.1,794.5,425,1992.4,0.4111,100.2128,3.2778,45.4111,1380.2111,1080,520,2803.8,89.5667,0.1333,1.6444,0.5474,13376.4444,892.6474,568.3573,-9.1071,43.4
centered_candidate_000157_6851d3d3,centered-gaussian,90,90,43.3889,32,9,89.1,36.6266,985.4,797.5,440.1,2060.1,0.4333,102.5239,3.3,45.5,1398.0889,1087,585.9,2913.3,90.0222,0.1111,1.6667,0.5354,13444.3222,858.3177,573.5163,-9.3133,43.3889
centered_candidate_000043_7e2efc6f,centered-gaussian,90,90,43.3778,32,11.9,88.2,36.6359,1004.5778,791,437.7,2092.2,0.4667,103.6794,3.2778,46.5111,1425.5444,1076,622.7,2859.8,85.5889,0.1444,1.5667,0.5037,12696.5444,864.0464,598.0011,-6.418,43.3778
centered_candidate_000120_d70ee300,centered-gaussian,90,90,43.3778,29.5,10,88.3,34.7891,977.8778,801,412.4,1903.2,0.4222,100.3517,3.2889,45.7778,1395.5667,1092.5,510.2,2864.6,92.5556,0.1,1.7333,0.5408,13898.4667,876.3423,576.8089,-7.3945,43.3778
centered_candidate_000042_71ecbdbd,centered-gaussian,90,90,43.3556,30,10.9,96.4,36.0907,978.7556,771,424,2001.7,0.4,100.97,3.3333,45.4889,1391.6111,1099.5,541.1,3097.2,93.7222,0.1333,1.7333,0.5351,14071.5556,864.0673,575.1824,-7.1454,43.3556
centered_candidate_000132_86903179,centered-gaussian,90,90,43.3444,27.5,12,93.2,35.6025,978.6556,833.5,451.7,1960.4,0.4222,101.5222,3.2778,45.7444,1397.9778,1090,548.3,2804,90.6444,0.1333,1.6556,0.5319,13496.3222,869.8348,561.8838,-5.8012,43.3444
centered_candidate_000024_cee48b36,centered-gaussian,90,90,43.3333,29.5,11,97.3,36.3343,986.4444,796.5,456.9,1926.2,0.4222,101.07,3.2889,46.1556,1411.8889,1077.5,568.6,2996.2,90.9444,0.1111,1.7667,0.5128,13932.5444,899.6047,582.1616,-7.1671,43.3333
centered_candidate_000043_5b160a53,centered-gaussian,90,90,43.3222,30,10.9,92.5,34.2266,1005.1889,807.5,452.3,1947.2,0.5111,103.8611,3.3,46.6333,1451.8556,1111.5,558,3125.4,89.4222,0.0889,1.7556,0.5049,13671.7889,901.9415,584.1274,-6.2133,43.3222
centered_candidate_000136_99f1a019,centered-gaussian,90,90,43.3,32,11,96.1,35.8408,982.1667,767.5,428.8,1963.4,0.4,101.8239,3.2889,45.4333,1403.0667,1117,570.6,2905.3,90.3333,0.1,1.6667,0.5324,13582.9556,880.6699,571.933,-6.9204,43.3
general_top10-average-phased_1965d55c,top10-average-phased,90,90,43.3,30,11.9,94.1,35.3605,984.2444,804.5,478.3,1980,0.4222,102.1606,3.3,46.0556,1417.3,1052.5,588.7,2909.2,93.3778,0.1,1.7,0.5487,13834.6333,874.2863,556.274,-5.7803,43.3
centered_candidate_000107_341e8893,centered-gaussian,90,90,43.2889,32.5,11.9,99.6,34.02,1007.3556,816,468,1961.8,0.4667,103.5356,3.3,46.9333,1439.5,1103,579.2,3057.3,86.3222,0.2,1.6,0.5029,12904.6889,879.2182,581.2823,-5.11,43.2889
centered_candidate_000011_c6f6c49f,centered-gaussian,90,90,43.2667,28,11,91.1,37.9654,983.0778,739.5,444.1,1997.2,0.4444,102.05,3.2667,45.8333,1414.3333,1089.5,591.3,2911.2,88.9,0.0889,1.6556,0.5277,13333.8889,880.7661,589.6229,-7.9827,43.2667
centered_candidate_000074_3798c9df,centered-gaussian,90,90,43.2444,32,9.9,108.5,36.2955,989.3667,783,421.8,1962.6,0.4667,101.7939,3.3222,46.1111,1421.6667,1109,480.9,2973.4,90.2222,0.1556,1.7111,0.5119,13507.9667,875.1107,598.6946,-8.2477,43.2444
centered_candidate_000022_e4cc12b6,centered-gaussian,90,90,43.2222,28.5,11.9,91.2,37.1695,984.5,779,461.7,1901.4,0.4556,102.1006,3.2556,45.6778,1409.0222,1039.5,589.9,3170.3,86.8333,0.1556,1.5778,0.5239,12934.4889,889.1498,586.0123,-6.6848,43.2222
centered_candidate_000127_5bd97831,centered-gaussian,90,90,43.1778,32,11,91.4,35.2734,996.4667,822.5,469.9,1973.3,0.5,101.5806,3.3222,46.4778,1427.0111,1102.5,571.4,3137.2,87.3222,0.1333,1.6333,0.5089,13079.6778,916.0983,592.9909,-6.6367,43.1778
centered_candidate_000079_388cbb33,centered-gaussian,90,90,43.1667,32,11.9,94.6,36.338,969.0444,841.5,410.7,1947.5,0.4,99.8222,3.2889,45.0889,1372.7778,1086,499.4,3009,93.8222,0.1222,1.6556,0.5706,13918.4333,884.1892,588.4323,-6.269,43.1667
centered_candidate_000095_7261d034,centered-gaussian,90,90,43.1667,31,11,91.1,34.3311,977.6556,835,451.7,1837.3,0.4222,101.0756,3.3111,45.4,1387.5444,1058,567.8,2970.4,92.6,0.0444,1.7222,0.5473,13900.8556,863.0586,545.0818,-6.1656,43.1667
centered_candidate_000121_02f179f1,centered-gaussian,90,90,43.1667,30.5,11,89.6,35.6861,995.7778,800,451.5,1986.2,0.4667,102.3661,3.3444,45.8778,1412.7556,1067,560,3151.6,85.7778,0.1222,1.6556,0.5027,13009.7556,872.8421,576.3895,-6.843,43.1667
centered_candidate_000114_b0b54f93,centered-gaussian,90,90,43.1556,30,10.9,93.8,35.5068,973.9667,749,452.8,1925.6,0.4,99.5111,3.3,45.9333,1385.7444,1057,585.4,2988.3,94.4333,0.0667,1.7667,0.5532,14308.8111,890.1563,576.6758,-6.8534,43.1556
centered_candidate_000136_d7a47acf,centered-gaussian,90,90,43.1556,31,9,94,37.753,950,758.5,421.1,1736,0.4111,99.4011,3.2222,44.5111,1362.5667,1120,503.3,2869.6,92.9667,0.0556,1.7667,0.5374,14209.5444,860.9422,573.168,-9.8765,43.1556
centered_candidate_000073_7f857048,centered-gaussian,90,90,43.1444,30,10,100.3,35.0002,982.5889,786,442.2,1984.9,0.4667,101.6972,3.3111,45.6778,1417.0333,1102,540.7,2899.1,92.9444,0.1222,1.8556,0.5178,14456.0444,874.0062,574.245,-7.5001,43.1444
centered_candidate_000145_ce353921,centered-gaussian,90,90,43.1333,30,10,94.2,35.244,986.9889,767.5,440.6,1945.2,0.4556,101.2222,3.3333,45.9667,1399.4333,1104.5,561.3,2996.8,90.0222,0.1,1.6556,0.5463,13410.7778,862.9081,571.7106,-7.622,43.1333
centered_candidate_000101_0ed600e8,centered-gaussian,90,90,43.1222,33,11,88.1,35.2795,980.0444,783,482,2007.3,0.3889,101.8822,3.2778,45.7,1409.3556,1040,643.6,3174.8,91.7667,0.0778,1.7889,0.5241,14162.6556,871.8393,563.226,-6.6397,43.1222
general_top1-phased_d33cc686,top1-phased,90,90,43.0667,31.5,11,94.9,33.7905,998.9333,839,446.5,1859.9,0.4556,102.3311,3.3222,45.6556,1410.3,1096,506.3,2797.1,84.4,0.1556,1.5333,0.5319,12646.8111,864.2777,584.9519,-5.8952,43.0667
search_candidate_000145_8549829b,random-phased,90,90,43.0667,31.5,11,94.9,33.7905,998.9333,839,446.5,1859.9,0.4556,102.3311,3.3222,45.6556,1410.3,1096,506.3,2797.1,84.4,0.1556,1.5333,0.5319,12646.8111,864.2777,584.9519,-5.8952,43.0667
centered_candidate_000085_1deeebae,centered-gaussian,90,90,43.0556,30.5,9,91.3,35.6496,966.7889,781,402,2055.5,0.3889,98.1872,3.2667,45.9222,1375.7778,1088.5,451,3034.7,95.3778,0.0556,1.8111,0.5661,14564.5333,921.8388,604.9704,-8.8248,43.0556
centered_candidate_000109_ab5466bd,centered-gaussian,90,90,43.0556,30,12.9,91.5,33.5991,995.9444,789,474.4,1874.7,0.4889,103.595,3.3,45.7556,1429.2889,1066,609.2,2962.2,87,0.1333,1.7222,0.4993,13419.9556,858.5857,547.3582,-3.8995,43.0556
centered_candidate_000012_5c4a2cd5,centered-gaussian,90,90,43.0222,30.5,10,96.3,36.6245,996.8556,790,420.4,2045.4,0.4889,102.5506,3.2556,46.4222,1429.1667,1108,535.7,3223.2,86.2778,0.1556,1.5889,0.5107,12779.9333,909.6676,609.9772,-8.3123,43.0222
centered_candidate_000045_59718d95,centered-gaussian,90,90,43.0222,31.5,11.9,92.1,35.328,986.1444,793.5,452.9,1912.2,0.4667,103.0572,3.2889,45.9333,1416.8667,1118,583.9,3040.2,90.6667,0.0889,1.7778,0.5199,13995.1444,843.0235,549.4745,-5.764,43.0222
centered_candidate_000046_9da4f276,centered-gaussian,90,90,43.0222,30,12,91.3,35.7659,971.9556,763.5,465.6,1952.3,0.4333,101.5222,3.2444,45.3333,1389.7667,1111,555.6,2970.2,90.7222,0.0889,1.8111,0.5101,14113.3333,860.4064,567.3182,-5.8829,43.0222
centered_candidate_000092_962912a5,centered-gaussian,90,90,43.0222,32,10.9,89.1,34.854,971.5444,781.5,428.2,2024,0.4111,100.9583,3.2444,45.4667,1399.1556,1123.5,518.4,3008.7,90.1778,0.1556,1.7222,0.5301,13841.9556,874.8335,562.4255,-6.527,43.0222
centered_candidate_000134_64b4b0d1,centered-gaussian,90,90,43,30.5,10.9,99.8,36.4042,986.1111,772.5,451.7,2039.4,0.4444,101.8656,3.3,45.9444,1417.5667,1082.5,544.7,2948.3,91.0556,0.1111,1.7222,0.5195,13745.7222,883.1637,572.1668,-7.3021,43
centered_candidate_000030_9d81dc5a,centered-gaussian,90,90,42.9889,30.5,10,102.2,35.8876,990.5667,766.5,429.4,1937.9,0.4889,103.5317,3.2778,45.7556,1419.2111,1112.5,579.5,2929.2,87.6444,0.1333,1.7111,0.5087,13496.6111,851.1631,575.7887,-7.9438,42.9889
centered_candidate_000156_1a077d10,centered-gaussian,90,90,42.9889,33.5,9,97.3,35.0443,977.0333,787,396.4,1897.6,0.4333,101.8578,3.2778,45.3444,1409.3,1064.5,506.9,3109,89,0.1444,1.7,0.5334,13591.0778,885.7592,581.0027,-8.5221,42.9889
centered_candidate_000133_dbe628f0,centered-gaussian,90,90,42.9556,31,10,90.3,35.2811,979.3889,798,418.4,2030.3,0.4222,102.0811,3.2667,45.6778,1419.6667,1085,548.8,3142.3,91.0667,0.1222,1.8333,0.5143,14218.2778,889.5556,580.8936,-7.6405,42.9556
centered_candidate_000008_f1989c62,centered-gaussian,90,90,42.9444,32.5,10,92.1,35.4402,970.2889,777.5,435.9,1948.5,0.4111,100.3239,3.2667,45.4889,1379.8889,1103,546,3051.3,95.1222,0.0778,1.7889,0.5637,14413.8,874.5095,581.6333,-7.7201,42.9444
centered_candidate_000016_7892e9c4,centered-gaussian,90,90,42.9333,29,10.9,92.1,35.7963,994.9111,783,430.6,1970.3,0.4333,101.6839,3.3444,46.0667,1416.7778,1113.5,519,3161.9,91.7444,0.0889,1.7111,0.5466,13917.7667,897.8462,592.4626,-6.9981,42.9333
centered_candidate_000062_7b6e1f2b,centered-gaussian,90,90,42.9111,31.5,10,102.3,34.2606,983.8667,770,434.3,1852.2,0.4111,101.5178,3.2889,45.8111,1414.2556,1074.5,545.4,3057.7,93.8444,0.0889,1.8111,0.529,14369.0222,874.597,579.4727,-7.1303,42.9111
centered_candidate_000130_1b79a49a,centered-gaussian,90,90,42.9111,31.5,10,85.2,34.9182,989.1111,778.5,447.1,1967.4,0.4556,103.205,3.2778,45.7,1432.4333,1098,578.5,3188.8,89.5444,0.1444,1.6889,0.5248,13522.6667,875.0252,568.948,-7.4591,42.9111
centered_candidate_000114_00d63be5,centered-gaussian,90,90,42.8889,30,11.9,86.4,35.1089,984.7556,796.5,427.2,1963.7,0.4333,102.7156,3.2778,45.7222,1434.2222,1140,560.4,3034.6,89.6778,0.1444,1.6889,0.5165,13485.9444,892.2063,565.1349,-5.6544,42.8889
centered_candidate_000108_330cc9ba,centered-gaussian,90,90,42.8778,30,9,94.4,35.7829,972.2,790.5,414.3,1980.9,0.4222,100.4411,3.2889,45.3667,1400.8444,1102,466.7,3040.7,90.9222,0.1111,1.6444,0.5413,13355.4556,916.3802,599.6145,-8.8915,42.8778
general_top10-median-phased_18761d80,top10-median-phased,90,90,42.8778,31,10,95.4,35.9354,979.7667,778,404.8,1983.2,0.4667,100.92,3.2778,45.7667,1390,1065.5,445.7,3083.9,90.6444,0.1333,1.6667,0.5219,13483.0667,900.5974,610.7112,-7.9677,42.8778
general_topN-median-phased_5c1d4c9f,topN-median-phased,90,90,42.8778,31,10,95.4,35.9354,979.7667,778,404.8,1983.2,0.4667,100.92,3.2778,45.7667,1390,1065.5,445.7,3083.9,90.6444,0.1333,1.6667,0.5219,13483.0667,900.5974,610.7112,-7.9677,42.8778
centered_candidate_000118_6a5da773,centered-gaussian,90,90,42.8333,32,9.9,94.1,35.4527,977.0111,808.5,441.8,2008.2,0.4444,101.6439,3.2222,45.7111,1415.4889,1084,530.8,2985.1,90.7889,0.0889,1.6889,0.5507,13704.7111,911.1614,584.7331,-7.8264,42.8333
centered_candidate_000144_c2f0be8e,centered-gaussian,90,90,42.8333,32,10.9,94.3,35.3868,965.1222,789.5,411.8,1806.3,0.4111,101.6783,3.2,44.7333,1402.3889,1119.5,556.4,3186.2,90.1222,0.0889,1.6889,0.5527,13653.7444,886.2151,577.644,-6.7934,42.8333
centered_candidate_000130_3fa64b37,centered-gaussian,90,90,42.8111,29.5,9,88.4,35.504,967.5556,748.5,390.6,1922.4,0.3889,99.9217,3.2333,45.5,1399.3889,1076,453.7,2992.2,94.4111,0.0667,1.7444,0.5672,14257.8444,918.1978,609.7393,-8.752,42.8111
centered_candidate_000021_769ea469,centered-gaussian,90,90,42.7889,30.5,11,95.7,34.4156,972.6889,777.5,442.2,1807.2,0.4,100.8894,3.2778,45.4333,1395.0111,1107.5,534.9,3000.6,93.7556,0.1111,1.7889,0.542,14378.4,865.9838,553.8114,-6.2078,42.7889
centered_candidate_000101_2c6b6af7,centered-gaussian,90,90,42.7889,31,11,99,34.5509,985.5111,789.5,433.8,1966.8,0.4222,101.7889,3.3,45.3667,1403.4778,1097,587.7,3127.2,91.6222,0.0889,1.6778,0.5455,13612.5889,867.0921,570.7368,-6.2755,42.7889
centered_candidate_000115_4f74235d,centered-gaussian,90,90,42.7556,32,9.9,103.1,35.7508,973.9333,808.5,401,1945.6,0.4222,100.5822,3.2778,45.2222,1365.9444,1066,471.7,3057.3,88.2556,0.1333,1.6333,0.5318,13324.7444,878.3396,589.1005,-7.9754,42.7556
centered_candidate_000135_366dfcf4,centered-gaussian,90,90,42.7222,32.5,10,83.9,36.2884,961.0889,818,416.6,1839.2,0.3667,99.835,3.2556,45.0889,1369.3111,1089,541.7,2736.9,92.4333,0.0667,1.7,0.5662,13940.9222,858.6786,556.5616,-8.1442,42.7222
centered_candidate_000032_887f55cb,centered-gaussian,90,90,42.7111,31.5,8,85.3,37.8145,964.9111,780.5,353,1929.7,0.4,100.9394,3.2556,44.7111,1364.9778,1143,463.1,2821.1,88.8556,0.1222,1.6111,0.5515,13290.5222,869.428,585.1283,-10.9073,42.7111
centered_candidate_000053_f1311348,centered-gaussian,90,90,42.7111,28,9,97.2,36.6334,962.1556,756,412.7,1913.3,0.3778,100.2511,3.2667,45.2222,1384.3889,1044.5,548.3,2778.4,93.8667,0.0889,1.7333,0.5362,14059.3111,868.6709,568.5664,-9.3167,42.7111
centered_candidate_000063_362b6ba2,centered-gaussian,90,90,42.7111,31,9,91.3,35.5803,986.0444,791,417.8,1962.9,0.5111,102.4339,3.2667,45.5778,1418.4333,1083,509.2,3048.3,86.2889,0.1111,1.6444,0.5084,13117.5333,910.7277,589.4251,-8.7902,42.7111
centered_candidate_000017_07aaaca8,centered-gaussian,90,90,42.6889,31.5,8,92,35.063,969.5667,804.5,374.6,1916.6,0.4667,100.7483,3.2889,44.4222,1386.5667,1122,507.4,2976.4,88.1444,0.1556,1.5778,0.5437,12964.8333,872.7858,580.6125,-9.5315,42.6889
centered_candidate_000030_9c718e9c,centered-gaussian,90,90,42.6667,31.5,11,88,34.2831,973.8444,822,423.8,1971.1,0.4222,100.9772,3.3111,45.2889,1386.7778,1035.5,550.2,3061.3,92.9444,0.1111,1.7333,0.5406,14012.4667,877.4434,564.8846,-6.1416,42.6667
centered_candidate_000093_af79904f,centered-gaussian,90,90,42.6222,29,9,97.1,37.0476,951.9111,758,317,1836.1,0.4333,99.2983,3.2333,44.9778,1369.0444,1071,461.3,3018.7,93.3444,0.1,1.7444,0.5507,14127.8,897.7326,595.0284,-9.5238,42.6222
centered_candidate_000140_80a5f3ad,centered-gaussian,90,90,42.6111,33,9,105.6,38.6479,928.3889,737,346.1,1945.5,0.3556,96.6994,3.1889,44.1778,1321.0222,1011,440.3,2664.6,98.3444,0.0333,1.7778,0.5998,14757.4111,902.3962,593.4193,-10.3239,42.6111
centered_candidate_000034_1d92ff2e,centered-gaussian,90,90,42.6,31.5,11,90.5,34.3074,972.9556,813,456.8,1555.5,0.4667,102.5139,3.2778,44.9,1395.2111,1121.5,564.4,2751.8,89.4778,0.1333,1.7111,0.5203,13586.4,834.6068,531.1754,-6.1537,42.6
centered_candidate_000054_816e78f3,centered-gaussian,90,90,42.5889,29,10,95.3,35.4874,969.9556,795,425.5,1883,0.3667,99.8472,3.3,45.2222,1380.6778,1065.5,542.7,2716.8,95.4556,0.1111,1.8111,0.5453,14514.3,857.0939,594.2034,-7.7437,42.5889
centered_candidate_000135_c1ea5a81,centered-gaussian,90,90,42.5778,29,9.9,93.1,34.0359,995.1111,819.5,414.7,1987.6,0.4778,102.575,3.2222,46.4889,1419.3667,1106.5,504.4,3066,87.8889,0.1111,1.7667,0.5116,13793.4889,887.4435,598.6044,-7.118,42.5778
centered_candidate_000097_44f084b8,centered-gaussian,90,90,42.5667,33,10,88.1,35.7746,956.3444,785.5,426.7,1929.7,0.4111,100.0239,3.2333,44.8333,1375.7,1096.5,489.5,2759.3,90.6889,0.1222,1.7,0.5354,13663,870.8457,567.9975,-7.8873,42.5667
centered_candidate_000049_220c4630,centered-gaussian,90,90,42.5444,28.5,10.9,91,34.8244,965.6556,793.5,417.6,1862.4,0.4,101.4789,3.2556,44.8556,1378.3111,1070,544.7,2821.3,91.9889,0.1222,1.7,0.5289,13731.2111,843.2183,559.3344,-6.5122,42.5444
centered_candidate_000067_b3018bf5,centered-gaussian,90,90,42.5444,26.5,10.9,99.7,38.0155,961.7444,771,419.2,2056.6,0.4,99.0289,3.2556,44.5111,1346.2778,1058.5,518,2781.6,89.4333,0.1111,1.6444,0.55,13468.3111,873.1645,587.4754,-8.1078,42.5444
centered_candidate_000065_93847102,centered-gaussian,90,90,42.5333,31.5,10,93.3,34.5836,981.5111,782,436.8,2062.5,0.4556,101.5533,3.2556,45.7889,1416.8889,1064.5,572.9,3011.9,89.6889,0.0889,1.7667,0.5212,13873.2778,899.3681,587.7483,-7.2918,42.5333
centered_candidate_000074_6a502b2d,centered-gaussian,90,90,42.5333,31.5,10,82.4,36.8882,976.0778,773,441.2,2002.9,0.4444,101.5228,3.2556,45.1667,1389.1889,1083.5,543.8,2876.4,88.0667,0.1333,1.6778,0.5213,13402.0444,862.6811,586.576,-8.4441,42.5333
centered_candidate_000038_81dbe7f3,centered-gaussian,90,90,42.5222,33.5,8,96.2,36.6043,951.4,811,322.8,1967,0.4333,100.1089,3.2333,44.5444,1387.1444,1133,425.3,3040.4,92.8889,0.1,1.6444,0.5799,13660.6778,903.0179,574.6094,-10.3021,42.5222
centered_candidate_000089_cca407cf,centered-gaussian,90,90,42.5111,30.5,11,97.9,34.4158,988.6556,758.5,464.4,1983.5,0.4333,102.3067,3.2778,45.5778,1419.3556,1104,610.7,3173.9,90.1333,0.0889,1.6667,0.549,13630.8111,904.4143,592.4044,-6.2079,42.5111
centered_candidate_000057_796a7483,centered-gaussian,90,90,42.4889,32,10.9,93,35.619,985.2444,768,417.2,2017.4,0.4778,102.0156,3.2444,45.9667,1415.1778,1114.5,572.5,2998.2,88.3,0.1222,1.6778,0.5208,13507.0111,881.2738,589.5894,-6.9095,42.4889
centered_candidate_000047_16eb6cbc,centered-gaussian,90,90,42.4667,29.5,8,100.2,35.4351,980.8444,777,403.6,1959.5,0.4778,102.98,3.2333,45.4,1428.2333,1122.5,518.2,2946.2,88.3889,0.1222,1.6889,0.5087,13379.0333,898.1201,607.6476,-9.7176,42.4667
search_candidate_000010_141172e4,random-phased,90,90,42.4444,33.5,10,87.5,32.3609,995.1111,805,457.5,1864.2,0.4778,104.4328,3.2667,45.7667,1392.5444,1105,583.5,2886,89.4444,0.1444,1.6222,0.5107,13079.3,808.9216,562.388,-6.1804,42.4444
centered_candidate_000113_75e48247,centered-gaussian,90,90,42.4333,30,10.9,88.1,35.8993,957.5222,735,456.5,1778.2,0.3778,100.4917,3.2556,44.8222,1370.7111,1063.5,556.4,2998.9,94.7444,0.0556,1.8222,0.5402,14418.9667,859.0894,555.7328,-7.0496,42.4333
centered_candidate_000140_bbdf43ba,centered-gaussian,90,90,42.4333,30.5,10,87.6,35.1106,967.1778,765,394.4,1812.2,0.4222,99.9378,3.2,45.0333,1383.0111,1094.5,492.4,3108.2,88.8556,0.1,1.6667,0.5523,13533.4111,916.4443,597.9877,-7.5553,42.4333
centered_candidate_000148_f4e324b4,centered-gaussian,90,90,42.4333,25.5,9.9,95.3,36.2761,963.4333,771.5,432.6,1872.4,0.3778,99.6389,3.3,44.7333,1352.1222,1056,544.9,2846.9,93.2778,0.0889,1.6556,0.5707,13829.8222,847.9592,575.3945,-8.2381,42.4333
centered_candidate_000001_ed5d5f33,centered-gaussian,90,90,42.4222,31,11,90.6,34.2085,977.3111,791,442.3,1935.6,0.4333,100.6806,3.2667,45.3333,1395.3222,1073,518.7,3157.7,92.1556,0.1,1.6444,0.5546,13604.4444,907.5179,592.6837,-6.1043,42.4222
centered_candidate_000155_65e02cca,centered-gaussian,90,90,42.4222,29,12,88.6,34.853,978.2778,799.5,467.8,1869.2,0.4111,102.2761,3.2889,45.3333,1407.1889,1128,589.8,2828.8,91.4,0.0889,1.7667,0.5242,13871.0222,856.5202,547.5346,-5.4265,42.4222
centered_candidate_000011_62d3f94a,centered-gaussian,90,90,42.4,29.5,10.9,95,35.5577,956.5889,734,437.8,1977.1,0.3444,98.7506,3.3,44.7,1364.9,1054.5,541.5,2973.8,95.7556,0.0556,1.8111,0.5478,14685.5667,888.8422,562.9775,-6.8789,42.4
general_top5-average-phased_b23eed6b,top5-average-phased,90,90,42.4,30,10.9,97,34.9039,988.0333,796.5,431.7,2022.7,0.4444,102.4972,3.2556,45.9889,1423.6333,1075,529,3227.2,89.5889,0.1778,1.5889,0.5437,13117.6556,895.5035,590.876,-6.552,42.4
centered_candidate_000026_9af217d0,centered-gaussian,90,90,42.3778,31.5,10,83.1,35.7319,964.6778,783.5,426.7,1983.9,0.4222,101.5133,3.2667,44.9444,1389.4111,1097.5,547.8,2901.4,93.7556,0.1222,1.6889,0.5438,13876.2556,847.9838,565.8176,-7.8659,42.3778
centered_candidate_000078_47e0c191,centered-gaussian,90,90,42.3778,31,10.9,83,35.7586,967.8222,771,463.3,2062.1,0.4222,100.5467,3.2222,45.1667,1379.5111,1038.5,518.7,3011.8,88.9667,0.1222,1.6444,0.5269,13320.2,887.7821,579.0816,-6.9793,42.3778
centered_candidate_000052_e4e77a0b,centered-gaussian,90,90,42.3667,31,9,92.3,36.5873,950.6222,761,398.2,1791,0.4,100.2628,3.2333,44.3111,1372.2333,1094.5,478.4,2777.9,91.0889,0.1,1.6778,0.5268,13607.3778,871.8533,566.0704,-9.2937,42.3667
centered_candidate_000091_c68ff284,centered-gaussian,90,90,42.3667,31,11,101.2,35.5019,965.3444,779.5,412,1949.5,0.4444,100.3278,3.2222,44.7222,1381.8222,1083.5,512.2,3036.3,89.2,0.1222,1.6111,0.5412,13195.7889,900.9324,600.3659,-6.751,42.3667
centered_candidate_000013_6272a47d,centered-gaussian,90,90,42.3556,31.5,10,90.2,34.4346,960.0667,790,418.4,1938.4,0.4,99.9133,3.2333,44.8444,1381.8,1092,494.9,2937.7,94.1556,0.0889,1.8111,0.5316,14385.7556,886.3563,585.7498,-7.2173,42.3556
centered_candidate_000027_5d52a707,centered-gaussian,90,90,42.3556,32,11,86.1,34.7979,975.2667,782,466.6,1987.9,0.4333,102.4156,3.2667,45.1444,1390.5222,1111,631.5,3083.2,92.1778,0.0778,1.7444,0.5411,14070.5889,830.5139,559.2451,-6.399,42.3556
centered_candidate_000112_cd800fa4,centered-gaussian,90,90,42.3556,28,10.9,99.1,34.5708,985.8111,826.5,466.8,1872.5,0.4778,103.855,3.2889,45.0667,1420.7444,1130.5,628.1,2499.7,86.6333,0.1444,1.6778,0.5102,13279.2667,834.9113,555.3113,-6.3854,42.3556
centered_candidate_000010_7586e358,centered-gaussian,90,90,42.3444,31,11,90.1,33.0687,980.5,769,456.4,1954.1,0.4,101.6506,3.2889,45.6222,1416.0889,1097,574.2,3166.9,94.5667,0.0556,1.8111,0.5569,14508.0444,895.5819,575.6835,-5.5343,42.3444
centered_candidate_000143_22e5aea3,centered-gaussian,90,90,42.3333,34,10,95,34.6484,963.0889,795,439.7,1752.7,0.4,101.6583,3.2444,44.6,1380.4778,1083.5,549.6,2883.4,91.0444,0.1444,1.7111,0.5462,13793.4889,828.0278,536.3567,-7.3242,42.3333
centered_candidate_000122_d21eaa77,centered-gaussian,90,90,42.3222,31.5,10.9,89.3,35.8202,966.1222,806.5,421.4,2018.6,0.3889,100.8,3.2889,45.0667,1382.2778,1069,520,2988.3,91.4889,0.0889,1.7222,0.5326,13831.8,847.1384,547.4364,-7.0101,42.3222
centered_candidate_000072_1eef172a,centered-gaussian,90,90,42.3111,30.5,11,98.6,37.3371,940.9111,749.5,455.8,1815,0.3667,99.7539,3.2444,43.6222,1349.0444,1043,546,2409.1,94.8222,0.0778,1.8222,0.5658,14615.5,828.033,533.0548,-7.6685,42.3111
centered_candidate_000076_325198f1,centered-gaussian,90,90,42.3111,30.5,10,87.4,34.5185,990.6778,789,438.4,2020.3,0.4667,101.9917,3.2667,45.9778,1415.2,1122.5,554.1,3104.4,89.7667,0.1556,1.6444,0.5193,13279.8444,874.9125,599.6049,-7.2592,42.3111
centered_candidate_000160_041d4f5a,centered-gaussian,90,90,42.3111,29.5,10,96,35.914,954.9333,737.5,395.4,1858.7,0.3778,99.4517,3.2667,44.8,1371.1111,1106,483.7,2693.6,95.7222,0.0778,1.7889,0.5489,14389.3556,875.4087,573.4914,-7.957,42.3111
centered_candidate_000128_6b35871d,centered-gaussian,90,90,42.2889,28,10,89.3,35.3164,977.6,795.5,424,1966.6,0.4333,100.8989,3.3,45.5778,1386.2444,1080,536,2864,89.5111,0.1444,1.6889,0.5158,13508.1111,865.3909,577.4824,-7.6582,42.2889
centered_candidate_000033_f35ee003,centered-gaussian,90,90,42.2444,31.5,12,82.6,31.7337,1013.4778,806,458.4,1953.6,0.5,104.1139,3.3222,46.6667,1441.1333,1112.5,575.5,2957.4,86.3667,0.1556,1.7,0.4949,13296.0222,844.4288,581.3779,-3.8669,42.2444
centered_candidate_000023_edcc9601,centered-gaussian,90,90,42.2333,31.5,10,90.1,34.8514,955.6,777.5,406.3,1888.3,0.3556,99.6411,3.2889,44.8222,1377.9889,1075.5,516.6,2627.6,94.5556,0.0889,1.7889,0.5308,14429.6111,870.7196,545.0988,-7.4257,42.2333
centered_candidate_000025_62afd5df,centered-gaussian,90,90,42.2333,30,11,91.3,36.5419,987.5333,824.5,446.9,2043.3,0.4667,103.0156,3.2222,45.6889,1416.0444,1140.5,579.5,3057.1,84.5444,0.1778,1.5667,0.517,12721.5667,874.9603,577.286,-7.271,42.2333
centered_candidate_000095_91bc3351,centered-gaussian,90,90,42.2333,30,9,89.2,35.6928,972.5111,731.5,424.7,1908,0.4889,101.9128,3.2667,45.0222,1398.6667,1076,536.6,3010.4,89.9111,0.1,1.6778,0.525,13493.6889,887.2351,587.7633,-8.8464,42.2333
centered_candidate_000068_57ffc19e,centered-gaussian,90,90,42.2222,27.5,10.9,91.1,36.8407,956.6778,760,398.6,1977.4,0.4333,99.6039,3.2111,44.5889,1361.5667,1062,493.6,2949.9,93.0889,0.1333,1.7111,0.535,13905.2889,890.4476,609.3021,-7.5204,42.2222
centered_candidate_000154_379d2267,centered-gaussian,90,90,42.2111,31,10,92.3,36.7715,930.4333,752.5,424.3,1751.1,0.3556,97.7633,3.2444,43.9111,1331.5,1061.5,457.7,2365.3,95.7889,0.0556,1.8667,0.5509,14846.0222,856.6146,542.383,-8.3858,42.2111
centered_candidate_000034_cc819e5c,centered-gaussian,90,90,42.2,33.5,10,92.6,34.7189,948.3444,761.5,427.4,1749.4,0.3889,99.6822,3.2,44.4889,1361.2889,1085,552.1,2391.5,92.0667,0.1,1.7556,0.5282,13965.8889,863.6235,548.023,-7.3595,42.2
centered_candidate_000058_eb831a3d,centered-gaussian,90,90,42.2,31,10.9,83.4,33.5788,983.1778,803.5,426,2014,0.4667,102.1211,3.3111,45.3,1396.9667,1084.5,574.7,2961.3,89.1778,0.1667,1.5667,0.5477,13068.4889,850.4565,552.3818,-5.8894,42.2
search_candidate_000043_ed6ef016,random-phased,90,90,42.2,29,11,91,33.4734,966.8333,761,441.8,1786.9,0.3667,100.4811,3.3,44.9889,1373.9,1070,554.5,2829.2,96.6889,0.1,1.7889,0.5313,14436.4333,848.5951,564.295,-5.7367,42.2
centered_candidate_000105_0be5a604,centered-gaussian,90,90,42.1889,29.5,10,79.5,34.5607,993.1778,797.5,457.6,2046.6,0.4889,102.8994,3.3111,45.4667,1418.7778,1111.5,594.2,3052,87.0222,0.1222,1.6556,0.5073,13171.7,878.6927,596.1055,-7.2804,42.1889
centered_candidate_000028_f0412554,centered-gaussian,90,90,42.1778,31,10,90.8,34.0332,958.3444,769.5,427.6,1853.9,0.3889,100.0589,3.2667,45,1386.9889,1076.5,490,2699.8,95.5,0.0778,1.7889,0.542,14421.1,853.1005,560.9697,-7.0166,42.1778
centered_candidate_000084_3335ce60,centered-gaussian,90,90,42.1778,30.5,11,93,32.9493,984.2333,769,472.8,1879.3,0.4,103.3678,3.2333,45.9111,1434.2333,1133.5,573.8,3051.6,92.1889,0.1444,1.7,0.5405,13782.4889,883.771,565.6647,-5.4747,42.1778
centered_candidate_000151_bf6fb9fc,centered-gaussian,90,90,42.1667,30.5,10,95.7,35.4141,991.2222,788.5,427.3,1974.5,0.4778,102.6133,3.2333,45.8556,1427.7111,1137.5,503.6,3120.1,85.2,0.1556,1.6,0.5073,12823.0444,920.7877,610.8023,-7.7071,42.1667
centered_candidate_000018_eb8e6fc1,centered-gaussian,90,90,42.1444,31,11,85.3,34.5181,964.7444,768.5,456,1882.9,0.4111,101.7939,3.2222,45.2444,1393.0222,1077,579.4,2823.5,92.4111,0.0556,1.8,0.531,14120.8556,838.0089,549.0734,-6.2591,42.1444
centered_candidate_000035_5cab920d,centered-gaussian,90,90,42.1444,29.5,10.9,98.4,35.8198,951.8778,746.5,453.9,1729.3,0.4444,101.5456,3.2,44.0333,1392.0222,1065.5,529.5,2688.7,90.1667,0.1222,1.7111,0.5198,13703.7,871.7157,559.3933,-7.0099,42.1444
centered_candidate_000111_cc622995,centered-gaussian,90,90,42.1333,30,8.9,90.4,36.1728,947.8778,766.5,369.3,1805.9,0.4111,99.5439,3.2222,44.6333,1388.7111,1071,465.8,2610.1,93.0667,0.1222,1.7333,0.5425,13970.8333,899.2088,567.587,-9.1864,42.1333
centered_candidate_000033_6fa98186,centered-gaussian,90,90,42.1111,31,9,96.3,35.131,969.2889,769,435.4,1904.3,0.4778,101.7222,3.2778,44.6111,1398.3222,1103,530.4,2951.4,89.6889,0.1333,1.6778,0.5188,13392.2778,883.1662,579.6642,-8.5655,42.1111
centered_candidate_000085_4d8013ee,centered-gaussian,90,90,42.1111,31,11,88.2,33.9049,957.3778,763.5,460.6,1920.3,0.3667,101.8683,3.2222,44.4111,1388.4222,1077.5,548.7,2789.8,92.2667,0.1111,1.7333,0.5302,13887.5111,828.836,527.6654,-5.9525,42.1111
centered_candidate_000028_10005438,centered-gaussian,90,90,42.1,32.5,10,87.8,33.1766,962.2222,802,425.3,1876.4,0.3889,100.3606,3.3,45.0889,1379.8333,1122.5,509.7,2720.7,97.1333,0.0778,1.8111,0.5584,14587.3111,856.3599,536.5724,-6.5883,42.1
centered_candidate_000122_0b175909,centered-gaussian,90,90,42.1,29.5,10,84.6,35.5747,951.1778,780.5,436.8,2020.1,0.3667,99.1228,3.2444,44.1111,1352.7333,1045,533,2779.1,92.8333,0.1111,1.7222,0.5461,13968.3556,852.1218,556.7419,-7.7873,42.1
centered_candidate_000143_0bfcb0a6,centered-gaussian,90,90,42.1,29,8,93.5,35.4755,964.0556,726,392.4,1966.4,0.4,99.7178,3.1889,45.5667,1380.0778,1035.5,531.7,3111.5,92.4,0.0667,1.6556,0.5699,13792.9667,933.3984,621.0066,-9.7378,42.1
centered_candidate_000009_6af40004,centered-gaussian,90,90,42.0889,30.5,11,89.3,36.2006,981.1,801.5,430.9,1945.4,0.4667,102.6306,3.2556,45.5778,1412.1222,1109.5,558.6,3000.3,89.0889,0.1444,1.6667,0.5043,13345.5333,881.5958,568.8275,-7.1003,42.0889
centered_candidate_000007_d58c6d16,centered-gaussian,90,90,42.0778,29.5,9,81.5,36.5465,956.5889,783,416.2,1982.3,0.4,100.2394,3.2444,44.4889,1356.0556,1091,491.4,2823.4,92.4111,0.0778,1.7444,0.5432,14014.3667,868.1867,588.2393,-9.2733,42.0778
centered_candidate_000109_f75c4a1d,centered-gaussian,90,90,42.0778,28.5,11,80.2,37.2801,957.2,778,453.7,1887.9,0.4444,101.0711,3.2556,44.2333,1365.1444,1065,569.4,2879.1,92.3778,0.0889,1.7778,0.5479,14165.0667,859.198,557.3056,-7.64,42.0778
centered_candidate_000125_beaf5fc9,centered-gaussian,90,90,42.0667,32,10.9,94.4,33.3363,982.5556,780,460,1790.3,0.4667,101.8189,3.2556,45.4667,1410.0556,1103,553.8,3055.8,88.0556,0.1444,1.7111,0.5072,13532.0556,891.7236,597.2618,-5.7681,42.0667
centered_candidate_000158_24f53de1,centered-gaussian,90,90,42.0667,30,10,87.8,36.0453,968.2111,765.5,427.6,2000.6,0.4667,101.3983,3.2222,44.7222,1409.0333,1078.5,513.6,3166,86.5,0.1111,1.5667,0.5007,12675.3667,914.1415,598.6209,-8.0226,42.0667
centered_candidate_000076_47831f38,centered-gaussian,90,90,42.0444,33,10.9,92.1,34.5488,958.0778,787.5,457,2017.2,0.3889,100.5378,3.1778,45.0667,1358.2222,1062,559.9,3032.3,92.1889,0.0889,1.6667,0.5535,13662.3556,861.7769,564.9766,-6.3744,42.0444
centered_candidate_000064_05bd93d5,centered-gaussian,90,90,42.0222,29.5,9.9,85.6,35.2149,954.7333,807,414.1,1821.8,0.4111,99.3522,3.2444,44.5667,1363.6778,1095.5,490.9,2571,90.1,0.1444,1.6889,0.5326,13638.0111,855.6112,548.5233,-7.7074,42.0222
centered_candidate_000002_542b7b20,centered-gaussian,90,90,42.0111,31,10,79.7,34.9639,969.6556,806.5,431.2,2036,0.4333,101.5161,3.2556,44.6333,1391.1889,1087,539.9,3006.2,89.3,0.1444,1.6222,0.5301,13284.3333,867.8045,561.1559,-7.482,42.0111
centered_candidate_000055_4bfac136,centered-gaussian,90,90,42.0111,29.5,10,85.3,33.2347,999.4,807.5,427,1982.1,0.4778,103.5722,3.2667,46.2889,1434.6222,1106,576.7,3187.4,87.3333,0.1333,1.7111,0.5039,13404.6222,882.8097,588.8857,-6.6173,42.0111
centered_candidate_000086_b7f3bad9,centered-gaussian,90,90,41.9667,30.5,10,87.1,34.4275,960.7,771,455.3,1981.7,0.4333,102.0989,3.2111,44.5111,1404.4444,1104.5,627.1,2991.2,92.8333,0.0556,1.7111,0.5597,13952.6444,877.3298,573.3248,-7.2138,41.9667
centered_candidate_000145_28f56c7f,centered-gaussian,90,90,41.9667,31,7,93.2,34.8465,967.1333,774.5,333,1975.4,0.4778,101.3822,3.1889,45.1778,1391.9222,1108.5,466.6,3084.1,88.7111,0.1222,1.6,0.5524,13198.4444,907.9365,600.2492,-10.4232,41.9667
centered_candidate_000150_2556f6a1,centered-gaussian,90,90,41.9556,29,11,90.3,34.9644,965.5444,773.5,461.1,1735.1,0.4111,101.3867,3.2111,44.6889,1371.5444,1050,590.4,2694.7,89.4778,0.1222,1.5667,0.5565,13118.5333,848.8923,553.1957,-6.4822,41.9556
centered_candidate_000040_b25d81fd,centered-gaussian,90,90,41.9222,28.5,10,92.3,35.9374,969.9333,778,451.6,1889.1,0.4667,100.9811,3.2,44.9556,1384.6889,1096.5,543.3,2881.3,85.9778,0.1556,1.6667,0.514,13232.4222,881.4001,586.7115,-7.9687,41.9222
centered_candidate_000055_4efec19d,centered-gaussian,90,90,41.9222,32,9,86.4,35.6593,945.3111,770.5,400.7,1848.1,0.3667,98.6378,3.2222,44.5222,1334.4111,1081,488.2,2654.8,93.5222,0.1333,1.7333,0.5371,14096.4444,851.1836,562.5692,-8.8296,41.9222
centered_candidate_000061_63587663,centered-gaussian,90,90,41.9222,32.5,11,87.3,33.7468,960.6556,780,441.3,1792,0.4,101.0172,3.2444,44.6889,1388.5,1046.5,543.4,2926.3,93.8222,0.1111,1.7556,0.5468,14117.4111,876.4515,559.7391,-5.8734,41.9222
centered_candidate_000102_7f48eaca,centered-gaussian,90,90,41.9222,28.5,10.9,97.3,35.2638,983.3667,782,446,1961.6,0.4556,101.2211,3.2778,45.3222,1410.0667,1062,520,3245.1,89.4,0.1667,1.6556,0.5238,13390.8778,935.7924,606.8558,-6.7319,41.9222
centered_candidate_000106_496c8142,centered-gaussian,90,90,41.9222,30,11,85.2,34.5631,985.0556,819,431.5,2002.2,0.5111,102.5911,3.2667,45.1889,1410.0556,1070,563.5,3072.4,85.8222,0.1667,1.6111,0.513,12941.2444,896.9032,588.5199,-6.2815,41.9222
centered_candidate_000142_3ff2df58,centered-gaussian,90,90,41.9222,29.5,10,83.3,32.7934,974.6667,785.5,424.4,1944.5,0.4444,101.6211,3.2444,45.1667,1391.0222,1073,574.9,3084.9,90.3556,0.1111,1.6556,0.5085,13377.5,879.6387,566.1884,-6.3967,41.9222
centered_candidate_000127_cece7266,centered-gaussian,90,90,41.9111,32,10,83,34.5149,954.4222,783,454.3,1886.9,0.4111,101.8367,3.2222,44.1444,1382.1556,1094,553.3,2535.5,90.2556,0.1222,1.7556,0.5286,13940.2667,823.8808,532.5456,-7.2575,41.9111
centered_candidate_000046_c54fa43e,centered-gaussian,90,90,41.9,31,10,93,34.1842,981.1778,783.5,414.8,1976.6,0.4778,103.0044,3.2333,45.1667,1415.8778,1137,531.4,3123.9,87.5889,0.1444,1.6444,0.5149,13113.4,881.4533,576.0017,-7.0921,41.9
centered_candidate_000004_5440d563,centered-gaussian,90,90,41.8889,29,10,84.1,35.4578,971.1222,775.5,417.2,2077.7,0.4222,99.9944,3.2778,44.9111,1372.5333,1038,520,3006.5,89.9889,0.1222,1.6556,0.5341,13486.7444,893.7243,604.442,-7.7289,41.8889
centered_candidate_000073_32341b5e,centered-gaussian,90,90,41.8889,31.5,6,91.2,38.4021,934.7222,798.5,225.6,2042.7,0.3778,95.5356,3.2222,44.1556,1307.1778,1031,332.7,3012,90.5667,0.1222,1.4889,0.5816,12885.0556,925.2522,619.2348,-13.201,41.8889
centered_candidate_000147_f24abdd9,centered-gaussian,90,90,41.8778,31,9.9,87.5,34.4331,965.5,766,414.3,1932,0.3889,100.0083,3.2222,45.3444,1394.7889,1103,492.2,2767.3,92.0556,0.1111,1.6778,0.5556,13795.5889,869.0707,564.7223,-7.3166,41.8778
centered_candidate_000117_8a6a6ae7,centered-gaussian,90,90,41.8667,27,11,81.7,34.2199,963.6,733.5,454.6,1923.3,0.3556,100.8556,3.2111,45.5667,1384.7778,1056.5,564,2564.4,95.2667,0.0889,1.8333,0.5326,14589.0667,833.4377,549.9273,-6.11,41.8667
centered_candidate_000035_5c21d0f7,centered-gaussian,90,90,41.8556,31,9,88.1,34.921,968.9222,818,406.7,2047.1,0.4,100.2461,3.2333,44.9667,1382.6778,1072,515.3,3183.6,90.9222,0.1111,1.6333,0.5483,13456.6556,898.57,571.0622,-8.4605,41.8556
centered_candidate_000052_5d4fb53f,centered-gaussian,90,90,41.8556,30,10,90.6,34.9319,955.1444,766.5,442,1607,0.4333,101.2378,3.2333,44.1889,1370.7,1091.5,573.5,2763,89.8667,0.1222,1.7,0.509,13606.4222,832.8781,533.3594,-7.4659,41.8556
centered_candidate_000053_5f6aedc0,centered-gaussian,90,90,41.8556,31.5,10,93,35.2822,956.5778,767.5,382.9,1926.3,0.4333,100.8428,3.1667,44.2778,1378.0556,1079,494.2,2728.2,89.6333,0.1111,1.7,0.5297,13628.7333,873.8887,602.5798,-7.6411,41.8556
centered_candidate_000153_18df7ff6,centered-gaussian,90,90,41.8444,30,9,87.8,35.6866,959.2556,797.5,421.8,1942.6,0.4333,99.2706,3.2444,45.0556,1347.7889,1069,494.1,3030.7,91.7778,0.0889,1.7222,0.534,13838.5111,860.3856,586.4298,-8.8433,41.8444
centered_candidate_000146_619a863b,centered-gaussian,90,90,41.8333,33,10,87.4,35.2519,956.2222,780.5,430.7,1949.9,0.4111,101.9289,3.1556,44.5889,1388.3,1102,571.3,2817.9,92.8222,0.1111,1.7778,0.5378,14199.8667,855.0948,561.9987,-7.6259,41.8333
centered_candidate_000001_85ba3a90,centered-gaussian,90,90,41.8222,32,10.8,86.3,32.7864,970.3,807.5,421.4,2001.8,0.4444,101.4033,3.2222,44.8667,1383,1105,555.7,2912.1,90.3667,0.1222,1.6667,0.5465,13572.1778,864.9463,574.6602,-5.5932,41.8222
centered_candidate_000133_a4ef3e6b,centered-gaussian,90,90,41.8222,31.5,9.9,85.8,34.7919,967.4889,749.5,474.2,1868.5,0.4333,102.6594,3.2,44.9778,1420.2111,1069,599.4,2815.1,89.9556,0.1222,1.7444,0.511,13782.8778,862.2091,557.8391,-7.496,41.8222
centered_candidate_000149_5fce2c48,centered-gaussian,90,90,41.8222,30,11,94.2,34.4492,953.3111,788.5,430.7,1917,0.4,100.8639,3.2556,44.2556,1350.6222,1064,531.7,2740.6,95.1333,0.1,1.7333,0.5511,14066.7889,811.5951,540.4174,-6.2246,41.8222
centered_candidate_000036_98eabbb9,centered-gaussian,90,90,41.8,30,10.9,89.2,33.9258,967.1222,733.5,418.7,1933.5,0.4111,100.6456,3.1778,45.1556,1386.9222,1075,486.5,3105,91.7889,0.1,1.7667,0.521,14025.8222,887.5995,601.2695,-6.0629,41.8
centered_candidate_000112_52230b2a,centered-gaussian,90,90,41.8,31,10.9,92,32.9647,982.8,797.5,434.6,1767.7,0.4667,103.2744,3.2333,45.5111,1417.9111,1127,609.2,3165,88.1333,0.1778,1.6778,0.4952,13339.5111,847.7748,567.6515,-5.5823,41.8
centered_candidate_000124_eb077750,centered-gaussian,90,90,41.8,29,10,83.6,35.1632,964.8444,785.5,438.6,1937.3,0.3889,99.7828,3.2444,45.2889,1376.9667,1055,508,2887.2,94.0778,0.0889,1.7333,0.5527,14036.9667,898.965,597.8991,-7.5816,41.8
search_candidate_000053_8f2925f5,random-phased,90,90,41.8,29.5,8,90.5,36.2832,959.7444,749.5,451.1,2006.1,0.4222,101.6994,3.1444,44.9444,1402.0444,1110.5,545.1,3047.3,85.8111,0.1778,1.6,0.5156,12942.0111,900.9119,589.5797,-10.1416,41.8
centered_candidate_000088_114c0bc0,centered-gaussian,90,90,41.7778,28.5,9,82.4,36.0055,964.9889,770.5,405.3,1870.4,0.4667,100.1061,3.2222,44.9111,1372.5333,1092.5,537.6,2953.8,86.5222,0.1556,1.6222,0.5253,13065.5,876.9929,587.606,-9.0027,41.7778
centered_candidate_000093_1800ade7,centered-gaussian,90,90,41.7667,29,10,87.2,34.6651,935.0667,764,444.4,1872.4,0.3556,98.3472,3.2111,43.7333,1336.9667,1046,518.7,2624.6,96.4333,0.0778,1.7333,0.5757,14297.7111,837.1074,545.9023,-7.3325,41.7667
centered_candidate_000149_9795298c,centered-gaussian,90,90,41.7556,30,10,90.3,34.2135,942.0444,718,377.1,1885.7,0.3778,97.2794,3.2444,44.7111,1342.2222,1049,425.3,2817,97.6778,0.0667,1.7889,0.5743,14602.8222,880.379,570.8738,-7.1067,41.7556
centered_candidate_000087_364475b6,centered-gaussian,90,90,41.7444,30,11,92.3,34.0217,960.6111,754.5,451.8,1954.9,0.3889,100.5772,3.2222,44.8778,1390.4111,1098,523.6,2946.9,94.3889,0.0778,1.8,0.5519,14426.9778,905.1844,573.2454,-6.0109,41.7444
centered_candidate_000120_bb546f86,centered-gaussian,90,90,41.7444,29,10,89.6,34.8108,951.2,777,418.7,1803.8,0.4,99.0978,3.2222,44.5667,1362.6222,1060,525.5,2696.9,91.7444,0.0778,1.7667,0.5497,14072.1667,865.3411,564.951,-7.4054,41.7444
centered_candidate_000032_3c0ed4ea,centered-gaussian,90,90,41.7333,29.5,10.9,89.2,34.7425,968.4889,794,440.9,1961.6,0.4556,101.3294,3.2667,44.6889,1409.2556,1082.5,531.8,3095.8,90.4444,0.1222,1.7222,0.5212,13737.4222,894.7124,570.5772,-6.4712,41.7333
centered_candidate_000082_5acf0cf4,centered-gaussian,90,90,41.7333,28,10,85.2,35.1096,975.4667,785.5,432.1,1949.2,0.4333,101.0611,3.2778,45.1667,1388,1079,532.2,3161.2,90.8333,0.1222,1.6778,0.5445,13601.3333,886.4617,593.1777,-7.5548,41.7333
centered_candidate_000009_3080e8f2,centered-gaussian,90,90,41.7222,28.5,11,89.9,37.1696,952.1333,756,436.2,1948,0.4,101.2672,3.2333,44.3111,1359.0667,1097,572.9,2708.3,90.4111,0.1111,1.7111,0.5284,13771.3889,829.4549,558.9591,-7.5848,41.7222
centered_candidate_000104_7b4592b9,centered-gaussian,90,90,41.7222,31.5,10.8,83.8,34.6878,969.6222,802.5,464,1810.7,0.4222,102.0761,3.2333,44.9444,1383.1556,1119,624,2953.4,89.6778,0.1222,1.6556,0.541,13516.3667,847.0623,571.4428,-6.5439,41.7222
centered_candidate_000147_6b314905,centered-gaussian,90,90,41.7222,31.5,11.9,91.4,33.55,963.8444,795,442.9,1753.7,0.4222,102.265,3.2111,44.2111,1386.8889,1100.5,592.7,3067.2,87.3333,0.1556,1.6889,0.5045,13443.3556,857.8446,553.4406,-4.875,41.7222
centered_candidate_000119_187c9e59,centered-gaussian,90,90,41.7111,31,9,92.1,34.8107,974.5778,803.5,416.5,1995.4,0.4444,102.4372,3.1778,45.4667,1410.6556,1132,570.7,2947,87.4667,0.1556,1.6444,0.5115,13167.9444,888.9059,582.7766,-8.4053,41.7111
centered_candidate_000031_129cb4aa,centered-gaussian,90,90,41.7,30.5,10,89.1,34.8002,946.4889,758,411.2,1907.4,0.3889,99.6389,3.2111,43.8111,1366.9556,1070,545.7,3082,92.4,0.1111,1.6444,0.5538,13706.3667,873.3858,581.0967,-7.4001,41.7
centered_candidate_000044_34231631,centered-gaussian,90,90,41.7,32,10.9,81.1,32.7962,952.7889,804,445.2,1962,0.4667,101.0733,3.2444,44.1,1377.3556,1086,505.7,2789.4,91.5667,0.1222,1.6667,0.5369,13507.9444,837.9417,543.7509,-5.4981,41.7
centered_candidate_000037_33c1c047,centered-gaussian,90,90,41.6556,32,10,86.8,32.4685,985.7333,798,437,1958.5,0.5,103.8911,3.2556,45.2444,1426.2667,1103,601.3,3166.5,87.9111,0.1667,1.6222,0.5228,13089.1889,872.3592,568.6676,-6.2343,41.6556
centered_candidate_000070_9feb0203,centered-gaussian,90,90,41.6556,31,8.9,87.3,35.0407,942.7556,786,397,1810.5,0.3778,99.34,3.2444,44.0444,1354.8667,1061.5,492.2,2675.5,92.8222,0.0556,1.6333,0.5789,13617.6,859.4181,555.4303,-8.6203,41.6556
centered_candidate_000017_5ad42ca4,centered-gaussian,90,90,41.6111,34.5,11,80.5,33.4719,956.6889,794,435.5,1842.9,0.4333,101.25,3.1778,44.8,1364.3111,1084,558.4,2494,91.5111,0.1444,1.6889,0.5317,13731.1778,800.0726,526.1815,-5.736,41.6111
centered_candidate_000057_06402be6,centered-gaussian,90,90,41.6111,29.5,10.9,86.5,34.2425,990.7222,806,482,2078.9,0.4556,103.4939,3.2333,45.7444,1411.8222,1100,647.9,3123.5,85.8222,0.1333,1.6333,0.509,13023.3778,862.3606,572.4478,-6.2212,41.6111
centered_candidate_000098_9ec555a2,centered-gaussian,90,90,41.6111,28,11.9,88.4,33.822,958.9667,758.5,474.5,1862.5,0.4111,101.6539,3.2111,44.5889,1390.4222,1072.5,587.2,2892.5,90.9778,0.1111,1.6889,0.5297,13577.0222,850.3512,536.1053,-5.011,41.6111
centered_candidate_000019_4d29f52f,centered-gaussian,90,90,41.6,31,10,90.4,34.9523,940.2556,743.5,424.2,1764.3,0.3778,100.1206,3.2111,44.1889,1350.7111,1109.5,501.8,2343.3,95.7222,0.0444,1.8778,0.5533,14885.3,824.4853,540.4754,-7.4761,41.6
centered_candidate_000094_80f02db1,centered-gaussian,90,90,41.6,30.5,11,90,32.3892,970.7333,811,453.8,1817.9,0.4778,101.8239,3.2111,44.8333,1388.6667,1091,544.7,2902.2,86.9111,0.1444,1.6667,0.5088,13221.5778,848.3477,552.5021,-5.1946,41.6
centered_candidate_000137_b2c08a47,centered-gaussian,90,90,41.6,30,10,88.1,33.7108,963.2444,806.5,410.8,1832.6,0.4333,101.2511,3.2111,44.9333,1390.4333,1086.5,532.1,2904.6,93.2889,0.0778,1.8333,0.54,14500.1889,851.2324,558.9738,-6.8554,41.6
centered_candidate_000090_ef6254fa,centered-gaussian,90,90,41.5667,30,9.9,92.7,35.0844,932.8444,780.5,410.3,1874.1,0.3778,98.1722,3.2,43.7111,1330.7111,1070.5,467.2,2665.4,94.2667,0.0667,1.7,0.5661,13921.0111,838.5913,556.2641,-7.6422,41.5667
centered_candidate_000105_3191785a,centered-gaussian,90,90,41.5667,27.5,9.9,101.1,36.4649,937.8556,746.5,415.1,1895.4,0.4,98.8133,3.1667,43.6889,1341.7,1037,518.3,3028.5,94.5444,0.0778,1.6889,0.5735,14107.5889,897.2661,585.2998,-8.3325,41.5667
search_candidate_000087_5f736119,random-phased,90,90,41.5556,31,10.9,87,33.1183,979.3222,868.5,442.8,1901.1,0.4444,103.2806,3.2556,44.7889,1370.2444,1112,569.1,2885.2,87.7111,0.1222,1.7333,0.53,13686.9778,790.4416,549.079,-5.6592,41.5556
centered_candidate_000121_bcb26cfe,centered-gaussian,90,90,41.5444,28.5,10,89.5,35.3896,950.8778,755,426.2,1865.3,0.4222,100.6761,3.2,44.3444,1386.3667,1068,493.6,2728.9,91.4889,0.1222,1.7111,0.544,13832.0667,845.498,548.8826,-7.6948,41.5444
centered_candidate_000084_3d25cdb9,centered-gaussian,90,90,41.5333,31,11,88.7,34.3386,959.3444,769,415.3,1979.8,0.4444,100.2172,3.2111,44.2111,1363.3667,1048.5,506.7,3057.9,88.9111,0.1444,1.6111,0.5329,13214.3778,889.2038,597.9342,-6.1693,41.5333
centered_candidate_000075_f8ff141c,centered-gaussian,90,90,41.5222,31,11,88.4,33.4412,985.1444,823,457.9,2034.6,0.4444,102.6128,3.2778,45.0778,1402.0444,1097.5,585.9,2888.6,86.0667,0.1667,1.6556,0.4954,13172.7889,848.7061,555.8916,-5.7206,41.5222
centered_candidate_000116_9503c962,centered-gaussian,90,90,41.5222,31,10,94.2,34.8305,968.1667,763.5,422.1,2005.3,0.4556,102.7744,3.2444,44.3667,1391.5556,1123,531.5,3017.7,87.4333,0.1778,1.5778,0.5062,12797.4,859.9327,574.0426,-7.4152,41.5222
centered_candidate_000015_ad01cf77,centered-gaussian,90,90,41.5111,31,10,83.8,33.7492,989.0444,824.5,431.6,1977.4,0.4778,103.3694,3.2,45.7444,1420.3333,1146,551.9,3176,83.9333,0.1778,1.6556,0.4689,12853.8222,890.8023,587.3249,-6.8746,41.5111
centered_candidate_000097_0d85b37f,centered-gaussian,90,90,41.4889,30.5,9.9,93,33.8648,950.8111,774,417.1,1807.9,0.3556,99.9828,3.2,44.5778,1376.3778,1056,517.4,2670.3,92.6,0.0778,1.6444,0.5538,13655.8,863.0429,548.9966,-7.0324,41.4889
centered_candidate_000115_44c6c58e,centered-gaussian,90,90,41.4889,28.5,11,89.7,34.5361,951.3889,740.5,449.7,1896.5,0.4,100.8028,3.2444,44.3778,1356.3222,1091,541.1,2887.7,95.9222,0.1,1.7556,0.5583,14289.0444,828.1459,546.2985,-6.268,41.4889
centered_candidate_000050_af87f869,centered-gaussian,90,90,41.4778,29.5,11,84.2,33.4103,971.3889,788.5,459.5,1986.3,0.4556,102.0033,3.2778,44.6667,1401.9444,1071.5,570.7,3132.7,88.9333,0.1556,1.6556,0.5238,13383.4889,885.2063,568.5392,-5.7052,41.4778
centered_candidate_000086_c243709a,centered-gaussian,90,90,41.4778,29.5,11,93.3,33.8924,966.9,795.5,436.5,1988.6,0.4444,100.8317,3.2222,45.1667,1389.1667,1097,538.9,3061.1,91.4222,0.0778,1.8111,0.5118,14151.4222,881.1684,582.607,-5.9462,41.4778
centered_candidate_000010_1d511bcb,centered-gaussian,90,90,41.4667,30,9.9,86.4,34.3098,954.2333,770.5,460.6,2014.4,0.3889,101.4328,3.2222,44.2444,1386.5444,1078.5,559,2964.4,93.6,0.0778,1.7444,0.5432,14223.9556,871.6175,564.4214,-7.2549,41.4667
centered_candidate_000037_f1a21f86,centered-gaussian,90,90,41.4667,31,10.9,82.1,31.8902,967.6444,822,424,1905.7,0.4222,100.3083,3.2333,45.1667,1368.5333,1067.5,517.4,3064.8,90.5667,0.1222,1.6444,0.5388,13437.0222,863.3808,566.4017,-5.0451,41.4667
centered_candidate_000080_9bd3ce6c,centered-gaussian,90,90,41.4444,31.5,8.9,79.2,34.1669,960.9222,804,432.7,1897.2,0.4556,101.6828,3.2333,44.4111,1385.1,1091.5,500.9,2996.6,90.5889,0.1,1.7444,0.5421,13926.8778,872.7739,567.936,-8.1835,41.4444
centered_candidate_000060_1a9244af,centered-gaussian,90,90,41.4111,30,11,89.1,33.6273,966.1111,818.5,451.2,1692.1,0.4444,101.6056,3.2444,44.1111,1396.5,1122,556.4,3188.9,87.7111,0.1333,1.6444,0.5143,13216.3222,868.8399,557.657,-5.8137,41.4111
centered_candidate_000111_dca9c32c,centered-gaussian,90,90,41.4,28.5,11,93.1,32.9089,977.8111,798,452.5,1922.6,0.4222,101.9594,3.2222,45.2889,1398.6778,1120,562.6,2806,90.7556,0.1444,1.6333,0.5472,13417.2556,845.7908,572.0705,-5.4544,41.4
search_candidate_000033_60f30c92,random-phased,90,90,41.4,32,9,78.4,34.405,932.5667,783.5,373.8,1757.4,0.3444,96.5667,3.2222,44.0333,1298.7889,1009,418.4,2455.7,96.5333,0.0778,1.7222,0.5782,14227.5444,836.8708,548.4963,-8.2025,41.4
centered_candidate_000051_1fc878a0,centered-gaussian,90,90,41.3889,30.5,10.9,89.3,34.6832,956,779.5,432.1,1950.2,0.4111,100.7922,3.2,44.4889,1369.6222,1060,562.5,2935.3,91,0.1222,1.6778,0.5435,13647.7111,859.3744,567.7381,-6.4416,41.3889
centered_candidate_000069_2e20cbaf,centered-gaussian,90,90,41.3889,30.5,11.9,85.2,35.2243,941.1,735,441.7,1894.3,0.3889,98.9344,3.2,43.9889,1346.5556,1032,490,3047.6,96.1778,0.0778,1.7444,0.5657,14327.1556,877.4093,562.325,-5.7121,41.3889
centered_candidate_000141_b74f9506,centered-gaussian,90,90,41.3889,29,9.9,103.3,35.9922,954.8444,800.5,426.9,1992.8,0.4667,101.0022,3.1556,44.2556,1363.7333,1053,569.4,2984.2,86.7889,0.1111,1.6556,0.5351,13299.4889,868.5443,571.3305,-8.0961,41.3889
centered_candidate_000125_daf62ac3,centered-gaussian,90,90,41.3667,29.5,11,85.7,33.899,935.7889,761,421.7,1892.9,0.3444,100.1906,3.2556,43.4778,1359.8,1063,511.8,2674.5,96.6111,0.0889,1.8111,0.5539,14653.1222,827.0633,534.0584,-5.9495,41.3667
centered_candidate_000006_a57f83e8,centered-gaussian,90,90,41.3444,30,10.9,86.3,33.1717,976.7333,804.5,448.1,1922.4,0.4778,102.6533,3.2444,44.7556,1409.8778,1116,540.9,2967.8,88.3889,0.1889,1.5778,0.5384,12989.4444,876.4913,562.0002,-5.6858,41.3444
centered_candidate_000007_92114291,centered-gaussian,90,90,41.3444,28.5,11,85,35.2443,969.7444,823,422.6,1982.9,0.4444,100.7189,3.2,44.9333,1387.2111,1067.5,530.1,3020.6,85.2889,0.1778,1.5333,0.5249,12586.6444,903.7043,599.1683,-6.6221,41.3444
centered_candidate_000048_8ce6354b,centered-gaussian,90,90,41.3444,30,11,90.3,35.6374,952.0333,774,454.4,2055.1,0.4333,99.4706,3.2,44.2222,1356.3333,1031,560.9,3088,87.5333,0.1111,1.5222,0.5531,12797.3667,898.926,577.6231,-6.8187,41.3444
centered_candidate_000155_17c03f0d,centered-gaussian,90,90,41.3333,30.5,7,97.4,35.5181,935.1667,793.5,247.7,1679.3,0.3889,96.9539,3.2222,44.0778,1326.9444,1056,349,2900,93.9222,0.1,1.5778,0.5888,13546.4556,893.4182,595.3803,-10.759,41.3333
centered_candidate_000048_eeb2787a,centered-gaussian,90,90,41.3222,31,11.9,91.3,33.4305,954.9222,769.5,459.8,1762.4,0.4111,102.2022,3.1889,44.3667,1382.3222,1081.5,578.7,2783.7,90.1222,0.1222,1.7222,0.5253,13665.4667,827.0129,512.2766,-4.8152,41.3222
centered_candidate_000100_a121a3c2,centered-gaussian,90,90,41.3222,30,10.9,92.3,35.4686,963.9111,786.5,424.5,1961.2,0.4556,100.8783,3.1778,44.6444,1379.9444,1084.5,539.8,3079.4,86.1111,0.1778,1.6111,0.5227,13018.0111,882.5094,575.7836,-6.8343,41.3222
search_candidate_000038_02820218,random-phased,90,90,41.3222,29.5,10,90.2,33.9375,991.5222,822.5,445.6,1955.1,0.5111,104.3733,3.2556,45.2333,1425.6,1162.5,580.1,3139.8,81.5778,0.1556,1.5444,0.495,12385.8,860.3564,573.1238,-6.9687,41.3222
centered_candidate_000059_38210e19,centered-gaussian,90,90,41.3111,29,11,93,33.7032,953.0222,735,446.5,1837.5,0.4222,101.1211,3.1556,44.2444,1375.4222,1086.5,575.3,2748.2,90.7111,0.1333,1.6222,0.5459,13467.1667,836.9662,550.3645,-5.8516,41.3111
centered_candidate_000088_d3d5fb3f,centered-gaussian,90,90,41.3111,30.5,8.9,95.1,33.4228,940.8222,799,372,1769.2,0.3667,99.8728,3.1889,44.1222,1373.1667,1093,469.8,2787.1,95.2556,0.1111,1.8111,0.5481,14550.5333,848.2378,559.7691,-7.8114,41.3111
centered_candidate_000099_2e02f63f,centered-gaussian,90,90,41.3,29.5,10.9,90,33.6229,971.5667,792.5,417.4,1976.1,0.4667,101.4572,3.2222,44.9889,1389.2333,1118,543.4,3049.3,85.2111,0.1333,1.6222,0.5026,12941.6778,884.069,585.7583,-5.9114,41.3
centered_candidate_000014_b976034c,centered-gaussian,90,90,41.2889,31.5,11.9,84.6,33.494,970.0778,790,429,1963.3,0.4667,102.5206,3.2,44.3778,1372.5,1095.5,606.3,2836.5,86,0.1444,1.6,0.5152,12850.6556,826.5531,575.6127,-4.847,41.2889
centered_candidate_000022_8d4162e8,centered-gaussian,90,90,41.2889,28.5,10,81,34.254,935.1667,732.5,431.6,1875.3,0.3667,98.6389,3.1444,44.1,1352.1778,1032,467.4,3069.1,92.9667,0.0778,1.7222,0.5625,14073.1111,878.1011,552.1445,-7.127,41.2889
centered_candidate_000129_8b0f5bc2,centered-gaussian,90,90,41.2778,32.5,10.9,83.8,33.9356,945.5667,766.5,443.7,1937.7,0.3778,99.425,3.2111,44.2,1355.6444,1085,553.3,3011.8,94,0.1,1.7444,0.5601,14227.8444,868.6907,558.1364,-6.0678,41.2778
centered_candidate_000036_59dbc3c1,centered-gaussian,90,90,41.2667,29,10.7,91.4,34.5722,949.6889,779,400.5,1855.8,0.4222,100.7867,3.1889,44.2778,1385.3667,1102,547,2854.8,90.9222,0.0889,1.7778,0.531,14007.4556,867.7905,559.0533,-6.5861,41.2667
centered_candidate_000078_868249f0,centered-gaussian,90,90,41.2667,28.5,10,88.2,36.867,961.7778,740.5,431.8,1973.9,0.4667,102.2822,3.1778,44.6778,1383.6889,1115,537.7,2777.9,88.1333,0.1556,1.6222,0.5173,13181.3778,838.7357,570.9359,-8.4335,41.2667
centered_candidate_000141_f395d6ad,centered-gaussian,90,90,41.2667,30.5,10,93.5,33.2475,959.7667,755.5,450.7,1884.5,0.3889,101.8817,3.1889,44.6889,1390.7778,1090.5,584.2,3133.3,94.3778,0.1111,1.7667,0.5567,14298.0444,853.234,552.9366,-6.6237,41.2667
centered_candidate_000103_55d5149f,centered-gaussian,90,90,41.2556,30,12,86.1,33.6477,987.1,831,452.9,2004.2,0.4778,104.5539,3.2222,45.4,1432.2778,1137,620.4,3016.7,84.7444,0.1667,1.6667,0.5048,13186.5444,848.1286,554.7779,-4.8239,41.2556
search_candidate_000026_db17df18,random-phased,90,90,41.2556,29,10,88.1,35.8533,918.7222,713,401.8,1829.3,0.3222,96.6994,3.1556,43.8333,1330.5778,1033.5,490.5,2530.9,98.9111,0.0889,1.7222,0.5971,14467.3222,898.1007,553.6987,-7.9266,41.2556
centered_candidate_000098_7ca19527,centered-gaussian,90,90,41.2444,30,7,84.2,34.0321,950.2222,770.5,354.4,1964.6,0.4111,99.3183,3.1778,44.3667,1374.2333,1065,489.4,2859.8,91.1667,0.1111,1.6444,0.5576,13508.8333,887.0505,582.7431,-10.0161,41.2444
centered_candidate_000003_1758ddc6,centered-gaussian,90,90,41.2222,30.5,8.9,91.2,36.3544,942.4333,722.5,355.2,2063.9,0.4,98.4156,3.1778,43.8111,1333.0778,1033,480.8,3017.1,93.9778,0.1111,1.6889,0.5693,13899.9556,898.267,615.5368,-9.2772,41.2222
centered_candidate_000146_e4f54f78,centered-gaussian,90,90,41.2222,32.5,10,83.3,32.7678,947.0111,778.5,413.6,1897.5,0.4,100.8222,3.2,43.8111,1371.4,1145,517.7,2928.7,90.5,0.1444,1.6889,0.516,13621.0778,842.0153,540.6889,-6.3839,41.2222
centered_candidate_000157_32af6603,centered-gaussian,90,90,41.2222,32,9.9,87.1,33.0766,964.2,816,417.9,1905.8,0.4222,101.1339,3.2333,44.7111,1382.6667,1091,460,2963.4,90.0556,0.1444,1.7444,0.5152,13756.7556,862.3509,562.0991,-6.6383,41.2222
centered_candidate_000065_51752caf,centered-gaussian,90,90,41.2111,29,10,99.6,35.0385,940.6222,754,407.7,1750.8,0.4556,99.5122,3.1889,44.3,1351.3222,1089.5,449.8,2463,90.1,0.1111,1.6667,0.53,13444.5111,860.9856,573.1457,-7.5193,41.2111
centered_candidate_000026_61aa66fd,centered-gaussian,90,90,41.2,31.5,11,88.3,32.3279,952.4333,773,437.6,1702.6,0.3889,100.8994,3.2444,43.9111,1359.6556,1084.5,551,2882.2,95.3667,0.1,1.7889,0.5453,14423.8111,828.2044,557.9651,-5.164,41.2
centered_candidate_000081_bd1f4f5e,centered-gaussian,90,90,41.1889,30.5,12,89.4,33.7951,961.8667,799.5,464.2,1839.2,0.4222,101.2578,3.1778,44.6556,1377.8444,1041.5,592,3109.5,86.7778,0.1333,1.6,0.5233,13003.1222,863.0708,548.3596,-4.8975,41.1889
centered_candidate_000039_57c457cc,centered-gaussian,90,90,41.1778,29.5,9.9,81.4,34.1756,948.8333,761,414.7,1853.2,0.4556,100.9367,3.1889,44.0111,1371.2111,1079,528.2,3055.6,89.2889,0.1111,1.6889,0.5242,13549.5778,870.5273,565.7102,-7.1878,41.1778
centered_candidate_000062_9feca590,centered-gaussian,90,90,41.1667,30.5,12,83.6,34.3958,957.1333,773,450.9,1941.1,0.4,101.1206,3.2444,44.2556,1360.9889,1078.5,570.5,3108.3,90.8556,0.1,1.7222,0.5289,13786.5333,854.4877,564.8191,-5.1979,41.1667
centered_candidate_000070_f54e039e,centered-gaussian,90,90,41.1667,27.5,10,87.5,34.1927,953.6111,777.5,426.8,2029.4,0.3889,99.8261,3.2444,44.4333,1365.1778,1044.5,548.6,3101.6,92.5778,0.1222,1.7333,0.5494,14030.2222,874.1257,562.3765,-7.0963,41.1667
centered_candidate_000075_223b7ec7,centered-gaussian,90,90,41.1556,29,10,83.1,34.0614,936.7111,778,421.9,1964.9,0.3333,97.1111,3.2333,43.9111,1334.2111,990,493.1,2957.6,100.7,0.0333,1.8333,0.5988,15148.7556,895.057,573.4514,-7.0307,41.1556
centered_candidate_000103_f67981d5,centered-gaussian,90,90,41.1556,29,10.9,92.1,34.1604,978.2667,751,459,1934.6,0.4444,101.8656,3.2222,45.3222,1392.5889,1058.5,572.6,2927.9,85.7111,0.1778,1.6,0.5098,12946.2,871.8271,586.7969,-6.1802,41.1556
centered_candidate_000123_baf4161e,centered-gaussian,90,90,41.1556,31,9.9,86.2,34.6355,962.2667,779.5,429.1,1952.4,0.4333,101.1028,3.2,45.0667,1374.2556,1083.5,549.2,2837,89.5333,0.1222,1.7444,0.523,13717.3778,856.6424,570.6973,-7.4178,41.1556
centered_candidate_000063_70b2f9eb,centered-gaussian,90,90,41.1444,30,10,83.4,32.744,964.9222,814.5,410.7,1853.1,0.4,100.9611,3.2222,45.0667,1386.8333,1089.5,496.4,2702.7,90.1667,0.1111,1.6444,0.5351,13418.1556,847.6909,548.0164,-6.372,41.1444
centered_candidate_000082_7ee322a5,centered-gaussian,90,90,41.1444,30,11,78.1,32.8111,962.4,770,453.8,1875.6,0.4111,101.9544,3.2556,44.3667,1396.3222,1097.5,575.7,2809.6,90.5556,0.1,1.7444,0.5128,13812.1889,843.3448,538.1787,-5.4055,41.1444
centered_candidate_000119_ad8993fe,centered-gaussian,90,90,41.1444,31.5,10,83.1,34.26,937.8556,767,436.7,1745.3,0.3889,100.5339,3.1889,43.7222,1359.9778,1087,573.6,2906,94.5333,0.0667,1.7111,0.5726,14130.8222,838.0124,543.337,-7.13,41.1444
centered_candidate_000150_83664dab,centered-gaussian,90,90,41.1444,32,10,84.3,33.9655,956.6,787.5,444.4,1711.5,0.4333,101.2244,3.1889,44.2222,1374.1556,1067.5,560,2949.6,89.3,0.1111,1.6667,0.5428,13525.8667,848.0524,549.9355,-6.9828,41.1444
general_top5-average-phased_ab05a46e,top5-average-phased,90,90,41.1444,28.5,10,88.2,34.2616,963,800.5,448.9,1779.8,0.4667,102.2717,3.2111,44.5,1375.1556,1089.5,559,2899,86.8333,0.1556,1.6556,0.5053,13329.5778,834.7589,548.0328,-7.1308,41.1444
centered_candidate_000044_fbeb4194,centered-gaussian,90,90,41.1333,29.5,10,89.2,34.3444,949.5444,765,438.8,1968.3,0.4333,100.4283,3.1889,44.2333,1365.2778,1069.5,530.8,2990.4,90.8111,0.1222,1.6778,0.5473,13665.5333,885.1371,571.4494,-7.1722,41.1333
centered_candidate_000069_ac6635ac,centered-gaussian,90,90,41.1333,31,11,88.1,33.255,943.2444,769,391.2,1814.7,0.3778,98.3283,3.1889,44.0444,1346.7111,1059.5,466.7,2891.2,93.1889,0.1,1.7,0.5724,13969.2889,867.6411,585.6879,-5.6275,41.1333
centered_candidate_000047_90d4effe,centered-gaussian,90,90,41.1111,30.5,9.9,90.1,33.3988,957.8778,790,434.1,1904.3,0.4556,100.1711,3.1556,44.7556,1359.0111,1067.5,539.8,2891.9,88.0222,0.1111,1.6111,0.535,13078.7,869.4836,576.6571,-6.7994,41.1111
centered_candidate_000107_3986377a,centered-gaussian,90,90,41.0889,29,8,93.2,34.712,941.8778,809,339.9,1789.2,0.4556,98.4906,3.2,44.1,1340.7889,1088.5,407.5,2678.6,88.5,0.1222,1.6333,0.5494,13221.7222,860.8991,565.9611,-9.356,41.0889
centered_candidate_000056_dbabb520,centered-gaussian,90,90,41.0778,29,9.9,89.3,36.4784,924.3778,680.5,401,1968,0.3333,96.9239,3.1778,43.2778,1325.1333,1029.5,471.3,2911.4,99.2,0.0556,1.7667,0.6022,14741.5222,889.7071,570.8309,-8.3392,41.0778
centered_candidate_000110_8d040657,centered-gaussian,90,90,41.0778,29.5,12,88.1,33.3104,973.1222,821,406.1,1755.9,0.4778,100.9461,3.1889,45.1667,1386.8889,1110,539.8,3143.8,83.4667,0.1222,1.6556,0.5019,12984.0889,888.0525,578.3918,-4.6552,41.0778
centered_candidate_000132_4b67586b,centered-gaussian,90,90,41.0778,31.5,10.9,86.2,33.3054,954.3222,768.5,449.8,1919.6,0.3889,100.5633,3.1778,44.1889,1357.6667,1056,560.9,2768.1,90.6444,0.1444,1.6556,0.5338,13625.0222,826.8955,552.2888,-5.7527,41.0778
centered_candidate_000092_d2e53310,centered-gaussian,90,90,41.0667,29.5,12.8,84.4,32.8991,964.7556,773,446.1,1890.8,0.4111,102.6639,3.2333,44.2778,1385.8778,1080,587.2,3039.8,88.3889,0.1444,1.6333,0.5276,13289.2222,847.81,540.0298,-3.6496,41.0667
centered_candidate_000072_482c51cc,centered-gaussian,90,90,41.0444,29.5,11,86.6,33.3353,955.2444,770,438.9,1824.6,0.4111,101.2644,3.2333,44.3,1373,1082,558.4,2967.9,92.5556,0.0889,1.7,0.5307,13802.6778,840.844,538.8976,-5.6677,41.0444
centered_candidate_000006_5d664c61,centered-gaussian,90,90,41.0333,30.5,10.9,94.6,35.074,945.0444,784,443.9,1775,0.4111,99.7861,3.2111,44.1556,1346.7444,1058,567.7,2771.6,91.9667,0.1,1.8111,0.5242,14288.4222,849.2165,555.0153,-6.637,41.0333
search_candidate_000051_50872cf0,random-phased,90,90,41.0222,26,6,104,41.9118,883.8222,654.5,219.4,2102.8,0.3111,90.3917,3.0667,41.9667,1247.5222,853.5,323.7,3192.1,97.8556,0.1111,1.4444,0.6853,13609.6333,1011.8595,685.1502,-14.9559,41.0222
centered_candidate_000139_6c3be987,centered-gaussian,90,90,41,31,10.9,86.1,34.0336,941.5,766,436.6,1881.1,0.4222,101.0394,3.2111,43.2889,1361.7667,1083,550.2,3003.7,93.3111,0.0667,1.7556,0.5398,14099.9,830.6101,547.365,-6.1168,41
centered_candidate_000024_01cd895a,centered-gaussian,90,90,40.9889,30,11,86.1,34.2012,954.5556,771.5,439,1786.6,0.4444,101.4306,3.2222,44.1111,1372.3778,1048,537.4,3047.7,88.0444,0.1222,1.7444,0.4964,13678.1111,852.1635,555.8849,-6.1006,40.9889
centered_candidate_000029_3ac7545a,centered-gaussian,90,90,40.9889,30.5,11,85,32.4289,954.2222,777,439.2,1712,0.3667,100.5128,3.2111,44.2889,1362.9556,1077.5,539,2990.1,92.4111,0.1,1.7333,0.5442,14032.7333,848.1564,550.8758,-5.2144,40.9889
centered_candidate_000041_1547624a,centered-gaussian,90,90,40.9889,29,10,88.1,34.1928,969.5778,770,430.8,1970.5,0.4667,102.32,3.1778,44.8333,1398,1082,588.6,3120.6,86.3333,0.1556,1.6111,0.5162,13004.6333,880.442,579.4444,-7.0964,40.9889
centered_candidate_000040_2c3a5ccb,centered-gaussian,90,90,40.9778,31,11,87.1,32.1441,961.0889,789.5,450.3,1987.3,0.4,101.35,3.2111,44.6889,1387.2778,1058,617.2,2964,92.7778,0.0444,1.7,0.553,13945.6,861.5086,545.1401,-5.0721,40.9778
centered_candidate_000139_01f9c1de,centered-gaussian,90,90,40.9556,29,11,88.2,33.8697,974.8,777,457.6,2037.1,0.4667,102.1583,3.2111,45.2111,1388.6111,1095.5,586.1,2971.7,87.7889,0.1333,1.6667,0.5145,13234.7889,875.2973,580.8469,-5.9348,40.9556
centered_candidate_000091_ceeea182,centered-gaussian,90,90,40.9444,30,10,84.9,33.3285,954.6222,814,454.6,1756.3,0.4333,102.4678,3.2111,44.1333,1365.1889,1078,580.3,2399.1,87.6556,0.1444,1.7,0.4945,13439.6556,792.6884,518.8146,-6.6642,40.9444
centered_candidate_000077_a56174ea,centered-gaussian,90,90,40.9222,31.5,9,80.1,36.6304,917.6,748.5,397.5,1855.1,0.3556,98.0728,3.2,42.7556,1323.3889,1029,528.2,2726.5,96.4,0.0778,1.7111,0.5851,14301.5111,863.5281,547.3542,-9.3152,40.9222
centered_candidate_000045_d217d043,centered-gaussian,90,90,40.9111,28.5,8.9,92.4,37.2104,903.2778,707.5,354.9,1930.4,0.3444,94.615,3.1889,43.1444,1294.9222,1026.5,435.8,2624.9,99.8333,0.0444,1.7778,0.5963,14656.9,891.1211,571.4661,-9.7052,40.9111
centered_candidate_000060_0c40acc9,centered-gaussian,90,90,40.8778,30.5,8,85.5,33.4298,937.5111,766.5,401.1,1812.8,0.3667,98.8517,3.2111,43.6556,1333.4667,1072.5,517.4,2944.3,92.9222,0.0889,1.7222,0.5678,14090.5889,835.9753,556.365,-8.7149,40.8778
search_candidate_000158_56e3a51c,random-phased,90,90,40.8111,31,10,89.1,32.8775,935.5667,764.5,423.7,1716.3,0.4,100.355,3.1667,43.9778,1340.9444,1075,517.4,2366.1,96.7889,0.0889,1.8333,0.5359,14567.2556,814.8303,529.4227,-6.4388,40.8111
centered_candidate_000128_bdf46744,centered-gaussian,90,90,40.8,26.5,8.9,85.4,34.5113,945.1667,737.5,414.4,1941.8,0.3889,99.4556,3.1778,44.0556,1365.9778,1070.5,509.4,3133.8,90.6333,0.1111,1.6333,0.5639,13524.4556,912.5632,584.7234,-8.3556,40.8
centered_candidate_000004_96e0f175,centered-gaussian,90,90,40.7889,30.5,9.9,83.2,34.6652,932.5333,760.5,385.7,1955,0.3556,97.3061,3.2,43.9667,1332.5889,1065.5,475.6,3023.8,95.1667,0.1222,1.6556,0.5922,13909.2,882.1799,573.7772,-7.4326,40.7889
centered_candidate_000156_bf76cd16,centered-gaussian,90,90,40.7667,29.5,11,86,33.495,950.4111,802.5,433.5,1889.1,0.4222,101.5489,3.1444,44.5444,1361.7444,1087.5,573.4,2760.2,89.9556,0.1111,1.7111,0.543,13727.6444,827.4372,546.5588,-5.7475,40.7667
centered_candidate_000083_7c529b10,centered-gaussian,90,90,40.7444,30,9,92.1,34.9992,942.8778,747.5,378,1736.7,0.4222,98.305,3.2,43.9222,1333.8,1081.5,463.5,2911.8,88.7,0.1444,1.5444,0.5501,12857.6111,866.8584,567.0577,-8.4996,40.7444
centered_candidate_000064_d9d012bc,centered-gaussian,90,90,40.7333,31.5,9,82,34.5591,942.0222,783,396.8,1861.1,0.4,99.5172,3.1778,43.9667,1344.5667,1053,497.2,2931.9,91.3,0.1111,1.6778,0.5566,13709.4,862.9155,564.8401,-8.2795,40.7333
centered_candidate_000008_a4c880f2,centered-gaussian,90,90,40.7,30,10,83.1,33.225,941.8889,789.5,427,1715.9,0.4333,100.745,3.2222,43.2333,1344.7222,1118,523.6,2307.4,90.0111,0.1111,1.6889,0.5126,13455.6556,806.5601,544.811,-6.6125,40.7
centered_candidate_000160_c8d4b369,centered-gaussian,90,90,40.7,29,10.9,80.6,33.4101,939.4,758,440.4,1753,0.3889,100.4689,3.2,43.8778,1346.2333,1084,586.5,2658.4,94.9333,0.1,1.7222,0.5562,14086.6556,814.6535,526.9036,-5.805,40.7
centered_candidate_000148_e3215141,centered-gaussian,90,90,40.6889,31.5,8.7,85.3,33.5416,942.4111,791.5,337,1908.9,0.3667,99.1961,3.1444,44.2444,1349.9778,1070.5,419.6,2865.7,93.1222,0.1,1.6667,0.5777,13716.1,886.0863,603.9181,-8.0708,40.6889
centered_candidate_000152_cd2c58a9,centered-gaussian,90,90,40.6889,32,11,89.3,30.7259,964.6,777.5,446.5,1715.7,0.4111,101.1767,3.2,44.2222,1367.2778,1136.5,568.4,2429.5,87.3667,0.1444,1.6222,0.5223,13064.7889,817.4319,548.9434,-4.363,40.6889
centered_candidate_000056_b4338851,centered-gaussian,90,90,40.6778,30.5,10,82.5,34.5295,963.0889,808,411.8,1983.1,0.4667,101.0872,3.1667,44.2778,1382.4,1116,519.3,3108.3,84.4778,0.1556,1.6667,0.4987,13179.7444,887.607,586.0538,-7.2647,40.6778
centered_candidate_000002_0f609d29,centered-gaussian,90,90,40.6667,32,10.9,83.4,32.1448,952.1333,778.5,434,1753.6,0.4222,100.7928,3.1889,44.4111,1370.7778,1068.5,543.2,2901.1,89.2,0.1444,1.6222,0.5393,13283.7111,848.0669,554.2445,-5.1724,40.6667
general_top10-average-phased_6edfc1e6,top10-average-phased,90,90,40.6667,29,11,83.3,33.849,956.4778,772,442.9,1936.7,0.4111,101.5989,3.1667,44.2778,1367.3667,1063,559.5,2918.5,88.1556,0.1111,1.6333,0.5311,13257.8333,861.6912,557.0715,-5.9245,40.6667
centered_candidate_000100_10cb43ad,centered-gaussian,90,90,40.6556,30.5,9.9,86.4,33.6069,963.2222,759,416.9,2059.1,0.4333,100.605,3.2111,44.3889,1369.1333,1059,548,2937,88.6889,0.1556,1.6556,0.523,13375.1444,885.0646,590.1882,-6.9035,40.6556
centered_candidate_000071_3cdd69c1,centered-gaussian,90,90,40.6444,30.5,11.9,87.4,31.9442,967.1889,831.5,448.9,1781.1,0.4556,102.5511,3.1778,44.9889,1381.6222,1097,566.2,2852.8,87.8222,0.1556,1.6111,0.5264,13141.8778,838.7611,541.2297,-4.0721,40.6444
centered_candidate_000118_a4da7708,centered-gaussian,90,90,40.6,29.5,9.9,91.2,35.2565,906.7778,683,415.7,1696.7,0.3444,97.4906,3.1333,42.7889,1304.0111,1040.5,506.4,2724.8,97.0778,0.0556,1.7556,0.5958,14532.3667,848.2626,542.3708,-7.7282,40.6
centered_candidate_000042_7037b1f7,centered-gaussian,90,90,40.5889,29,10,85.1,33.3023,964.1111,790,455.2,1997,0.4,100.7261,3.2111,44.5111,1376.6444,1087,565.8,3072.2,87.8333,0.1556,1.6444,0.5116,13268.6778,878.2173,566.4746,-6.6511,40.5889
general_top10-average-phased_01e57f8a,top10-average-phased,90,90,40.5556,30.5,10.9,82.8,31.4629,955.8778,777.5,449.5,1746.4,0.4333,102.0133,3.1778,44.0444,1369.2111,1039,575.8,2655.7,88.1778,0.1222,1.7444,0.5154,13594.5,786.7059,518.8413,-4.8314,40.5556
search_candidate_000007_fa16a3c0,random-phased,90,90,40.5444,27.5,10,81.6,32.556,958.9,785,441,1788.1,0.4111,102.1922,3.2,44.4444,1355.8,1076,616,2978.2,89.6667,0.1333,1.6333,0.5126,13237.1,819.6849,553.5671,-6.278,40.5444
search_candidate_000025_f57ca43a,random-phased,90,90,40.5444,31.5,10,85.4,33.4389,985.0889,823.5,454.9,1990.6,0.5111,104.815,3.2,44.8222,1411.4556,1136.5,570.7,3065,79.4889,0.2111,1.5889,0.4546,12252.0889,853.9476,568.8642,-6.7194,40.5444
centered_candidate_000038_a527f27b,centered-gaussian,90,90,40.5222,28.5,11,80.5,32.0708,950.2222,783.5,457.9,1820.6,0.3778,101.9689,3.2222,43.6,1351.3222,1082.5,602.5,2272.3,92.3889,0.1222,1.7444,0.5282,14030.1111,764.8889,508.8359,-5.0354,40.5222
search_candidate_000005_af37e535,random-phased,90,90,40.5222,32.5,11.7,85.3,32.5854,947.8889,807.5,450.2,1731.1,0.3889,99.9067,3.1778,44.2333,1326.0333,1081,549.6,2902.9,90.3222,0.1444,1.6333,0.5508,13455.5,838.8586,561.4385,-4.5927,40.5222
centered_candidate_000096_94e2f5c4,centered-gaussian,90,90,40.5111,28,10.9,81.5,32.0992,972.6,801,452.5,1935.2,0.4778,103.2156,3.2,44.8,1408.6778,1123,609.6,3188.8,87.8667,0.1222,1.7,0.5114,13447.3778,869.4297,557.8875,-5.1496,40.5111
centered_candidate_000013_36d6dadf,centered-gaussian,90,90,40.4889,29,10.9,82,32.9438,953.7,735.5,453.3,1974.4,0.4333,101.7172,3.2111,44.0778,1391.0778,1077.5,559.9,3081.2,91.3111,0.1111,1.6,0.5306,13178.9111,859.6039,550.2845,-5.5719,40.4889
centered_candidate_000054_a909bf29,centered-gaussian,90,90,40.4333,31.5,9,86.1,32.4924,946.8222,793,411.6,1600.6,0.4222,101.8333,3.2,43.5222,1377.4,1084.5,535.9,2366.4,88.6333,0.1556,1.6,0.5268,13016.3333,839.437,543.7665,-7.2462,40.4333
centered_candidate_000142_05037d45,centered-gaussian,90,90,40.4333,31.5,10.9,81,31.4286,961.6556,768.5,446.6,1850.9,0.3889,101.8656,3.2111,44.2222,1405.9111,1054.5,556.4,3196.3,90.6778,0.1444,1.6889,0.5245,13619.4667,895.2468,560.9994,-4.8143,40.4333
centered_candidate_000025_7ca58362,centered-gaussian,90,90,40.4111,30.5,10,83.5,32.1254,955.5778,806.5,421.1,1835.6,0.4111,100.1133,3.2222,44.0556,1346.2556,1143.5,499.3,2838.2,88.6111,0.1444,1.6556,0.5309,13345.2444,812.2006,539.1322,-6.0627,40.4111
centered_candidate_000108_cce61bfb,centered-gaussian,90,90,40.4111,30,9.9,88.1,33.2107,932.3111,769.5,385.5,1648,0.4333,99.0678,3.1444,43,1333.9333,1067.5,479.9,2829.8,86.9444,0.1333,1.5778,0.5279,12892.3444,847.0701,559.6173,-6.7054,40.4111
general_top5-average-phased_7802e491,top5-average-phased,90,90,40.4111,31,10,88.2,31.8461,961.1667,774.5,443.2,1977,0.4,101.4339,3.1778,44.8556,1387.2333,1105.5,576.5,3001.1,91.0667,0.1111,1.6778,0.5366,13655.9556,850.8908,555.5558,-5.9231,40.4111
centered_candidate_000051_c7d51c8c,centered-gaussian,90,90,40.3889,30.5,9,79,32.8744,944.4111,821.5,403.8,1864,0.3889,100.1756,3.1667,44.2111,1361.3667,1093,523.7,3018.6,90.9889,0.1111,1.6556,0.5577,13537.9556,849.6439,556.9883,-7.4372,40.3889
centered_candidate_000138_0a95a938,centered-gaussian,90,90,40.3667,30.5,10,84.8,33.014,946.9778,820.5,405.1,1954.9,0.4,100.4072,3.1667,43.6222,1336.1222,1123,527,2618.5,88.6444,0.1444,1.6333,0.5395,13267.8889,820.4372,555.0954,-6.507,40.3667
search_candidate_000061_86d97b4d,random-phased,90,90,40.3556,32,10,94.1,32.7666,940.5889,777,447.9,1748.5,0.3889,101.8756,3.1889,43.5333,1347.6,1056.5,565,2601.2,93.9111,0.0667,1.8556,0.5326,14535.4111,814.5868,525.7119,-6.3833,40.3556
search_candidate_000037_220b295e,random-phased,90,90,40.3111,30,9,93.1,34.7587,960.2,776.5,422.7,1717.8,0.4111,101.2922,3.1778,44.3111,1339.5,1047.5,518.7,3086.2,85.9,0.1778,1.5222,0.545,12717.6444,844.6792,590.7192,-8.3794,40.3111
centered_candidate_000079_96fe6df6,centered-gaussian,90,90,40.2444,29.5,11,89.4,33.1731,954.6111,774,463.7,1790.5,0.4444,101.8433,3.1889,43.6667,1363.2444,1089,585,2627.3,88.2778,0.1444,1.6333,0.5326,13258.6,819.1987,553.5843,-5.5865,40.2444
search_candidate_000018_9121caa0,random-phased,90,90,40.2333,32,9.9,87.2,33.7099,918.9667,755.5,380.6,1847.7,0.3556,97.005,3.1778,43.2111,1288.1444,1033,458.2,2864.9,97.2556,0.1,1.7111,0.5959,14215.3,850.9089,576.4825,-6.9549,40.2333
search_candidate_000109_99125207,random-phased,90,90,40.2333,29.5,8.9,83.8,34.2283,917.3778,744,383.2,1846.7,0.3778,98.2506,3.1889,43.1556,1304.9778,1018,428.7,2881.3,99.7444,0.0889,1.7778,0.5811,14442.8333,869.0373,565.4591,-8.2142,40.2333
centered_candidate_000126_38df5994,centered-gaussian,90,90,40.2222,30.5,11,76.1,32.0162,913.8556,759,407.7,1520.1,0.3889,98.9311,3.1667,42.4222,1330.0222,1082,532.7,2375.1,94.9222,0.0778,1.7444,0.5517,14176.8111,791.3319,490.7711,-5.0081,40.2222
centered_candidate_000117_38d6a5b3,centered-gaussian,90,90,40.1889,27.5,10.9,90.1,34.605,934.4222,760.5,389.8,1963.7,0.4444,99.8478,3.1333,43.4889,1343.9667,1091,475.5,2897.4,87.6,0.1111,1.6333,0.5534,13228.8,875.1421,568.5692,-6.4025,40.1889
centered_candidate_000014_83ea8983,centered-gaussian,90,90,40.1556,29,10.9,83.5,33.1917,931.2111,759.5,426.1,1697,0.3889,99.5306,3.1889,43.3667,1338.2111,1056,539.2,2567.1,91.7556,0.1111,1.6667,0.521,13526.5889,821.7703,522.2047,-5.6958,40.1556
centered_candidate_000087_6d5ab151,centered-gaussian,90,90,40.1444,28.5,10,82,34.382,940.9778,782,397.7,1876.2,0.4222,100.7444,3.1333,43.6333,1349.6111,1060,488.3,3026.1,92.6333,0.0889,1.7111,0.5493,13882.8444,851.2601,558.8433,-7.191,40.1444
search_candidate_000057_35ce2b1f,random-phased,90,90,40.1444,31,6.9,96.1,36.2453,916.5556,765.5,278.6,1936.9,0.3667,96.8639,3.0889,42.6222,1262.6556,1044,375.7,2828.3,90.5778,0.1222,1.5889,0.5902,13506.8111,848.9758,597.7365,-11.2227,40.1444
centered_candidate_000012_b3a39a25,centered-gaussian,90,90,40.1222,29.5,11,89.1,33.1803,917.9333,736.5,387.8,1738.6,0.3444,97.6939,3.1556,43.0556,1318.5222,1048,477.9,3012.4,98.6667,0.0556,1.9222,0.5652,15361.2778,855.7814,547.297,-5.5901,40.1222
search_candidate_000119_5ac2a489,random-phased,90,90,40.1222,28.5,10,82,31.1437,929.1,785.5,426.3,1685.1,0.3444,100.3922,3.2556,42.9556,1319.0111,1056,527.2,2603.5,98.2889,0.0778,1.8667,0.5404,14758.5889,758.7892,498.4794,-5.5718,40.1222
centered_candidate_000059_39220c9b,centered-gaussian,90,90,40.0778,29.5,10.9,84.5,33.4279,941.8667,795.5,443.7,1828.6,0.3778,99.58,3.2333,43.8444,1342.6333,1067.5,529.1,2642.5,93.0222,0.1111,1.7667,0.5403,14122.8111,853.1225,539.6996,-5.814,40.0778
centered_candidate_000110_7bde862f,centered-gaussian,90,90,40.0556,29,8.9,83.9,32.2671,947.9556,768,334.7,1824.6,0.4444,98.7406,3.1667,43.9333,1357.7333,1118.5,425,2831.4,86.2667,0.1778,1.6111,0.5231,12982.1667,873.5227,580.5904,-7.2335,40.0556
centered_candidate_000144_b98a8da5,centered-gaussian,90,90,40.0111,29,11,86.1,32.3884,945.1778,749,451.4,1775.3,0.4,100.3394,3.1778,44.0667,1361.5444,1068,576.7,2642.7,90.1667,0.1111,1.6889,0.5415,13601.4,841.6529,538.2373,-5.1942,40.0111
search_candidate_000022_d2fc8076,random-phased,90,90,39.9556,29,10,93.4,34.2899,946.6778,745.5,440.7,2022,0.4556,101.6372,3.1667,43.3556,1331.6889,1056.5,529.5,2955.6,84.0111,0.1889,1.4667,0.5388,12286.3889,842.939,582.0102,-7.145,39.9556
centered_candidate_000049_23d909cd,centered-gaussian,90,90,39.9111,30,10.8,83.2,34.4518,938.7,816,434.2,1954.5,0.4222,101.5022,3.1444,43.4667,1342.5444,1093.5,565.3,2987.4,89.7889,0.1222,1.7,0.5304,13606.0889,827.4116,543.9276,-6.4259,39.9111
centered_candidate_000124_eb8b487e,centered-gaussian,90,90,39.9,33,11.7,81.3,30.108,955.4,830,401.3,1705,0.4333,101.9267,3.1333,44.0111,1352.3778,1090.5,541.4,2853.2,86.6444,0.1667,1.5222,0.5279,12542.0778,799.0904,536.9687,-3.354,39.9
centered_candidate_000020_ec5f8a90,centered-gaussian,90,90,39.8778,28.5,7,86.2,35.171,889.7444,752.5,233.4,1811.4,0.3889,93.975,3.1111,42.2444,1269.7,1018.5,325.4,2460,95.5556,0.0556,1.6667,0.6,14015.4444,882.437,571.601,-10.5855,39.8778
centered_candidate_000104_7607b99a,centered-gaussian,90,90,39.8778,29.5,9,78.6,35.146,901.3667,720,409.7,1888.5,0.3222,96.5611,3.1667,42.4222,1286.6111,990,500.3,2478.1,98.9111,0.0667,1.7556,0.5986,14650.6333,850.4441,526.9322,-8.573,39.8778
centered_candidate_000154_164ce545,centered-gaussian,90,90,39.8667,29,10,76.5,32.2477,927.6556,768.5,400.8,1682.1,0.3889,100.4394,3.1556,43,1340.3778,1072,502.2,2489.9,91.5556,0.0889,1.7667,0.5287,14080.7778,813.1868,519.0998,-6.1239,39.8667
search_candidate_000138_8ab2987d,random-phased,90,90,39.7889,28.5,9,92.2,36.557,911.9444,709,344,1946.9,0.3778,95.095,3.1,43.1222,1260.8111,1035,402,2955.3,95.4222,0.1111,1.5,0.627,13322.7556,905.4015,620.0687,-9.2785,39.7889
search_candidate_000153_6505b9ec,random-phased,90,90,39.7889,30,11,91.2,31.3317,965.8556,779,471,1735.9,0.4889,104.3206,3.1556,44.1333,1384.4556,1104,685.9,2720.9,82.3333,0.1667,1.6111,0.4773,12755.1,793.6966,521.7389,-4.6659,39.7889
centered_candidate_000089_20ca41e9,centered-gaussian,90,90,39.6222,30,11.9,76.7,31.3828,927.8,755.5,478,1699.2,0.3889,101.4172,3.1667,42.8444,1356.1222,1068,579.2,2420.2,92.1333,0.1222,1.7222,0.5303,13933.8333,801.1548,499.8131,-3.7914,39.6222
search_candidate_000084_8f2c7af7,random-phased,90,90,39.5333,30,8.9,84.1,33.9176,898.2667,726,343,1807.3,0.3,95.0194,3.0667,41.7556,1246.8778,986.5,403,2504.4,96.4556,0.1,1.6333,0.6114,14004.3444,816.6045,586.5576,-8.0588,39.5333
search_candidate_000014_04c1140b,random-phased,90,90,39.4889,31.5,9,80.7,30.7225,951.1111,782.5,417.3,1789.8,0.4333,102.4406,3.1111,44.3444,1365.1444,1095.5,566.2,2812.7,90.2778,0.1333,1.6778,0.5079,13428.5333,804.2173,548.2394,-6.3613,39.4889
search_candidate_000040_04ee38a9,random-phased,90,90,39.4111,31.5,9.9,82.5,30.6365,971.8111,831,458.6,1731.9,0.5,103.25,3.1778,44.4667,1356.0444,1092,578.9,2938.6,84.4444,0.1556,1.6,0.5052,12849.3556,798.0305,571.6102,-5.4183,39.4111
search_candidate_000101_b9d9f052,random-phased,90,90,39.3556,28.5,10,88.2,30.8938,950.0222,722,437.5,1714.6,0.4667,103.9733,3.1444,43.6,1367.8556,1061.5,545.6,2914,88.6889,0.1556,1.6778,0.5063,13350.4667,796.2419,532.9372,-5.4469,39.3556
centered_candidate_000050_2bed94ec,centered-gaussian,90,90,39.2889,28.5,9.9,83,31.1784,939.5333,776,382.9,1731.3,0.4111,99.2589,3.1111,43.3778,1330.1889,1056,476.2,3008.2,88.3111,0.1222,1.5889,0.539,13041.6444,850.4437,570.5914,-5.6892,39.2889
search_candidate_000080_6247c9f0,random-phased,90,90,39.2778,29,8.9,85.1,34.8061,880.6222,700.5,351.3,1674.9,0.3333,95.7467,3.0778,42.1889,1231,1020,415,2133.6,100.7111,0.0222,1.8556,0.5913,15020.6,791.6457,514.4517,-8.5031,39.2778
centered_candidate_000080_30bae482,centered-gaussian,90,90,39.2556,26,10.9,79.1,31.9561,933.5222,712.5,425.2,1951.7,0.4111,99.9522,3.0889,43.2556,1335.5222,1071.5,519,3018.4,90.5889,0.1333,1.6444,0.5519,13490.0667,871.6958,576.0435,-5.078,39.2556
search_candidate_000074_f776d17d,random-phased,90,90,39.2222,23,7.9,85.1,34.9656,843.4556,626.5,321.2,1825.8,0.2444,89.125,3.0222,40.0333,1164.0222,908,313,2370.9,103.2333,0.0667,1.6778,0.6735,14816.8444,841.6528,566.3921,-9.5828,39.2222
centered_candidate_000096_1eee58db,centered-gaussian,90,90,39.1778,30,9.8,76.1,34.4788,916.9556,750.5,380.9,1658.3,0.3667,97.2772,3.1333,43.1778,1275.5444,1032,480.2,2316.6,94.1667,0.1222,1.6,0.5806,13609.2111,830.5531,544.3347,-7.4394,39.1778
centered_candidate_000138_fa546814,centered-gaussian,90,90,39.1444,27.5,9.9,82.5,31.8871,938.4,773.5,410.5,1847.6,0.4222,99.3144,3.1444,43.8444,1350.5333,1043.5,507.6,2884.4,89.6222,0.1,1.6222,0.549,13292.1556,860.8982,562.2371,-6.0436,39.1444
search_candidate_000055_299ba934,random-phased,90,90,39.1,29.5,9.9,86.4,33.6446,919.3667,745.5,385.4,1753.2,0.3778,98.1028,3.1111,42.3778,1270.6111,1055,439.4,2917.2,90.5333,0.1,1.6444,0.5912,13727.1222,859.0382,585.9688,-6.9223,39.1
centered_candidate_000015_1f7bcc43,centered-gaussian,90,90,38.9444,29,9,94,32.342,920.4444,791.5,444,1692.9,0.3778,100.8311,3.1,42.5667,1342.9444,1062,517.5,2613,92.4333,0.1111,1.7444,0.5365,14003.0778,805.3077,524.7001,-7.171,38.9444
centered_candidate_000102_c8a7f8d1,centered-gaussian,90,90,38.8889,26,10,84.2,33.562,927.4667,732.5,443.3,1948.9,0.4111,101.0189,3.0889,42.9333,1347.1111,1045,555.5,3017.5,90.4111,0.1222,1.6889,0.5341,13705.2778,840.9798,555.4609,-6.781,38.8889
search_candidate_000071_c56888f2,random-phased,90,90,38.8222,28,8,84,33.7953,870.8778,658,324.4,1744.5,0.2778,93.625,3.1111,41.1889,1223.0778,980.5,401.9,2364,102.6222,0.0556,1.7667,0.622,14835.5889,824.2018,553.3862,-8.8977,38.8222
search_candidate_000056_b2c63a6c,random-phased,90,90,38.7222,29.5,9,87.2,31.193,915.2111,752.5,426.9,1597.8,0.3889,100.1167,3.1,43.1111,1308.4667,1042.5,552.3,2538.7,94.3556,0.0889,1.8,0.5421,14344.4,797.0851,519.7591,-6.5965,38.7222
search_candidate_000136_5afa072a,random-phased,90,90,38.6556,29,8,86.2,33.025,939.3889,790.5,377.9,2025.2,0.4778,102.2178,3.0889,42.6,1350.4889,1067,478.7,3037.1,80.7222,0.1889,1.4444,0.5253,12030.1333,875.174,581.0593,-8.5125,38.6556
search_candidate_000049_b1d310b4,random-phased,90,90,38.1444,30,6,79.5,35.0966,877.2667,751,283.6,1776.7,0.3,96.6033,3.0222,41.0667,1246.6111,1020.5,375.7,2549.4,95.1778,0.1222,1.5667,0.6265,13739.6889,831.5056,540.9778,-11.5483,38.1444
search_candidate_000069_7368722d,random-phased,90,90,38.0111,29,8,73.6,31.8219,884.3222,747.5,409.7,1551.5,0.3111,98.0933,3.1222,41.2556,1272.4444,1028.5,475.2,2161.4,99.4333,0.0333,1.8778,0.5949,15183.6,777.7021,495.2879,-7.9109,38.0111
search_candidate_000105_9f3613b5,random-phased,90,90,37.7333,27.5,9,76.1,29.4029,895.9667,766.5,413.4,1623.5,0.3556,99.5689,3.0889,41.7222,1281.1667,1072,509.7,2481,98.0556,0.0222,1.9111,0.5378,15039.9,746.409,488.653,-5.7014,37.7333
search_candidate_000111_6b8a00d7,random-phased,90,90,37.6889,26,10,80.4,32.6237,863.6222,696,404.6,1577.3,0.3111,96.1417,3.0778,40.8111,1255.1222,1004.5,502.6,2212.4,103.4556,0.0333,1.9222,0.5846,15556,776.6929,478.5907,-6.3118,37.6889
search_candidate_000115_2f2b1307,random-phased,90,90,37.6556,29,9.9,84,32.3715,898.7222,729,402.1,1659.5,0.4333,100.1856,3.0444,41.1667,1274.9222,1039,506,2482.6,88.8889,0.1556,1.5556,0.5456,12897.7556,791.0897,546.4812,-6.2858,37.6556
centered_candidate_000005_cc1be9cf,centered-gaussian,90,90,37.4556,26.5,8,82.2,33.5725,888.0444,671.5,393.9,1971.5,0.3222,94.3256,3.0111,41.8333,1265.8778,940,466.3,3073.3,93.6778,0.1556,1.5556,0.6114,13629.8111,914.978,574.0834,-8.7863,37.4556
search_candidate_000107_1f0d1019,random-phased,90,90,37.3333,26.5,10,80.6,29.3818,945.3333,767.5,454.6,1783.2,0.4556,104.4128,3.0889,43.1333,1357.3556,1091.5,623.2,2833.6,84.5889,0.1778,1.4889,0.5199,12342.6667,794.4387,529.4525,-4.6909,37.3333
search_candidate_000041_cbbff5de,random-phased,90,90,37.3222,29,8,76.3,30.2037,925.4,768,412.3,1620.5,0.4,101.5061,3.0778,41.9,1328.1556,1043.5,517.4,2899.8,86.0444,0.1444,1.5333,0.5789,12975.9222,839.3761,564.5303,-7.1018,37.3222
search_candidate_000059_880ea3c3,random-phased,90,90,37.3,28,9,78.1,33.3455,876.7444,690,444,1559.9,0.3222,99.5789,3.0667,40.6889,1264.1222,984,558.2,2328,98.7778,0.0444,1.8556,0.5585,14929.3,760.1792,469.7448,-7.6727,37.3
search_candidate_000070_20e9742b,random-phased,90,90,37.2667,22.5,5.9,83.6,37.2686,837.7333,623.5,192.2,1817.6,0.2667,88.3933,2.9556,39.6222,1153.3444,894.5,262.6,2652.9,96.8556,0.0889,1.3444,0.7369,13341.8778,926.3585,652.281,-12.7343,37.2667
search_candidate_000129_0730ed2a,random-phased,90,90,37.1889,27,7,83.2,32.4527,853.4222,712.5,236.9,1638,0.3,94.0994,2.9889,40.8,1210.4111,993,411.4,2554.9,100.8556,0.0889,1.6667,0.6271,14331.7,801.5176,544.4707,-9.2263,37.1889
search_candidate_000094_0e5455e1,random-phased,90,90,37.1556,28.5,9,75.3,30.405,857.6,738,376.6,1554.8,0.3222,95.2689,2.9889,41.0556,1182.7444,957,442,2108.4,102.4333,0.0111,1.9,0.5927,15394.0111,711.8917,476.2375,-6.2025,37.1556
search_candidate_000058_f39f61d4,random-phased,90,90,37.1444,28.5,7,76.6,32.7552,886.2889,761,313.3,1717.7,0.4,95.7639,3.0111,41.6778,1224.9889,1011,386.9,2379.7,91.3667,0.1444,1.4778,0.615,13089.0889,848.7283,561.7037,-9.3776,37.1444
search_candidate_000152_4606258e,random-phased,90,90,37.1333,27.5,7,77.5,32.0011,849.0889,744,283.1,1582.4,0.3444,95.1994,3.0222,40.1333,1231.6222,979,437.8,2215.6,101.4222,0.0111,1.8222,0.5924,14859.1,803.895,510.4737,-9.0006,37.1333
search_candidate_000008_08048b77,random-phased,90,90,37.1,30,10.9,75.9,28.1591,935.9778,771,471.9,1773.2,0.4444,104.2544,3.0667,42.6333,1370.4667,1096.5,617.8,2725,86.0889,0.1667,1.6333,0.5021,13075.5,780.1971,503.7805,-3.1795,37.1
search_candidate_000122_3429134c,random-phased,90,90,36.9444,28,8,80.1,30.6911,873.3556,711.5,399.8,1580.8,0.3222,97.7628,3,41.6,1239.8333,981.5,508.4,2173.9,99.0444,0.0556,1.9,0.5688,15078.4444,757.8778,489.4297,-7.3455,36.9444
search_candidate_000100_052732dc,random-phased,90,90,36.9333,29,8,85.5,33.1575,900.8778,750,388.9,1804.9,0.4222,100.1311,3.0556,41.2889,1238.9556,990,514.4,2384.7,91.2889,0.1111,1.5556,0.5951,13270.2889,773.1888,533.7507,-8.5787,36.9333
search_candidate_000011_f525442c,random-phased,90,90,36.8222,24,5.9,82.8,35.2375,857.3444,655,214.4,1682.8,0.2889,91.1133,2.9667,41.3111,1195.7111,897.5,329.5,2532.5,97.1333,0.1,1.5778,0.6551,14110.9222,902.421,601.1521,-11.7187,36.8222
search_candidate_000060_63315218,random-phased,90,90,36.7556,28,9,78.2,31.5501,869.8667,722,407.8,1688.9,0.3556,96.88,3,39.6222,1196.8222,989,461.4,2204.4,93.7,0.1333,1.5444,0.5926,13279.1444,767.105,544.0643,-6.775,36.7556
search_candidate_000078_3457733e,random-phased,90,90,36.6444,27,7.8,83.2,32.1425,840.7444,696.5,345.9,1626.1,0.3,93.1867,2.9778,40.2333,1182.9556,989,414.5,2114.8,101.8889,0.0333,1.9444,0.6141,15574.6,747.463,499.504,-8.2712,36.6444
search_candidate_000150_cf2f1aee,random-phased,90,90,36.6333,23.5,6,82.8,38.6242,783.8,605.5,209.7,1776.5,0.1667,84.8689,2.9333,38.4889,1104.3778,796,297.7,2454.8,109.8333,0.0333,1.7111,0.7427,15602.0778,861.837,567.3191,-13.3121,36.6333
search_candidate_000114_c3f16a35,random-phased,90,90,36.6,27.5,10,76.4,31.9294,910.3778,758,464.2,1735.5,0.4,104.3311,3.0667,41.4556,1300.5667,1045.5,609.1,2356,91.2556,0.1,1.6444,0.5593,13616.1889,732.824,466.2174,-5.9647,36.6
search_candidate_000128_a8e374ec,random-phased,90,90,36.5333,27,8,82,31.4587,851.0444,682,356.5,1576.8,0.2333,94.9933,3.0333,39.8222,1187.2,948,397.2,2124.8,105,0.0667,1.5,0.7151,14192.8556,727.4814,530.1778,-7.7293,36.5333
search_candidate_000023_efd02f6c,random-phased,90,90,36.5,26,6,82.6,35.4439,799.9889,639.5,214.9,1690.5,0.2222,88.165,2.9111,39.4667,1132.3444,834,338.1,2430.4,108.9444,0.0222,1.7889,0.7074,15703.1333,867.1351,568.707,-11.722,36.5
search_candidate_000104_4fb604dd,random-phased,90,90,36.4222,25.5,9,76.1,31.092,845.5333,685.5,340.7,1659.8,0.2444,92.9689,3.0444,39.7444,1185.4333,914,449.8,2318.3,104.0667,0.0333,1.9,0.6209,15564.6222,769.5361,525.51,-6.546,36.4222
search_candidate_000015_1b631363,random-phased,90,90,36.4111,28.5,6,74.1,30.6137,884.8889,760.5,317,1538.3,0.3889,96.4011,3,41.7778,1218.3333,1087,386,2156.7,90.9333,0.1333,1.4778,0.6123,13114.5889,783.7934,535.1766,-9.3068,36.4111
search_candidate_000110_84f091c4,random-phased,90,90,36.3444,25,9,81.1,30.8326,910.7,772,436.8,1747.9,0.4,101.4228,3.0333,41.7889,1290.8889,1073.5,571.2,2459.7,85.7556,0.1667,1.3778,0.5692,12065.3667,787.491,513.0902,-6.4163,36.3444
search_candidate_000127_98fc8a90,random-phased,90,90,36.2,29,7.9,73.1,32.1349,873.3111,741,289.5,1453.9,0.3444,96.81,3,40.6556,1197.6556,1001.5,368,2016,92.7222,0.1,1.4667,0.6218,13088.8333,770.6022,534.003,-8.1674,36.2
search_candidate_000035_6481bd5d,random-phased,90,90,36.1889,29,11,71.2,29.0222,949.5444,778.5,456.6,1778.8,0.5,106.5733,3.0556,43.4333,1379.3444,1100.5,624.9,2896.2,82.8778,0.1889,1.6,0.4861,12758.4444,771.2805,505.6344,-3.5111,36.1889
search_candidate_000088_4a44d5c7,random-phased,90,90,36.0333,27,9,75.8,32.7453,877.1667,724.5,354.9,1985.4,0.3667,97.4689,3,40.8333,1232.8556,1014,439.4,2736.2,91.7,0.1556,1.4444,0.5987,12835.1778,834.3211,542.342,-7.3726,36.0333
search_candidate_000072_32b3e505,random-phased,90,90,35.9667,26.5,8.9,76.6,31.5357,848.0556,735,346.1,1446.9,0.3222,93.7733,2.9778,39.4778,1170.3556,972,415.9,1922.2,94.0556,0.1,1.5444,0.6425,13710.0889,772.595,512.1451,-6.8678,35.9667
search_candidate_000004_7fcd0e3b,random-phased,90,90,35.6889,24.5,4.9,79.7,34.2989,838.1111,696,202.2,1601.4,0.3222,90.4511,2.9222,40.0222,1165.8778,934,313.5,2314.4,93.1,0.1,1.4889,0.6322,13385.3,873.1025,553.6133,-12.2494,35.6889
search_candidate_000149_990886bc,random-phased,90,90,35.4333,29.5,10,68.4,28.9981,899.3333,727.5,431.8,1713.2,0.4111,102.2217,2.9667,41.0444,1259.6556,1069.5,569.5,2284.2,89.1333,0.1222,1.5,0.5682,12838.4556,731.083,508.985,-4.4991,35.4333
search_candidate_000124_8a1b2387,random-phased,90,90,35.3667,29,7.9,68.2,30.2668,851.3333,695.5,335.7,1563.6,0.2778,95.3406,2.9444,39.3778,1149.0333,960,466.2,1975.5,96.4889,0.1222,1.5,0.6755,13772.1,695.934,542.7798,-7.2334,35.3667
search_candidate_000086_792fe0e0,random-phased,90,90,35.3444,24.5,9,76.4,30.7362,876.6222,691,425.9,1567.3,0.3556,99.7394,3.0222,40.7333,1246.1111,1017,545.9,2389.9,100.2333,0.0111,1.9333,0.5593,15272.7889,737.9887,500.0223,-6.3681,35.3444
search_candidate_000031_8cfc9684,random-phased,90,90,35.3222,28,5,82.1,32.0211,817.4667,667.5,180.1,1699.6,0.3,89.5167,2.8778,37.9778,1149.5,938,236.3,2645.7,96.8,0.0778,1.5222,0.6654,13731.7667,889.0643,597.2061,-11.0106,35.3222
search_candidate_000118_81dce65b,random-phased,90,90,35.1,20,5.9,79.1,37.9336,761.7889,575,183.8,1750.2,0.2222,82.1967,2.8667,36.2889,1056.9222,721,257.4,2218.6,100.4222,0.0778,1.4333,0.7401,13834.3778,898.1409,590.6022,-13.0668,35.1
search_candidate_000155_21d35955,random-phased,90,90,35.0556,26,6,74.1,34.218,756.1,608.5,177.7,1438.5,0.2556,83.25,2.8889,36.5444,1016.4889,763,245,1922.3,100.6667,0.0667,1.4111,0.738,13740.4444,805.0011,522.739,-11.109,35.0556
search_candidate_000030_121344a7,random-phased,90,90,34.7444,26,5.9,79.9,33.2156,810.0111,660.5,221.9,1735.5,0.3,88.7244,2.8889,38.6556,1109.9667,869,297,2317.5,96.7222,0.0889,1.4889,0.6869,13751.0556,818.3046,546.4371,-10.7078,34.7444
search_candidate_000044_4264f65e,random-phased,90,90,34.7111,25.5,6.9,72.3,32.9455,808.0778,658.5,263.6,1608.5,0.2667,90.2833,2.8667,38.4444,1112.3111,885,369.4,2079.9,99.3667,0.0778,1.5,0.6758,13853.8667,801.6786,546.9786,-9.5727,34.7111
search_candidate_000140_fa49ad93,random-phased,90,90,34.5667,25,10,72.1,28.0805,903.4667,796.5,479.7,1484.6,0.4333,103.7478,2.9889,41.1222,1256.5,1043.5,609.7,2545.9,88.2,0.1,1.6,0.521,13015.0222,679.8751,461.5206,-4.0402,34.5667
search_candidate_000112_0ec24b88,random-phased,90,90,34.2778,27,7.9,70.2,30.5502,851.5444,711,315.5,1522.6,0.3333,97.8467,2.9,39.2,1145.1,967,430.9,2117.8,91.5,0.1444,1.4667,0.6038,13081.1556,691.525,490.9379,-7.3751,34.2778
search_candidate_000027_b09d535a,random-phased,90,90,34.1667,24.5,9,65.1,29.2473,825.4556,697.5,409.9,1460.9,0.3,96.8028,2.9222,38.5444,1164.1111,942.5,516.6,2150.6,103.1889,0,1.8889,0.6017,15337.8667,667.8999,428.8317,-5.6237,34.1667
search_candidate_000082_c0c4e06f,random-phased,90,90,34.0667,24,6.9,71.1,28.1132,832.6333,702.5,249.7,1444.9,0.2778,91.3256,2.9,39.3333,1155.2778,957,337.1,2084.9,98.0667,0.0667,1.6333,0.6806,14477.9444,775.6309,522.0885,-7.1566,34.0667
search_candidate_000064_c0f3e5d6,random-phased,90,90,33.8444,25.5,7,74.3,30.4244,818.7556,703,269.6,1421.3,0.2667,92.3406,2.8667,39.0444,1143.7556,945.5,351.2,2095.3,97.8444,0.1,1.5889,0.6498,14156.3778,804.1176,516.5131,-8.2122,33.8444
search_candidate_000045_a435a27b,random-phased,90,90,33.5889,25,6,69,29.8875,800.1889,667,255.9,1481.7,0.2444,89.8856,2.8556,38.2111,1093.7222,894,344.9,1979.2,96.9667,0.1111,1.4778,0.6863,13806.9222,728.0976,474.135,-8.9438,33.5889
search_candidate_000050_5961021b,random-phased,90,90,33.5,27.5,7,65.2,30.4971,822.8333,733,238.4,1468.4,0.3556,94.1122,2.8333,38.8556,1126,979,380.1,2111.9,96.4778,0.0889,1.4889,0.6594,13574.4333,763.1634,520.2901,-8.2485,33.5
search_candidate_000143_a53f11da,random-phased,90,90,33.4778,25.5,8,72.4,30.2079,844.0222,663,367.8,1695,0.3333,94.5633,2.9111,38.7444,1141.0556,855,403.4,2520,92.9556,0.1,1.3556,0.6682,12774.8222,778.964,556.3368,-7.1039,33.4778
search_candidate_000144_1e687395,random-phased,90,90,33.2333,24,8,68.1,28.2556,846.5333,763,323.2,1491.1,0.4,97.3433,2.8889,38.7778,1176.8111,1035.5,406.7,2114.2,88.1556,0.1333,1.4,0.6223,12551.2556,729.175,486.694,-6.1278,33.2333
search_candidate_000134_d54503d9,random-phased,90,90,33.2111,24,5,72.1,30.284,864.1556,725.5,319.2,2005.6,0.4,96.8667,2.8222,40.7333,1189.9,1004,389.6,2945,89.6444,0.1,1.4111,0.6383,12758.8111,850.2462,580.7279,-10.142,33.2111
search_candidate_000096_8b46cf14,random-phased,90,90,33.1111,20,5,79.6,34.7449,792.9667,609.5,218.9,1635.1,0.2667,87.4172,2.7667,37.9778,1068.4222,730,340,2502.3,96.7556,0.1,1.3667,0.7229,13367.6889,839.6961,597.0765,-12.3725,33.1111
search_candidate_000017_06d5ebd4,random-phased,90,90,33.0111,22,4.9,73.4,32.768,803.5222,679,192.6,1696.8,0.2778,88.4661,2.7556,38.8444,1097.8222,832,269,2293.3,93.7778,0.1111,1.3222,0.7002,12971.6444,876.9768,593.1704,-11.484,33.0111
search_candidate_000039_8d3c41c5,random-phased,90,90,32.9556,27.5,7,72.3,27.3893,884.2667,758.5,327.7,1669.3,0.4778,101.8356,2.8778,40.2333,1231.7667,1074,470.6,2269.8,86.6778,0.1556,1.4889,0.5614,12622.3556,748.262,531.0682,-6.6947,32.9556
search_candidate_000141_b7ac5809,random-phased,90,90,32.9333,22,4,73.1,31.139,791.3889,674.5,170.4,1632.4,0.2667,86.5017,2.7778,38.8111,1063.7556,902.5,251.5,2105.3,99.2556,0.1111,1.4778,0.6945,13864.5444,826.5745,563.599,-11.5695,32.9333
search_candidate_000116_cd05fcb4,random-phased,90,90,32.7,23.5,4.9,70.5,33.6193,789.9,640.5,181.3,1440.2,0.3,88.95,2.8222,37.1889,1059.3889,896.5,271.7,2137.3,95.6222,0.0556,1.4,0.7201,13465.8222,824.3536,562.4972,-11.9096,32.7
search_candidate_000028_5cff6118,random-phased,90,90,32.6222,22.5,5,64.3,33.5521,766.5889,664,196.7,1563,0.2,86.1844,2.7444,37.7111,1037.9444,852,251.6,1954.4,104.9556,0.0667,1.6111,0.7037,14898.3111,799.114,524.3801,-11.7761,32.6222
search_candidate_000123_f5e8701c,random-phased,90,90,32.5667,27.5,7,64.1,26.6413,875.1778,734,355.5,1453.6,0.4333,99.9972,2.8778,40.5556,1204.3778,1008,465.9,2008,86.6889,0.1444,1.4667,0.5749,12704.8111,728.2074,519.55,-6.3206,32.5667
search_candidate_000106_9e001ce0,random-phased,90,90,32.2667,23,6,68.1,28.5357,857.4111,737.5,341.3,1621.4,0.4,100.4072,2.7444,40.1111,1214.3222,995.5,518.5,2388.3,88.5222,0.1333,1.5444,0.5734,13066.5111,748.9946,513.5509,-8.2678,32.2667
search_candidate_000068_03420594,random-phased,90,90,32.0444,21.5,4,70.4,31.3985,733.0333,645,162.2,1407,0.2222,83.2856,2.7333,35.4889,1006.2889,865.5,223.5,2072.6,100.1333,0.0444,1.4111,0.7395,13808.5778,785.1777,527.7265,-11.6992,32.0444
search_candidate_000020_5bd8041a,random-phased,90,90,31.9667,22.5,5,66.4,29.8293,782.7667,673,189.7,1466.5,0.2333,89.7717,2.7778,37.5556,1086.8111,894.5,293.5,2179.3,103.5556,0.0667,1.4889,0.7261,14271.0889,769.5695,523.9881,-9.9147,31.9667
search_candidate_000130_2f452a9f,random-phased,90,90,31.8444,24,5.9,59.3,30.2776,767.0222,671,224.4,1550.1,0.2111,86.9817,2.7556,37.1778,1050.3667,925.5,275,1972.1,105.7222,0.0556,1.4778,0.7645,14413.8,771.2881,511.2757,-9.2388,31.8444
search_candidate_000075_ad7d6afa,random-phased,90,90,31.8333,22.5,5,73.4,32.1874,770.7444,624,204.1,1670.8,0.2556,86.7261,2.7,37.3444,1052.5,830.5,302.5,2211.9,104.1111,0.0556,1.5333,0.7491,14623.2778,830.2312,596.2415,-11.0937,31.8333
search_candidate_000066_2bf9ca0b,random-phased,90,90,31.8222,23.5,6,69.4,26.9459,809.1667,666,306.5,1543.1,0.3,92.0489,2.7889,38.7667,1091.5333,960,384.2,2069.2,98.1222,0.0667,1.5556,0.6618,14011.4333,726.1916,495.6331,-7.4729,31.8222
search_candidate_000079_4933addc,random-phased,90,90,31.3222,20.5,6,72.3,29.7911,712.0667,556,230.8,1445,0.1667,84.4217,2.7111,34.4111,995.1778,739,359.5,2026,109.8333,0.0333,1.7,0.7349,15497.7889,699.8761,476.8037,-8.8955,31.3222
search_candidate_000047_60e109f8,random-phased,90,90,31.0778,25,6.9,66.4,26.9836,867.8889,762.5,362.8,1747.5,0.4333,102.555,2.7667,39.9778,1232.6333,1053.5,544.5,2536,84.9778,0.1111,1.5333,0.5499,12771.2889,736.3181,507.3048,-6.5918,31.0778
search_candidate_000048_8f2c6ce7,random-phased,90,90,30.5556,23,5,64.1,26.5326,814.3889,678.5,260.7,1573.2,0.3222,96.0622,2.7,38.7667,1153.5333,958.5,433.3,2048,96.2556,0.0667,1.4667,0.6793,13513.6667,738.5761,500.449,-8.2663,30.5556
search_candidate_000142_cc93971b,random-phased,90,90,30.0667,23.5,9,60.4,24.2985,829.3222,682,425.5,1440.1,0.2889,98.2856,2.7556,39.0889,1158.9667,971.5,596.7,2073.4,99.3222,0.0667,1.5556,0.6565,14116.2333,671.4599,457.0611,-3.1493,30.0667
search_candidate_000095_be95a6a5,random-phased,90,90,30.0556,22.5,6.9,63.4,26.042,765.2667,702,287.1,1268.8,0.2444,90.2039,2.7333,36.4556,1063.5111,924,399.1,1974.4,103.3778,0.0667,1.4889,0.7284,14195.2556,723.7322,473.7006,-6.121,30.0556
search_candidate_000076_69180950,random-phased,90,90,30.0222,23.5,9,55,22.9167,815.6333,729.5,454,1317.8,0.3222,100.9811,2.7889,37.5667,1185.2111,1010,608.4,1798,96.8778,0.0222,1.8444,0.5813,14837.9111,650.8526,381.3062,-2.4584,30.0222
search_candidate_000003_ed661bbd,random-phased,90,90,29.4778,17.5,5,68.2,29.9693,697.5444,539.5,161.6,1424.8,0.1222,76.8056,2.6444,34.3333,896.8222,696.5,224.9,1930.7,110.5333,0.0333,1.4556,0.8122,14898.7,777.6444,589.8054,-9.9847,29.4778
search_candidate_000081_27382ee2,random-phased,90,90,29.3556,20,5.9,58.2,26.9581,733.7333,651,228.5,1342.1,0.2111,86.8289,2.6333,35.6111,1007.6889,844.5,332.8,1826.2,102.7444,0.0778,1.4333,0.7362,14031.6333,688.4807,452.8443,-7.5791,29.3556
search_candidate_000147_b705fb2b,random-phased,90,90,29.3222,16.5,5.9,64.5,31.1469,649.3444,459.5,195.8,1426.7,0.0556,75.5617,2.6,31.8556,874.4556,628.5,234.9,2060.1,117.2444,0.0111,1.5333,0.8458,15554.2222,710.9341,505.473,-9.6735,29.3222
search_candidate_000121_5ddb173d,random-phased,90,90,29.2889,21.5,4,53.8,27.3793,729.1778,602.5,204.7,1567.1,0.2333,85.215,2.6667,35.3333,979.6667,868,264.5,1923.1,104.4778,0.0444,1.4556,0.7548,14299.7444,729.8897,506.7334,-9.6897,29.2889
search_candidate_000016_89bccabc,random-phased,90,90,29.2667,18.5,5,63.2,29.9881,736.6444,634.5,202.6,1320.8,0.1556,84.6506,2.5889,35.3667,978.6667,813,286.5,1858.8,103.1444,0.0444,1.4556,0.7671,14339.6667,769.7858,560.0623,-9.994,29.2667
search_candidate_000001_ae56bf95,random-phased,90,90,28.9556,17,4,60.5,30.1588,692.8333,501.5,140.5,1419.2,0.1667,79.6494,2.5889,34.6111,937.9778,682,207,2048.7,106.9889,0.0556,1.4,0.804,14382.3889,770.1581,533.7926,-11.0794,28.9556
search_candidate_000034_f86fe158,random-phased,90,90,28.6444,20,4.9,58.1,29.2432,696.9667,528,148,1436.4,0.1667,79.7628,2.5889,34.9556,935.4444,709.5,210,1817.6,107.9778,0.0556,1.4333,0.7867,14518.1556,782.7327,507.5243,-9.7216,28.6444
search_candidate_000067_a9bd2962,random-phased,90,90,28.5778,20.5,8,54.6,26.4394,717.4333,594,349.5,1255.9,0.1889,88.1911,2.7111,33.8778,997.1111,811.5,401.7,1772.5,109.7556,0.0222,1.7,0.724,15374.9,634.6213,415.3218,-5.2197,28.5778
search_candidate_000054_ea920ffa,random-phased,90,90,28.5556,16.5,3.9,54.4,35.3532,656.6667,492.5,169.6,1317,0.1222,75.7056,2.5333,33.0222,882.2222,654,180.7,1689.2,107.1778,0.0444,1.3222,0.8388,14148.1889,798.8021,520.3426,-13.7766,28.5556
search_candidate_000089_8a37f3d0,random-phased,90,90,28.4222,18,4,62.3,28.3467,693.1667,519,193,1493.8,0.1778,80.9167,2.5111,34.5333,932.1667,698,234,1897.4,105.9111,0.0444,1.5222,0.7409,14673.5889,732.5642,508.842,-10.1733,28.4222
search_candidate_000099_60daebfa,random-phased,90,90,28.4111,16,4,66.1,33.7319,630.4333,479.5,152.8,1216,0.0778,72.7778,2.4889,31.9444,816.0111,590.5,194.6,1667.9,110.0889,0.0333,1.3444,0.8758,14558.6111,746.7757,519.3138,-12.866,28.4111
search_candidate_000029_60a6050b,random-phased,90,90,28.3222,19,4,57.3,30.3966,715.1444,576,163.9,1385.4,0.2444,83.9106,2.5889,34.9222,964.3444,747,267,1701,101.5222,0.0667,1.4556,0.7464,14037.2,754.5142,511.6508,-11.1983,28.3222
search_candidate_000126_cb51a3a2,random-phased,90,90,28.2333,16,4,69.3,30.0958,640.1889,484.5,130.3,1451,0.1333,73.0683,2.5444,31.9444,844.8778,573,168.6,2104.9,109.4333,0.0333,1.3667,0.8391,14485.5556,769.3437,526.2482,-11.0479,28.2333
search_candidate_000085_a1b57728,random-phased,90,90,27.9,17,4,63.1,29.325,691.5,537.5,144.5,1302.1,0.2111,80.7072,2.5222,34.5111,911.1333,691,204.3,1846.3,105.3778,0.0556,1.4444,0.7663,14262.5778,744.7096,539.9925,-10.6625,27.9
search_candidate_000032_573dba16,random-phased,90,90,27.7444,16,4.9,71.1,32.0359,621.2667,463,134.7,1462.8,0.0778,71.3728,2.4889,31.8778,819.7333,584,180.7,1948.8,112.0333,0.0333,1.4,0.8492,14824.3444,777.0488,510.3136,-11.118,27.7444
search_candidate_000125_75825395,random-phased,90,90,27.5667,17,4,51.5,35.2266,615.5444,475,116.9,1281.4,0.1,71.9678,2.4333,31.9556,824.9556,564,168.9,1700.6,110.3,0.0333,1.3556,0.8589,14506.2,838.8891,533.0624,-13.6133,27.5667
search_candidate_000021_be34cf08,random-phased,90,90,27.4556,20.5,4,48.3,29.9989,700.9889,601.5,186.6,1463.3,0.2333,85.4017,2.5111,33.7778,946.9667,838.5,241.7,1956.3,98.1556,0.0667,1.3889,0.7338,13638.5556,727.8147,485.3016,-10.9995,27.4556
search_candidate_000062_83451e23,random-phased,90,90,27.3778,18.5,4,57.6,29.5524,659.5222,507.5,136.7,1175.2,0.1667,78.0267,2.4444,33.1778,896.0333,646.5,199.6,1761,106.5222,0.0333,1.4,0.811,14455.6444,761.1433,509.7244,-10.7762,27.3778
search_candidate_000090_f0b7cdc8,random-phased,90,90,27.3556,23.5,5,56.4,26.3178,699.5222,664.5,179,1212.7,0.1778,84.9744,2.5556,33.9111,961.9222,811.5,263.9,1776.1,104.4222,0.0556,1.5444,0.7597,14736.0667,709.6518,475.2749,-8.1589,27.3556
search_candidate_000042_05e85b2f,random-phased,90,90,27.1333,19,6,52.4,30.7391,705.9,547,234.4,1299.3,0.2667,87.5017,2.4889,33.4778,946.9778,758,310.2,1915.4,96.0444,0.0556,1.4222,0.7353,13653.5111,726.9632,492.8292,-9.3696,27.1333
search_candidate_000157_0f25f08e,random-phased,90,90,27.0778,17,3.9,58.1,27.6555,672.5667,550,153.8,1329.9,0.1333,77.565,2.4889,33.9222,874.8222,686,195,1768.6,105.9778,0.0333,1.4333,0.8028,14530.2333,731.1713,527.2472,-9.9278,27.0778
search_candidate_000019_1516644f,random-phased,90,90,27.0556,21,5.9,55,24.6641,789.1333,671,349.4,1450.9,0.3333,97.7039,2.5222,37.5,1130.3111,983,505.3,2176.4,90.9111,0.1111,1.4556,0.6603,13258.6222,684.3494,457.3786,-6.4321,27.0556
search_candidate_000098_195f5160,random-phased,90,90,26.9333,17.5,4,59,27.5446,702.7889,525,167.5,1449.2,0.1889,82.8733,2.4778,35.4556,962.2778,739.5,229.4,1868,105.1556,0.0333,1.5,0.7471,14476.2111,795.0184,536.516,-9.7723,26.9333
search_candidate_000133_e2216523,random-phased,90,90,26.7111,18.5,6.9,40.2,30.4037,701.5111,584.5,273.7,1384.6,0.1889,86.3517,2.5111,33.7556,931.5333,776.5,320,1781,101.7556,0.0444,1.4222,0.7839,14181.3889,667.9528,462.0745,-8.3018,26.7111
search_candidate_000132_5898b0bf,random-phased,90,90,26.5778,18.5,5,63,25.8878,743.0222,654.5,275.1,1392.1,0.2667,90.4372,2.4444,36.5222,1038.9667,816.5,368.1,1802.3,96.9333,0.0444,1.4778,0.7069,13869.5222,729.1822,494.8463,-7.9439,26.5778
search_candidate_000108_d5ade11a,random-phased,90,90,26.4333,13,4,71.6,34.3912,646.7222,462.5,159.2,1137.5,0.0889,76.4917,2.4222,32.5,881.8111,594.5,214.5,2038.6,110.5111,0.0333,1.4333,0.8385,14933.9111,877.8687,578.7504,-13.1956,26.4333
search_candidate_000148_be2155f6,random-phased,90,90,26.3889,16,4,52.2,29.1421,629.1778,482,129.3,1332,0.0889,74.3856,2.4,31.1333,823.0111,560,209,1678.3,110.3444,0.0333,1.4222,0.8494,14780.4222,726.905,552.1569,-10.571,26.3889
search_candidate_000160_b04a6eb4,random-phased,90,90,26.3222,14,4,50.1,31.4349,611.4778,471,156.7,1343.6,0.0667,72.9139,2.4111,30.9111,809.5222,611,224,1720,111.4333,0.0333,1.4111,0.8408,14905.5778,697.012,479.666,-11.7174,26.3222
search_candidate_000083_1f448c0f,random-phased,90,90,26.0889,16.5,5,56.3,30.8914,669.9,498.5,193.4,1433,0.1778,81.0811,2.4111,33.4889,907.9889,662,249.5,1888.7,102.6,0.0333,1.3333,0.82,13913.3222,773.8411,510.4313,-10.4457,26.0889
search_candidate_000146_a71610f5,random-phased,90,90,25.5778,16,4,60.3,28.6988,623.2,469,148.9,1395.9,0.0889,73.2111,2.3667,31.9778,839.2667,628.5,197.8,1881.8,109.4556,0.0556,1.3333,0.8443,14392.9333,760.9227,506.1637,-10.3494,25.5778
search_candidate_000103_00f7daaa,random-phased,90,90,25.4222,15,4.9,48.3,28.2229,615.3667,478,156.4,1252.4,0.0778,74.1656,2.3889,30.8,805.1778,601,218,1669.1,111.9889,0.0333,1.4444,0.8345,14992.1556,697.1082,504.8353,-9.2115,25.4222
search_candidate_000013_cb732d18,random-phased,90,90,25.2222,14.5,4,51.9,27.6187,658.3667,516,177.3,1296.1,0.1889,78.8367,2.4111,33.9333,892.3889,643,210,1920.4,107.8444,0.0333,1.4556,0.8075,14772.1111,730.291,477.5855,-9.8094,25.2222
search_candidate_000154_9b867405,random-phased,90,90,25.1333,17,4,52.1,26.7682,645.5667,511.5,170.9,1429.4,0.1,77.91,2.4333,32.2222,872.1444,685.5,238,1695.2,109.3111,0.0444,1.4222,0.8172,14661.1333,731.1426,484.8535,-9.3841,25.1333
search_candidate_000137_31cf1cf0,random-phased,90,90,25.0111,14.5,5,58.5,28.5624,593.4778,435.5,155.3,1406.4,0.0778,69.3261,2.3333,30.4,778.4889,543,180.7,1683.2,108.7778,0.0444,1.3111,0.8553,14238.0222,763.8067,509.8843,-9.2812,25.0111
search_candidate_000120_3a1b6e5c,random-phased,90,90,24.7889,16.5,5,49.2,26.9598,682.0667,533.5,221.2,1291.3,0.2,85.5478,2.4333,33,914.9556,715,297.6,1919.8,103.6778,0.0556,1.4,0.7803,14153.6333,670.2578,465.6582,-8.4799,24.7889
search_candidate_000077_37bf72e6,random-phased,90,90,24.5556,16,4,54.3,25.0533,654.1444,519,149.7,1335.1,0.1556,80.6356,2.3333,33.0556,899.4667,690,229.4,1850.4,107.7667,0.0444,1.5333,0.773,14961.1111,712.1296,482.6065,-8.5267,24.5556
search_candidate_000012_639d187d,random-phased,90,90,24.4667,20,6,55.4,18.9192,729.9444,647,320.3,1276.5,0.3111,94.86,2.4333,34.0222,1003.3778,886,425.1,1646.5,91.5333,0.0778,1.3667,0.6706,12923.6333,618.4099,401.7597,-3.4596,24.4667
search_candidate_000097_301f1e8f,random-phased,90,90,24.3778,15,5,48.3,27.3628,576.4111,459.5,171.6,1064.4,0.0556,69.2122,2.4,28.5889,732.3889,580.5,199.5,1345.7,112.3889,0.0333,1.3444,0.8824,14758.0333,615.1714,447.6131,-8.6814,24.3778
search_candidate_000139_396283a0,random-phased,90,90,24.3444,19,5.9,54.3,21.415,739.6333,660,286.8,1369.2,0.3222,95.5761,2.4111,34.7778,1029.1889,925.5,469.8,1989.7,90.1889,0.1333,1.2333,0.6781,12204.0889,648.8004,436.0426,-4.8075,24.3444
search_candidate_000093_6bf4c6b5,random-phased,90,90,23.9,14.5,5,55.1,24.779,606.1444,460.5,168.6,1278.2,0.1,73.7806,2.3333,30.8778,815.8556,589,236.7,1624.2,110.4667,0.0333,1.2889,0.8755,14248.3,681.8715,450.599,-7.3895,23.9
search_candidate_000117_e9eda91a,random-phased,90,90,23.8889,15,4,43.2,24.7514,606.4222,498,159.9,1100,0.0889,74.6083,2.3444,30.1556,803.8778,649,229.9,1499.4,111.1111,0.0333,1.4111,0.8449,14888.3667,657.0066,451.6791,-8.3757,23.8889
search_candidate_000065_88aab60a,random-phased,90,90,23.7889,15,4.9,52.1,23.6001,626.7889,539,159.7,1267.5,0.0556,77.1094,2.3444,32.1222,858.5,661,214.3,1704.3,112.8444,0.0333,1.5333,0.824,15459.8889,658.5769,438.5438,-6.9001,23.7889
search_candidate_000073_575d321c,random-phased,90,90,23.7556,14,4,44.1,28.3554,652.7111,523,167.2,1341.4,0.1667,83.1772,2.4222,31.7778,876.0667,660,254.2,1571.7,105.0222,0.0444,1.4556,0.7796,14555.5778,754.3357,496.7748,-10.1777,23.7556
search_candidate_000135_d1c3becc,random-phased,90,90,23.7556,13.5,4,50,30.2469,618.3111,470.5,164.6,1472.6,0.0889,78.3017,2.2778,30.9111,849.8667,641,214.3,1877.4,108.5556,0.0444,1.3333,0.8386,14358.3444,776.8367,531.7693,-11.1234,23.7556
search_candidate_000063_2cba61a8,random-phased,90,90,23.7444,17,4,46,23.8935,645.0889,540,168.5,1255.6,0.1667,79.3672,2.3444,32.8,870.0222,676.5,219.9,1723.3,105.8333,0.0333,1.4444,0.8039,14589.3667,688.7634,473.3362,-7.9468,23.7444
search_candidate_000113_23397a4a,random-phased,90,90,23.6222,12.5,3.9,61.5,27.851,631.5444,497,166.2,1427.1,0.1222,81.0156,2.3,31.5667,855.6111,622,224.9,2191.9,110.4,0.0333,1.4889,0.7911,14874.3556,773.4913,520.6336,-10.0255,23.6222
search_candidate_000091_811d7e04,random-phased,90,90,23.5889,15.5,4,52.1,24.6608,604.6,479,153.6,1090.4,0.0667,74.4417,2.3111,31.3444,820.3667,636.5,217.5,1557.2,112.0556,0.0333,1.4889,0.8543,15293.2778,706.9517,461.2382,-8.3304,23.5889
search_candidate_000131_e54fb0c0,random-phased,90,90,23.3,16,4.9,43.7,22.5154,699.1778,590.5,240.9,1301.2,0.2333,88.7889,2.3444,34.3333,967.2667,854.5,315.8,1821.3,97.7889,0.0667,1.4,0.7382,13694.7556,673.5712,435.4115,-6.3577,23.3
search_candidate_000052_0450efab,random-phased,90,90,22.9556,16.5,4,46.1,26.6112,628.0556,485.5,185.9,1222.1,0.1778,81.2139,2.3,30.5333,824.5556,605,250.7,1576.9,103.2111,0.0444,1.4333,0.7757,14225.3444,656.2469,469.545,-9.3056,22.9556
search_candidate_000046_50e03f27,random-phased,90,90,22.8333,13,5,45.6,22.3414,668.2222,523.5,249.4,1394.1,0.2,85.5,2.3,33.8778,925.3556,689.5,293.5,1847.3,106.5111,0.0444,1.4889,0.7654,14582.2,671.0571,448.467,-6.1707,22.8333
search_candidate_000002_940ebd02,random-phased,90,90,22.7889,12,4,54.3,28.31,589.9,426.5,179.7,1301,0.0444,74.2006,2.2333,29.8778,804.7667,560,245.8,1631.2,111.1667,0.0333,1.3333,0.8733,14691.6444,734.7729,493.701,-10.155,22.7889
search_candidate_000151_cab451bf,random-phased,90,90,22.3444,18.5,4,39,22.5788,623.3333,659.5,141.9,982.4,0.1333,80.8772,2.3,31.0556,849.5111,819,209.8,1385.4,104.8333,0.0556,1.5111,0.7564,14750.6,614.1658,406.5384,-7.2894,22.3444
search_candidate_000092_32b04bd5,random-phased,90,90,22.3333,13.5,4,42.1,26.9159,591.5333,462.5,157.9,1310.3,0.0667,73.7433,2.2222,30.3111,798.0111,573.5,221,1706,110.9,0.0333,1.3889,0.8658,14856.5333,704.0005,466.7519,-9.458,22.3333
search_candidate_000102_fad5ea0f,random-phased,90,90,21.8556,13.5,4,40.1,24.9967,568.1333,460,136.9,1182.4,0.0667,72.6928,2.2111,29.3556,759.9444,558,194,1575.6,112.6889,0.0333,1.4333,0.847,14989.7444,642.5196,423.2302,-8.4983,21.8556
search_candidate_000036_fcd411c8,random-phased,90,90,21.5111,14,4,41,23.8039,565.0111,444.5,145.8,1209,0.0556,71.4433,2.2111,28.9,750.4333,597,207,1457.1,110.6556,0.0333,1.3333,0.8616,14582.6111,635.4642,437.0582,-7.902,21.5111
search_candidate_000009_9aa69681,random-phased,90,90,21.2556,13,3,41.1,24.7896,604.3444,485.5,162.2,1169.8,0.1333,80.6628,2.1333,30.5222,834,620,228.7,1991.2,105.3667,0.0333,1.4889,0.7882,14659.8889,699.1038,456.3441,-9.3948,21.2556
search_candidate_000024_f8d7af76,random-phased,90,90,21.1,13.5,4,41.1,21.8302,662.1667,528.5,180.4,1357.9,0.1444,84.8017,2.2667,33.0444,904.6,731,269.9,1902.9,105.7778,0.0333,1.5444,0.7644,14835.7889,704.5458,461.7119,-6.9151,21.1
search_candidate_000006_47dc7001,random-phased,90,90,20.8,15.5,4,37.1,22.8766,630.8,506,210.9,1342.1,0.1889,83.0806,2.1889,31.3556,863.0333,696.5,264.9,1770.6,102.3556,0.0444,1.5111,0.7557,14515.5556,693.9671,447.7315,-7.4383,20.8
search_candidate_000156_4b873dc5,random-phased,90,90,20.0556,14,4,37.1,22.034,639.7111,567.5,180.8,1024.3,0.2444,87.3789,2.1556,31.3889,882.8,772.5,271.7,1429.9,99.7778,0.0556,1.4556,0.729,14059.4556,669.4261,442.4243,-7.017,20.0556
search_candidate_000159_26d13a99,random-phased,90,90,18.9667,11,4,38,20.8318,567.2889,451.5,165.6,1213.4,0.0778,74.445,2.0556,29.6889,789.0444,610.5,218.8,1634.2,110.6111,0.0333,1.4556,0.8187,14956.2333,634.2578,424.1081,-6.4159,18.9667
